Cloning into '/tmp/sxgc-dist-build-02/.build/deps/htslib'...
HEAD is now at 9431a6a0 Protect against out of bounds ref id in cram_put_bam_seq. (PR #2087)
Submodule 'htscodecs' (https://github.com/samtools/htscodecs.git) registered for path 'htscodecs'
Cloning into '/tmp/sxgc-dist-build-02/.build/deps/htslib/htscodecs'...
Submodule path 'htscodecs': checked out 'b9fc194f772e45bb0a1f44b08cbf8697a1384bae'
make: Entering directory '/tmp/sxgc-dist-build-02/.build/deps/htslib'
echo '# Default htscodecs.mk generated by Makefile' > htscodecs.mk
echo 'include $(HTSPREFIX)htscodecs_bundled.mk' >> htscodecs.mk
./hts_probe_cc.sh 'gcc' '-g -Wall -O2 -fvisibility=hidden ' '-fvisibility=hidden' >> htscodecs.mk
echo '/* Default config.h generated by Makefile */' > config.h
echo '#ifndef _XOPEN_SOURCE' >> config.h
printf '/* Auto-generated by Makefile */\n#define HTS_CC "%s"\n#define HTS_CPPFLAGS "%s"\n#define HTS_CFLAGS "%s"\n#define HTS_LDFLAGS "%s"\n#define HTS_LIBS "%s"\n' \
'gcc' \
'' \
'-g -Wall -O2 -fvisibility=hidden' \
'-fvisibility=hidden' \
'-lz -lm -lbz2 -llzma -lcurl' > config_vars.h
printf '/* Auto-generated by Makefile */\n#define HTS_VERSION_TEXT "%s"\n' '1.24-85-g9431a6a0' > version.h
echo '#define _XOPEN_SOURCE 600' >> config.h
echo '#endif' >> config.h
echo '#define HAVE_LIBBZ2 1' >> config.h
echo '#define HAVE_LIBLZMA 1' >> config.h
Updating htscodecs/htscodecs/version.h : #define HTSCODECS_VERSION_TEXT "1.6.7"
echo '#ifndef __APPLE__' >> config.h
gcc -g -Wall -O2 -fvisibility=hidden  -I.  -c -o htscodecs/htscodecs/htscodecs.o htscodecs/htscodecs/htscodecs.c
echo '#define HAVE_LZMA_H 1' >> config.h
echo '#endif' >> config.h
echo '#define HAVE_DRAND48 1' >> config.h
echo '#define HAVE_LIBCURL 1' >> config.h
if [ "x1" != "x" ]; then \
    echo '#define HAVE_DECL___CPUID_COUNT 1' >> config.h ; \
    echo '#define HAVE_DECL___GET_CPUID_MAX 1' >> config.h ; \
fi
if [ "x1" != "x" ]; then \
    echo '#define HAVE_POPCNT 1' >> config.h ; \
    echo '#define HAVE_SSE4_1 1' >> config.h ; \
    echo '#define HAVE_SSSE3 1' >> config.h ; \
    echo '#if defined(HTS_ALLOW_UNALIGNED) && HTS_ALLOW_UNALIGNED == 0' >> config.h ; \
    echo '#define UBSAN 1' >> config.h ; \
    echo '#endif' >> config.h ; \
fi
if [ "x1" != "x" ] ; then \
    echo '#define HAVE_AVX2 1' >> config.h ; \
fi
if [ "x1" != "x" ] ; then \
    echo '#define HAVE_AVX512 1' >> config.h ; \
fi
echo '#if defined __x86_64__ && (defined HAVE_SSSE3 || defined HAVE_AVX2 || defined HAVE_AVX512)' >> config.h
echo '#define HAVE_X86INTRIN_H 1' >> config.h
echo '#endif' >> config.h
echo '#if defined __x86_64__ || defined __arm__ || defined __aarch64__' >> config.h
echo '#define HAVE_ATTRIBUTE_CONSTRUCTOR 1' >> config.h
echo '#endif' >> config.h
if [ "x1" != "x" ]; then \
    echo '#if (defined(__x86_64__) || defined(_M_X64))' >> config.h ; \
    echo '#define HAVE_ATTRIBUTE_TARGET_SSSE3 1' >> config.h ; \
    echo '#define HAVE_BUILTIN_CPU_SUPPORT_SSSE3 1' >> config.h ; \
    echo '#endif' >> config.h ; \
fi
echo '#if defined __linux__' >> config.h
echo '#define HAVE_GETAUXVAL' >> config.h
echo '#elif defined __FreeBSD__' >> config.h
echo '#define HAVE_ELF_AUX_INFO' >> config.h
echo '#elif defined __OpenBSD__' >> config.h
echo '// Enable extra OpenBSD checks (see simd.c)' >> config.h
echo '#define HAVE_OPENBSD' >> config.h
echo '#endif' >> config.h
gcc -g -Wall -O2 -fvisibility=hidden  -I.  -c -o kfunc.o kfunc.c
gcc -g -Wall -O2 -fvisibility=hidden  -I.  -c -o kstring.o kstring.c
gcc -g -Wall -O2 -fvisibility=hidden  -I.  -c -o bcf_sr_sort.o bcf_sr_sort.c
gcc -g -Wall -O2 -fvisibility=hidden  -I.  -c -o bgzf.o bgzf.c
gcc -g -Wall -O2 -fvisibility=hidden  -I.  -c -o errmod.o errmod.c
gcc -g -Wall -O2 -fvisibility=hidden  -I.  -c -o faidx.o faidx.c
gcc -g -Wall -O2 -fvisibility=hidden  -I.  -c -o header.o header.c
gcc -g -Wall -O2 -fvisibility=hidden  -I.  -c -o hfile.o hfile.c
gcc -g -Wall -O2 -fvisibility=hidden  -I.  -c -o hts.o hts.c
gcc -g -Wall -O2 -fvisibility=hidden  -I.  -c -o hts_expr.o hts_expr.c
gcc -g -Wall -O2 -fvisibility=hidden  -I.  -c -o hts_os.o hts_os.c
gcc -g -Wall -O2 -fvisibility=hidden  -I.  -c -o md5.o md5.c
gcc -g -Wall -O2 -fvisibility=hidden  -I.  -c -o multipart.o multipart.c
gcc -g -Wall -O2 -fvisibility=hidden  -I.  -c -o probaln.o probaln.c
gcc -g -Wall -O2 -fvisibility=hidden  -I.  -c -o realn.o realn.c
gcc -g -Wall -O2 -fvisibility=hidden  -I.  -c -o regidx.o regidx.c
gcc -g -Wall -O2 -fvisibility=hidden  -I.  -c -o region.o region.c
gcc -g -Wall -O2 -fvisibility=hidden  -I.  -c -o sam.o sam.c
gcc -g -Wall -O2 -fvisibility=hidden  -I.  -c -o sam_mods.o sam_mods.c
gcc -g -Wall -O2 -fvisibility=hidden  -I.  -c -o simd.o simd.c
gcc -g -Wall -O2 -fvisibility=hidden  -I.  -c -o synced_bcf_reader.o synced_bcf_reader.c
gcc -g -Wall -O2 -fvisibility=hidden  -I.  -c -o vcf_sweep.o vcf_sweep.c
gcc -g -Wall -O2 -fvisibility=hidden  -I.  -c -o tbx.o tbx.c
gcc -g -Wall -O2 -fvisibility=hidden  -I.  -c -o textutils.o textutils.c
gcc -g -Wall -O2 -fvisibility=hidden  -I.  -c -o thread_pool.o thread_pool.c
gcc -g -Wall -O2 -fvisibility=hidden  -I.  -c -o vcf.o vcf.c
gcc -g -Wall -O2 -fvisibility=hidden  -I.  -c -o vcfutils.o vcfutils.c
gcc -g -Wall -O2 -fvisibility=hidden  -I.  -c -o cram/cram_codecs.o cram/cram_codecs.c
gcc -g -Wall -O2 -fvisibility=hidden  -I.  -c -o cram/cram_decode.o cram/cram_decode.c
gcc -g -Wall -O2 -fvisibility=hidden  -I.  -c -o cram/cram_encode.o cram/cram_encode.c
gcc -g -Wall -O2 -fvisibility=hidden  -I.  -c -o cram/cram_external.o cram/cram_external.c
gcc -g -Wall -O2 -fvisibility=hidden  -I.  -c -o cram/cram_index.o cram/cram_index.c
gcc -g -Wall -O2 -fvisibility=hidden  -I.  -c -o cram/cram_io.o cram/cram_io.c
gcc -g -Wall -O2 -fvisibility=hidden  -I.  -c -o cram/cram_stats.o cram/cram_stats.c
gcc -g -Wall -O2 -fvisibility=hidden  -I.  -c -o cram/mFILE.o cram/mFILE.c
gcc -g -Wall -O2 -fvisibility=hidden  -I.  -c -o cram/open_trace_file.o cram/open_trace_file.c
gcc -g -Wall -O2 -fvisibility=hidden  -I.  -c -o cram/pooled_alloc.o cram/pooled_alloc.c
gcc -g -Wall -O2 -fvisibility=hidden  -I.  -c -o cram/string_alloc.o cram/string_alloc.c
gcc -g -Wall -O2 -fvisibility=hidden  -I.  -c -o htscodecs/htscodecs/arith_dynamic.o htscodecs/htscodecs/arith_dynamic.c
gcc -g -Wall -O2 -fvisibility=hidden  -I.  -c -o htscodecs/htscodecs/fqzcomp_qual.o htscodecs/htscodecs/fqzcomp_qual.c
gcc -g -Wall -O2 -fvisibility=hidden  -I.  -c -o htscodecs/htscodecs/pack.o htscodecs/htscodecs/pack.c
gcc -g -Wall -O2 -fvisibility=hidden  -I.  -c -o htscodecs/htscodecs/rANS_static4x16pr.o htscodecs/htscodecs/rANS_static4x16pr.c
gcc -g -Wall -O2 -fvisibility=hidden -mavx2 -mpopcnt -I.  -c -o htscodecs/htscodecs/rANS_static32x16pr_avx2.o htscodecs/htscodecs/rANS_static32x16pr_avx2.c
gcc -g -Wall -O2 -fvisibility=hidden -mavx512f -mpopcnt -I.  -c -o htscodecs/htscodecs/rANS_static32x16pr_avx512.o htscodecs/htscodecs/rANS_static32x16pr_avx512.c
gcc -g -Wall -O2 -fvisibility=hidden -msse4.1 -mpopcnt -mssse3 -I.  -c -o htscodecs/htscodecs/rANS_static32x16pr_sse4.o htscodecs/htscodecs/rANS_static32x16pr_sse4.c
gcc -g -Wall -O2 -fvisibility=hidden  -I.  -c -o htscodecs/htscodecs/rANS_static32x16pr_neon.o htscodecs/htscodecs/rANS_static32x16pr_neon.c
gcc -g -Wall -O2 -fvisibility=hidden  -I.  -c -o htscodecs/htscodecs/rANS_static32x16pr.o htscodecs/htscodecs/rANS_static32x16pr.c
gcc -g -Wall -O2 -fvisibility=hidden  -I.  -c -o htscodecs/htscodecs/rANS_static.o htscodecs/htscodecs/rANS_static.c
gcc -g -Wall -O2 -fvisibility=hidden  -I.  -c -o htscodecs/htscodecs/rle.o htscodecs/htscodecs/rle.c
gcc -g -Wall -O2 -fvisibility=hidden  -I.  -c -o htscodecs/htscodecs/tokenise_name3.o htscodecs/htscodecs/tokenise_name3.c
gcc -g -Wall -O2 -fvisibility=hidden  -I.  -c -o htscodecs/htscodecs/utils.o htscodecs/htscodecs/utils.c
gcc -g -Wall -O2 -fvisibility=hidden  -I.  -c -o hfile_libcurl.o hfile_libcurl.c
ar -rc libhts.a kfunc.o kstring.o bcf_sr_sort.o bgzf.o errmod.o faidx.o header.o hfile.o hts.o hts_expr.o hts_os.o md5.o multipart.o probaln.o realn.o regidx.o region.o sam.o sam_mods.o simd.o synced_bcf_reader.o vcf_sweep.o tbx.o textutils.o thread_pool.o vcf.o vcfutils.o cram/cram_codecs.o cram/cram_decode.o cram/cram_encode.o cram/cram_external.o cram/cram_index.o cram/cram_io.o cram/cram_stats.o cram/mFILE.o cram/open_trace_file.o cram/pooled_alloc.o cram/string_alloc.o htscodecs/htscodecs/arith_dynamic.o htscodecs/htscodecs/fqzcomp_qual.o htscodecs/htscodecs/htscodecs.o htscodecs/htscodecs/pack.o htscodecs/htscodecs/rANS_static4x16pr.o htscodecs/htscodecs/rANS_static32x16pr_avx2.o htscodecs/htscodecs/rANS_static32x16pr_avx512.o htscodecs/htscodecs/rANS_static32x16pr_sse4.o htscodecs/htscodecs/rANS_static32x16pr_neon.o htscodecs/htscodecs/rANS_static32x16pr.o htscodecs/htscodecs/rANS_static.o htscodecs/htscodecs/rle.o htscodecs/htscodecs/tokenise_name3.o htscodecs/htscodecs/utils.o hfile_libcurl.o
ranlib libhts.a
make: Leaving directory '/tmp/sxgc-dist-build-02/.build/deps/htslib'
make: Entering directory '/tmp/sxgc-dist-build-02/.build/deps/agc'
*** Initialization of submodules ***
*** Initialization of global values ***
*** Unspecified platform - using native compilation for x86_64 ***
*** Adding mimalloc ***
*** Proposing isal ***
*** Proposing zlib-ng ***
zlib-ng will be used for gzip decompression
*** Adding libdeflate ***
*** Adding libzstd ***
*** Adding raduls-inplace ***
*** Adding REFRESH libs ***
Prebuild jobs: mimalloc_obj zlib-ng libdeflate libzstd raduls-inplace
*** Checking compiler version ***
Compiler: GCC
Version: 13
mkdir -p bin
ar rcs -o bin/libagc.a  \
obj/lib-cxx/lib-cxx.cpp.o obj/common/agc_basic.cpp.o  obj/common/agc_decompressor_lib.cpp.o  obj/common/archive.cpp.o  obj/common/collection.cpp.o  obj/common/collection_v1.cpp.o  obj/common/collection_v2.cpp.o  obj/common/collection_v3.cpp.o  obj/common/lz_diff.cpp.o  obj/common/segment.cpp.o  obj/common/utils.cpp.o
make: Leaving directory '/tmp/sxgc-dist-build-02/.build/deps/agc'
-- Build type: Release
-- Git current branch: HEAD
-- Git commit hash: 1a5f114
-- Generating version.cpp
-- HAVE_OPENMP: OpenMP
-- Found HTSlib 
-- HTSlib: /tmp/sxgc-dist-build-02/.build/deps/htslib/libhts.a;/usr/lib/x86_64-linux-gnu/liblzma.so;/usr/lib/x86_64-linux-gnu/libbz2.so;/usr/lib/x86_64-linux-gnu/libz.so;/usr/lib/x86_64-linux-gnu/libcurl.so
-- Configuring done (0.1s)
-- Generating done (0.0s)
CMake Warning:
  Manually-specified variables were not used by the project:

    FETCHCONTENT_SOURCE_DIR_HTSLIB


-- Build files have been written to: /tmp/sxgc-dist-build-02/.build/deps/pfp/build
[  9%] Building CXX object CMakeFiles/pfp.dir/src/agc_source.cpp.o
[ 18%] Building CXX object CMakeFiles/pfp.dir/src/text_source.cpp.o
[ 27%] Building CXX object CMakeFiles/pfp.dir/src/pfp_algo.cpp.o
[ 36%] Building CXX object CMakeFiles/pfp.dir/src/internals.cpp.o
[ 45%] Building CXX object CMakeFiles/pfp.dir/src/utils.cpp.o
[ 54%] Building CXX object CMakeFiles/pfp.dir/src/vcf.cpp.o
In file included from /usr/include/c++/13/vector:62,
                 from /tmp/sxgc-dist-build-02/.build/deps/pfp/include/pfp_algo.hpp:10,
                 from /tmp/sxgc-dist-build-02/.build/deps/pfp/src/pfp_algo.cpp:7:
In function ‘constexpr decltype (__comp((* __first1), (* __first2))) std::lexicographical_compare_three_way(_InputIter1, _InputIter1, _InputIter2, _InputIter2, _Comp) [with _InputIter1 = __gnu_cxx::__normal_iterator<const unsigned char*, vector<unsigned char, allocator<unsigned char> > >; _InputIter2 = __gnu_cxx::__normal_iterator<const unsigned char*, vector<unsigned char, allocator<unsigned char> > >; _Comp = __detail::_Synth3way]’,
    inlined from ‘constexpr std::__detail::__synth3way_t<_T1> std::operator<=>(const vector<_Tp, _Alloc>&, const vector<_Tp, _Alloc>&) [with _Tp = unsigned char; _Alloc = allocator<unsigned char>]’ at /usr/include/c++/13/bits/stl_vector.h:2061:52,
    inlined from ‘bool vcfbwt::ref_smaller(std::pair<std::reference_wrapper<std::vector<T> >, long unsigned int>, std::pair<std::reference_wrapper<std::vector<T> >, long unsigned int>) [with data_type = unsigned char]’ at /tmp/sxgc-dist-build-02/.build/deps/pfp/include/utils.hpp:331:27,
    inlined from ‘constexpr bool __gnu_cxx::__ops::_Iter_comp_iter<_Compare>::operator()(_Iterator1, _Iterator2) [with _Iterator1 = __gnu_cxx::__normal_iterator<std::pair<std::reference_wrapper<std::vector<unsigned char, std::allocator<unsigned char> > >, long unsigned int>*, std::vector<std::pair<std::reference_wrapper<std::vector<unsigned char, std::allocator<unsigned char> > >, long unsigned int>, std::allocator<std::pair<std::reference_wrapper<std::vector<unsigned char, std::allocator<unsigned char> > >, long unsigned int> > > >; _Iterator2 = __gnu_cxx::__normal_iterator<std::pair<std::reference_wrapper<std::vector<unsigned char, std::allocator<unsigned char> > >, long unsigned int>*, std::vector<std::pair<std::reference_wrapper<std::vector<unsigned char, std::allocator<unsigned char> > >, long unsigned int>, std::allocator<std::pair<std::reference_wrapper<std::vector<unsigned char, std::allocator<unsigned char> > >, long unsigned int> > > >; _Compare = bool (*)(std::pair<std::reference_wrapper<std::vector<unsigned char, std::allocator<unsigned char> > >, long unsigned int>, std::pair<std::reference_wrapper<std::vector<unsigned char, std::allocator<unsigned char> > >, long unsigned int>)]’ at /usr/include/c++/13/bits/predefined_ops.h:158:23,
    inlined from ‘constexpr _RandomAccessIterator std::__unguarded_partition(_RandomAccessIterator, _RandomAccessIterator, _RandomAccessIterator, _Compare) [with _RandomAccessIterator = __gnu_cxx::__normal_iterator<pair<reference_wrapper<vector<unsigned char, allocator<unsigned char> > >, long unsigned int>*, vector<pair<reference_wrapper<vector<unsigned char, allocator<unsigned char> > >, long unsigned int>, allocator<pair<reference_wrapper<vector<unsigned char, allocator<unsigned char> > >, long unsigned int> > > >; _Compare = __gnu_cxx::__ops::_Iter_comp_iter<bool (*)(pair<reference_wrapper<vector<unsigned char, allocator<unsigned char> > >, long unsigned int>, pair<reference_wrapper<vector<unsigned char, allocator<unsigned char> > >, long unsigned int>)>]’ at /usr/include/c++/13/bits/stl_algo.h:1880:17,
    inlined from ‘constexpr _RandomAccessIterator std::__unguarded_partition_pivot(_RandomAccessIterator, _RandomAccessIterator, _Compare) [with _RandomAccessIterator = __gnu_cxx::__normal_iterator<pair<reference_wrapper<vector<unsigned char, allocator<unsigned char> > >, long unsigned int>*, vector<pair<reference_wrapper<vector<unsigned char, allocator<unsigned char> > >, long unsigned int>, allocator<pair<reference_wrapper<vector<unsigned char, allocator<unsigned char> > >, long unsigned int> > > >; _Compare = __gnu_cxx::__ops::_Iter_comp_iter<bool (*)(pair<reference_wrapper<vector<unsigned char, allocator<unsigned char> > >, long unsigned int>, pair<reference_wrapper<vector<unsigned char, allocator<unsigned char> > >, long unsigned int>)>]’ at /usr/include/c++/13/bits/stl_algo.h:1899:40,
    inlined from ‘constexpr void std::__introsort_loop(_RandomAccessIterator, _RandomAccessIterator, _Size, _Compare) [with _RandomAccessIterator = __gnu_cxx::__normal_iterator<pair<reference_wrapper<vector<unsigned char, allocator<unsigned char> > >, long unsigned int>*, vector<pair<reference_wrapper<vector<unsigned char, allocator<unsigned char> > >, long unsigned int>, allocator<pair<reference_wrapper<vector<unsigned char, allocator<unsigned char> > >, long unsigned int> > > >; _Size = long int; _Compare = __gnu_cxx::__ops::_Iter_comp_iter<bool (*)(pair<reference_wrapper<vector<unsigned char, allocator<unsigned char> > >, long unsigned int>, pair<reference_wrapper<vector<unsigned char, allocator<unsigned char> > >, long unsigned int>)>]’ at /usr/include/c++/13/bits/stl_algo.h:1931:38:
/usr/include/c++/13/bits/stl_algobase.h:1848:39: warning: ‘int __builtin_memcmp(const void*, const void*, long unsigned int)’ specified bound [9223372036854775808, 18446744073709551615] exceeds maximum object size 9223372036854775807 [-Wstringop-overread]
 1848 |                     = __builtin_memcmp(&*__first1, &*__first2, __blen) <=> 0;
      |                       ~~~~~~~~~~~~~~~~^~~~~~~~~~~~~~~~~~~~~~~~~~~~~~~~
[ 63%] Building CXX object CMakeFiles/pfp.dir/generated/version.cpp.o
[ 72%] Building CXX object CMakeFiles/pfp.dir/tmp/sxgc-dist-build-02/.build/deps/smhasher/src/MurmurHash3.cpp.o
In function ‘constexpr decltype (__comp((* __first1), (* __first2))) std::lexicographical_compare_three_way(_InputIter1, _InputIter1, _InputIter2, _InputIter2, _Comp) [with _InputIter1 = __gnu_cxx::__normal_iterator<const unsigned char*, vector<unsigned char, allocator<unsigned char> > >; _InputIter2 = __gnu_cxx::__normal_iterator<const unsigned char*, vector<unsigned char, allocator<unsigned char> > >; _Comp = __detail::_Synth3way]’,
    inlined from ‘constexpr std::__detail::__synth3way_t<_T1> std::operator<=>(const vector<_Tp, _Alloc>&, const vector<_Tp, _Alloc>&) [with _Tp = unsigned char; _Alloc = allocator<unsigned char>]’ at /usr/include/c++/13/bits/stl_vector.h:2061:52,
    inlined from ‘bool vcfbwt::ref_smaller(std::pair<std::reference_wrapper<std::vector<T> >, long unsigned int>, std::pair<std::reference_wrapper<std::vector<T> >, long unsigned int>) [with data_type = unsigned char]’ at /tmp/sxgc-dist-build-02/.build/deps/pfp/include/utils.hpp:331:27,
    inlined from ‘constexpr bool __gnu_cxx::__ops::_Iter_comp_iter<_Compare>::operator()(_Iterator1, _Iterator2) [with _Iterator1 = __gnu_cxx::__normal_iterator<std::pair<std::reference_wrapper<std::vector<unsigned char, std::allocator<unsigned char> > >, long unsigned int>*, std::vector<std::pair<std::reference_wrapper<std::vector<unsigned char, std::allocator<unsigned char> > >, long unsigned int>, std::allocator<std::pair<std::reference_wrapper<std::vector<unsigned char, std::allocator<unsigned char> > >, long unsigned int> > > >; _Iterator2 = __gnu_cxx::__normal_iterator<std::pair<std::reference_wrapper<std::vector<unsigned char, std::allocator<unsigned char> > >, long unsigned int>*, std::vector<std::pair<std::reference_wrapper<std::vector<unsigned char, std::allocator<unsigned char> > >, long unsigned int>, std::allocator<std::pair<std::reference_wrapper<std::vector<unsigned char, std::allocator<unsigned char> > >, long unsigned int> > > >; _Compare = bool (*)(std::pair<std::reference_wrapper<std::vector<unsigned char, std::allocator<unsigned char> > >, long unsigned int>, std::pair<std::reference_wrapper<std::vector<unsigned char, std::allocator<unsigned char> > >, long unsigned int>)]’ at /usr/include/c++/13/bits/predefined_ops.h:158:23,
    inlined from ‘constexpr _RandomAccessIterator std::__unguarded_partition(_RandomAccessIterator, _RandomAccessIterator, _RandomAccessIterator, _Compare) [with _RandomAccessIterator = __gnu_cxx::__normal_iterator<pair<reference_wrapper<vector<unsigned char, allocator<unsigned char> > >, long unsigned int>*, vector<pair<reference_wrapper<vector<unsigned char, allocator<unsigned char> > >, long unsigned int>, allocator<pair<reference_wrapper<vector<unsigned char, allocator<unsigned char> > >, long unsigned int> > > >; _Compare = __gnu_cxx::__ops::_Iter_comp_iter<bool (*)(pair<reference_wrapper<vector<unsigned char, allocator<unsigned char> > >, long unsigned int>, pair<reference_wrapper<vector<unsigned char, allocator<unsigned char> > >, long unsigned int>)>]’ at /usr/include/c++/13/bits/stl_algo.h:1880:17,
    inlined from ‘constexpr _RandomAccessIterator std::__unguarded_partition_pivot(_RandomAccessIterator, _RandomAccessIterator, _Compare) [with _RandomAccessIterator = __gnu_cxx::__normal_iterator<pair<reference_wrapper<vector<unsigned char, allocator<unsigned char> > >, long unsigned int>*, vector<pair<reference_wrapper<vector<unsigned char, allocator<unsigned char> > >, long unsigned int>, allocator<pair<reference_wrapper<vector<unsigned char, allocator<unsigned char> > >, long unsigned int> > > >; _Compare = __gnu_cxx::__ops::_Iter_comp_iter<bool (*)(pair<reference_wrapper<vector<unsigned char, allocator<unsigned char> > >, long unsigned int>, pair<reference_wrapper<vector<unsigned char, allocator<unsigned char> > >, long unsigned int>)>]’ at /usr/include/c++/13/bits/stl_algo.h:1899:40,
    inlined from ‘constexpr void std::__introsort_loop(_RandomAccessIterator, _RandomAccessIterator, _Size, _Compare) [with _RandomAccessIterator = __gnu_cxx::__normal_iterator<pair<reference_wrapper<vector<unsigned char, allocator<unsigned char> > >, long unsigned int>*, vector<pair<reference_wrapper<vector<unsigned char, allocator<unsigned char> > >, long unsigned int>, allocator<pair<reference_wrapper<vector<unsigned char, allocator<unsigned char> > >, long unsigned int> > > >; _Size = long int; _Compare = __gnu_cxx::__ops::_Iter_comp_iter<bool (*)(pair<reference_wrapper<vector<unsigned char, allocator<unsigned char> > >, long unsigned int>, pair<reference_wrapper<vector<unsigned char, allocator<unsigned char> > >, long unsigned int>)>]’ at /usr/include/c++/13/bits/stl_algo.h:1931:38,
    inlined from ‘constexpr void std::__sort(_RandomAccessIterator, _RandomAccessIterator, _Compare) [with _RandomAccessIterator = __gnu_cxx::__normal_iterator<pair<reference_wrapper<vector<unsigned char, allocator<unsigned char> > >, long unsigned int>*, vector<pair<reference_wrapper<vector<unsigned char, allocator<unsigned char> > >, long unsigned int>, allocator<pair<reference_wrapper<vector<unsigned char, allocator<unsigned char> > >, long unsigned int> > > >; _Compare = __gnu_cxx::__ops::_Iter_comp_iter<bool (*)(pair<reference_wrapper<vector<unsigned char, allocator<unsigned char> > >, long unsigned int>, pair<reference_wrapper<vector<unsigned char, allocator<unsigned char> > >, long unsigned int>)>]’ at /usr/include/c++/13/bits/stl_algo.h:1947:25,
    inlined from ‘constexpr void std::sort(_RAIter, _RAIter, _Compare) [with _RAIter = __gnu_cxx::__normal_iterator<pair<reference_wrapper<vector<unsigned char, allocator<unsigned char> > >, long unsigned int>*, vector<pair<reference_wrapper<vector<unsigned char, allocator<unsigned char> > >, long unsigned int>, allocator<pair<reference_wrapper<vector<unsigned char, allocator<unsigned char> > >, long unsigned int> > > >; _Compare = bool (*)(pair<reference_wrapper<vector<unsigned char, allocator<unsigned char> > >, long unsigned int>, pair<reference_wrapper<vector<unsigned char, allocator<unsigned char> > >, long unsigned int>)]’ at /usr/include/c++/13/bits/stl_algo.h:4894:18,
    inlined from ‘void vcfbwt::pfp::Dictionary<data_type>::sort() [with data_type = unsigned char]’ at /tmp/sxgc-dist-build-02/.build/deps/pfp/include/pfp_algo.hpp:74:18:
/usr/include/c++/13/bits/stl_algobase.h:1848:39: warning: ‘int __builtin_memcmp(const void*, const void*, long unsigned int)’ specified bound [9223372036854775808, 18446744073709551615] exceeds maximum object size 9223372036854775807 [-Wstringop-overread]
 1848 |                     = __builtin_memcmp(&*__first1, &*__first2, __blen) <=> 0;
      |                       ~~~~~~~~~~~~~~~~^~~~~~~~~~~~~~~~~~~~~~~~~~~~~~~~
In function ‘constexpr decltype (__comp((* __first1), (* __first2))) std::lexicographical_compare_three_way(_InputIter1, _InputIter1, _InputIter2, _InputIter2, _Comp) [with _InputIter1 = __gnu_cxx::__normal_iterator<const unsigned char*, vector<unsigned char, allocator<unsigned char> > >; _InputIter2 = __gnu_cxx::__normal_iterator<const unsigned char*, vector<unsigned char, allocator<unsigned char> > >; _Comp = __detail::_Synth3way]’,
    inlined from ‘constexpr std::__detail::__synth3way_t<_T1> std::operator<=>(const vector<_Tp, _Alloc>&, const vector<_Tp, _Alloc>&) [with _Tp = unsigned char; _Alloc = allocator<unsigned char>]’ at /usr/include/c++/13/bits/stl_vector.h:2061:52,
    inlined from ‘bool vcfbwt::ref_smaller(std::pair<std::reference_wrapper<std::vector<T> >, long unsigned int>, std::pair<std::reference_wrapper<std::vector<T> >, long unsigned int>) [with data_type = unsigned char]’ at /tmp/sxgc-dist-build-02/.build/deps/pfp/include/utils.hpp:331:27,
    inlined from ‘constexpr bool __gnu_cxx::__ops::_Val_comp_iter<_Compare>::operator()(_Value&, _Iterator) [with _Value = std::pair<std::reference_wrapper<std::vector<unsigned char, std::allocator<unsigned char> > >, long unsigned int>; _Iterator = __gnu_cxx::__normal_iterator<std::pair<std::reference_wrapper<std::vector<unsigned char, std::allocator<unsigned char> > >, long unsigned int>*, std::vector<std::pair<std::reference_wrapper<std::vector<unsigned char, std::allocator<unsigned char> > >, long unsigned int>, std::allocator<std::pair<std::reference_wrapper<std::vector<unsigned char, std::allocator<unsigned char> > >, long unsigned int> > > >; _Compare = bool (*)(std::pair<std::reference_wrapper<std::vector<unsigned char, std::allocator<unsigned char> > >, long unsigned int>, std::pair<std::reference_wrapper<std::vector<unsigned char, std::allocator<unsigned char> > >, long unsigned int>)]’ at /usr/include/c++/13/bits/predefined_ops.h:240:16,
    inlined from ‘constexpr void std::__unguarded_linear_insert(_RandomAccessIterator, _Compare) [with _RandomAccessIterator = __gnu_cxx::__normal_iterator<pair<reference_wrapper<vector<unsigned char, allocator<unsigned char> > >, long unsigned int>*, vector<pair<reference_wrapper<vector<unsigned char, allocator<unsigned char> > >, long unsigned int>, allocator<pair<reference_wrapper<vector<unsigned char, allocator<unsigned char> > >, long unsigned int> > > >; _Compare = __gnu_cxx::__ops::_Val_comp_iter<bool (*)(pair<reference_wrapper<vector<unsigned char, allocator<unsigned char> > >, long unsigned int>, pair<reference_wrapper<vector<unsigned char, allocator<unsigned char> > >, long unsigned int>)>]’ at /usr/include/c++/13/bits/stl_algo.h:1799:20,
    inlined from ‘constexpr void std::__insertion_sort(_RandomAccessIterator, _RandomAccessIterator, _Compare) [with _RandomAccessIterator = __gnu_cxx::__normal_iterator<pair<reference_wrapper<vector<unsigned char, allocator<unsigned char> > >, long unsigned int>*, vector<pair<reference_wrapper<vector<unsigned char, allocator<unsigned char> > >, long unsigned int>, allocator<pair<reference_wrapper<vector<unsigned char, allocator<unsigned char> > >, long unsigned int> > > >; _Compare = __gnu_cxx::__ops::_Iter_comp_iter<bool (*)(pair<reference_wrapper<vector<unsigned char, allocator<unsigned char> > >, long unsigned int>, pair<reference_wrapper<vector<unsigned char, allocator<unsigned char> > >, long unsigned int>)>]’ at /usr/include/c++/13/bits/stl_algo.h:1827:36,
    inlined from ‘constexpr void std::__final_insertion_sort(_RandomAccessIterator, _RandomAccessIterator, _Compare) [with _RandomAccessIterator = __gnu_cxx::__normal_iterator<pair<reference_wrapper<vector<unsigned char, allocator<unsigned char> > >, long unsigned int>*, vector<pair<reference_wrapper<vector<unsigned char, allocator<unsigned char> > >, long unsigned int>, allocator<pair<reference_wrapper<vector<unsigned char, allocator<unsigned char> > >, long unsigned int> > > >; _Compare = __gnu_cxx::__ops::_Iter_comp_iter<bool (*)(pair<reference_wrapper<vector<unsigned char, allocator<unsigned char> > >, long unsigned int>, pair<reference_wrapper<vector<unsigned char, allocator<unsigned char> > >, long unsigned int>)>]’ at /usr/include/c++/13/bits/stl_algo.h:1859:25,
    inlined from ‘constexpr void std::__sort(_RandomAccessIterator, _RandomAccessIterator, _Compare) [with _RandomAccessIterator = __gnu_cxx::__normal_iterator<pair<reference_wrapper<vector<unsigned char, allocator<unsigned char> > >, long unsigned int>*, vector<pair<reference_wrapper<vector<unsigned char, allocator<unsigned char> > >, long unsigned int>, allocator<pair<reference_wrapper<vector<unsigned char, allocator<unsigned char> > >, long unsigned int> > > >; _Compare = __gnu_cxx::__ops::_Iter_comp_iter<bool (*)(pair<reference_wrapper<vector<unsigned char, allocator<unsigned char> > >, long unsigned int>, pair<reference_wrapper<vector<unsigned char, allocator<unsigned char> > >, long unsigned int>)>]’ at /usr/include/c++/13/bits/stl_algo.h:1950:31,
    inlined from ‘constexpr void std::sort(_RAIter, _RAIter, _Compare) [with _RAIter = __gnu_cxx::__normal_iterator<pair<reference_wrapper<vector<unsigned char, allocator<unsigned char> > >, long unsigned int>*, vector<pair<reference_wrapper<vector<unsigned char, allocator<unsigned char> > >, long unsigned int>, allocator<pair<reference_wrapper<vector<unsigned char, allocator<unsigned char> > >, long unsigned int> > > >; _Compare = bool (*)(pair<reference_wrapper<vector<unsigned char, allocator<unsigned char> > >, long unsigned int>, pair<reference_wrapper<vector<unsigned char, allocator<unsigned char> > >, long unsigned int>)]’ at /usr/include/c++/13/bits/stl_algo.h:4894:18,
    inlined from ‘void vcfbwt::pfp::Dictionary<data_type>::sort() [with data_type = unsigned char]’ at /tmp/sxgc-dist-build-02/.build/deps/pfp/include/pfp_algo.hpp:74:18:
/usr/include/c++/13/bits/stl_algobase.h:1848:39: warning: ‘int __builtin_memcmp(const void*, const void*, long unsigned int)’ specified bound [9223372036854775808, 18446744073709551615] exceeds maximum object size 9223372036854775807 [-Wstringop-overread]
 1848 |                     = __builtin_memcmp(&*__first1, &*__first2, __blen) <=> 0;
      |                       ~~~~~~~~~~~~~~~~^~~~~~~~~~~~~~~~~~~~~~~~~~~~~~~~
In function ‘constexpr decltype (__comp((* __first1), (* __first2))) std::lexicographical_compare_three_way(_InputIter1, _InputIter1, _InputIter2, _InputIter2, _Comp) [with _InputIter1 = __gnu_cxx::__normal_iterator<const unsigned char*, vector<unsigned char, allocator<unsigned char> > >; _InputIter2 = __gnu_cxx::__normal_iterator<const unsigned char*, vector<unsigned char, allocator<unsigned char> > >; _Comp = __detail::_Synth3way]’,
    inlined from ‘constexpr std::__detail::__synth3way_t<_T1> std::operator<=>(const vector<_Tp, _Alloc>&, const vector<_Tp, _Alloc>&) [with _Tp = unsigned char; _Alloc = allocator<unsigned char>]’ at /usr/include/c++/13/bits/stl_vector.h:2061:52,
    inlined from ‘bool vcfbwt::ref_smaller(std::pair<std::reference_wrapper<std::vector<T> >, long unsigned int>, std::pair<std::reference_wrapper<std::vector<T> >, long unsigned int>) [with data_type = unsigned char]’ at /tmp/sxgc-dist-build-02/.build/deps/pfp/include/utils.hpp:331:27,
    inlined from ‘constexpr bool __gnu_cxx::__ops::_Val_comp_iter<_Compare>::operator()(_Value&, _Iterator) [with _Value = std::pair<std::reference_wrapper<std::vector<unsigned char, std::allocator<unsigned char> > >, long unsigned int>; _Iterator = __gnu_cxx::__normal_iterator<std::pair<std::reference_wrapper<std::vector<unsigned char, std::allocator<unsigned char> > >, long unsigned int>*, std::vector<std::pair<std::reference_wrapper<std::vector<unsigned char, std::allocator<unsigned char> > >, long unsigned int>, std::allocator<std::pair<std::reference_wrapper<std::vector<unsigned char, std::allocator<unsigned char> > >, long unsigned int> > > >; _Compare = bool (*)(std::pair<std::reference_wrapper<std::vector<unsigned char, std::allocator<unsigned char> > >, long unsigned int>, std::pair<std::reference_wrapper<std::vector<unsigned char, std::allocator<unsigned char> > >, long unsigned int>)]’ at /usr/include/c++/13/bits/predefined_ops.h:240:16,
    inlined from ‘constexpr void std::__unguarded_linear_insert(_RandomAccessIterator, _Compare) [with _RandomAccessIterator = __gnu_cxx::__normal_iterator<pair<reference_wrapper<vector<unsigned char, allocator<unsigned char> > >, long unsigned int>*, vector<pair<reference_wrapper<vector<unsigned char, allocator<unsigned char> > >, long unsigned int>, allocator<pair<reference_wrapper<vector<unsigned char, allocator<unsigned char> > >, long unsigned int> > > >; _Compare = __gnu_cxx::__ops::_Val_comp_iter<bool (*)(pair<reference_wrapper<vector<unsigned char, allocator<unsigned char> > >, long unsigned int>, pair<reference_wrapper<vector<unsigned char, allocator<unsigned char> > >, long unsigned int>)>]’ at /usr/include/c++/13/bits/stl_algo.h:1799:20,
    inlined from ‘constexpr void std::__unguarded_insertion_sort(_RandomAccessIterator, _RandomAccessIterator, _Compare) [with _RandomAccessIterator = __gnu_cxx::__normal_iterator<pair<reference_wrapper<vector<unsigned char, allocator<unsigned char> > >, long unsigned int>*, vector<pair<reference_wrapper<vector<unsigned char, allocator<unsigned char> > >, long unsigned int>, allocator<pair<reference_wrapper<vector<unsigned char, allocator<unsigned char> > >, long unsigned int> > > >; _Compare = __gnu_cxx::__ops::_Iter_comp_iter<bool (*)(pair<reference_wrapper<vector<unsigned char, allocator<unsigned char> > >, long unsigned int>, pair<reference_wrapper<vector<unsigned char, allocator<unsigned char> > >, long unsigned int>)>]’ at /usr/include/c++/13/bits/stl_algo.h:1840:32,
    inlined from ‘constexpr void std::__final_insertion_sort(_RandomAccessIterator, _RandomAccessIterator, _Compare) [with _RandomAccessIterator = __gnu_cxx::__normal_iterator<pair<reference_wrapper<vector<unsigned char, allocator<unsigned char> > >, long unsigned int>*, vector<pair<reference_wrapper<vector<unsigned char, allocator<unsigned char> > >, long unsigned int>, allocator<pair<reference_wrapper<vector<unsigned char, allocator<unsigned char> > >, long unsigned int> > > >; _Compare = __gnu_cxx::__ops::_Iter_comp_iter<bool (*)(pair<reference_wrapper<vector<unsigned char, allocator<unsigned char> > >, long unsigned int>, pair<reference_wrapper<vector<unsigned char, allocator<unsigned char> > >, long unsigned int>)>]’ at /usr/include/c++/13/bits/stl_algo.h:1860:35,
    inlined from ‘constexpr void std::__sort(_RandomAccessIterator, _RandomAccessIterator, _Compare) [with _RandomAccessIterator = __gnu_cxx::__normal_iterator<pair<reference_wrapper<vector<unsigned char, allocator<unsigned char> > >, long unsigned int>*, vector<pair<reference_wrapper<vector<unsigned char, allocator<unsigned char> > >, long unsigned int>, allocator<pair<reference_wrapper<vector<unsigned char, allocator<unsigned char> > >, long unsigned int> > > >; _Compare = __gnu_cxx::__ops::_Iter_comp_iter<bool (*)(pair<reference_wrapper<vector<unsigned char, allocator<unsigned char> > >, long unsigned int>, pair<reference_wrapper<vector<unsigned char, allocator<unsigned char> > >, long unsigned int>)>]’ at /usr/include/c++/13/bits/stl_algo.h:1950:31,
    inlined from ‘constexpr void std::sort(_RAIter, _RAIter, _Compare) [with _RAIter = __gnu_cxx::__normal_iterator<pair<reference_wrapper<vector<unsigned char, allocator<unsigned char> > >, long unsigned int>*, vector<pair<reference_wrapper<vector<unsigned char, allocator<unsigned char> > >, long unsigned int>, allocator<pair<reference_wrapper<vector<unsigned char, allocator<unsigned char> > >, long unsigned int> > > >; _Compare = bool (*)(pair<reference_wrapper<vector<unsigned char, allocator<unsigned char> > >, long unsigned int>, pair<reference_wrapper<vector<unsigned char, allocator<unsigned char> > >, long unsigned int>)]’ at /usr/include/c++/13/bits/stl_algo.h:4894:18,
    inlined from ‘void vcfbwt::pfp::Dictionary<data_type>::sort() [with data_type = unsigned char]’ at /tmp/sxgc-dist-build-02/.build/deps/pfp/include/pfp_algo.hpp:74:18:
/usr/include/c++/13/bits/stl_algobase.h:1848:39: warning: ‘int __builtin_memcmp(const void*, const void*, long unsigned int)’ specified bound [9223372036854775808, 18446744073709551615] exceeds maximum object size 9223372036854775807 [-Wstringop-overread]
 1848 |                     = __builtin_memcmp(&*__first1, &*__first2, __blen) <=> 0;
      |                       ~~~~~~~~~~~~~~~~^~~~~~~~~~~~~~~~~~~~~~~~~~~~~~~~
In function ‘constexpr decltype (__comp((* __first1), (* __first2))) std::lexicographical_compare_three_way(_InputIter1, _InputIter1, _InputIter2, _InputIter2, _Comp) [with _InputIter1 = __gnu_cxx::__normal_iterator<const unsigned char*, vector<unsigned char, allocator<unsigned char> > >; _InputIter2 = __gnu_cxx::__normal_iterator<const unsigned char*, vector<unsigned char, allocator<unsigned char> > >; _Comp = __detail::_Synth3way]’,
    inlined from ‘constexpr std::__detail::__synth3way_t<_T1> std::operator<=>(const vector<_Tp, _Alloc>&, const vector<_Tp, _Alloc>&) [with _Tp = unsigned char; _Alloc = allocator<unsigned char>]’ at /usr/include/c++/13/bits/stl_vector.h:2061:52,
    inlined from ‘bool vcfbwt::ref_smaller(std::pair<std::reference_wrapper<std::vector<T> >, long unsigned int>, std::pair<std::reference_wrapper<std::vector<T> >, long unsigned int>) [with data_type = unsigned char]’ at /tmp/sxgc-dist-build-02/.build/deps/pfp/include/utils.hpp:331:27,
    inlined from ‘constexpr bool __gnu_cxx::__ops::_Val_comp_iter<_Compare>::operator()(_Value&, _Iterator) [with _Value = std::pair<std::reference_wrapper<std::vector<unsigned char, std::allocator<unsigned char> > >, long unsigned int>; _Iterator = __gnu_cxx::__normal_iterator<std::pair<std::reference_wrapper<std::vector<unsigned char, std::allocator<unsigned char> > >, long unsigned int>*, std::vector<std::pair<std::reference_wrapper<std::vector<unsigned char, std::allocator<unsigned char> > >, long unsigned int>, std::allocator<std::pair<std::reference_wrapper<std::vector<unsigned char, std::allocator<unsigned char> > >, long unsigned int> > > >; _Compare = bool (*)(std::pair<std::reference_wrapper<std::vector<unsigned char, std::allocator<unsigned char> > >, long unsigned int>, std::pair<std::reference_wrapper<std::vector<unsigned char, std::allocator<unsigned char> > >, long unsigned int>)]’ at /usr/include/c++/13/bits/predefined_ops.h:240:16,
    inlined from ‘constexpr void std::__unguarded_linear_insert(_RandomAccessIterator, _Compare) [with _RandomAccessIterator = __gnu_cxx::__normal_iterator<pair<reference_wrapper<vector<unsigned char, allocator<unsigned char> > >, long unsigned int>*, vector<pair<reference_wrapper<vector<unsigned char, allocator<unsigned char> > >, long unsigned int>, allocator<pair<reference_wrapper<vector<unsigned char, allocator<unsigned char> > >, long unsigned int> > > >; _Compare = __gnu_cxx::__ops::_Val_comp_iter<bool (*)(pair<reference_wrapper<vector<unsigned char, allocator<unsigned char> > >, long unsigned int>, pair<reference_wrapper<vector<unsigned char, allocator<unsigned char> > >, long unsigned int>)>]’ at /usr/include/c++/13/bits/stl_algo.h:1799:20,
    inlined from ‘constexpr void std::__insertion_sort(_RandomAccessIterator, _RandomAccessIterator, _Compare) [with _RandomAccessIterator = __gnu_cxx::__normal_iterator<pair<reference_wrapper<vector<unsigned char, allocator<unsigned char> > >, long unsigned int>*, vector<pair<reference_wrapper<vector<unsigned char, allocator<unsigned char> > >, long unsigned int>, allocator<pair<reference_wrapper<vector<unsigned char, allocator<unsigned char> > >, long unsigned int> > > >; _Compare = __gnu_cxx::__ops::_Iter_comp_iter<bool (*)(pair<reference_wrapper<vector<unsigned char, allocator<unsigned char> > >, long unsigned int>, pair<reference_wrapper<vector<unsigned char, allocator<unsigned char> > >, long unsigned int>)>]’ at /usr/include/c++/13/bits/stl_algo.h:1827:36,
    inlined from ‘constexpr void std::__final_insertion_sort(_RandomAccessIterator, _RandomAccessIterator, _Compare) [with _RandomAccessIterator = __gnu_cxx::__normal_iterator<pair<reference_wrapper<vector<unsigned char, allocator<unsigned char> > >, long unsigned int>*, vector<pair<reference_wrapper<vector<unsigned char, allocator<unsigned char> > >, long unsigned int>, allocator<pair<reference_wrapper<vector<unsigned char, allocator<unsigned char> > >, long unsigned int> > > >; _Compare = __gnu_cxx::__ops::_Iter_comp_iter<bool (*)(pair<reference_wrapper<vector<unsigned char, allocator<unsigned char> > >, long unsigned int>, pair<reference_wrapper<vector<unsigned char, allocator<unsigned char> > >, long unsigned int>)>]’ at /usr/include/c++/13/bits/stl_algo.h:1864:23,
    inlined from ‘constexpr void std::__sort(_RandomAccessIterator, _RandomAccessIterator, _Compare) [with _RandomAccessIterator = __gnu_cxx::__normal_iterator<pair<reference_wrapper<vector<unsigned char, allocator<unsigned char> > >, long unsigned int>*, vector<pair<reference_wrapper<vector<unsigned char, allocator<unsigned char> > >, long unsigned int>, allocator<pair<reference_wrapper<vector<unsigned char, allocator<unsigned char> > >, long unsigned int> > > >; _Compare = __gnu_cxx::__ops::_Iter_comp_iter<bool (*)(pair<reference_wrapper<vector<unsigned char, allocator<unsigned char> > >, long unsigned int>, pair<reference_wrapper<vector<unsigned char, allocator<unsigned char> > >, long unsigned int>)>]’ at /usr/include/c++/13/bits/stl_algo.h:1950:31,
    inlined from ‘constexpr void std::sort(_RAIter, _RAIter, _Compare) [with _RAIter = __gnu_cxx::__normal_iterator<pair<reference_wrapper<vector<unsigned char, allocator<unsigned char> > >, long unsigned int>*, vector<pair<reference_wrapper<vector<unsigned char, allocator<unsigned char> > >, long unsigned int>, allocator<pair<reference_wrapper<vector<unsigned char, allocator<unsigned char> > >, long unsigned int> > > >; _Compare = bool (*)(pair<reference_wrapper<vector<unsigned char, allocator<unsigned char> > >, long unsigned int>, pair<reference_wrapper<vector<unsigned char, allocator<unsigned char> > >, long unsigned int>)]’ at /usr/include/c++/13/bits/stl_algo.h:4894:18,
    inlined from ‘void vcfbwt::pfp::Dictionary<data_type>::sort() [with data_type = unsigned char]’ at /tmp/sxgc-dist-build-02/.build/deps/pfp/include/pfp_algo.hpp:74:18:
/usr/include/c++/13/bits/stl_algobase.h:1848:39: warning: ‘int __builtin_memcmp(const void*, const void*, long unsigned int)’ specified bound [9223372036854775808, 18446744073709551615] exceeds maximum object size 9223372036854775807 [-Wstringop-overread]
 1848 |                     = __builtin_memcmp(&*__first1, &*__first2, __blen) <=> 0;
      |                       ~~~~~~~~~~~~~~~~^~~~~~~~~~~~~~~~~~~~~~~~~~~~~~~~
[ 81%] Linking CXX static library libpfp.a
[ 81%] Built target pfp
[ 90%] Building CXX object CMakeFiles/pfp++.dir/pfp++.cpp.o
[100%] Linking CXX executable pfp++
[100%] Built target pfp++
[  9%] Building CXX object CMakeFiles/pfp64.dir/src/internals.cpp.o
[ 18%] Building CXX object CMakeFiles/pfp64.dir/src/pfp_algo.cpp.o
[ 27%] Building CXX object CMakeFiles/pfp64.dir/src/text_source.cpp.o
[ 36%] Building CXX object CMakeFiles/pfp64.dir/src/agc_source.cpp.o
[ 45%] Building CXX object CMakeFiles/pfp64.dir/src/utils.cpp.o
[ 54%] Building CXX object CMakeFiles/pfp64.dir/src/vcf.cpp.o
In file included from /usr/include/c++/13/vector:62,
                 from /tmp/sxgc-dist-build-02/.build/deps/pfp/include/pfp_algo.hpp:10,
                 from /tmp/sxgc-dist-build-02/.build/deps/pfp/src/pfp_algo.cpp:7:
In function ‘constexpr decltype (__comp((* __first1), (* __first2))) std::lexicographical_compare_three_way(_InputIter1, _InputIter1, _InputIter2, _InputIter2, _Comp) [with _InputIter1 = __gnu_cxx::__normal_iterator<const unsigned char*, vector<unsigned char, allocator<unsigned char> > >; _InputIter2 = __gnu_cxx::__normal_iterator<const unsigned char*, vector<unsigned char, allocator<unsigned char> > >; _Comp = __detail::_Synth3way]’,
    inlined from ‘constexpr std::__detail::__synth3way_t<_T1> std::operator<=>(const vector<_Tp, _Alloc>&, const vector<_Tp, _Alloc>&) [with _Tp = unsigned char; _Alloc = allocator<unsigned char>]’ at /usr/include/c++/13/bits/stl_vector.h:2061:52,
    inlined from ‘bool vcfbwt::ref_smaller(std::pair<std::reference_wrapper<std::vector<T> >, long unsigned int>, std::pair<std::reference_wrapper<std::vector<T> >, long unsigned int>) [with data_type = unsigned char]’ at /tmp/sxgc-dist-build-02/.build/deps/pfp/include/utils.hpp:331:27,
    inlined from ‘constexpr bool __gnu_cxx::__ops::_Iter_comp_iter<_Compare>::operator()(_Iterator1, _Iterator2) [with _Iterator1 = __gnu_cxx::__normal_iterator<std::pair<std::reference_wrapper<std::vector<unsigned char, std::allocator<unsigned char> > >, long unsigned int>*, std::vector<std::pair<std::reference_wrapper<std::vector<unsigned char, std::allocator<unsigned char> > >, long unsigned int>, std::allocator<std::pair<std::reference_wrapper<std::vector<unsigned char, std::allocator<unsigned char> > >, long unsigned int> > > >; _Iterator2 = __gnu_cxx::__normal_iterator<std::pair<std::reference_wrapper<std::vector<unsigned char, std::allocator<unsigned char> > >, long unsigned int>*, std::vector<std::pair<std::reference_wrapper<std::vector<unsigned char, std::allocator<unsigned char> > >, long unsigned int>, std::allocator<std::pair<std::reference_wrapper<std::vector<unsigned char, std::allocator<unsigned char> > >, long unsigned int> > > >; _Compare = bool (*)(std::pair<std::reference_wrapper<std::vector<unsigned char, std::allocator<unsigned char> > >, long unsigned int>, std::pair<std::reference_wrapper<std::vector<unsigned char, std::allocator<unsigned char> > >, long unsigned int>)]’ at /usr/include/c++/13/bits/predefined_ops.h:158:23,
    inlined from ‘constexpr _RandomAccessIterator std::__unguarded_partition(_RandomAccessIterator, _RandomAccessIterator, _RandomAccessIterator, _Compare) [with _RandomAccessIterator = __gnu_cxx::__normal_iterator<pair<reference_wrapper<vector<unsigned char, allocator<unsigned char> > >, long unsigned int>*, vector<pair<reference_wrapper<vector<unsigned char, allocator<unsigned char> > >, long unsigned int>, allocator<pair<reference_wrapper<vector<unsigned char, allocator<unsigned char> > >, long unsigned int> > > >; _Compare = __gnu_cxx::__ops::_Iter_comp_iter<bool (*)(pair<reference_wrapper<vector<unsigned char, allocator<unsigned char> > >, long unsigned int>, pair<reference_wrapper<vector<unsigned char, allocator<unsigned char> > >, long unsigned int>)>]’ at /usr/include/c++/13/bits/stl_algo.h:1880:17,
    inlined from ‘constexpr _RandomAccessIterator std::__unguarded_partition_pivot(_RandomAccessIterator, _RandomAccessIterator, _Compare) [with _RandomAccessIterator = __gnu_cxx::__normal_iterator<pair<reference_wrapper<vector<unsigned char, allocator<unsigned char> > >, long unsigned int>*, vector<pair<reference_wrapper<vector<unsigned char, allocator<unsigned char> > >, long unsigned int>, allocator<pair<reference_wrapper<vector<unsigned char, allocator<unsigned char> > >, long unsigned int> > > >; _Compare = __gnu_cxx::__ops::_Iter_comp_iter<bool (*)(pair<reference_wrapper<vector<unsigned char, allocator<unsigned char> > >, long unsigned int>, pair<reference_wrapper<vector<unsigned char, allocator<unsigned char> > >, long unsigned int>)>]’ at /usr/include/c++/13/bits/stl_algo.h:1899:40,
    inlined from ‘constexpr void std::__introsort_loop(_RandomAccessIterator, _RandomAccessIterator, _Size, _Compare) [with _RandomAccessIterator = __gnu_cxx::__normal_iterator<pair<reference_wrapper<vector<unsigned char, allocator<unsigned char> > >, long unsigned int>*, vector<pair<reference_wrapper<vector<unsigned char, allocator<unsigned char> > >, long unsigned int>, allocator<pair<reference_wrapper<vector<unsigned char, allocator<unsigned char> > >, long unsigned int> > > >; _Size = long int; _Compare = __gnu_cxx::__ops::_Iter_comp_iter<bool (*)(pair<reference_wrapper<vector<unsigned char, allocator<unsigned char> > >, long unsigned int>, pair<reference_wrapper<vector<unsigned char, allocator<unsigned char> > >, long unsigned int>)>]’ at /usr/include/c++/13/bits/stl_algo.h:1931:38:
/usr/include/c++/13/bits/stl_algobase.h:1848:39: warning: ‘int __builtin_memcmp(const void*, const void*, long unsigned int)’ specified bound [9223372036854775808, 18446744073709551615] exceeds maximum object size 9223372036854775807 [-Wstringop-overread]
 1848 |                     = __builtin_memcmp(&*__first1, &*__first2, __blen) <=> 0;
      |                       ~~~~~~~~~~~~~~~~^~~~~~~~~~~~~~~~~~~~~~~~~~~~~~~~
[ 63%] Building CXX object CMakeFiles/pfp64.dir/generated/version.cpp.o
[ 72%] Building CXX object CMakeFiles/pfp64.dir/tmp/sxgc-dist-build-02/.build/deps/smhasher/src/MurmurHash3.cpp.o
In function ‘constexpr decltype (__comp((* __first1), (* __first2))) std::lexicographical_compare_three_way(_InputIter1, _InputIter1, _InputIter2, _InputIter2, _Comp) [with _InputIter1 = __gnu_cxx::__normal_iterator<const unsigned char*, vector<unsigned char, allocator<unsigned char> > >; _InputIter2 = __gnu_cxx::__normal_iterator<const unsigned char*, vector<unsigned char, allocator<unsigned char> > >; _Comp = __detail::_Synth3way]’,
    inlined from ‘constexpr std::__detail::__synth3way_t<_T1> std::operator<=>(const vector<_Tp, _Alloc>&, const vector<_Tp, _Alloc>&) [with _Tp = unsigned char; _Alloc = allocator<unsigned char>]’ at /usr/include/c++/13/bits/stl_vector.h:2061:52,
    inlined from ‘bool vcfbwt::ref_smaller(std::pair<std::reference_wrapper<std::vector<T> >, long unsigned int>, std::pair<std::reference_wrapper<std::vector<T> >, long unsigned int>) [with data_type = unsigned char]’ at /tmp/sxgc-dist-build-02/.build/deps/pfp/include/utils.hpp:331:27,
    inlined from ‘constexpr bool __gnu_cxx::__ops::_Iter_comp_iter<_Compare>::operator()(_Iterator1, _Iterator2) [with _Iterator1 = __gnu_cxx::__normal_iterator<std::pair<std::reference_wrapper<std::vector<unsigned char, std::allocator<unsigned char> > >, long unsigned int>*, std::vector<std::pair<std::reference_wrapper<std::vector<unsigned char, std::allocator<unsigned char> > >, long unsigned int>, std::allocator<std::pair<std::reference_wrapper<std::vector<unsigned char, std::allocator<unsigned char> > >, long unsigned int> > > >; _Iterator2 = __gnu_cxx::__normal_iterator<std::pair<std::reference_wrapper<std::vector<unsigned char, std::allocator<unsigned char> > >, long unsigned int>*, std::vector<std::pair<std::reference_wrapper<std::vector<unsigned char, std::allocator<unsigned char> > >, long unsigned int>, std::allocator<std::pair<std::reference_wrapper<std::vector<unsigned char, std::allocator<unsigned char> > >, long unsigned int> > > >; _Compare = bool (*)(std::pair<std::reference_wrapper<std::vector<unsigned char, std::allocator<unsigned char> > >, long unsigned int>, std::pair<std::reference_wrapper<std::vector<unsigned char, std::allocator<unsigned char> > >, long unsigned int>)]’ at /usr/include/c++/13/bits/predefined_ops.h:158:23,
    inlined from ‘constexpr _RandomAccessIterator std::__unguarded_partition(_RandomAccessIterator, _RandomAccessIterator, _RandomAccessIterator, _Compare) [with _RandomAccessIterator = __gnu_cxx::__normal_iterator<pair<reference_wrapper<vector<unsigned char, allocator<unsigned char> > >, long unsigned int>*, vector<pair<reference_wrapper<vector<unsigned char, allocator<unsigned char> > >, long unsigned int>, allocator<pair<reference_wrapper<vector<unsigned char, allocator<unsigned char> > >, long unsigned int> > > >; _Compare = __gnu_cxx::__ops::_Iter_comp_iter<bool (*)(pair<reference_wrapper<vector<unsigned char, allocator<unsigned char> > >, long unsigned int>, pair<reference_wrapper<vector<unsigned char, allocator<unsigned char> > >, long unsigned int>)>]’ at /usr/include/c++/13/bits/stl_algo.h:1880:17,
    inlined from ‘constexpr _RandomAccessIterator std::__unguarded_partition_pivot(_RandomAccessIterator, _RandomAccessIterator, _Compare) [with _RandomAccessIterator = __gnu_cxx::__normal_iterator<pair<reference_wrapper<vector<unsigned char, allocator<unsigned char> > >, long unsigned int>*, vector<pair<reference_wrapper<vector<unsigned char, allocator<unsigned char> > >, long unsigned int>, allocator<pair<reference_wrapper<vector<unsigned char, allocator<unsigned char> > >, long unsigned int> > > >; _Compare = __gnu_cxx::__ops::_Iter_comp_iter<bool (*)(pair<reference_wrapper<vector<unsigned char, allocator<unsigned char> > >, long unsigned int>, pair<reference_wrapper<vector<unsigned char, allocator<unsigned char> > >, long unsigned int>)>]’ at /usr/include/c++/13/bits/stl_algo.h:1899:40,
    inlined from ‘constexpr void std::__introsort_loop(_RandomAccessIterator, _RandomAccessIterator, _Size, _Compare) [with _RandomAccessIterator = __gnu_cxx::__normal_iterator<pair<reference_wrapper<vector<unsigned char, allocator<unsigned char> > >, long unsigned int>*, vector<pair<reference_wrapper<vector<unsigned char, allocator<unsigned char> > >, long unsigned int>, allocator<pair<reference_wrapper<vector<unsigned char, allocator<unsigned char> > >, long unsigned int> > > >; _Size = long int; _Compare = __gnu_cxx::__ops::_Iter_comp_iter<bool (*)(pair<reference_wrapper<vector<unsigned char, allocator<unsigned char> > >, long unsigned int>, pair<reference_wrapper<vector<unsigned char, allocator<unsigned char> > >, long unsigned int>)>]’ at /usr/include/c++/13/bits/stl_algo.h:1931:38,
    inlined from ‘constexpr void std::__sort(_RandomAccessIterator, _RandomAccessIterator, _Compare) [with _RandomAccessIterator = __gnu_cxx::__normal_iterator<pair<reference_wrapper<vector<unsigned char, allocator<unsigned char> > >, long unsigned int>*, vector<pair<reference_wrapper<vector<unsigned char, allocator<unsigned char> > >, long unsigned int>, allocator<pair<reference_wrapper<vector<unsigned char, allocator<unsigned char> > >, long unsigned int> > > >; _Compare = __gnu_cxx::__ops::_Iter_comp_iter<bool (*)(pair<reference_wrapper<vector<unsigned char, allocator<unsigned char> > >, long unsigned int>, pair<reference_wrapper<vector<unsigned char, allocator<unsigned char> > >, long unsigned int>)>]’ at /usr/include/c++/13/bits/stl_algo.h:1947:25,
    inlined from ‘constexpr void std::sort(_RAIter, _RAIter, _Compare) [with _RAIter = __gnu_cxx::__normal_iterator<pair<reference_wrapper<vector<unsigned char, allocator<unsigned char> > >, long unsigned int>*, vector<pair<reference_wrapper<vector<unsigned char, allocator<unsigned char> > >, long unsigned int>, allocator<pair<reference_wrapper<vector<unsigned char, allocator<unsigned char> > >, long unsigned int> > > >; _Compare = bool (*)(pair<reference_wrapper<vector<unsigned char, allocator<unsigned char> > >, long unsigned int>, pair<reference_wrapper<vector<unsigned char, allocator<unsigned char> > >, long unsigned int>)]’ at /usr/include/c++/13/bits/stl_algo.h:4894:18,
    inlined from ‘void vcfbwt::pfp::Dictionary<data_type>::sort() [with data_type = unsigned char]’ at /tmp/sxgc-dist-build-02/.build/deps/pfp/include/pfp_algo.hpp:74:18:
/usr/include/c++/13/bits/stl_algobase.h:1848:39: warning: ‘int __builtin_memcmp(const void*, const void*, long unsigned int)’ specified bound [9223372036854775808, 18446744073709551615] exceeds maximum object size 9223372036854775807 [-Wstringop-overread]
 1848 |                     = __builtin_memcmp(&*__first1, &*__first2, __blen) <=> 0;
      |                       ~~~~~~~~~~~~~~~~^~~~~~~~~~~~~~~~~~~~~~~~~~~~~~~~
In function ‘constexpr decltype (__comp((* __first1), (* __first2))) std::lexicographical_compare_three_way(_InputIter1, _InputIter1, _InputIter2, _InputIter2, _Comp) [with _InputIter1 = __gnu_cxx::__normal_iterator<const unsigned char*, vector<unsigned char, allocator<unsigned char> > >; _InputIter2 = __gnu_cxx::__normal_iterator<const unsigned char*, vector<unsigned char, allocator<unsigned char> > >; _Comp = __detail::_Synth3way]’,
    inlined from ‘constexpr std::__detail::__synth3way_t<_T1> std::operator<=>(const vector<_Tp, _Alloc>&, const vector<_Tp, _Alloc>&) [with _Tp = unsigned char; _Alloc = allocator<unsigned char>]’ at /usr/include/c++/13/bits/stl_vector.h:2061:52,
    inlined from ‘bool vcfbwt::ref_smaller(std::pair<std::reference_wrapper<std::vector<T> >, long unsigned int>, std::pair<std::reference_wrapper<std::vector<T> >, long unsigned int>) [with data_type = unsigned char]’ at /tmp/sxgc-dist-build-02/.build/deps/pfp/include/utils.hpp:331:27,
    inlined from ‘constexpr bool __gnu_cxx::__ops::_Val_comp_iter<_Compare>::operator()(_Value&, _Iterator) [with _Value = std::pair<std::reference_wrapper<std::vector<unsigned char, std::allocator<unsigned char> > >, long unsigned int>; _Iterator = __gnu_cxx::__normal_iterator<std::pair<std::reference_wrapper<std::vector<unsigned char, std::allocator<unsigned char> > >, long unsigned int>*, std::vector<std::pair<std::reference_wrapper<std::vector<unsigned char, std::allocator<unsigned char> > >, long unsigned int>, std::allocator<std::pair<std::reference_wrapper<std::vector<unsigned char, std::allocator<unsigned char> > >, long unsigned int> > > >; _Compare = bool (*)(std::pair<std::reference_wrapper<std::vector<unsigned char, std::allocator<unsigned char> > >, long unsigned int>, std::pair<std::reference_wrapper<std::vector<unsigned char, std::allocator<unsigned char> > >, long unsigned int>)]’ at /usr/include/c++/13/bits/predefined_ops.h:240:16,
    inlined from ‘constexpr void std::__unguarded_linear_insert(_RandomAccessIterator, _Compare) [with _RandomAccessIterator = __gnu_cxx::__normal_iterator<pair<reference_wrapper<vector<unsigned char, allocator<unsigned char> > >, long unsigned int>*, vector<pair<reference_wrapper<vector<unsigned char, allocator<unsigned char> > >, long unsigned int>, allocator<pair<reference_wrapper<vector<unsigned char, allocator<unsigned char> > >, long unsigned int> > > >; _Compare = __gnu_cxx::__ops::_Val_comp_iter<bool (*)(pair<reference_wrapper<vector<unsigned char, allocator<unsigned char> > >, long unsigned int>, pair<reference_wrapper<vector<unsigned char, allocator<unsigned char> > >, long unsigned int>)>]’ at /usr/include/c++/13/bits/stl_algo.h:1799:20,
    inlined from ‘constexpr void std::__insertion_sort(_RandomAccessIterator, _RandomAccessIterator, _Compare) [with _RandomAccessIterator = __gnu_cxx::__normal_iterator<pair<reference_wrapper<vector<unsigned char, allocator<unsigned char> > >, long unsigned int>*, vector<pair<reference_wrapper<vector<unsigned char, allocator<unsigned char> > >, long unsigned int>, allocator<pair<reference_wrapper<vector<unsigned char, allocator<unsigned char> > >, long unsigned int> > > >; _Compare = __gnu_cxx::__ops::_Iter_comp_iter<bool (*)(pair<reference_wrapper<vector<unsigned char, allocator<unsigned char> > >, long unsigned int>, pair<reference_wrapper<vector<unsigned char, allocator<unsigned char> > >, long unsigned int>)>]’ at /usr/include/c++/13/bits/stl_algo.h:1827:36,
    inlined from ‘constexpr void std::__final_insertion_sort(_RandomAccessIterator, _RandomAccessIterator, _Compare) [with _RandomAccessIterator = __gnu_cxx::__normal_iterator<pair<reference_wrapper<vector<unsigned char, allocator<unsigned char> > >, long unsigned int>*, vector<pair<reference_wrapper<vector<unsigned char, allocator<unsigned char> > >, long unsigned int>, allocator<pair<reference_wrapper<vector<unsigned char, allocator<unsigned char> > >, long unsigned int> > > >; _Compare = __gnu_cxx::__ops::_Iter_comp_iter<bool (*)(pair<reference_wrapper<vector<unsigned char, allocator<unsigned char> > >, long unsigned int>, pair<reference_wrapper<vector<unsigned char, allocator<unsigned char> > >, long unsigned int>)>]’ at /usr/include/c++/13/bits/stl_algo.h:1859:25,
    inlined from ‘constexpr void std::__sort(_RandomAccessIterator, _RandomAccessIterator, _Compare) [with _RandomAccessIterator = __gnu_cxx::__normal_iterator<pair<reference_wrapper<vector<unsigned char, allocator<unsigned char> > >, long unsigned int>*, vector<pair<reference_wrapper<vector<unsigned char, allocator<unsigned char> > >, long unsigned int>, allocator<pair<reference_wrapper<vector<unsigned char, allocator<unsigned char> > >, long unsigned int> > > >; _Compare = __gnu_cxx::__ops::_Iter_comp_iter<bool (*)(pair<reference_wrapper<vector<unsigned char, allocator<unsigned char> > >, long unsigned int>, pair<reference_wrapper<vector<unsigned char, allocator<unsigned char> > >, long unsigned int>)>]’ at /usr/include/c++/13/bits/stl_algo.h:1950:31,
    inlined from ‘constexpr void std::sort(_RAIter, _RAIter, _Compare) [with _RAIter = __gnu_cxx::__normal_iterator<pair<reference_wrapper<vector<unsigned char, allocator<unsigned char> > >, long unsigned int>*, vector<pair<reference_wrapper<vector<unsigned char, allocator<unsigned char> > >, long unsigned int>, allocator<pair<reference_wrapper<vector<unsigned char, allocator<unsigned char> > >, long unsigned int> > > >; _Compare = bool (*)(pair<reference_wrapper<vector<unsigned char, allocator<unsigned char> > >, long unsigned int>, pair<reference_wrapper<vector<unsigned char, allocator<unsigned char> > >, long unsigned int>)]’ at /usr/include/c++/13/bits/stl_algo.h:4894:18,
    inlined from ‘void vcfbwt::pfp::Dictionary<data_type>::sort() [with data_type = unsigned char]’ at /tmp/sxgc-dist-build-02/.build/deps/pfp/include/pfp_algo.hpp:74:18:
/usr/include/c++/13/bits/stl_algobase.h:1848:39: warning: ‘int __builtin_memcmp(const void*, const void*, long unsigned int)’ specified bound [9223372036854775808, 18446744073709551615] exceeds maximum object size 9223372036854775807 [-Wstringop-overread]
 1848 |                     = __builtin_memcmp(&*__first1, &*__first2, __blen) <=> 0;
      |                       ~~~~~~~~~~~~~~~~^~~~~~~~~~~~~~~~~~~~~~~~~~~~~~~~
In function ‘constexpr decltype (__comp((* __first1), (* __first2))) std::lexicographical_compare_three_way(_InputIter1, _InputIter1, _InputIter2, _InputIter2, _Comp) [with _InputIter1 = __gnu_cxx::__normal_iterator<const unsigned char*, vector<unsigned char, allocator<unsigned char> > >; _InputIter2 = __gnu_cxx::__normal_iterator<const unsigned char*, vector<unsigned char, allocator<unsigned char> > >; _Comp = __detail::_Synth3way]’,
    inlined from ‘constexpr std::__detail::__synth3way_t<_T1> std::operator<=>(const vector<_Tp, _Alloc>&, const vector<_Tp, _Alloc>&) [with _Tp = unsigned char; _Alloc = allocator<unsigned char>]’ at /usr/include/c++/13/bits/stl_vector.h:2061:52,
    inlined from ‘bool vcfbwt::ref_smaller(std::pair<std::reference_wrapper<std::vector<T> >, long unsigned int>, std::pair<std::reference_wrapper<std::vector<T> >, long unsigned int>) [with data_type = unsigned char]’ at /tmp/sxgc-dist-build-02/.build/deps/pfp/include/utils.hpp:331:27,
    inlined from ‘constexpr bool __gnu_cxx::__ops::_Val_comp_iter<_Compare>::operator()(_Value&, _Iterator) [with _Value = std::pair<std::reference_wrapper<std::vector<unsigned char, std::allocator<unsigned char> > >, long unsigned int>; _Iterator = __gnu_cxx::__normal_iterator<std::pair<std::reference_wrapper<std::vector<unsigned char, std::allocator<unsigned char> > >, long unsigned int>*, std::vector<std::pair<std::reference_wrapper<std::vector<unsigned char, std::allocator<unsigned char> > >, long unsigned int>, std::allocator<std::pair<std::reference_wrapper<std::vector<unsigned char, std::allocator<unsigned char> > >, long unsigned int> > > >; _Compare = bool (*)(std::pair<std::reference_wrapper<std::vector<unsigned char, std::allocator<unsigned char> > >, long unsigned int>, std::pair<std::reference_wrapper<std::vector<unsigned char, std::allocator<unsigned char> > >, long unsigned int>)]’ at /usr/include/c++/13/bits/predefined_ops.h:240:16,
    inlined from ‘constexpr void std::__unguarded_linear_insert(_RandomAccessIterator, _Compare) [with _RandomAccessIterator = __gnu_cxx::__normal_iterator<pair<reference_wrapper<vector<unsigned char, allocator<unsigned char> > >, long unsigned int>*, vector<pair<reference_wrapper<vector<unsigned char, allocator<unsigned char> > >, long unsigned int>, allocator<pair<reference_wrapper<vector<unsigned char, allocator<unsigned char> > >, long unsigned int> > > >; _Compare = __gnu_cxx::__ops::_Val_comp_iter<bool (*)(pair<reference_wrapper<vector<unsigned char, allocator<unsigned char> > >, long unsigned int>, pair<reference_wrapper<vector<unsigned char, allocator<unsigned char> > >, long unsigned int>)>]’ at /usr/include/c++/13/bits/stl_algo.h:1799:20,
    inlined from ‘constexpr void std::__unguarded_insertion_sort(_RandomAccessIterator, _RandomAccessIterator, _Compare) [with _RandomAccessIterator = __gnu_cxx::__normal_iterator<pair<reference_wrapper<vector<unsigned char, allocator<unsigned char> > >, long unsigned int>*, vector<pair<reference_wrapper<vector<unsigned char, allocator<unsigned char> > >, long unsigned int>, allocator<pair<reference_wrapper<vector<unsigned char, allocator<unsigned char> > >, long unsigned int> > > >; _Compare = __gnu_cxx::__ops::_Iter_comp_iter<bool (*)(pair<reference_wrapper<vector<unsigned char, allocator<unsigned char> > >, long unsigned int>, pair<reference_wrapper<vector<unsigned char, allocator<unsigned char> > >, long unsigned int>)>]’ at /usr/include/c++/13/bits/stl_algo.h:1840:32,
    inlined from ‘constexpr void std::__final_insertion_sort(_RandomAccessIterator, _RandomAccessIterator, _Compare) [with _RandomAccessIterator = __gnu_cxx::__normal_iterator<pair<reference_wrapper<vector<unsigned char, allocator<unsigned char> > >, long unsigned int>*, vector<pair<reference_wrapper<vector<unsigned char, allocator<unsigned char> > >, long unsigned int>, allocator<pair<reference_wrapper<vector<unsigned char, allocator<unsigned char> > >, long unsigned int> > > >; _Compare = __gnu_cxx::__ops::_Iter_comp_iter<bool (*)(pair<reference_wrapper<vector<unsigned char, allocator<unsigned char> > >, long unsigned int>, pair<reference_wrapper<vector<unsigned char, allocator<unsigned char> > >, long unsigned int>)>]’ at /usr/include/c++/13/bits/stl_algo.h:1860:35,
    inlined from ‘constexpr void std::__sort(_RandomAccessIterator, _RandomAccessIterator, _Compare) [with _RandomAccessIterator = __gnu_cxx::__normal_iterator<pair<reference_wrapper<vector<unsigned char, allocator<unsigned char> > >, long unsigned int>*, vector<pair<reference_wrapper<vector<unsigned char, allocator<unsigned char> > >, long unsigned int>, allocator<pair<reference_wrapper<vector<unsigned char, allocator<unsigned char> > >, long unsigned int> > > >; _Compare = __gnu_cxx::__ops::_Iter_comp_iter<bool (*)(pair<reference_wrapper<vector<unsigned char, allocator<unsigned char> > >, long unsigned int>, pair<reference_wrapper<vector<unsigned char, allocator<unsigned char> > >, long unsigned int>)>]’ at /usr/include/c++/13/bits/stl_algo.h:1950:31,
    inlined from ‘constexpr void std::sort(_RAIter, _RAIter, _Compare) [with _RAIter = __gnu_cxx::__normal_iterator<pair<reference_wrapper<vector<unsigned char, allocator<unsigned char> > >, long unsigned int>*, vector<pair<reference_wrapper<vector<unsigned char, allocator<unsigned char> > >, long unsigned int>, allocator<pair<reference_wrapper<vector<unsigned char, allocator<unsigned char> > >, long unsigned int> > > >; _Compare = bool (*)(pair<reference_wrapper<vector<unsigned char, allocator<unsigned char> > >, long unsigned int>, pair<reference_wrapper<vector<unsigned char, allocator<unsigned char> > >, long unsigned int>)]’ at /usr/include/c++/13/bits/stl_algo.h:4894:18,
    inlined from ‘void vcfbwt::pfp::Dictionary<data_type>::sort() [with data_type = unsigned char]’ at /tmp/sxgc-dist-build-02/.build/deps/pfp/include/pfp_algo.hpp:74:18:
/usr/include/c++/13/bits/stl_algobase.h:1848:39: warning: ‘int __builtin_memcmp(const void*, const void*, long unsigned int)’ specified bound [9223372036854775808, 18446744073709551615] exceeds maximum object size 9223372036854775807 [-Wstringop-overread]
 1848 |                     = __builtin_memcmp(&*__first1, &*__first2, __blen) <=> 0;
      |                       ~~~~~~~~~~~~~~~~^~~~~~~~~~~~~~~~~~~~~~~~~~~~~~~~
In function ‘constexpr decltype (__comp((* __first1), (* __first2))) std::lexicographical_compare_three_way(_InputIter1, _InputIter1, _InputIter2, _InputIter2, _Comp) [with _InputIter1 = __gnu_cxx::__normal_iterator<const unsigned char*, vector<unsigned char, allocator<unsigned char> > >; _InputIter2 = __gnu_cxx::__normal_iterator<const unsigned char*, vector<unsigned char, allocator<unsigned char> > >; _Comp = __detail::_Synth3way]’,
    inlined from ‘constexpr std::__detail::__synth3way_t<_T1> std::operator<=>(const vector<_Tp, _Alloc>&, const vector<_Tp, _Alloc>&) [with _Tp = unsigned char; _Alloc = allocator<unsigned char>]’ at /usr/include/c++/13/bits/stl_vector.h:2061:52,
    inlined from ‘bool vcfbwt::ref_smaller(std::pair<std::reference_wrapper<std::vector<T> >, long unsigned int>, std::pair<std::reference_wrapper<std::vector<T> >, long unsigned int>) [with data_type = unsigned char]’ at /tmp/sxgc-dist-build-02/.build/deps/pfp/include/utils.hpp:331:27,
    inlined from ‘constexpr bool __gnu_cxx::__ops::_Val_comp_iter<_Compare>::operator()(_Value&, _Iterator) [with _Value = std::pair<std::reference_wrapper<std::vector<unsigned char, std::allocator<unsigned char> > >, long unsigned int>; _Iterator = __gnu_cxx::__normal_iterator<std::pair<std::reference_wrapper<std::vector<unsigned char, std::allocator<unsigned char> > >, long unsigned int>*, std::vector<std::pair<std::reference_wrapper<std::vector<unsigned char, std::allocator<unsigned char> > >, long unsigned int>, std::allocator<std::pair<std::reference_wrapper<std::vector<unsigned char, std::allocator<unsigned char> > >, long unsigned int> > > >; _Compare = bool (*)(std::pair<std::reference_wrapper<std::vector<unsigned char, std::allocator<unsigned char> > >, long unsigned int>, std::pair<std::reference_wrapper<std::vector<unsigned char, std::allocator<unsigned char> > >, long unsigned int>)]’ at /usr/include/c++/13/bits/predefined_ops.h:240:16,
    inlined from ‘constexpr void std::__unguarded_linear_insert(_RandomAccessIterator, _Compare) [with _RandomAccessIterator = __gnu_cxx::__normal_iterator<pair<reference_wrapper<vector<unsigned char, allocator<unsigned char> > >, long unsigned int>*, vector<pair<reference_wrapper<vector<unsigned char, allocator<unsigned char> > >, long unsigned int>, allocator<pair<reference_wrapper<vector<unsigned char, allocator<unsigned char> > >, long unsigned int> > > >; _Compare = __gnu_cxx::__ops::_Val_comp_iter<bool (*)(pair<reference_wrapper<vector<unsigned char, allocator<unsigned char> > >, long unsigned int>, pair<reference_wrapper<vector<unsigned char, allocator<unsigned char> > >, long unsigned int>)>]’ at /usr/include/c++/13/bits/stl_algo.h:1799:20,
    inlined from ‘constexpr void std::__insertion_sort(_RandomAccessIterator, _RandomAccessIterator, _Compare) [with _RandomAccessIterator = __gnu_cxx::__normal_iterator<pair<reference_wrapper<vector<unsigned char, allocator<unsigned char> > >, long unsigned int>*, vector<pair<reference_wrapper<vector<unsigned char, allocator<unsigned char> > >, long unsigned int>, allocator<pair<reference_wrapper<vector<unsigned char, allocator<unsigned char> > >, long unsigned int> > > >; _Compare = __gnu_cxx::__ops::_Iter_comp_iter<bool (*)(pair<reference_wrapper<vector<unsigned char, allocator<unsigned char> > >, long unsigned int>, pair<reference_wrapper<vector<unsigned char, allocator<unsigned char> > >, long unsigned int>)>]’ at /usr/include/c++/13/bits/stl_algo.h:1827:36,
    inlined from ‘constexpr void std::__final_insertion_sort(_RandomAccessIterator, _RandomAccessIterator, _Compare) [with _RandomAccessIterator = __gnu_cxx::__normal_iterator<pair<reference_wrapper<vector<unsigned char, allocator<unsigned char> > >, long unsigned int>*, vector<pair<reference_wrapper<vector<unsigned char, allocator<unsigned char> > >, long unsigned int>, allocator<pair<reference_wrapper<vector<unsigned char, allocator<unsigned char> > >, long unsigned int> > > >; _Compare = __gnu_cxx::__ops::_Iter_comp_iter<bool (*)(pair<reference_wrapper<vector<unsigned char, allocator<unsigned char> > >, long unsigned int>, pair<reference_wrapper<vector<unsigned char, allocator<unsigned char> > >, long unsigned int>)>]’ at /usr/include/c++/13/bits/stl_algo.h:1864:23,
    inlined from ‘constexpr void std::__sort(_RandomAccessIterator, _RandomAccessIterator, _Compare) [with _RandomAccessIterator = __gnu_cxx::__normal_iterator<pair<reference_wrapper<vector<unsigned char, allocator<unsigned char> > >, long unsigned int>*, vector<pair<reference_wrapper<vector<unsigned char, allocator<unsigned char> > >, long unsigned int>, allocator<pair<reference_wrapper<vector<unsigned char, allocator<unsigned char> > >, long unsigned int> > > >; _Compare = __gnu_cxx::__ops::_Iter_comp_iter<bool (*)(pair<reference_wrapper<vector<unsigned char, allocator<unsigned char> > >, long unsigned int>, pair<reference_wrapper<vector<unsigned char, allocator<unsigned char> > >, long unsigned int>)>]’ at /usr/include/c++/13/bits/stl_algo.h:1950:31,
    inlined from ‘constexpr void std::sort(_RAIter, _RAIter, _Compare) [with _RAIter = __gnu_cxx::__normal_iterator<pair<reference_wrapper<vector<unsigned char, allocator<unsigned char> > >, long unsigned int>*, vector<pair<reference_wrapper<vector<unsigned char, allocator<unsigned char> > >, long unsigned int>, allocator<pair<reference_wrapper<vector<unsigned char, allocator<unsigned char> > >, long unsigned int> > > >; _Compare = bool (*)(pair<reference_wrapper<vector<unsigned char, allocator<unsigned char> > >, long unsigned int>, pair<reference_wrapper<vector<unsigned char, allocator<unsigned char> > >, long unsigned int>)]’ at /usr/include/c++/13/bits/stl_algo.h:4894:18,
    inlined from ‘void vcfbwt::pfp::Dictionary<data_type>::sort() [with data_type = unsigned char]’ at /tmp/sxgc-dist-build-02/.build/deps/pfp/include/pfp_algo.hpp:74:18:
/usr/include/c++/13/bits/stl_algobase.h:1848:39: warning: ‘int __builtin_memcmp(const void*, const void*, long unsigned int)’ specified bound [9223372036854775808, 18446744073709551615] exceeds maximum object size 9223372036854775807 [-Wstringop-overread]
 1848 |                     = __builtin_memcmp(&*__first1, &*__first2, __blen) <=> 0;
      |                       ~~~~~~~~~~~~~~~~^~~~~~~~~~~~~~~~~~~~~~~~~~~~~~~~
[ 81%] Linking CXX static library libpfp64.a
[ 81%] Built target pfp64
[ 90%] Building CXX object CMakeFiles/pfp++64.dir/pfp++.cpp.o
[100%] Linking CXX executable pfp++64
[100%] Built target pfp++64
[ 81%] Built target pfp
[ 90%] Building CXX object CMakeFiles/pfp_source_probe.dir/tests/source_probe.cpp.o
[100%] Linking CXX executable pfp_source_probe
[100%] Built target pfp_source_probe
-- The C compiler identification is GNU 13.3.0
-- The CXX compiler identification is GNU 13.3.0
-- Detecting C compiler ABI info
-- Detecting C compiler ABI info - done
-- Check for working C compiler: /usr/bin/cc - skipped
-- Detecting C compile features
-- Detecting C compile features - done
-- Detecting CXX compiler ABI info
-- Detecting CXX compiler ABI info - done
-- Check for working CXX compiler: /usr/bin/c++ - skipped
-- Detecting CXX compile features
-- Detecting CXX compile features - done
-- Build type: Release
-- Git current branch: HEAD
-- Git commit hash: 1fea5c3
-- Generating version.cpp
CMake Deprecation Warning at /tmp/sxgc-dist-build-02/.build/deps/sdsl/CMakeLists.txt:1 (cmake_minimum_required):
  Compatibility with CMake < 3.5 will be removed from a future version of
  CMake.

  Update the VERSION argument <min> value or use a ...<max> suffix to tell
  CMake that the project does not need compatibility with older versions.


CMake Warning (dev) at /tmp/sxgc-dist-build-02/.build/deps/sdsl/CMakeLists.txt:6 (project):
  Policy CMP0048 is not set: project() command manages VERSION variables.
  Run "cmake --help-policy CMP0048" for policy details.  Use the cmake_policy
  command to set the policy and suppress this warning.

  The following variable(s) would be set to empty:

    PROJECT_VERSION
This warning is for project developers.  Use -Wno-dev to suppress it.

-- Compiler is recent enough to support C++11.
-- Performing Test HAVE_GCC_STD=C__11__WALL__WEXTRA__DNDEBUG
-- Performing Test HAVE_GCC_STD=C__11__WALL__WEXTRA__DNDEBUG - Success
-- Performing Test HAVE_GCC_O3__FFAST_MATH__FUNROLL_LOOPS
-- Performing Test HAVE_GCC_O3__FFAST_MATH__FUNROLL_LOOPS - Success
-- Performing Test HAVE_GCC_MSSE4.2__MARCH=NATIVE
-- Performing Test HAVE_GCC_MSSE4.2__MARCH=NATIVE - Success
-- Performing Test HAVE_CLANG_MSSE4.2__MARCH=NATIVE
-- Performing Test HAVE_CLANG_MSSE4.2__MARCH=NATIVE - Success
-- Performing Test HAVE_CXA_DEMANGLE
-- Performing Test HAVE_CXA_DEMANGLE - Success
-- Compiler supports DEMANGLE.
-- Performing Test HAVE_GCC_DHAVE_CXA_DEMANGLE
-- Performing Test HAVE_GCC_DHAVE_CXA_DEMANGLE - Success
-- Found Git: /usr/bin/git (found version "2.43.0") 
git found: /usr/bin/git
CMake Deprecation Warning at /tmp/sxgc-dist-build-02/.build/deps/sdsl/external/libdivsufsort/CMakeLists.txt:2 (cmake_minimum_required):
  Compatibility with CMake < 3.5 will be removed from a future version of
  CMake.

  Update the VERSION argument <min> value or use a ...<max> suffix to tell
  CMake that the project does not need compatibility with older versions.


CMake Warning (dev) at /tmp/sxgc-dist-build-02/.build/deps/sdsl/external/libdivsufsort/CMakeLists.txt:7 (project):
  Policy CMP0048 is not set: project() command manages VERSION variables.
  Run "cmake --help-policy CMP0048" for policy details.  Use the cmake_policy
  command to set the policy and suppress this warning.

  The following variable(s) would be set to empty:

    PROJECT_VERSION
    PROJECT_VERSION_MAJOR
    PROJECT_VERSION_MINOR
    PROJECT_VERSION_PATCH
This warning is for project developers.  Use -Wno-dev to suppress it.

-- Performing Test HAVE_GCC_WALL
-- Performing Test HAVE_GCC_WALL - Success
-- Performing Test HAVE_GCC_FOMIT_FRAME_POINTER
-- Performing Test HAVE_GCC_FOMIT_FRAME_POINTER - Success
-- Looking for inttypes.h
-- Looking for inttypes.h - found
-- Looking for memory.h
-- Looking for memory.h - found
-- Looking for stddef.h
-- Looking for stddef.h - found
-- Looking for stdint.h
-- Looking for stdint.h - found
-- Looking for stdlib.h
-- Looking for stdlib.h - found
-- Looking for string.h
-- Looking for string.h - found
-- Looking for strings.h
-- Looking for strings.h - found
-- Looking for sys/types.h
-- Looking for sys/types.h - found
-- Performing Test HAVE_INLINE
-- Performing Test HAVE_INLINE - Success
-- Performing Test HAVE___INLINE
-- Performing Test HAVE___INLINE - Success
-- Performing Test HAVE___INLINE__
-- Performing Test HAVE___INLINE__ - Success
-- Performing Test HAVE___DECLSPEC_DLLEXPORT_
-- Performing Test HAVE___DECLSPEC_DLLEXPORT_ - Failed
-- Performing Test HAVE___DECLSPEC_DLLIMPORT_
-- Performing Test HAVE___DECLSPEC_DLLIMPORT_ - Failed
-- Check size of uint8_t
-- Check size of uint8_t - done
-- Check size of int32_t
-- Check size of int32_t - done
-- Looking for PRId32
-- Looking for PRId32 - found
-- Check size of int64_t
-- Check size of int64_t - done
-- Looking for PRId64
-- Looking for PRId64 - found
CMake Warning (dev) at /tmp/sxgc-dist-build-02/.build/deps/sdsl/external/googletest/googletest/CMakeLists.txt:47 (project):
  Policy CMP0048 is not set: project() command manages VERSION variables.
  Run "cmake --help-policy CMP0048" for policy details.  Use the cmake_policy
  command to set the policy and suppress this warning.

  The following variable(s) would be set to empty:

    PROJECT_VERSION
    PROJECT_VERSION_MAJOR
    PROJECT_VERSION_MINOR
    PROJECT_VERSION_PATCH
This warning is for project developers.  Use -Wno-dev to suppress it.

CMake Deprecation Warning at /tmp/sxgc-dist-build-02/.build/deps/sdsl/external/googletest/googletest/CMakeLists.txt:48 (cmake_minimum_required):
  Compatibility with CMake < 3.5 will be removed from a future version of
  CMake.

  Update the VERSION argument <min> value or use a ...<max> suffix to tell
  CMake that the project does not need compatibility with older versions.


CMake Warning (dev) at /tmp/sxgc-dist-build-02/.build/deps/sdsl/external/googletest/googletest/cmake/internal_utils.cmake:211 (find_package):
  Policy CMP0148 is not set: The FindPythonInterp and FindPythonLibs modules
  are removed.  Run "cmake --help-policy CMP0148" for policy details.  Use
  the cmake_policy command to set the policy and suppress this warning.

Call Stack (most recent call first):
  /tmp/sxgc-dist-build-02/.build/deps/sdsl/external/googletest/googletest/CMakeLists.txt:60 (include)
This warning is for project developers.  Use -Wno-dev to suppress it.

-- Found PythonInterp: /usr/bin/python (found version "3.12.3") 
-- Performing Test CMAKE_HAVE_LIBC_PTHREAD
-- Performing Test CMAKE_HAVE_LIBC_PTHREAD - Success
-- Found Threads: TRUE  
-- Looking for C++ include cstdio
-- Looking for C++ include cstdio - found
-- Could NOT find Doxygen (missing: DOXYGEN_EXECUTABLE) 
CMake Deprecation Warning at /tmp/sxgc-dist-build-02/.build/deps/divsufsort/CMakeLists.txt:2 (cmake_minimum_required):
  Compatibility with CMake < 3.5 will be removed from a future version of
  CMake.

  Update the VERSION argument <min> value or use a ...<max> suffix to tell
  CMake that the project does not need compatibility with older versions.


CMake Warning (dev) at /tmp/sxgc-dist-build-02/.build/deps/divsufsort/CMakeLists.txt:19 (project):
  Policy CMP0048 is not set: project() command manages VERSION variables.
  Run "cmake --help-policy CMP0048" for policy details.  Use the cmake_policy
  command to set the policy and suppress this warning.

  The following variable(s) would be set to empty:

    PROJECT_VERSION
This warning is for project developers.  Use -Wno-dev to suppress it.

CMake Warning (dev) at /tmp/sxgc-dist-build-02/.build/deps/divsufsort/lib/CMakeLists.txt:7 (add_library):
  Policy CMP0002 is not set: Logical target names must be globally unique.
  Run "cmake --help-policy CMP0002" for policy details.  Use the cmake_policy
  command to set the policy and suppress this warning.
This warning is for project developers.  Use -Wno-dev to suppress it.

CMake Warning (dev) at /tmp/sxgc-dist-build-02/.build/deps/divsufsort/lib/CMakeLists.txt:20 (add_library):
  Policy CMP0002 is not set: Logical target names must be globally unique.
  Run "cmake --help-policy CMP0002" for policy details.  Use the cmake_policy
  command to set the policy and suppress this warning.
This warning is for project developers.  Use -Wno-dev to suppress it.

CMake Warning (dev) at /tmp/sxgc-dist-build-02/.build/deps/divsufsort/CMakeLists.txt:100 (ADD_CUSTOM_TARGET):
  Policy CMP0002 is not set: Logical target names must be globally unique.
  Run "cmake --help-policy CMP0002" for policy details.  Use the cmake_policy
  command to set the policy and suppress this warning.
This warning is for project developers.  Use -Wno-dev to suppress it.

-- Build type: Release
-- Git current branch: HEAD
-- Git commit hash: 56d4520
-- Generating version.hpp
-- Found OpenMP_C: -fopenmp (found version "4.5") 
-- Found OpenMP_CXX: -fopenmp (found version "4.5") 
-- Found OpenMP: TRUE (found version "4.5")  
-- HAVE_OPENMP: OpenMP
-- Configuring done (3.9s)
-- Generating done (0.1s)
CMake Warning:
  Manually-specified variables were not used by the project:

    FETCHCONTENT_SOURCE_DIR_AGC
    FETCHCONTENT_SOURCE_DIR_HAYAI
    FETCHCONTENT_SOURCE_DIR_HTSLIB
    FETCHCONTENT_SOURCE_DIR_PFP
    FETCHCONTENT_SOURCE_DIR_RPFBWT
    FETCHCONTENT_SOURCE_DIR_SMHASHER
    FETCHCONTENT_SOURCE_DIR_TERATOOLS
    FETCHCONTENT_SOURCE_DIR_ZSTR
    HTSlib_INCLUDE_DIR
    HTSlib_LIBRARY


-- Build files have been written to: /tmp/sxgc-dist-build-02/.build/rpfbwt-build
[  0%] Building C object _deps/divsufsort-build/lib/CMakeFiles/divsufsort64.dir/divsufsort.o
[  9%] Building C object _deps/divsufsort-build/lib/CMakeFiles/divsufsort.dir/divsufsort.o
[ 18%] Building C object CMakeFiles/gsacak64.dir/tmp/sxgc-dist-build-02/.build/deps/gsacak/gsacak.c.o
[ 27%] Building CXX object _deps/sdsl-build/lib/CMakeFiles/sdsl.dir/bits.cpp.o
[ 27%] Building C object _deps/divsufsort-build/lib/CMakeFiles/divsufsort64.dir/sssort.o
[ 27%] Building C object _deps/divsufsort-build/lib/CMakeFiles/divsufsort.dir/sssort.o
[ 27%] Building CXX object _deps/sdsl-build/lib/CMakeFiles/sdsl.dir/bp_support_algorithm.cpp.o
[ 27%] Building C object _deps/divsufsort-build/lib/CMakeFiles/divsufsort64.dir/trsort.o
[ 27%] Building C object _deps/divsufsort-build/lib/CMakeFiles/divsufsort.dir/trsort.o
In file included from /tmp/sxgc-dist-build-02/.build/rpfbwt-build/_deps/sdsl-build/lib/../include/sdsl/bp_support_algorithm.hpp:24,
                 from /tmp/sxgc-dist-build-02/.build/deps/sdsl/lib/bp_support_algorithm.cpp:1:
/tmp/sxgc-dist-build-02/.build/rpfbwt-build/_deps/sdsl-build/lib/../include/sdsl/int_vector.hpp:1402:8: warning: type qualifiers ignored on function return type [-Wignored-qualifiers]
 1402 | inline auto
      |        ^~~~
/tmp/sxgc-dist-build-02/.build/rpfbwt-build/_deps/sdsl-build/lib/../include/sdsl/int_vector.hpp:1410:8: warning: type qualifiers ignored on function return type [-Wignored-qualifiers]
 1410 | inline auto
      |        ^~~~
/tmp/sxgc-dist-build-02/.build/rpfbwt-build/_deps/sdsl-build/lib/../include/sdsl/int_vector.hpp:1418:8: warning: type qualifiers ignored on function return type [-Wignored-qualifiers]
 1418 | inline auto
      |        ^~~~
/tmp/sxgc-dist-build-02/.build/rpfbwt-build/_deps/sdsl-build/lib/../include/sdsl/int_vector.hpp:1426:8: warning: type qualifiers ignored on function return type [-Wignored-qualifiers]
 1426 | inline auto
      |        ^~~~
/tmp/sxgc-dist-build-02/.build/rpfbwt-build/_deps/sdsl-build/lib/../include/sdsl/int_vector.hpp:1434:8: warning: type qualifiers ignored on function return type [-Wignored-qualifiers]
 1434 | inline auto
      |        ^~~~
/tmp/sxgc-dist-build-02/.build/rpfbwt-build/_deps/sdsl-build/lib/../include/sdsl/int_vector.hpp:1442:8: warning: type qualifiers ignored on function return type [-Wignored-qualifiers]
 1442 | inline auto
      |        ^~~~
[ 36%] Building C object _deps/divsufsort-build/lib/CMakeFiles/divsufsort64.dir/utils.o
[ 36%] Building C object _deps/divsufsort-build/lib/CMakeFiles/divsufsort.dir/utils.o
[ 36%] Linking C static library libdivsufsort64.a
[ 36%] Linking C static library libdivsufsort.a
[ 36%] Built target divsufsort64
[ 36%] Building CXX object _deps/sdsl-build/lib/CMakeFiles/sdsl.dir/coder_elias_delta.cpp.o
[ 36%] Built target divsufsort
[ 36%] Building CXX object _deps/sdsl-build/lib/CMakeFiles/sdsl.dir/coder_elias_gamma.cpp.o
In file included from /tmp/sxgc-dist-build-02/.build/rpfbwt-build/_deps/sdsl-build/lib/../include/sdsl/int_vector.hpp:24:
In static member function ‘static void sdsl::bits::write_int(uint64_t*, uint64_t, uint8_t, uint8_t)’,
    inlined from ‘static void sdsl::memory_manager::resize(t_vec&, typename t_vec::size_type) [with t_vec = sdsl::int_vector<0>]’ at /tmp/sxgc-dist-build-02/.build/rpfbwt-build/_deps/sdsl-build/lib/../include/sdsl/memory_management.hpp:364:36,
    inlined from ‘void sdsl::int_vector<<anonymous> >::bit_resize(size_type) [with unsigned char t_width = 0]’ at /tmp/sxgc-dist-build-02/.build/rpfbwt-build/_deps/sdsl-build/lib/../include/sdsl/int_vector.hpp:1327:27,
    inlined from ‘void sdsl::int_vector<<anonymous> >::resize(size_type) [with unsigned char t_width = 0]’ at /tmp/sxgc-dist-build-02/.build/rpfbwt-build/_deps/sdsl-build/lib/../include/sdsl/int_vector.hpp:379:23,
    inlined from ‘sdsl::int_vector<<anonymous> >::int_vector(size_type, value_type, uint8_t) [with unsigned char t_width = 0]’ at /tmp/sxgc-dist-build-02/.build/rpfbwt-build/_deps/sdsl-build/lib/../include/sdsl/int_vector.hpp:1254:11,
    inlined from ‘sdsl::excess::impl::impl()’ at /tmp/sxgc-dist-build-02/.build/rpfbwt-build/_deps/sdsl-build/lib/../include/sdsl/bp_support_algorithm.hpp:114:46:
/tmp/sxgc-dist-build-02/.build/rpfbwt-build/_deps/sdsl-build/lib/../include/sdsl/bits.hpp:460:9: warning: ‘*temp’ may be used uninitialized [-Wmaybe-uninitialized]
  460 |         *word &=
      |         ^~~~~
[ 36%] Built target gsacak64
[ 45%] Building CXX object _deps/sdsl-build/lib/CMakeFiles/sdsl.dir/coder_fibonacci.cpp.o
[ 45%] Building CXX object _deps/sdsl-build/lib/CMakeFiles/sdsl.dir/config.cpp.o
In file included from /tmp/sxgc-dist-build-02/.build/rpfbwt-build/_deps/sdsl-build/lib/../include/sdsl/coder_elias_delta.hpp:24,
                 from /tmp/sxgc-dist-build-02/.build/deps/sdsl/lib/coder_elias_delta.cpp:1:
/tmp/sxgc-dist-build-02/.build/rpfbwt-build/_deps/sdsl-build/lib/../include/sdsl/int_vector.hpp:1402:8: warning: type qualifiers ignored on function return type [-Wignored-qualifiers]
 1402 | inline auto
      |        ^~~~
/tmp/sxgc-dist-build-02/.build/rpfbwt-build/_deps/sdsl-build/lib/../include/sdsl/int_vector.hpp:1410:8: warning: type qualifiers ignored on function return type [-Wignored-qualifiers]
 1410 | inline auto
      |        ^~~~
/tmp/sxgc-dist-build-02/.build/rpfbwt-build/_deps/sdsl-build/lib/../include/sdsl/int_vector.hpp:1418:8: warning: type qualifiers ignored on function return type [-Wignored-qualifiers]
 1418 | inline auto
      |        ^~~~
/tmp/sxgc-dist-build-02/.build/rpfbwt-build/_deps/sdsl-build/lib/../include/sdsl/int_vector.hpp:1426:8: warning: type qualifiers ignored on function return type [-Wignored-qualifiers]
 1426 | inline auto
      |        ^~~~
/tmp/sxgc-dist-build-02/.build/rpfbwt-build/_deps/sdsl-build/lib/../include/sdsl/int_vector.hpp:1434:8: warning: type qualifiers ignored on function return type [-Wignored-qualifiers]
 1434 | inline auto
      |        ^~~~
/tmp/sxgc-dist-build-02/.build/rpfbwt-build/_deps/sdsl-build/lib/../include/sdsl/int_vector.hpp:1442:8: warning: type qualifiers ignored on function return type [-Wignored-qualifiers]
 1442 | inline auto
      |        ^~~~
In file included from /tmp/sxgc-dist-build-02/.build/rpfbwt-build/_deps/sdsl-build/lib/../include/sdsl/coder_elias_gamma.hpp:24,
                 from /tmp/sxgc-dist-build-02/.build/deps/sdsl/lib/coder_elias_gamma.cpp:1:
/tmp/sxgc-dist-build-02/.build/rpfbwt-build/_deps/sdsl-build/lib/../include/sdsl/int_vector.hpp:1402:8: warning: type qualifiers ignored on function return type [-Wignored-qualifiers]
 1402 | inline auto
      |        ^~~~
/tmp/sxgc-dist-build-02/.build/rpfbwt-build/_deps/sdsl-build/lib/../include/sdsl/int_vector.hpp:1410:8: warning: type qualifiers ignored on function return type [-Wignored-qualifiers]
 1410 | inline auto
      |        ^~~~
/tmp/sxgc-dist-build-02/.build/rpfbwt-build/_deps/sdsl-build/lib/../include/sdsl/int_vector.hpp:1418:8: warning: type qualifiers ignored on function return type [-Wignored-qualifiers]
 1418 | inline auto
      |        ^~~~
/tmp/sxgc-dist-build-02/.build/rpfbwt-build/_deps/sdsl-build/lib/../include/sdsl/int_vector.hpp:1426:8: warning: type qualifiers ignored on function return type [-Wignored-qualifiers]
 1426 | inline auto
      |        ^~~~
/tmp/sxgc-dist-build-02/.build/rpfbwt-build/_deps/sdsl-build/lib/../include/sdsl/int_vector.hpp:1434:8: warning: type qualifiers ignored on function return type [-Wignored-qualifiers]
 1434 | inline auto
      |        ^~~~
/tmp/sxgc-dist-build-02/.build/rpfbwt-build/_deps/sdsl-build/lib/../include/sdsl/int_vector.hpp:1442:8: warning: type qualifiers ignored on function return type [-Wignored-qualifiers]
 1442 | inline auto
      |        ^~~~
In file included from /tmp/sxgc-dist-build-02/.build/rpfbwt-build/_deps/sdsl-build/lib/../include/sdsl/int_vector.hpp:24:
In static member function ‘static uint64_t sdsl::bits::read_unary(const uint64_t*, uint8_t)’,
    inlined from ‘static uint64_t sdsl::bits::read_unary(const uint64_t*, uint8_t)’ at /tmp/sxgc-dist-build-02/.build/rpfbwt-build/_deps/sdsl-build/lib/../include/sdsl/bits.hpp:531:17,
    inlined from ‘sdsl::coder::elias_delta::impl::impl()’ at /tmp/sxgc-dist-build-02/.build/rpfbwt-build/_deps/sdsl-build/lib/../include/sdsl/coder_elias_delta.hpp:87:66:
/tmp/sxgc-dist-build-02/.build/rpfbwt-build/_deps/sdsl-build/lib/../include/sdsl/bits.hpp:537:18: warning: array subscript 1 is outside array bounds of ‘uint64_t [1]’ {aka ‘long unsigned int [1]’} [-Warray-bounds=]
  537 |         if (0!=(w=*(++word)))
      |                ~~^~~~~~~~~~~
/tmp/sxgc-dist-build-02/.build/rpfbwt-build/_deps/sdsl-build/lib/../include/sdsl/coder_elias_delta.hpp: In constructor ‘sdsl::coder::elias_delta::impl::impl()’:
/tmp/sxgc-dist-build-02/.build/rpfbwt-build/_deps/sdsl-build/lib/../include/sdsl/coder_elias_delta.hpp:82:35: note: at offset 8 into object ‘x’ of size 8
   82 |                     for (uint64_t x=0; x < (1<<8); ++x) {
      |                                   ^
In static member function ‘static uint64_t sdsl::bits::read_int(const uint64_t*, uint8_t, uint8_t)’,
    inlined from ‘sdsl::coder::elias_delta::impl::impl()’ at /tmp/sxgc-dist-build-02/.build/rpfbwt-build/_deps/sdsl-build/lib/../include/sdsl/coder_elias_delta.hpp:94:53:
/tmp/sxgc-dist-build-02/.build/rpfbwt-build/_deps/sdsl-build/lib/../include/sdsl/bits.hpp:506:18: warning: array subscript 1 is outside array bounds of ‘uint64_t [1]’ {aka ‘long unsigned int [1]’} [-Warray-bounds=]
  506 |                ((*(word+1) & bits::lo_set[(offset+len)&0x3F])   // set higher bits zero
      |                  ^~~~~~~~~
/tmp/sxgc-dist-build-02/.build/rpfbwt-build/_deps/sdsl-build/lib/../include/sdsl/coder_elias_delta.hpp: In constructor ‘sdsl::coder::elias_delta::impl::impl()’:
/tmp/sxgc-dist-build-02/.build/rpfbwt-build/_deps/sdsl-build/lib/../include/sdsl/coder_elias_delta.hpp:82:35: note: at offset 8 into object ‘x’ of size 8
   82 |                     for (uint64_t x=0; x < (1<<8); ++x) {
      |                                   ^
In static member function ‘static uint64_t sdsl::bits::read_int(const uint64_t*, uint8_t, uint8_t)’,
    inlined from ‘sdsl::coder::elias_delta::impl::impl()’ at /tmp/sxgc-dist-build-02/.build/rpfbwt-build/_deps/sdsl-build/lib/../include/sdsl/coder_elias_delta.hpp:97:60:
/tmp/sxgc-dist-build-02/.build/rpfbwt-build/_deps/sdsl-build/lib/../include/sdsl/bits.hpp:506:18: warning: array subscript 1 is outside array bounds of ‘uint64_t [1]’ {aka ‘long unsigned int [1]’} [-Warray-bounds=]
  506 |                ((*(word+1) & bits::lo_set[(offset+len)&0x3F])   // set higher bits zero
      |                  ^~~~~~~~~
/tmp/sxgc-dist-build-02/.build/rpfbwt-build/_deps/sdsl-build/lib/../include/sdsl/coder_elias_delta.hpp: In constructor ‘sdsl::coder::elias_delta::impl::impl()’:
/tmp/sxgc-dist-build-02/.build/rpfbwt-build/_deps/sdsl-build/lib/../include/sdsl/coder_elias_delta.hpp:82:35: note: at offset 8 into object ‘x’ of size 8
   82 |                     for (uint64_t x=0; x < (1<<8); ++x) {
      |                                   ^
In static member function ‘static uint64_t sdsl::bits::read_unary(const uint64_t*, uint8_t)’,
    inlined from ‘static uint64_t sdsl::bits::read_unary(const uint64_t*, uint8_t)’ at /tmp/sxgc-dist-build-02/.build/rpfbwt-build/_deps/sdsl-build/lib/../include/sdsl/bits.hpp:531:17,
    inlined from ‘sdsl::coder::elias_delta::impl::impl()’ at /tmp/sxgc-dist-build-02/.build/rpfbwt-build/_deps/sdsl-build/lib/../include/sdsl/coder_elias_delta.hpp:56:62:
/tmp/sxgc-dist-build-02/.build/rpfbwt-build/_deps/sdsl-build/lib/../include/sdsl/bits.hpp:537:18: warning: array subscript 1 is outside array bounds of ‘uint64_t [1]’ {aka ‘long unsigned int [1]’} [-Warray-bounds=]
  537 |         if (0!=(w=*(++word)))
      |                ~~^~~~~~~~~~~
/tmp/sxgc-dist-build-02/.build/rpfbwt-build/_deps/sdsl-build/lib/../include/sdsl/coder_elias_delta.hpp: In constructor ‘sdsl::coder::elias_delta::impl::impl()’:
/tmp/sxgc-dist-build-02/.build/rpfbwt-build/_deps/sdsl-build/lib/../include/sdsl/coder_elias_delta.hpp:51:31: note: at offset 8 into object ‘x’ of size 8
   51 |                 for (uint64_t x=0; x < (1<<16); ++x) {
      |                               ^
In static member function ‘static uint64_t sdsl::bits::read_int(const uint64_t*, uint8_t, uint8_t)’,
    inlined from ‘sdsl::coder::elias_delta::impl::impl()’ at /tmp/sxgc-dist-build-02/.build/rpfbwt-build/_deps/sdsl-build/lib/../include/sdsl/coder_elias_delta.hpp:63:49:
/tmp/sxgc-dist-build-02/.build/rpfbwt-build/_deps/sdsl-build/lib/../include/sdsl/bits.hpp:506:18: warning: array subscript 1 is outside array bounds of ‘uint64_t [1]’ {aka ‘long unsigned int [1]’} [-Warray-bounds=]
  506 |                ((*(word+1) & bits::lo_set[(offset+len)&0x3F])   // set higher bits zero
      |                  ^~~~~~~~~
/tmp/sxgc-dist-build-02/.build/rpfbwt-build/_deps/sdsl-build/lib/../include/sdsl/coder_elias_delta.hpp: In constructor ‘sdsl::coder::elias_delta::impl::impl()’:
/tmp/sxgc-dist-build-02/.build/rpfbwt-build/_deps/sdsl-build/lib/../include/sdsl/coder_elias_delta.hpp:51:31: note: at offset 8 into object ‘x’ of size 8
   51 |                 for (uint64_t x=0; x < (1<<16); ++x) {
      |                               ^
In static member function ‘static uint64_t sdsl::bits::read_int(const uint64_t*, uint8_t, uint8_t)’,
    inlined from ‘sdsl::coder::elias_delta::impl::impl()’ at /tmp/sxgc-dist-build-02/.build/rpfbwt-build/_deps/sdsl-build/lib/../include/sdsl/coder_elias_delta.hpp:66:56:
/tmp/sxgc-dist-build-02/.build/rpfbwt-build/_deps/sdsl-build/lib/../include/sdsl/bits.hpp:506:18: warning: array subscript 1 is outside array bounds of ‘uint64_t [1]’ {aka ‘long unsigned int [1]’} [-Warray-bounds=]
  506 |                ((*(word+1) & bits::lo_set[(offset+len)&0x3F])   // set higher bits zero
      |                  ^~~~~~~~~
/tmp/sxgc-dist-build-02/.build/rpfbwt-build/_deps/sdsl-build/lib/../include/sdsl/coder_elias_delta.hpp: In constructor ‘sdsl::coder::elias_delta::impl::impl()’:
/tmp/sxgc-dist-build-02/.build/rpfbwt-build/_deps/sdsl-build/lib/../include/sdsl/coder_elias_delta.hpp:51:31: note: at offset 8 into object ‘x’ of size 8
   51 |                 for (uint64_t x=0; x < (1<<16); ++x) {
      |                               ^
In file included from /tmp/sxgc-dist-build-02/.build/rpfbwt-build/_deps/sdsl-build/lib/../include/sdsl/int_vector.hpp:24:
In static member function ‘static uint64_t sdsl::bits::read_unary(const uint64_t*, uint8_t)’,
    inlined from ‘static uint64_t sdsl::bits::read_unary(const uint64_t*, uint8_t)’ at /tmp/sxgc-dist-build-02/.build/rpfbwt-build/_deps/sdsl-build/lib/../include/sdsl/bits.hpp:531:17,
    inlined from ‘sdsl::coder::elias_gamma::impl::impl()’ at /tmp/sxgc-dist-build-02/.build/rpfbwt-build/_deps/sdsl-build/lib/../include/sdsl/coder_elias_gamma.hpp:85:62:
/tmp/sxgc-dist-build-02/.build/rpfbwt-build/_deps/sdsl-build/lib/../include/sdsl/bits.hpp:537:18: warning: array subscript 1 is outside array bounds of ‘uint64_t [1]’ {aka ‘long unsigned int [1]’} [-Warray-bounds=]
  537 |         if (0!=(w=*(++word)))
      |                ~~^~~~~~~~~~~
/tmp/sxgc-dist-build-02/.build/rpfbwt-build/_deps/sdsl-build/lib/../include/sdsl/coder_elias_gamma.hpp: In constructor ‘sdsl::coder::elias_gamma::impl::impl()’:
/tmp/sxgc-dist-build-02/.build/rpfbwt-build/_deps/sdsl-build/lib/../include/sdsl/coder_elias_gamma.hpp:80:35: note: at offset 8 into object ‘x’ of size 8
   80 |                     for (uint64_t x=0; x < (1<<8); ++x) {
      |                                   ^
In static member function ‘static uint64_t sdsl::bits::read_int(const uint64_t*, uint8_t, uint8_t)’,
    inlined from ‘sdsl::coder::elias_gamma::impl::impl()’ at /tmp/sxgc-dist-build-02/.build/rpfbwt-build/_deps/sdsl-build/lib/../include/sdsl/coder_elias_gamma.hpp:93:60:
/tmp/sxgc-dist-build-02/.build/rpfbwt-build/_deps/sdsl-build/lib/../include/sdsl/bits.hpp:506:18: warning: array subscript 1 is outside array bounds of ‘uint64_t [1]’ {aka ‘long unsigned int [1]’} [-Warray-bounds=]
  506 |                ((*(word+1) & bits::lo_set[(offset+len)&0x3F])   // set higher bits zero
      |                  ^~~~~~~~~
/tmp/sxgc-dist-build-02/.build/rpfbwt-build/_deps/sdsl-build/lib/../include/sdsl/coder_elias_gamma.hpp: In constructor ‘sdsl::coder::elias_gamma::impl::impl()’:
/tmp/sxgc-dist-build-02/.build/rpfbwt-build/_deps/sdsl-build/lib/../include/sdsl/coder_elias_gamma.hpp:80:35: note: at offset 8 into object ‘x’ of size 8
   80 |                     for (uint64_t x=0; x < (1<<8); ++x) {
      |                                   ^
In static member function ‘static uint64_t sdsl::bits::read_unary(const uint64_t*, uint8_t)’,
    inlined from ‘static uint64_t sdsl::bits::read_unary(const uint64_t*, uint8_t)’ at /tmp/sxgc-dist-build-02/.build/rpfbwt-build/_deps/sdsl-build/lib/../include/sdsl/bits.hpp:531:17,
    inlined from ‘sdsl::coder::elias_gamma::impl::impl()’ at /tmp/sxgc-dist-build-02/.build/rpfbwt-build/_deps/sdsl-build/lib/../include/sdsl/coder_elias_gamma.hpp:56:58:
/tmp/sxgc-dist-build-02/.build/rpfbwt-build/_deps/sdsl-build/lib/../include/sdsl/bits.hpp:537:18: warning: array subscript 1 is outside array bounds of ‘uint64_t [1]’ {aka ‘long unsigned int [1]’} [-Warray-bounds=]
  537 |         if (0!=(w=*(++word)))
      |                ~~^~~~~~~~~~~
/tmp/sxgc-dist-build-02/.build/rpfbwt-build/_deps/sdsl-build/lib/../include/sdsl/coder_elias_gamma.hpp: In constructor ‘sdsl::coder::elias_gamma::impl::impl()’:
/tmp/sxgc-dist-build-02/.build/rpfbwt-build/_deps/sdsl-build/lib/../include/sdsl/coder_elias_gamma.hpp:51:31: note: at offset 8 into object ‘x’ of size 8
   51 |                 for (uint64_t x=0; x < (1<<16); ++x) {
      |                               ^
In static member function ‘static uint64_t sdsl::bits::read_int(const uint64_t*, uint8_t, uint8_t)’,
    inlined from ‘sdsl::coder::elias_gamma::impl::impl()’ at /tmp/sxgc-dist-build-02/.build/rpfbwt-build/_deps/sdsl-build/lib/../include/sdsl/coder_elias_gamma.hpp:64:56:
/tmp/sxgc-dist-build-02/.build/rpfbwt-build/_deps/sdsl-build/lib/../include/sdsl/bits.hpp:506:18: warning: array subscript 1 is outside array bounds of ‘uint64_t [1]’ {aka ‘long unsigned int [1]’} [-Warray-bounds=]
  506 |                ((*(word+1) & bits::lo_set[(offset+len)&0x3F])   // set higher bits zero
      |                  ^~~~~~~~~
/tmp/sxgc-dist-build-02/.build/rpfbwt-build/_deps/sdsl-build/lib/../include/sdsl/coder_elias_gamma.hpp: In constructor ‘sdsl::coder::elias_gamma::impl::impl()’:
/tmp/sxgc-dist-build-02/.build/rpfbwt-build/_deps/sdsl-build/lib/../include/sdsl/coder_elias_gamma.hpp:51:31: note: at offset 8 into object ‘x’ of size 8
   51 |                 for (uint64_t x=0; x < (1<<16); ++x) {
      |                               ^
[ 45%] Building CXX object _deps/sdsl-build/lib/CMakeFiles/sdsl.dir/construct_config.cpp.o
[ 45%] Building CXX object _deps/sdsl-build/lib/CMakeFiles/sdsl.dir/construct_isa.cpp.o
In file included from /tmp/sxgc-dist-build-02/.build/rpfbwt-build/_deps/sdsl-build/lib/../include/sdsl/coder_fibonacci.hpp:24,
                 from /tmp/sxgc-dist-build-02/.build/deps/sdsl/lib/coder_fibonacci.cpp:1:
/tmp/sxgc-dist-build-02/.build/rpfbwt-build/_deps/sdsl-build/lib/../include/sdsl/int_vector.hpp:1402:8: warning: type qualifiers ignored on function return type [-Wignored-qualifiers]
 1402 | inline auto
      |        ^~~~
/tmp/sxgc-dist-build-02/.build/rpfbwt-build/_deps/sdsl-build/lib/../include/sdsl/int_vector.hpp:1410:8: warning: type qualifiers ignored on function return type [-Wignored-qualifiers]
 1410 | inline auto
      |        ^~~~
/tmp/sxgc-dist-build-02/.build/rpfbwt-build/_deps/sdsl-build/lib/../include/sdsl/int_vector.hpp:1418:8: warning: type qualifiers ignored on function return type [-Wignored-qualifiers]
 1418 | inline auto
      |        ^~~~
/tmp/sxgc-dist-build-02/.build/rpfbwt-build/_deps/sdsl-build/lib/../include/sdsl/int_vector.hpp:1426:8: warning: type qualifiers ignored on function return type [-Wignored-qualifiers]
 1426 | inline auto
      |        ^~~~
/tmp/sxgc-dist-build-02/.build/rpfbwt-build/_deps/sdsl-build/lib/../include/sdsl/int_vector.hpp:1434:8: warning: type qualifiers ignored on function return type [-Wignored-qualifiers]
 1434 | inline auto
      |        ^~~~
/tmp/sxgc-dist-build-02/.build/rpfbwt-build/_deps/sdsl-build/lib/../include/sdsl/int_vector.hpp:1442:8: warning: type qualifiers ignored on function return type [-Wignored-qualifiers]
 1442 | inline auto
      |        ^~~~
[ 45%] Building CXX object _deps/sdsl-build/lib/CMakeFiles/sdsl.dir/construct_lcp.cpp.o
[ 54%] Building CXX object _deps/sdsl-build/lib/CMakeFiles/sdsl.dir/construct_lcp_helper.cpp.o
[ 54%] Building CXX object _deps/sdsl-build/lib/CMakeFiles/sdsl.dir/construct_sa.cpp.o
In file included from /tmp/sxgc-dist-build-02/.build/rpfbwt-build/_deps/sdsl-build/lib/../include/sdsl/construct_isa.hpp:24,
                 from /tmp/sxgc-dist-build-02/.build/deps/sdsl/lib/construct_isa.cpp:4:
/tmp/sxgc-dist-build-02/.build/rpfbwt-build/_deps/sdsl-build/lib/../include/sdsl/int_vector.hpp:1402:8: warning: type qualifiers ignored on function return type [-Wignored-qualifiers]
 1402 | inline auto
      |        ^~~~
/tmp/sxgc-dist-build-02/.build/rpfbwt-build/_deps/sdsl-build/lib/../include/sdsl/int_vector.hpp:1410:8: warning: type qualifiers ignored on function return type [-Wignored-qualifiers]
 1410 | inline auto
      |        ^~~~
/tmp/sxgc-dist-build-02/.build/rpfbwt-build/_deps/sdsl-build/lib/../include/sdsl/int_vector.hpp:1418:8: warning: type qualifiers ignored on function return type [-Wignored-qualifiers]
 1418 | inline auto
      |        ^~~~
/tmp/sxgc-dist-build-02/.build/rpfbwt-build/_deps/sdsl-build/lib/../include/sdsl/int_vector.hpp:1426:8: warning: type qualifiers ignored on function return type [-Wignored-qualifiers]
 1426 | inline auto
      |        ^~~~
/tmp/sxgc-dist-build-02/.build/rpfbwt-build/_deps/sdsl-build/lib/../include/sdsl/int_vector.hpp:1434:8: warning: type qualifiers ignored on function return type [-Wignored-qualifiers]
 1434 | inline auto
      |        ^~~~
/tmp/sxgc-dist-build-02/.build/rpfbwt-build/_deps/sdsl-build/lib/../include/sdsl/int_vector.hpp:1442:8: warning: type qualifiers ignored on function return type [-Wignored-qualifiers]
 1442 | inline auto
      |        ^~~~
In file included from /tmp/sxgc-dist-build-02/.build/rpfbwt-build/_deps/sdsl-build/lib/../include/sdsl/construct_lcp.hpp:26,
                 from /tmp/sxgc-dist-build-02/.build/deps/sdsl/lib/construct_lcp.cpp:6:
/tmp/sxgc-dist-build-02/.build/rpfbwt-build/_deps/sdsl-build/lib/../include/sdsl/int_vector.hpp:1402:8: warning: type qualifiers ignored on function return type [-Wignored-qualifiers]
 1402 | inline auto
      |        ^~~~
/tmp/sxgc-dist-build-02/.build/rpfbwt-build/_deps/sdsl-build/lib/../include/sdsl/int_vector.hpp:1410:8: warning: type qualifiers ignored on function return type [-Wignored-qualifiers]
 1410 | inline auto
      |        ^~~~
/tmp/sxgc-dist-build-02/.build/rpfbwt-build/_deps/sdsl-build/lib/../include/sdsl/int_vector.hpp:1418:8: warning: type qualifiers ignored on function return type [-Wignored-qualifiers]
 1418 | inline auto
      |        ^~~~
/tmp/sxgc-dist-build-02/.build/rpfbwt-build/_deps/sdsl-build/lib/../include/sdsl/int_vector.hpp:1426:8: warning: type qualifiers ignored on function return type [-Wignored-qualifiers]
 1426 | inline auto
      |        ^~~~
/tmp/sxgc-dist-build-02/.build/rpfbwt-build/_deps/sdsl-build/lib/../include/sdsl/int_vector.hpp:1434:8: warning: type qualifiers ignored on function return type [-Wignored-qualifiers]
 1434 | inline auto
      |        ^~~~
/tmp/sxgc-dist-build-02/.build/rpfbwt-build/_deps/sdsl-build/lib/../include/sdsl/int_vector.hpp:1442:8: warning: type qualifiers ignored on function return type [-Wignored-qualifiers]
 1442 | inline auto
      |        ^~~~
In file included from /tmp/sxgc-dist-build-02/.build/rpfbwt-build/_deps/sdsl-build/lib/../include/sdsl/construct_lcp_helper.hpp:4,
                 from /tmp/sxgc-dist-build-02/.build/deps/sdsl/lib/construct_lcp_helper.cpp:1:
/tmp/sxgc-dist-build-02/.build/rpfbwt-build/_deps/sdsl-build/lib/../include/sdsl/int_vector.hpp:1402:8: warning: type qualifiers ignored on function return type [-Wignored-qualifiers]
 1402 | inline auto
      |        ^~~~
/tmp/sxgc-dist-build-02/.build/rpfbwt-build/_deps/sdsl-build/lib/../include/sdsl/int_vector.hpp:1410:8: warning: type qualifiers ignored on function return type [-Wignored-qualifiers]
 1410 | inline auto
      |        ^~~~
/tmp/sxgc-dist-build-02/.build/rpfbwt-build/_deps/sdsl-build/lib/../include/sdsl/int_vector.hpp:1418:8: warning: type qualifiers ignored on function return type [-Wignored-qualifiers]
 1418 | inline auto
      |        ^~~~
/tmp/sxgc-dist-build-02/.build/rpfbwt-build/_deps/sdsl-build/lib/../include/sdsl/int_vector.hpp:1426:8: warning: type qualifiers ignored on function return type [-Wignored-qualifiers]
 1426 | inline auto
      |        ^~~~
/tmp/sxgc-dist-build-02/.build/rpfbwt-build/_deps/sdsl-build/lib/../include/sdsl/int_vector.hpp:1434:8: warning: type qualifiers ignored on function return type [-Wignored-qualifiers]
 1434 | inline auto
      |        ^~~~
/tmp/sxgc-dist-build-02/.build/rpfbwt-build/_deps/sdsl-build/lib/../include/sdsl/int_vector.hpp:1442:8: warning: type qualifiers ignored on function return type [-Wignored-qualifiers]
 1442 | inline auto
      |        ^~~~
In file included from /tmp/sxgc-dist-build-02/.build/rpfbwt-build/_deps/sdsl-build/lib/../include/sdsl/construct_sa.hpp:26,
                 from /tmp/sxgc-dist-build-02/.build/deps/sdsl/lib/construct_sa.cpp:1:
/tmp/sxgc-dist-build-02/.build/rpfbwt-build/_deps/sdsl-build/lib/../include/sdsl/int_vector.hpp:1402:8: warning: type qualifiers ignored on function return type [-Wignored-qualifiers]
 1402 | inline auto
      |        ^~~~
/tmp/sxgc-dist-build-02/.build/rpfbwt-build/_deps/sdsl-build/lib/../include/sdsl/int_vector.hpp:1410:8: warning: type qualifiers ignored on function return type [-Wignored-qualifiers]
 1410 | inline auto
      |        ^~~~
/tmp/sxgc-dist-build-02/.build/rpfbwt-build/_deps/sdsl-build/lib/../include/sdsl/int_vector.hpp:1418:8: warning: type qualifiers ignored on function return type [-Wignored-qualifiers]
 1418 | inline auto
      |        ^~~~
/tmp/sxgc-dist-build-02/.build/rpfbwt-build/_deps/sdsl-build/lib/../include/sdsl/int_vector.hpp:1426:8: warning: type qualifiers ignored on function return type [-Wignored-qualifiers]
 1426 | inline auto
      |        ^~~~
/tmp/sxgc-dist-build-02/.build/rpfbwt-build/_deps/sdsl-build/lib/../include/sdsl/int_vector.hpp:1434:8: warning: type qualifiers ignored on function return type [-Wignored-qualifiers]
 1434 | inline auto
      |        ^~~~
/tmp/sxgc-dist-build-02/.build/rpfbwt-build/_deps/sdsl-build/lib/../include/sdsl/int_vector.hpp:1442:8: warning: type qualifiers ignored on function return type [-Wignored-qualifiers]
 1442 | inline auto
      |        ^~~~
[ 54%] Building CXX object _deps/sdsl-build/lib/CMakeFiles/sdsl.dir/construct_sa_se.cpp.o
[ 54%] Building CXX object _deps/sdsl-build/lib/CMakeFiles/sdsl.dir/csa_alphabet_strategy.cpp.o
In file included from /tmp/sxgc-dist-build-02/.build/rpfbwt-build/_deps/sdsl-build/lib/../include/sdsl/construct_sa_se.hpp:5,
                 from /tmp/sxgc-dist-build-02/.build/deps/sdsl/lib/construct_sa_se.cpp:1:
/tmp/sxgc-dist-build-02/.build/rpfbwt-build/_deps/sdsl-build/lib/../include/sdsl/int_vector.hpp:1402:8: warning: type qualifiers ignored on function return type [-Wignored-qualifiers]
 1402 | inline auto
      |        ^~~~
/tmp/sxgc-dist-build-02/.build/rpfbwt-build/_deps/sdsl-build/lib/../include/sdsl/int_vector.hpp:1410:8: warning: type qualifiers ignored on function return type [-Wignored-qualifiers]
 1410 | inline auto
      |        ^~~~
/tmp/sxgc-dist-build-02/.build/rpfbwt-build/_deps/sdsl-build/lib/../include/sdsl/int_vector.hpp:1418:8: warning: type qualifiers ignored on function return type [-Wignored-qualifiers]
 1418 | inline auto
      |        ^~~~
/tmp/sxgc-dist-build-02/.build/rpfbwt-build/_deps/sdsl-build/lib/../include/sdsl/int_vector.hpp:1426:8: warning: type qualifiers ignored on function return type [-Wignored-qualifiers]
 1426 | inline auto
      |        ^~~~
/tmp/sxgc-dist-build-02/.build/rpfbwt-build/_deps/sdsl-build/lib/../include/sdsl/int_vector.hpp:1434:8: warning: type qualifiers ignored on function return type [-Wignored-qualifiers]
 1434 | inline auto
      |        ^~~~
/tmp/sxgc-dist-build-02/.build/rpfbwt-build/_deps/sdsl-build/lib/../include/sdsl/int_vector.hpp:1442:8: warning: type qualifiers ignored on function return type [-Wignored-qualifiers]
 1442 | inline auto
      |        ^~~~
In file included from /tmp/sxgc-dist-build-02/.build/rpfbwt-build/_deps/sdsl-build/lib/../include/sdsl/csa_alphabet_strategy.hpp:50,
                 from /tmp/sxgc-dist-build-02/.build/deps/sdsl/lib/csa_alphabet_strategy.cpp:17:
/tmp/sxgc-dist-build-02/.build/rpfbwt-build/_deps/sdsl-build/lib/../include/sdsl/int_vector.hpp:1402:8: warning: type qualifiers ignored on function return type [-Wignored-qualifiers]
 1402 | inline auto
      |        ^~~~
/tmp/sxgc-dist-build-02/.build/rpfbwt-build/_deps/sdsl-build/lib/../include/sdsl/int_vector.hpp:1410:8: warning: type qualifiers ignored on function return type [-Wignored-qualifiers]
 1410 | inline auto
      |        ^~~~
/tmp/sxgc-dist-build-02/.build/rpfbwt-build/_deps/sdsl-build/lib/../include/sdsl/int_vector.hpp:1418:8: warning: type qualifiers ignored on function return type [-Wignored-qualifiers]
 1418 | inline auto
      |        ^~~~
/tmp/sxgc-dist-build-02/.build/rpfbwt-build/_deps/sdsl-build/lib/../include/sdsl/int_vector.hpp:1426:8: warning: type qualifiers ignored on function return type [-Wignored-qualifiers]
 1426 | inline auto
      |        ^~~~
/tmp/sxgc-dist-build-02/.build/rpfbwt-build/_deps/sdsl-build/lib/../include/sdsl/int_vector.hpp:1434:8: warning: type qualifiers ignored on function return type [-Wignored-qualifiers]
 1434 | inline auto
      |        ^~~~
/tmp/sxgc-dist-build-02/.build/rpfbwt-build/_deps/sdsl-build/lib/../include/sdsl/int_vector.hpp:1442:8: warning: type qualifiers ignored on function return type [-Wignored-qualifiers]
 1442 | inline auto
      |        ^~~~
[ 63%] Building CXX object _deps/sdsl-build/lib/CMakeFiles/sdsl.dir/io.cpp.o
[ 63%] Building CXX object _deps/sdsl-build/lib/CMakeFiles/sdsl.dir/lcp_support_tree.cpp.o
[ 63%] Building CXX object _deps/sdsl-build/lib/CMakeFiles/sdsl.dir/louds_tree.cpp.o
[ 63%] Building CXX object _deps/sdsl-build/lib/CMakeFiles/sdsl.dir/memory_management.cpp.o
In file included from /tmp/sxgc-dist-build-02/.build/rpfbwt-build/_deps/sdsl-build/lib/../include/sdsl/lcp.hpp:26,
                 from /tmp/sxgc-dist-build-02/.build/rpfbwt-build/_deps/sdsl-build/lib/../include/sdsl/lcp_support_tree.hpp:4,
                 from /tmp/sxgc-dist-build-02/.build/deps/sdsl/lib/lcp_support_tree.cpp:1:
/tmp/sxgc-dist-build-02/.build/rpfbwt-build/_deps/sdsl-build/lib/../include/sdsl/int_vector.hpp:1402:8: warning: type qualifiers ignored on function return type [-Wignored-qualifiers]
 1402 | inline auto
      |        ^~~~
/tmp/sxgc-dist-build-02/.build/rpfbwt-build/_deps/sdsl-build/lib/../include/sdsl/int_vector.hpp:1410:8: warning: type qualifiers ignored on function return type [-Wignored-qualifiers]
 1410 | inline auto
      |        ^~~~
/tmp/sxgc-dist-build-02/.build/rpfbwt-build/_deps/sdsl-build/lib/../include/sdsl/int_vector.hpp:1418:8: warning: type qualifiers ignored on function return type [-Wignored-qualifiers]
 1418 | inline auto
      |        ^~~~
/tmp/sxgc-dist-build-02/.build/rpfbwt-build/_deps/sdsl-build/lib/../include/sdsl/int_vector.hpp:1426:8: warning: type qualifiers ignored on function return type [-Wignored-qualifiers]
 1426 | inline auto
      |        ^~~~
/tmp/sxgc-dist-build-02/.build/rpfbwt-build/_deps/sdsl-build/lib/../include/sdsl/int_vector.hpp:1434:8: warning: type qualifiers ignored on function return type [-Wignored-qualifiers]
 1434 | inline auto
      |        ^~~~
/tmp/sxgc-dist-build-02/.build/rpfbwt-build/_deps/sdsl-build/lib/../include/sdsl/int_vector.hpp:1442:8: warning: type qualifiers ignored on function return type [-Wignored-qualifiers]
 1442 | inline auto
      |        ^~~~
In file included from /tmp/sxgc-dist-build-02/.build/rpfbwt-build/_deps/sdsl-build/lib/../include/sdsl/louds_tree.hpp:11,
                 from /tmp/sxgc-dist-build-02/.build/deps/sdsl/lib/louds_tree.cpp:1:
/tmp/sxgc-dist-build-02/.build/rpfbwt-build/_deps/sdsl-build/lib/../include/sdsl/int_vector.hpp:1402:8: warning: type qualifiers ignored on function return type [-Wignored-qualifiers]
 1402 | inline auto
      |        ^~~~
/tmp/sxgc-dist-build-02/.build/rpfbwt-build/_deps/sdsl-build/lib/../include/sdsl/int_vector.hpp:1410:8: warning: type qualifiers ignored on function return type [-Wignored-qualifiers]
 1410 | inline auto
      |        ^~~~
/tmp/sxgc-dist-build-02/.build/rpfbwt-build/_deps/sdsl-build/lib/../include/sdsl/int_vector.hpp:1418:8: warning: type qualifiers ignored on function return type [-Wignored-qualifiers]
 1418 | inline auto
      |        ^~~~
/tmp/sxgc-dist-build-02/.build/rpfbwt-build/_deps/sdsl-build/lib/../include/sdsl/int_vector.hpp:1426:8: warning: type qualifiers ignored on function return type [-Wignored-qualifiers]
 1426 | inline auto
      |        ^~~~
/tmp/sxgc-dist-build-02/.build/rpfbwt-build/_deps/sdsl-build/lib/../include/sdsl/int_vector.hpp:1434:8: warning: type qualifiers ignored on function return type [-Wignored-qualifiers]
 1434 | inline auto
      |        ^~~~
/tmp/sxgc-dist-build-02/.build/rpfbwt-build/_deps/sdsl-build/lib/../include/sdsl/int_vector.hpp:1442:8: warning: type qualifiers ignored on function return type [-Wignored-qualifiers]
 1442 | inline auto
      |        ^~~~
[ 72%] Building CXX object _deps/sdsl-build/lib/CMakeFiles/sdsl.dir/nn_dict_dynamic.cpp.o
[ 72%] Building CXX object _deps/sdsl-build/lib/CMakeFiles/sdsl.dir/ram_filebuf.cpp.o
[ 72%] Building CXX object _deps/sdsl-build/lib/CMakeFiles/sdsl.dir/ram_fs.cpp.o
[ 72%] Building CXX object _deps/sdsl-build/lib/CMakeFiles/sdsl.dir/rrr_vector_15.cpp.o
In file included from /tmp/sxgc-dist-build-02/.build/rpfbwt-build/_deps/sdsl-build/lib/../include/sdsl/nn_dict_dynamic.hpp:25,
                 from /tmp/sxgc-dist-build-02/.build/deps/sdsl/lib/nn_dict_dynamic.cpp:1:
/tmp/sxgc-dist-build-02/.build/rpfbwt-build/_deps/sdsl-build/lib/../include/sdsl/int_vector.hpp:1402:8: warning: type qualifiers ignored on function return type [-Wignored-qualifiers]
 1402 | inline auto
      |        ^~~~
/tmp/sxgc-dist-build-02/.build/rpfbwt-build/_deps/sdsl-build/lib/../include/sdsl/int_vector.hpp:1410:8: warning: type qualifiers ignored on function return type [-Wignored-qualifiers]
 1410 | inline auto
      |        ^~~~
/tmp/sxgc-dist-build-02/.build/rpfbwt-build/_deps/sdsl-build/lib/../include/sdsl/int_vector.hpp:1418:8: warning: type qualifiers ignored on function return type [-Wignored-qualifiers]
 1418 | inline auto
      |        ^~~~
/tmp/sxgc-dist-build-02/.build/rpfbwt-build/_deps/sdsl-build/lib/../include/sdsl/int_vector.hpp:1426:8: warning: type qualifiers ignored on function return type [-Wignored-qualifiers]
 1426 | inline auto
      |        ^~~~
/tmp/sxgc-dist-build-02/.build/rpfbwt-build/_deps/sdsl-build/lib/../include/sdsl/int_vector.hpp:1434:8: warning: type qualifiers ignored on function return type [-Wignored-qualifiers]
 1434 | inline auto
      |        ^~~~
/tmp/sxgc-dist-build-02/.build/rpfbwt-build/_deps/sdsl-build/lib/../include/sdsl/int_vector.hpp:1442:8: warning: type qualifiers ignored on function return type [-Wignored-qualifiers]
 1442 | inline auto
      |        ^~~~
[ 81%] Building CXX object _deps/sdsl-build/lib/CMakeFiles/sdsl.dir/sd_vector.cpp.o
[ 81%] Building CXX object _deps/sdsl-build/lib/CMakeFiles/sdsl.dir/sfstream.cpp.o
In file included from /tmp/sxgc-dist-build-02/.build/rpfbwt-build/_deps/sdsl-build/lib/../include/sdsl/rrr_vector_15.hpp:25,
                 from /tmp/sxgc-dist-build-02/.build/deps/sdsl/lib/rrr_vector_15.cpp:1:
/tmp/sxgc-dist-build-02/.build/rpfbwt-build/_deps/sdsl-build/lib/../include/sdsl/int_vector.hpp:1402:8: warning: type qualifiers ignored on function return type [-Wignored-qualifiers]
 1402 | inline auto
      |        ^~~~
/tmp/sxgc-dist-build-02/.build/rpfbwt-build/_deps/sdsl-build/lib/../include/sdsl/int_vector.hpp:1410:8: warning: type qualifiers ignored on function return type [-Wignored-qualifiers]
 1410 | inline auto
      |        ^~~~
/tmp/sxgc-dist-build-02/.build/rpfbwt-build/_deps/sdsl-build/lib/../include/sdsl/int_vector.hpp:1418:8: warning: type qualifiers ignored on function return type [-Wignored-qualifiers]
 1418 | inline auto
      |        ^~~~
/tmp/sxgc-dist-build-02/.build/rpfbwt-build/_deps/sdsl-build/lib/../include/sdsl/int_vector.hpp:1426:8: warning: type qualifiers ignored on function return type [-Wignored-qualifiers]
 1426 | inline auto
      |        ^~~~
/tmp/sxgc-dist-build-02/.build/rpfbwt-build/_deps/sdsl-build/lib/../include/sdsl/int_vector.hpp:1434:8: warning: type qualifiers ignored on function return type [-Wignored-qualifiers]
 1434 | inline auto
      |        ^~~~
/tmp/sxgc-dist-build-02/.build/rpfbwt-build/_deps/sdsl-build/lib/../include/sdsl/int_vector.hpp:1442:8: warning: type qualifiers ignored on function return type [-Wignored-qualifiers]
 1442 | inline auto
      |        ^~~~
[ 81%] Building CXX object _deps/sdsl-build/lib/CMakeFiles/sdsl.dir/structure_tree.cpp.o
In file included from /tmp/sxgc-dist-build-02/.build/rpfbwt-build/_deps/sdsl-build/lib/../include/sdsl/sd_vector.hpp:26,
                 from /tmp/sxgc-dist-build-02/.build/deps/sdsl/lib/sd_vector.cpp:1:
/tmp/sxgc-dist-build-02/.build/rpfbwt-build/_deps/sdsl-build/lib/../include/sdsl/int_vector.hpp:1402:8: warning: type qualifiers ignored on function return type [-Wignored-qualifiers]
 1402 | inline auto
      |        ^~~~
/tmp/sxgc-dist-build-02/.build/rpfbwt-build/_deps/sdsl-build/lib/../include/sdsl/int_vector.hpp:1410:8: warning: type qualifiers ignored on function return type [-Wignored-qualifiers]
 1410 | inline auto
      |        ^~~~
/tmp/sxgc-dist-build-02/.build/rpfbwt-build/_deps/sdsl-build/lib/../include/sdsl/int_vector.hpp:1418:8: warning: type qualifiers ignored on function return type [-Wignored-qualifiers]
 1418 | inline auto
      |        ^~~~
/tmp/sxgc-dist-build-02/.build/rpfbwt-build/_deps/sdsl-build/lib/../include/sdsl/int_vector.hpp:1426:8: warning: type qualifiers ignored on function return type [-Wignored-qualifiers]
 1426 | inline auto
      |        ^~~~
/tmp/sxgc-dist-build-02/.build/rpfbwt-build/_deps/sdsl-build/lib/../include/sdsl/int_vector.hpp:1434:8: warning: type qualifiers ignored on function return type [-Wignored-qualifiers]
 1434 | inline auto
      |        ^~~~
/tmp/sxgc-dist-build-02/.build/rpfbwt-build/_deps/sdsl-build/lib/../include/sdsl/int_vector.hpp:1442:8: warning: type qualifiers ignored on function return type [-Wignored-qualifiers]
 1442 | inline auto
      |        ^~~~
[ 81%] Building CXX object _deps/sdsl-build/lib/CMakeFiles/sdsl.dir/uint128_t.cpp.o
[ 81%] Building CXX object _deps/sdsl-build/lib/CMakeFiles/sdsl.dir/uint256_t.cpp.o
[ 90%] Building CXX object _deps/sdsl-build/lib/CMakeFiles/sdsl.dir/util.cpp.o
[ 90%] Building CXX object _deps/sdsl-build/lib/CMakeFiles/sdsl.dir/wt_helper.cpp.o
In file included from /tmp/sxgc-dist-build-02/.build/rpfbwt-build/_deps/sdsl-build/lib/../include/sdsl/wt_helper.hpp:4,
                 from /tmp/sxgc-dist-build-02/.build/deps/sdsl/lib/wt_helper.cpp:1:
/tmp/sxgc-dist-build-02/.build/rpfbwt-build/_deps/sdsl-build/lib/../include/sdsl/int_vector.hpp:1402:8: warning: type qualifiers ignored on function return type [-Wignored-qualifiers]
 1402 | inline auto
      |        ^~~~
/tmp/sxgc-dist-build-02/.build/rpfbwt-build/_deps/sdsl-build/lib/../include/sdsl/int_vector.hpp:1410:8: warning: type qualifiers ignored on function return type [-Wignored-qualifiers]
 1410 | inline auto
      |        ^~~~
/tmp/sxgc-dist-build-02/.build/rpfbwt-build/_deps/sdsl-build/lib/../include/sdsl/int_vector.hpp:1418:8: warning: type qualifiers ignored on function return type [-Wignored-qualifiers]
 1418 | inline auto
      |        ^~~~
/tmp/sxgc-dist-build-02/.build/rpfbwt-build/_deps/sdsl-build/lib/../include/sdsl/int_vector.hpp:1426:8: warning: type qualifiers ignored on function return type [-Wignored-qualifiers]
 1426 | inline auto
      |        ^~~~
/tmp/sxgc-dist-build-02/.build/rpfbwt-build/_deps/sdsl-build/lib/../include/sdsl/int_vector.hpp:1434:8: warning: type qualifiers ignored on function return type [-Wignored-qualifiers]
 1434 | inline auto
      |        ^~~~
/tmp/sxgc-dist-build-02/.build/rpfbwt-build/_deps/sdsl-build/lib/../include/sdsl/int_vector.hpp:1442:8: warning: type qualifiers ignored on function return type [-Wignored-qualifiers]
 1442 | inline auto
      |        ^~~~
[ 90%] Linking CXX static library libsdsl.a
[ 90%] Built target sdsl
[ 90%] Building CXX object _deps/rlestring-build/CMakeFiles/rlestring.dir/src/bitvector.cpp.o
[ 90%] Building CXX object _deps/rlestring-build/CMakeFiles/rlestring.dir/src/rle_string.cpp.o
[100%] Building CXX object _deps/rlestring-build/CMakeFiles/rlestring.dir/src/utils.cpp.o
In file included from /tmp/sxgc-dist-build-02/.build/deps/sdsl/include/sdsl/int_vector.hpp:27,
                 from /tmp/sxgc-dist-build-02/.build/deps/sdsl/include/sdsl/bit_vectors.hpp:8,
                 from /tmp/sxgc-dist-build-02/.build/deps/rlestring/include/rle/utils.hpp:42,
                 from /tmp/sxgc-dist-build-02/.build/deps/rlestring/include/rle/bitvector.hpp:10,
                 from /tmp/sxgc-dist-build-02/.build/deps/rlestring/src/bitvector.cpp:7:
/tmp/sxgc-dist-build-02/.build/deps/sdsl/include/sdsl/io.hpp:123:30: warning: ‘template<class _Tp> struct std::is_pod’ is deprecated: use 'is_standard_layout && is_trivial' instead [-Wdeprecated-declarations]
  123 | typename std::enable_if<std::is_pod<X>::value,uint64_t>::type
      |                              ^~~~~~
In file included from /usr/include/c++/13/bits/stl_pair.h:60,
                 from /usr/include/c++/13/bits/stl_algobase.h:64,
                 from /usr/include/c++/13/algorithm:60,
                 from /tmp/sxgc-dist-build-02/.build/deps/rlestring/include/rle/utils.hpp:28:
/usr/include/c++/13/type_traits:819:5: note: declared here
  819 |     is_pod
      |     ^~~~~~
/tmp/sxgc-dist-build-02/.build/deps/sdsl/include/sdsl/io.hpp:151:30: warning: ‘template<class _Tp> struct std::is_pod’ is deprecated: use 'is_standard_layout && is_trivial' instead [-Wdeprecated-declarations]
  151 | typename std::enable_if<std::is_pod<X>::value,void>::type
      |                              ^~~~~~
/usr/include/c++/13/type_traits:819:5: note: declared here
  819 |     is_pod
      |     ^~~~~~
In file included from /tmp/sxgc-dist-build-02/.build/deps/sdsl/include/sdsl/int_vector.hpp:27,
                 from /tmp/sxgc-dist-build-02/.build/deps/sdsl/include/sdsl/bit_vectors.hpp:8,
                 from /tmp/sxgc-dist-build-02/.build/deps/rlestring/include/rle/utils.hpp:42,
                 from /tmp/sxgc-dist-build-02/.build/deps/rlestring/include/rle/rle_string.hpp:11,
                 from /tmp/sxgc-dist-build-02/.build/deps/rlestring/src/rle_string.cpp:8:
/tmp/sxgc-dist-build-02/.build/deps/sdsl/include/sdsl/io.hpp:123:30: warning: ‘template<class _Tp> struct std::is_pod’ is deprecated: use 'is_standard_layout && is_trivial' instead [-Wdeprecated-declarations]
  123 | typename std::enable_if<std::is_pod<X>::value,uint64_t>::type
      |                              ^~~~~~
In file included from /usr/include/c++/13/bits/stl_pair.h:60,
                 from /usr/include/c++/13/bits/stl_algobase.h:64,
                 from /usr/include/c++/13/algorithm:60,
                 from /tmp/sxgc-dist-build-02/.build/deps/rlestring/include/rle/utils.hpp:28:
/usr/include/c++/13/type_traits:819:5: note: declared here
  819 |     is_pod
      |     ^~~~~~
/tmp/sxgc-dist-build-02/.build/deps/sdsl/include/sdsl/io.hpp:151:30: warning: ‘template<class _Tp> struct std::is_pod’ is deprecated: use 'is_standard_layout && is_trivial' instead [-Wdeprecated-declarations]
  151 | typename std::enable_if<std::is_pod<X>::value,void>::type
      |                              ^~~~~~
/usr/include/c++/13/type_traits:819:5: note: declared here
  819 |     is_pod
      |     ^~~~~~
In file included from /tmp/sxgc-dist-build-02/.build/deps/sdsl/include/sdsl/int_vector.hpp:27,
                 from /tmp/sxgc-dist-build-02/.build/deps/sdsl/include/sdsl/bit_vectors.hpp:8,
                 from /tmp/sxgc-dist-build-02/.build/deps/rlestring/include/rle/utils.hpp:42,
                 from /tmp/sxgc-dist-build-02/.build/deps/rlestring/src/utils.cpp:26:
/tmp/sxgc-dist-build-02/.build/deps/sdsl/include/sdsl/io.hpp:123:30: warning: ‘template<class _Tp> struct std::is_pod’ is deprecated: use 'is_standard_layout && is_trivial' instead [-Wdeprecated-declarations]
  123 | typename std::enable_if<std::is_pod<X>::value,uint64_t>::type
      |                              ^~~~~~
In file included from /usr/include/c++/13/bits/stl_pair.h:60,
                 from /usr/include/c++/13/bits/stl_algobase.h:64,
                 from /usr/include/c++/13/algorithm:60,
                 from /tmp/sxgc-dist-build-02/.build/deps/rlestring/include/rle/utils.hpp:28:
/usr/include/c++/13/type_traits:819:5: note: declared here
  819 |     is_pod
      |     ^~~~~~
/tmp/sxgc-dist-build-02/.build/deps/sdsl/include/sdsl/io.hpp:151:30: warning: ‘template<class _Tp> struct std::is_pod’ is deprecated: use 'is_standard_layout && is_trivial' instead [-Wdeprecated-declarations]
  151 | typename std::enable_if<std::is_pod<X>::value,void>::type
      |                              ^~~~~~
/usr/include/c++/13/type_traits:819:5: note: declared here
  819 |     is_pod
      |     ^~~~~~
/tmp/sxgc-dist-build-02/.build/deps/sdsl/include/sdsl/int_vector.hpp:855:45: warning: ‘template<class _Category, class _Tp, class _Distance, class _Pointer, class _Reference> struct std::iterator’ is deprecated [-Wdeprecated-declarations]
  855 | class int_vector_iterator_base: public std::iterator<std::random_access_iterator_tag, typename t_int_vector::value_type, typename t_int_vector::difference_type>
      |                                             ^~~~~~~~
In file included from /usr/include/c++/13/bits/stl_algobase.h:65:
/usr/include/c++/13/bits/stl_iterator_base_types.h:127:34: note: declared here
  127 |     struct _GLIBCXX17_DEPRECATED iterator
      |                                  ^~~~~~~~
In file included from /tmp/sxgc-dist-build-02/.build/deps/sdsl/include/sdsl/int_vector_buffer.hpp:25,
                 from /tmp/sxgc-dist-build-02/.build/deps/sdsl/include/sdsl/int_vector.hpp:1599:
/tmp/sxgc-dist-build-02/.build/deps/sdsl/include/sdsl/iterators.hpp:33:49: warning: ‘template<class _Category, class _Tp, class _Distance, class _Pointer, class _Reference> struct std::iterator’ is deprecated [-Wdeprecated-declarations]
   33 | class random_access_const_iterator: public std::iterator<std::random_access_iterator_tag, typename t_rac::value_type, typename t_rac::difference_type>
      |                                                 ^~~~~~~~
/usr/include/c++/13/bits/stl_iterator_base_types.h:127:34: note: declared here
  127 |     struct _GLIBCXX17_DEPRECATED iterator
      |                                  ^~~~~~~~
/tmp/sxgc-dist-build-02/.build/deps/sdsl/include/sdsl/int_vector_buffer.hpp:489:37: warning: ‘template<class _Category, class _Tp, class _Distance, class _Pointer, class _Reference> struct std::iterator’ is deprecated [-Wdeprecated-declarations]
  489 |         class iterator: public std::iterator<std::random_access_iterator_tag, value_type, difference_type, value_type*, reference>
      |                                     ^~~~~~~~
/usr/include/c++/13/bits/stl_iterator_base_types.h:127:34: note: declared here
  127 |     struct _GLIBCXX17_DEPRECATED iterator
      |                                  ^~~~~~~~
/tmp/sxgc-dist-build-02/.build/deps/sdsl/include/sdsl/int_vector.hpp:855:45: warning: ‘template<class _Category, class _Tp, class _Distance, class _Pointer, class _Reference> struct std::iterator’ is deprecated [-Wdeprecated-declarations]
  855 | class int_vector_iterator_base: public std::iterator<std::random_access_iterator_tag, typename t_int_vector::value_type, typename t_int_vector::difference_type>
      |                                             ^~~~~~~~
In file included from /usr/include/c++/13/bits/stl_algobase.h:65:
/usr/include/c++/13/bits/stl_iterator_base_types.h:127:34: note: declared here
  127 |     struct _GLIBCXX17_DEPRECATED iterator
      |                                  ^~~~~~~~
/tmp/sxgc-dist-build-02/.build/deps/sdsl/include/sdsl/int_vector.hpp:855:45: warning: ‘template<class _Category, class _Tp, class _Distance, class _Pointer, class _Reference> struct std::iterator’ is deprecated [-Wdeprecated-declarations]
  855 | class int_vector_iterator_base: public std::iterator<std::random_access_iterator_tag, typename t_int_vector::value_type, typename t_int_vector::difference_type>
      |                                             ^~~~~~~~
In file included from /usr/include/c++/13/bits/stl_algobase.h:65:
/usr/include/c++/13/bits/stl_iterator_base_types.h:127:34: note: declared here
  127 |     struct _GLIBCXX17_DEPRECATED iterator
      |                                  ^~~~~~~~
In file included from /tmp/sxgc-dist-build-02/.build/deps/sdsl/include/sdsl/int_vector_buffer.hpp:25,
                 from /tmp/sxgc-dist-build-02/.build/deps/sdsl/include/sdsl/int_vector.hpp:1599:
/tmp/sxgc-dist-build-02/.build/deps/sdsl/include/sdsl/iterators.hpp:33:49: warning: ‘template<class _Category, class _Tp, class _Distance, class _Pointer, class _Reference> struct std::iterator’ is deprecated [-Wdeprecated-declarations]
   33 | class random_access_const_iterator: public std::iterator<std::random_access_iterator_tag, typename t_rac::value_type, typename t_rac::difference_type>
      |                                                 ^~~~~~~~
/usr/include/c++/13/bits/stl_iterator_base_types.h:127:34: note: declared here
  127 |     struct _GLIBCXX17_DEPRECATED iterator
      |                                  ^~~~~~~~
/tmp/sxgc-dist-build-02/.build/deps/sdsl/include/sdsl/int_vector_buffer.hpp:489:37: warning: ‘template<class _Category, class _Tp, class _Distance, class _Pointer, class _Reference> struct std::iterator’ is deprecated [-Wdeprecated-declarations]
  489 |         class iterator: public std::iterator<std::random_access_iterator_tag, value_type, difference_type, value_type*, reference>
      |                                     ^~~~~~~~
/usr/include/c++/13/bits/stl_iterator_base_types.h:127:34: note: declared here
  127 |     struct _GLIBCXX17_DEPRECATED iterator
      |                                  ^~~~~~~~
In file included from /tmp/sxgc-dist-build-02/.build/deps/sdsl/include/sdsl/int_vector_buffer.hpp:25,
                 from /tmp/sxgc-dist-build-02/.build/deps/sdsl/include/sdsl/int_vector.hpp:1599:
/tmp/sxgc-dist-build-02/.build/deps/sdsl/include/sdsl/iterators.hpp:33:49: warning: ‘template<class _Category, class _Tp, class _Distance, class _Pointer, class _Reference> struct std::iterator’ is deprecated [-Wdeprecated-declarations]
   33 | class random_access_const_iterator: public std::iterator<std::random_access_iterator_tag, typename t_rac::value_type, typename t_rac::difference_type>
      |                                                 ^~~~~~~~
/usr/include/c++/13/bits/stl_iterator_base_types.h:127:34: note: declared here
  127 |     struct _GLIBCXX17_DEPRECATED iterator
      |                                  ^~~~~~~~
/tmp/sxgc-dist-build-02/.build/deps/sdsl/include/sdsl/int_vector_buffer.hpp:489:37: warning: ‘template<class _Category, class _Tp, class _Distance, class _Pointer, class _Reference> struct std::iterator’ is deprecated [-Wdeprecated-declarations]
  489 |         class iterator: public std::iterator<std::random_access_iterator_tag, value_type, difference_type, value_type*, reference>
      |                                     ^~~~~~~~
/usr/include/c++/13/bits/stl_iterator_base_types.h:127:34: note: declared here
  127 |     struct _GLIBCXX17_DEPRECATED iterator
      |                                  ^~~~~~~~
[100%] Linking CXX static library librlestring.a
[100%] Built target rlestring
[100%] Building CXX object CMakeFiles/rpfbwt.dir/rpfbwt.cpp.o
[100%] Building CXX object CMakeFiles/rpfbwt.dir/generated/version.cpp.o
[100%] Linking CXX executable rpfbwt
[100%] Built target rpfbwt
In file included from /tmp/sxgc-dist-build-02/.build/deps/sdsl/include/sdsl/sd_vector.hpp:26,
                 from bit6/slim_lce.hpp:5,
                 from bit6/rpfbwt_endpoints.cpp:14:
/tmp/sxgc-dist-build-02/.build/deps/sdsl/include/sdsl/int_vector.hpp:855:45: warning: ‘template<class _Category, class _Tp, class _Distance, class _Pointer, class _Reference> struct std::iterator’ is deprecated [-Wdeprecated-declarations]
  855 | class int_vector_iterator_base: public std::iterator<std::random_access_iterator_tag, typename t_int_vector::value_type, typename t_int_vector::difference_type>
      |                                             ^~~~~~~~
In file included from /usr/include/c++/13/bits/stl_algobase.h:65,
                 from /usr/include/c++/13/algorithm:60,
                 from bit6/sxi_format.hpp:3,
                 from bit6/rpfbwt_endpoints.cpp:4:
/usr/include/c++/13/bits/stl_iterator_base_types.h:127:34: note: declared here
  127 |     struct _GLIBCXX17_DEPRECATED iterator
      |                                  ^~~~~~~~
In file included from /tmp/sxgc-dist-build-02/.build/deps/sdsl/include/sdsl/int_vector_buffer.hpp:25,
                 from /tmp/sxgc-dist-build-02/.build/deps/sdsl/include/sdsl/int_vector.hpp:1599:
/tmp/sxgc-dist-build-02/.build/deps/sdsl/include/sdsl/iterators.hpp:33:49: warning: ‘template<class _Category, class _Tp, class _Distance, class _Pointer, class _Reference> struct std::iterator’ is deprecated [-Wdeprecated-declarations]
   33 | class random_access_const_iterator: public std::iterator<std::random_access_iterator_tag, typename t_rac::value_type, typename t_rac::difference_type>
      |                                                 ^~~~~~~~
/usr/include/c++/13/bits/stl_iterator_base_types.h:127:34: note: declared here
  127 |     struct _GLIBCXX17_DEPRECATED iterator
      |                                  ^~~~~~~~
/tmp/sxgc-dist-build-02/.build/deps/sdsl/include/sdsl/int_vector_buffer.hpp:489:37: warning: ‘template<class _Category, class _Tp, class _Distance, class _Pointer, class _Reference> struct std::iterator’ is deprecated [-Wdeprecated-declarations]
  489 |         class iterator: public std::iterator<std::random_access_iterator_tag, value_type, difference_type, value_type*, reference>
      |                                     ^~~~~~~~
/usr/include/c++/13/bits/stl_iterator_base_types.h:127:34: note: declared here
  127 |     struct _GLIBCXX17_DEPRECATED iterator
      |                                  ^~~~~~~~
In file included from bit6/chi_rspace_dump.cpp:52:
/tmp/sxgc-dist-build-02/.build/deps/sdsl/include/sdsl/int_vector.hpp:855:45: warning: ‘template<class _Category, class _Tp, class _Distance, class _Pointer, class _Reference> struct std::iterator’ is deprecated [-Wdeprecated-declarations]
  855 | class int_vector_iterator_base: public std::iterator<std::random_access_iterator_tag, typename t_int_vector::value_type, typename t_int_vector::difference_type>
      |                                             ^~~~~~~~
In file included from /usr/include/c++/13/bits/stl_algobase.h:65,
                 from /usr/include/c++/13/algorithm:60,
                 from bit6/sxi_format.hpp:3,
                 from bit6/chi_rspace_dump.cpp:33:
/usr/include/c++/13/bits/stl_iterator_base_types.h:127:34: note: declared here
  127 |     struct _GLIBCXX17_DEPRECATED iterator
      |                                  ^~~~~~~~
In file included from /tmp/sxgc-dist-build-02/.build/deps/sdsl/include/sdsl/int_vector_buffer.hpp:25,
                 from /tmp/sxgc-dist-build-02/.build/deps/sdsl/include/sdsl/int_vector.hpp:1599:
/tmp/sxgc-dist-build-02/.build/deps/sdsl/include/sdsl/iterators.hpp:33:49: warning: ‘template<class _Category, class _Tp, class _Distance, class _Pointer, class _Reference> struct std::iterator’ is deprecated [-Wdeprecated-declarations]
   33 | class random_access_const_iterator: public std::iterator<std::random_access_iterator_tag, typename t_rac::value_type, typename t_rac::difference_type>
      |                                                 ^~~~~~~~
/usr/include/c++/13/bits/stl_iterator_base_types.h:127:34: note: declared here
  127 |     struct _GLIBCXX17_DEPRECATED iterator
      |                                  ^~~~~~~~
/tmp/sxgc-dist-build-02/.build/deps/sdsl/include/sdsl/int_vector_buffer.hpp:489:37: warning: ‘template<class _Category, class _Tp, class _Distance, class _Pointer, class _Reference> struct std::iterator’ is deprecated [-Wdeprecated-declarations]
  489 |         class iterator: public std::iterator<std::random_access_iterator_tag, value_type, difference_type, value_type*, reference>
      |                                     ^~~~~~~~
/usr/include/c++/13/bits/stl_iterator_base_types.h:127:34: note: declared here
  127 |     struct _GLIBCXX17_DEPRECATED iterator
      |                                  ^~~~~~~~
In file included from /tmp/sxgc-dist-build-02/.build/deps/sdsl/include/sdsl/rmq_succinct_sct.hpp:27,
                 from /tmp/sxgc-dist-build-02/.build/deps/sdsl/include/sdsl/rmq_support.hpp:47,
                 from bit6/pfp_ds_vendor/pfp/pfp.hpp:28,
                 from bit6/chi_rspace_dump.cpp:63:
/tmp/sxgc-dist-build-02/.build/deps/sdsl/include/sdsl/suffix_tree_helper.hpp:17:51: warning: ‘template<class _Category, class _Tp, class _Distance, class _Pointer, class _Reference> struct std::iterator’ is deprecated [-Wdeprecated-declarations]
   17 | class cst_node_child_proxy_iterator : public std::iterator<std::forward_iterator_tag, typename t_cst::node_type>
      |                                                   ^~~~~~~~
/usr/include/c++/13/bits/stl_iterator_base_types.h:127:34: note: declared here
  127 |     struct _GLIBCXX17_DEPRECATED iterator
      |                                  ^~~~~~~~
   Compiling crossbeam-utils v0.8.23
   Compiling libc v0.2.189
   Compiling crossbeam-epoch v0.9.21
   Compiling cfg-if v1.0.5
   Compiling crossbeam-deque v0.8.8
   Compiling crc32fast v1.5.2
   Compiling rayon-core v1.13.0
   Compiling rustix v1.1.5
   Compiling getrandom v0.4.3
   Compiling zmij v1.0.23
   Compiling serde_core v1.0.229
   Compiling serde_json v1.0.151
   Compiling simd-adler32 v0.3.10
   Compiling linux-raw-sys v0.12.1
   Compiling adler2 v2.0.1
   Compiling bitflags v2.13.2
   Compiling miniz_oxide v0.9.1
   Compiling chunked_transfer v1.5.0
   Compiling once_cell v1.21.4
   Compiling httpdate v1.0.3
   Compiling ascii v1.1.0
   Compiling itoa v1.0.18
   Compiling memchr v2.8.3
   Compiling fastrand v2.5.0
   Compiling either v1.18.0
   Compiling log v0.4.34
   Compiling rayon v1.12.0
   Compiling tiny_http v0.12.0
   Compiling tempfile v3.27.0
   Compiling flate2 v1.1.10
   Compiling memmap2 v0.9.11
   Compiling xsa v0.1.0 (/tmp/sxgc-laneV/xsa)
warning: variable does not need to be mutable
   --> src/main.rs:584:9
    |
584 |     let mut next_rng = |mut x: u64| -> u64 {
    |         ----^^^^^^^^
    |         |
    |         help: remove this `mut`
    |
    = note: `#[warn(unused_mut)]` (part of `#[warn(unused)]`) on by default

warning: value assigned to `tanchor` is never read
   --> src/main.rs:636:31
    |
636 |             let mut tanchor = 0u64;
    |                               ^^^^ this value is reassigned later and never used
...
644 |                         tanchor = r;
    |                         ----------- `tanchor` is overwritten here before the previous value is read
    |
    = note: `#[warn(unused_assignments)]` (part of `#[warn(unused)]`) on by default

warning: value assigned to `tsample` is never read
   --> src/main.rs:637:31
    |
637 |             let mut tsample = 0u64;
    |                               ^^^^ this value is reassigned later and never used
...
645 |                         tsample = idx.sa.get(r);
    |                         ----------------------- `tsample` is overwritten here before the previous value is read

warning: variable does not need to be mutable
   --> src/main.rs:790:9
    |
790 |     let mut read_flat = |flatf: &mut File, pos: u64, want: usize| -> Vec<u8> {
    |         ----^^^^^^^^^
    |         |
    |         help: remove this `mut`

warning: field `bits` is never read
   --> src/main.rs:128:5
    |
127 | struct PackedSa {
    |        -------- field in this struct
128 |     bits: u64,          // total size IN BITS
    |     ^^^^
    |
    = note: `#[warn(dead_code)]` (part of `#[warn(unused)]`) on by default

warning: method `s_at` is never used
   --> src/main.rs:338:8
    |
202 | impl Ri4 {
    | -------- method in this implementation
...
338 |     fn s_at(&self, j: u64) -> u64 {
    |        ^^^^

warning: `xsa` (bin "xsa") generated 6 warnings (run `cargo fix --bin "xsa" -p xsa` to apply 2 suggestions)
    Finished `release` profile [optimized] target(s) in 8.75s
   Compiling proc-macro2 v1.0.107
   Compiling unicode-ident v1.0.26
   Compiling quote v1.0.47
   Compiling libc v0.2.189
   Compiling version_check v0.9.5
   Compiling crossbeam-utils v0.8.23
   Compiling cfg-if v1.0.5
   Compiling shlex v2.0.1
   Compiling find-msvc-tools v0.1.12
   Compiling syn v2.0.119
   Compiling jobserver v0.1.35
   Compiling cc v1.4.6
   Compiling pkg-config v0.3.34
   Compiling crossbeam-epoch v0.9.21
   Compiling zerocopy v0.8.57
   Compiling generic-array v0.14.7
   Compiling crossbeam-deque v0.8.8
   Compiling getrandom v0.3.4
   Compiling ahash v0.8.12
   Compiling serde_core v1.0.229
   Compiling typenum v1.20.1
   Compiling zstd-sys v2.1.0+zstd.1.5.7
   Compiling syn v3.0.6
   Compiling once_cell v1.21.4
   Compiling serde v1.0.229
   Compiling zerocopy-derive v0.8.57
   Compiling rayon-core v1.13.0
   Compiling zstd-safe v7.3.0
   Compiling serde_derive v1.0.229
   Compiling allocator-api2 v0.2.21
   Compiling cfg_aliases v0.2.2
   Compiling thiserror v1.0.69
   Compiling crc32fast v1.5.2
   Compiling anyhow v1.0.104
   Compiling parking_lot_core v0.9.12
   Compiling smallvec v1.16.1
   Compiling nix v0.29.0
   Compiling thiserror-impl v1.0.69
   Compiling block-buffer v0.10.4
   Compiling crypto-common v0.1.7
   Compiling adler2 v2.0.1
   Compiling simd-adler32 v0.3.10
   Compiling hashbrown v0.14.5
   Compiling either v1.18.0
   Compiling scopeguard v1.2.0
   Compiling lock_api v0.4.14
   Compiling rayon v1.12.0
   Compiling miniz_oxide v0.9.1
   Compiling digest v0.10.7
   Compiling bincode v1.3.3
   Compiling ragc-core v0.1.1 (https://github.com/ekg/ragc?rev=40e5cad11cab7d4df07a72d6b16d68c2d60b0742#40e5cad1)
   Compiling crossbeam-queue v0.3.14
   Compiling crossbeam-channel v0.5.17
   Compiling cpufeatures v0.2.17
   Compiling bitflags v2.13.2
   Compiling fuser v0.16.0
   Compiling byteorder v1.5.0
   Compiling arbitrary-chunks v0.4.1
   Compiling partition v0.1.2
   Compiling rdst v0.20.14
   Compiling crossbeam v0.8.5
   Compiling sha2 v0.10.9
   Compiling dashmap v6.2.1
   Compiling flate2 v1.1.10
   Compiling num_cpus v1.17.0
   Compiling page_size v0.6.0
   Compiling log v0.4.34
   Compiling memchr v2.8.3
   Compiling zstd v0.13.3
   Compiling ragc-common v0.1.1 (https://github.com/ekg/ragc?rev=40e5cad11cab7d4df07a72d6b16d68c2d60b0742#40e5cad1)
   Compiling agc2flat v0.1.0 (/tmp/sxgc-laneV/agc2flat)
warning: unused import: `std::io::Write as _`
   --> src/main.rs:344:17
    |
344 |             use std::io::Write as _;
    |                 ^^^^^^^^^^^^^^^^^^^
    |
    = note: `#[warn(unused_imports)]` (part of `#[warn(unused)]`) on by default

warning: `agc2flat` (bin "agc2flat") generated 1 warning (run `cargo fix --bin "agc2flat" -p agc2flat` to apply 1 suggestion)
    Finished `release` profile [optimized] target(s) in 28.36s
