AAA#0	AAA#0#chrIII	0	316620
AAA#0	AAA#0#chrI	316621	230218
AAA#0	AAA#0#chrVI	546840	270161
AAA#0	AAA#0#chrIX	817002	439888
AAA#0	AAA#0#chrV	1256891	576874
AAA#0	AAA#0#chrX	1833766	745751
AAA#0	AAA#0#chrVIII	2579518	562643
AAA#0	AAA#0#chrVII	3142162	1090940
AAA#0	AAA#0#chrII	4233103	813184
AAA#0	AAA#0#chrXII	5046288	1078177
AAA#0	AAA#0#chrXI	6124466	666816
AAA#0	AAA#0#chrIV	6791283	1531933
AAA#0	AAA#0#chrXIII	8323217	924431
AAA#0	AAA#0#chrXIV	9247649	784333
AAA#0	AAA#0#chrXV	10031983	1091291
AAA#0	AAA#0#chrXVI	11123275	948066
AAA#0	AAA#0#chrMT	12071342	85779
AAB#0	AAB#0#chrI	12157122	258867
AAB#0	AAB#0#chrII	12415990	802318
AAB#0	AAB#0#chrIII	13218309	320778
AAB#0	AAB#0#chrIV	13539088	1490594
AAB#0	AAB#0#chrMT	15029683	84310
AAB#0	AAB#0#chrIX	15113994	443942
AAB#0	AAB#0#chrV	15557937	600624
AAB#0	AAB#0#chrVI	16158562	363382
AAB#0	AAB#0#chrVII	16521945	1074058
AAB#0	AAB#0#chrVIII	17596004	558552
AAB#0	AAB#0#chrX	18154557	708398
AAB#0	AAB#0#chrXIV	18862956	793728
AAB#0	AAB#0#chrXI	19656685	675690
AAB#0	AAB#0#chrXIII	20332376	922756
AAB#0	AAB#0#chrXII	21255133	1070079
AAB#0	AAB#0#chrXVI	22325213	914699
AAB#0	AAB#0#chrXV	23239913	1065006
AAC#0	AAC#0#chrI	24304920	209889
AAC#0	AAC#0#chrII	24514810	807044
AAC#0	AAC#0#chrIII	25321855	300885
AAC#0	AAC#0#chrIV	25622741	1483507
AAC#0	AAC#0#chrIX	27106249	435876
AAC#0	AAC#0#chrVI	27542126	262483
AAC#0	AAC#0#chrV	27804610	567489
AAC#0	AAC#0#chrX	28372100	761653
AAC#0	AAC#0#chrVIII	29133754	543130
AAC#0	AAC#0#chrXI	29676885	669766
AAC#0	AAC#0#chrVII	30346652	1094329
AAC#0	AAC#0#chrXIII	31440982	945858
AAC#0	AAC#0#chrXIV	32386841	776815
AAC#0	AAC#0#chrXII	33163657	1122010
AAC#0	AAC#0#chrXV	34285668	1044139
AAC#0	AAC#0#chrXVI	35329808	944229
AAC#0	AAC#0#chrMT	36274038	88247
AAC#1	AAC#1#chrI	36362286	210515
AAC#1	AAC#1#chrII	36572802	806169
AAC#1	AAC#1#chrIV	37378972	1472446
AAC#1	AAC#1#chrIII	38851419	419694
AAC#1	AAC#1#chrV	39271114	564721
AAC#1	AAC#1#chrIX	39835836	448981
AAC#1	AAC#1#chrVII	40284818	1088886
AAC#1	AAC#1#chrVI	41373705	261475
AAC#1	AAC#1#chrVIII	41635181	538566
AAC#1	AAC#1#chrXI	42173748	675036
AAC#1	AAC#1#chrX	42848785	749907
AAC#1	AAC#1#chrXII	43598693	1031246
AAC#1	AAC#1#chrXVI	44629940	903435
AAC#1	AAC#1#chrXIV	45533376	772827
AAC#1	AAC#1#chrXIII	46306204	946195
AAC#1	AAC#1#chrXV	47252400	954864
AAC#2	AAC#2#chrI	48207265	168509
AAC#2	AAC#2#chrII	48375775	814415
AAC#2	AAC#2#chrIII	49190191	290002
AAC#2	AAC#2#chrIX	49480194	435357
AAC#2	AAC#2#chrVI	49915552	262904
AAC#2	AAC#2#chrX	50178457	773692
AAC#2	AAC#2#chrV	50952150	550596
AAC#2	AAC#2#chrVIII	51502747	543177
AAC#2	AAC#2#chrXIV	52045925	774294
AAC#2	AAC#2#chrXIII	52820220	787804
AAC#2	AAC#2#chrXVI	53608025	929124
AAC#2	AAC#2#chrVII	54537150	1092926
AAC#2	AAC#2#chrXII	55630077	994353
AAC#2	AAC#2#chrXV	56624431	1051554
AAC#2	AAC#2#chrXI	57675986	670153
AAC#2	AAC#2#chrIV	58346140	1483485
AAR#0	AAR#0#chrMT	59829626	84592
AAR#0	AAR#0#chrI	59914219	198590
AAR#0	AAR#0#chrV	60112810	586236
AAR#0	AAR#0#chrIII	60699047	346238
AAR#0	AAR#0#chrVI	61045286	264867
AAR#0	AAR#0#chrIX	61310154	420959
AAR#0	AAR#0#chrII	61731114	800423
AAR#0	AAR#0#chrVII	62531538	1093381
AAR#0	AAR#0#chrXI	63624920	680615
AAR#0	AAR#0#chrX	64305536	742821
AAR#0	AAR#0#chrVIII	65048358	540757
AAR#0	AAR#0#chrXIV	65589116	798669
AAR#0	AAR#0#chrXIII	66387786	947229
AAR#0	AAR#0#chrIV	67335016	1510888
AAR#0	AAR#0#chrXVI	68845905	905389
AAR#0	AAR#0#chrXV	69751295	1047497
AAR#0	AAR#0#chrXII	70798793	1035836
ABA#0	ABA#0#chrI	71834630	241978
ABA#0	ABA#0#chrIII	72076609	327654
ABA#0	ABA#0#chrIX	72404264	458738
ABA#0	ABA#0#chrMT	72863003	88998
ABA#0	ABA#0#chrII	72952002	807049
ABA#0	ABA#0#chrV	73759052	576826
ABA#0	ABA#0#chrVI	74335879	300067
ABA#0	ABA#0#chrIV	74635947	1551313
ABA#0	ABA#0#chrX	76187261	751951
ABA#0	ABA#0#chrVIII	76939213	544142
ABA#0	ABA#0#chrVII	77483356	1112268
ABA#0	ABA#0#chrXI	78595625	669760
ABA#0	ABA#0#chrXII	79265386	1032105
ABA#0	ABA#0#chrXIII	80297492	934841
ABA#0	ABA#0#chrXVI	81232334	936510
ABA#0	ABA#0#chrXIV	82168845	786223
ABA#0	ABA#0#chrXV	82955069	1077852
ABH#0	ABH#0#chrI	84032922	207292
ABH#0	ABH#0#chrIII	84240215	312800
ABH#0	ABH#0#chrMT	84553016	79643
ABH#0	ABH#0#chrIX	84632660	446399
ABH#0	ABH#0#chrIV	85079060	1483247
ABH#0	ABH#0#chrVI	86562308	288350
ABH#0	ABH#0#chrV_chrXIV	86850659	876994
ABH#0	ABH#0#chrII	87727654	803039
ABH#0	ABH#0#chrVII	88530694	1086243
ABH#0	ABH#0#chrVIII	89616938	560740
ABH#0	ABH#0#chrXIII	90177679	901459
ABH#0	ABH#0#chrXIV_chrV	91079139	482152
ABH#0	ABH#0#chrX	91561292	731177
ABH#0	ABH#0#chrXI	92292470	686157
ABH#0	ABH#0#chrXV	92978628	1083804
ABH#0	ABH#0#chrXII	94062433	1056293
ABH#0	ABH#0#chrXVI	95118727	905253
ACA#0	ACA#0#chrI	96023981	233527
ACA#0	ACA#0#chrIII	96257509	338240
ACA#0	ACA#0#chrIX	96595750	438907
ACA#0	ACA#0#chrVIII	97034658	579685
ACA#0	ACA#0#chrV	97614344	570894
ACA#0	ACA#0#chrVI	98185239	255490
ACA#0	ACA#0#chrX	98440730	749084
ACA#0	ACA#0#chrIV	99189815	1558952
ACA#0	ACA#0#chrVII	100748768	1051183
ACA#0	ACA#0#chrXIV	101799952	787769
ACA#0	ACA#0#chrXIII	102587722	907964
ACA#0	ACA#0#chrXV	103495687	1098276
ACA#0	ACA#0#chrXVI	104593964	930393
ACA#0	ACA#0#chrXII	105524358	1308550
ACA#0	ACA#0#chrII	106832909	801676
ACA#0	ACA#0#chrXI	107634586	681479
ACA#0	ACA#0#chrMT	108316066	85503
ACH#0	ACH#0#chrIII	108401570	329512
ACH#0	ACH#0#chrI	108731083	222291
ACH#0	ACH#0#chrIX	108953375	441545
ACH#0	ACH#0#chrVI	109394921	251399
ACH#0	ACH#0#chrV	109646321	586428
ACH#0	ACH#0#chrII	110232750	811940
ACH#0	ACH#0#chrXII	111044691	1212632
ACH#0	ACH#0#chrVIII	112257324	580813
ACH#0	ACH#0#chrIV	112838138	1502772
ACH#0	ACH#0#chrX	114340911	730885
ACH#0	ACH#0#chrVII	115071797	1062842
ACH#0	ACH#0#chrXIII	116134640	923966
ACH#0	ACH#0#chrXVI	117058607	931629
ACH#0	ACH#0#chrXIV	117990237	828344
ACH#0	ACH#0#chrXV	118818582	1073980
ACH#0	ACH#0#chrXI	119892563	676115
ACH#0	ACH#0#chrMT	120568679	77320
ADE#0	ADE#0#chrII	120646000	792964
ADE#0	ADE#0#chrIII	121438965	301794
ADE#0	ADE#0#chrI	121740760	228769
ADE#0	ADE#0#chrV	121969530	553106
ADE#0	ADE#0#chrIX	122522637	430851
ADE#0	ADE#0#chrVII	122953489	1065022
ADE#0	ADE#0#chrVIII	124018512	532034
ADE#0	ADE#0#chrIV	124550547	1470873
ADE#0	ADE#0#chrXIII	126021421	918080
ADE#0	ADE#0#chrVI	126939502	289207
ADE#0	ADE#0#chrX	127228710	715725
ADE#0	ADE#0#chrXII	127944436	1110888
ADE#0	ADE#0#chrXI	129055325	669629
ADE#0	ADE#0#chrXVI	129724955	909898
ADE#0	ADE#0#chrXV	130634854	1049509
ADE#0	ADE#0#chrXIV	131684364	761445
ADE#0	ADE#0#chrMT	132445810	73480
ADI#0	ADI#0#chrIX	132519291	555057
ADI#0	ADI#0#chrIII	133074349	361064
ADI#0	ADI#0#chrII	133435414	830640
ADI#0	ADI#0#chrV	134266055	650982
ADI#0	ADI#0#chrI	134917038	264382
ADI#0	ADI#0#chrVII	135181421	1079828
ADI#0	ADI#0#chrVIII_chrXVI	136261250	920639
ADI#0	ADI#0#chrIV	137181890	1568387
ADI#0	ADI#0#chrVI	138750278	310532
ADI#0	ADI#0#chrX	139060811	787070
ADI#0	ADI#0#chrXI	139847882	792786
ADI#0	ADI#0#chrXVI	140640669	611100
ADI#0	ADI#0#chrXV	141251770	1097830
ADI#0	ADI#0#chrXII	142349601	1358003
ADI#0	ADI#0#chrXIII	143707605	970858
ADI#0	ADI#0#chrXIV	144678464	767999
ADI#0	ADI#0#chrMT	145446464	78916
ADM#0	ADM#0#chrI	145525381	218771
ADM#0	ADM#0#chrIII	145744153	299952
ADM#0	ADM#0#chrV	146044106	467425
ADM#0	ADM#0#chrIX	146511532	448821
ADM#0	ADM#0#chrVI	146960354	252446
ADM#0	ADM#0#chrVIII	147212801	546608
ADM#0	ADM#0#chrII	147759410	813432
ADM#0	ADM#0#chrXII	148572843	1038224
ADM#0	ADM#0#chrIV	149611068	1510626
ADM#0	ADM#0#chrXI	151121695	696228
ADM#0	ADM#0#chrX	151817924	691036
ADM#0	ADM#0#chrXIII	152508961	923358
ADM#0	ADM#0#chrVII	153432320	1103061
ADM#0	ADM#0#chrXIV	154535382	774295
ADM#0	ADM#0#chrXVI_chrV	155309678	1010794
ADM#0	ADM#0#chrXV	156320473	1072058
ADM#0	ADM#0#chrMT	157392532	84554
ADM#1	ADM#1#chrI_1	157477087	77509
ADM#1	ADM#1#chrI_2	157554597	124141
ADM#1	ADM#1#chrII_6	157678739	116996
ADM#1	ADM#1#chrII_5	157795736	166051
ADM#1	ADM#1#chrII_3	157961788	75117
ADM#1	ADM#1#chrII_4	158036906	57426
ADM#1	ADM#1#chrIII_1	158094333	49662
ADM#1	ADM#1#chrIII_2	158143996	177825
ADM#1	ADM#1#chrII_1	158321822	133204
ADM#1	ADM#1#chrIII_3	158455027	68538
ADM#1	ADM#1#chrIV_3	158523566	37369
ADM#1	ADM#1#chrIV_2	158560936	116756
ADM#1	ADM#1#chrIV_1	158677693	112842
ADM#1	ADM#1#chrII_2	158790536	222238
ADM#1	ADM#1#chrIV_4	159012775	31619
ADM#1	ADM#1#chrIV_5	159044395	60577
ADM#1	ADM#1#chrIX_3	159104973	52933
ADM#1	ADM#1#chrV_1	159157907	83443
ADM#1	ADM#1#chrIV_6	159241351	328095
ADM#1	ADM#1#chrIX_2	159569447	49887
ADM#1	ADM#1#chrV_4	159619335	26553
ADM#1	ADM#1#chrV_5	159645889	38979
ADM#1	ADM#1#chrIX_1	159684869	301408
ADM#1	ADM#1#chrV_2	159986278	49192
ADM#1	ADM#1#chrIV_7	160035471	745550
ADM#1	ADM#1#chrV_6	160781022	62289
ADM#1	ADM#1#chrV_chrXII	160843312	68947
ADM#1	ADM#1#chrVI_2	160912260	100864
ADM#1	ADM#1#chrV_3	161013125	242812
ADM#1	ADM#1#chrVII_4	161255938	153095
ADM#1	ADM#1#chrVI_1	161409034	138304
ADM#1	ADM#1#chrVII_5	161547339	22395
ADM#1	ADM#1#chrVII_3	161569735	407261
ADM#1	ADM#1#chrVII_7	161976997	40002
ADM#1	ADM#1#chrVII_8	162017000	38159
ADM#1	ADM#1#chrVII_2	162055160	38505
ADM#1	ADM#1#chrVIII_1	162093666	31211
ADM#1	ADM#1#chrVII_6	162124878	29759
ADM#1	ADM#1#chrVIII_4	162154638	91030
ADM#1	ADM#1#chrVII_1	162245669	61462
ADM#1	ADM#1#chrVIII_3	162307132	201281
ADM#1	ADM#1#chrVIII_2	162508414	184602
ADM#1	ADM#1#chrX_1	162693017	37908
ADM#1	ADM#1#chrVII_9	162730926	253826
ADM#1	ADM#1#chrX_6	162984753	223677
ADM#1	ADM#1#chrX_3	163208431	105928
ADM#1	ADM#1#chrXI_2	163314360	67702
ADM#1	ADM#1#chrXI_4	163382063	174587
ADM#1	ADM#1#chrX_2	163556651	73002
ADM#1	ADM#1#chrXI_5	163629654	103881
ADM#1	ADM#1#chrXI_1	163733536	117740
ADM#1	ADM#1#chrXI_3	163851277	148950
ADM#1	ADM#1#chrX_4	164000228	92031
ADM#1	ADM#1#chrX_5	164092260	132899
ADM#1	ADM#1#chrXII_2	164225160	173553
ADM#1	ADM#1#chrXII_8	164398714	59194
ADM#1	ADM#1#chrXII_5	164457909	116977
ADM#1	ADM#1#chrXII_7	164574887	36431
ADM#1	ADM#1#chrXIII_2	164611319	140426
ADM#1	ADM#1#chrXIII_5	164751746	128910
ADM#1	ADM#1#chrXIII_4	164880657	78969
ADM#1	ADM#1#chrXII_1	164959627	293953
ADM#1	ADM#1#chrXIII_3	165253581	65042
ADM#1	ADM#1#chrXIII_8	165318624	36420
ADM#1	ADM#1#chrXIII_6	165355045	36607
ADM#1	ADM#1#chrXIII_7	165391653	53086
ADM#1	ADM#1#chrXII_6	165444740	106305
ADM#1	ADM#1#chrXIV_2	165551046	47996
ADM#1	ADM#1#chrXIII_9	165599043	48872
ADM#1	ADM#1#chrXIV_5	165647916	43620
ADM#1	ADM#1#chrXII_3	165691537	200347
ADM#1	ADM#1#chrXIV_3	165891885	127889
ADM#1	ADM#1#chrXIV_1	166019775	77893
ADM#1	ADM#1#chrXIV_6	166097669	309352
ADM#1	ADM#1#chrXV_3	166407022	28443
ADM#1	ADM#1#chrXV_5	166435466	64535
ADM#1	ADM#1#chrXV_2	166500002	164788
ADM#1	ADM#1#chrXV_4	166664791	26241
ADM#1	ADM#1#chrXIV_4	166691033	60681
ADM#1	ADM#1#chrXIV_7	166751715	57574
ADM#1	ADM#1#chrXV_7	166809290	65008
ADM#1	ADM#1#chrXV_10	166874299	29245
ADM#1	ADM#1#chrXVI_4	166903545	77246
ADM#1	ADM#1#chrXV_6	166980792	208001
ADM#1	ADM#1#chrXIII_1	167188794	263453
ADM#1	ADM#1#chrXV_1	167452248	92876
ADM#1	ADM#1#chrXVI_3	167545125	66482
ADM#1	ADM#1#chrXVI_6	167611608	145018
ADM#1	ADM#1#chrXVI_1	167756627	233297
ADM#1	ADM#1#chrXVI_7	167989925	92859
ADM#1	ADM#1#chrXVI_8	168082785	58130
ADM#1	ADM#1#chrXVI_5	168140916	25858
ADM#1	ADM#1#chrXV_8	168166775	66857
ADM#1	ADM#1#chrXV_9	168233633	278465
ADM#1	ADM#1#chrXVI_2	168512099	199044
ADM#2	ADM#2#chrII_11	168711144	46772
ADM#2	ADM#2#chrI_2	168757917	59678
ADM#2	ADM#2#chrII_10	168817596	47251
ADM#2	ADM#2#chrII_5	168864848	41536
ADM#2	ADM#2#chrII_4	168906385	15742
ADM#2	ADM#2#chrII_12	168922128	46945
ADM#2	ADM#2#chrII_6	168969074	16410
ADM#2	ADM#2#chrII_2	168985485	149604
ADM#2	ADM#2#chrI_1	169135090	153035
ADM#2	ADM#2#chrII_8	169288126	39236
ADM#2	ADM#2#chrII_1	169327363	118021
ADM#2	ADM#2#chrII_3	169445385	35975
ADM#2	ADM#2#chrIII_1	169481361	141358
ADM#2	ADM#2#chrII_7	169622720	66349
ADM#2	ADM#2#chrIV_8	169689070	93137
ADM#2	ADM#2#chrII_9	169782208	111173
ADM#2	ADM#2#chrIV_4	169893382	39252
ADM#2	ADM#2#chrIII_2	169932635	15770
ADM#2	ADM#2#chrIV_5	169948406	62417
ADM#2	ADM#2#chrIV_7	170010824	82220
ADM#2	ADM#2#chrIV_6	170093045	138662
ADM#2	ADM#2#chrIV_11	170231708	111237
ADM#2	ADM#2#chrIV_3	170342946	140071
ADM#2	ADM#2#chrIII_3	170483018	113943
ADM#2	ADM#2#chrIV_10	170596962	218261
ADM#2	ADM#2#chrIV_2	170815224	181444
ADM#2	ADM#2#chrIV_9	170996669	172933
ADM#2	ADM#2#chrIX_10	171169603	9673
ADM#2	ADM#2#chrIV_1	171179277	195834
ADM#2	ADM#2#chrIX_2	171375112	38494
ADM#2	ADM#2#chrIX_6	171413607	49525
ADM#2	ADM#2#chrIX_11	171463133	28694
ADM#2	ADM#2#chrIX_1	171491828	32527
ADM#2	ADM#2#chrIX_5	171524356	18662
ADM#2	ADM#2#chrV_4	171543019	135097
ADM#2	ADM#2#chrIX_4	171678117	24660
ADM#2	ADM#2#chrV_6	171702778	28067
ADM#2	ADM#2#chrIX_3	171730846	11786
ADM#2	ADM#2#chrVII_10	171742633	71905
ADM#2	ADM#2#chrV_5	171814539	37819
ADM#2	ADM#2#chrV_7	171852359	131974
ADM#2	ADM#2#chrIX_7	171984334	120400
ADM#2	ADM#2#chrVII_11	172104735	127577
ADM#2	ADM#2#chrV_1	172232313	123641
ADM#2	ADM#2#chrVII_14	172355955	32326
ADM#2	ADM#2#chrIX_9	172388282	63995
ADM#2	ADM#2#chrVII_12	172452278	52173
ADM#2	ADM#2#chrVI_3	172504452	51669
ADM#2	ADM#2#chrVII_13	172556122	50427
ADM#2	ADM#2#chrVI_2	172606550	51672
ADM#2	ADM#2#chrVII_5	172658223	20942
ADM#2	ADM#2#chrVII_7	172679166	60310
ADM#2	ADM#2#chrV_3	172739477	80627
ADM#2	ADM#2#chrVII_18	172820105	58353
ADM#2	ADM#2#chrVIII_1	172878459	24481
ADM#2	ADM#2#chrVII_16	172902941	83140
ADM#2	ADM#2#chrVII_1	172986082	92920
ADM#2	ADM#2#chrVII_4	173079003	29315
ADM#2	ADM#2#chrVIII_2	173108319	117581
ADM#2	ADM#2#chrVII_2	173225901	56803
ADM#2	ADM#2#chrVII_8	173282705	11004
ADM#2	ADM#2#chrVII_3	173293710	40989
ADM#2	ADM#2#chrX_4	173334700	95866
ADM#2	ADM#2#chrVII_15	173430567	21808
ADM#2	ADM#2#chrX_2	173452376	89496
ADM#2	ADM#2#chrVII_17	173541873	39006
ADM#2	ADM#2#chrX_3	173580880	86084
ADM#2	ADM#2#chrXI_10	173666965	37012
ADM#2	ADM#2#chrVII_9	173703978	105282
ADM#2	ADM#2#chrX_5	173809261	27650
ADM#2	ADM#2#chrVI_1	173836912	134845
ADM#2	ADM#2#chrX_8	173971758	66764
ADM#2	ADM#2#chrX_6	174038523	102312
ADM#2	ADM#2#chrVIII_3	174140836	362259
ADM#2	ADM#2#chrXI_11	174503096	32764
ADM#2	ADM#2#chrX_1	174535861	86682
ADM#2	ADM#2#chrXI_1	174622544	23548
ADM#2	ADM#2#chrXI_3	174646093	26875
ADM#2	ADM#2#chrXI_7	174672969	66558
ADM#2	ADM#2#chrX_7	174739528	99249
ADM#2	ADM#2#chrXII_3	174838778	20857
ADM#2	ADM#2#chrXI_4	174859636	60911
ADM#2	ADM#2#chrXII_1	174920548	17927
ADM#2	ADM#2#chrXII_4	174938476	94720
ADM#2	ADM#2#chrXII_10	175033197	107112
ADM#2	ADM#2#chrXI_5	175140310	38083
ADM#2	ADM#2#chrXII_5	175178394	54095
ADM#2	ADM#2#chrXI_8	175232490	83776
ADM#2	ADM#2#chrXII_9	175316267	63433
ADM#2	ADM#2#chrXI_2	175379701	170071
ADM#2	ADM#2#chrXII_7	175549773	56353
ADM#2	ADM#2#chrXIII_12	175606127	207532
ADM#2	ADM#2#chrXII_6	175813660	34528
ADM#2	ADM#2#chrXI_9	175848189	111770
ADM#2	ADM#2#chrXIII_4	175959960	124575
ADM#2	ADM#2#chrXII_8	176084536	239876
ADM#2	ADM#2#chrXIII_11	176324413	41033
ADM#2	ADM#2#chrXIII_2	176365447	45760
ADM#2	ADM#2#chrXIII_7	176411208	21694
ADM#2	ADM#2#chrXIII_5	176432903	29642
ADM#2	ADM#2#chrXII_2	176462546	200910
ADM#2	ADM#2#chrXIII_6	176663457	20416
ADM#2	ADM#2#chrXIII_8	176683874	14128
ADM#2	ADM#2#chrXIV_11	176698003	27222
ADM#2	ADM#2#chrXIV_3	176725226	31413
ADM#2	ADM#2#chrXIV_12	176756640	164507
ADM#2	ADM#2#chrXIV_4	176921148	15053
ADM#2	ADM#2#chrXIII_1	176936202	77178
ADM#2	ADM#2#chrXIV_6	177013381	16438
ADM#2	ADM#2#chrXIV_10	177029820	45986
ADM#2	ADM#2#chrXIV_5	177075807	18367
ADM#2	ADM#2#chrXIII_9	177094175	83381
ADM#2	ADM#2#chrXIV_1	177177557	112712
ADM#2	ADM#2#chrXIV_7	177290270	91770
ADM#2	ADM#2#chrXIV_8	177382041	102504
ADM#2	ADM#2#chrXIV_9	177484546	18025
ADM#2	ADM#2#chrXV_10	177502572	14267
ADM#2	ADM#2#chrXV_14	177516840	32268
ADM#2	ADM#2#chrXV_13	177549109	27703
ADM#2	ADM#2#chrXV_15	177576813	9157
ADM#2	ADM#2#chrXV_11	177585971	73856
ADM#2	ADM#2#chrXV_12	177659828	38494
ADM#2	ADM#2#chrXV_5	177698323	143377
ADM#2	ADM#2#chrXV_8	177841701	49142
ADM#2	ADM#2#chrXV_1	177890844	44338
ADM#2	ADM#2#chrXV_9	177935183	15435
ADM#2	ADM#2#chrXV_18	177950619	92565
ADM#2	ADM#2#chrXVI_11	178043185	24357
ADM#2	ADM#2#chrXV_6	178067543	80837
ADM#2	ADM#2#chrXVI_10	178148381	177041
ADM#2	ADM#2#chrXVI_12	178325423	77256
ADM#2	ADM#2#chrXVI_2	178402680	75474
ADM#2	ADM#2#chrXV_7	178478155	85909
ADM#2	ADM#2#chrXV_19	178564065	92326
ADM#2	ADM#2#chrXV_4	178656392	64978
ADM#2	ADM#2#chrXV_2	178721371	36164
ADM#2	ADM#2#chrXV_17	178757536	27866
ADM#2	ADM#2#chrXVI_1	178785403	86809
ADM#2	ADM#2#chrXVI_6	178872213	55202
ADM#2	ADM#2#chrXVI_3	178927416	96808
ADM#2	ADM#2#chrXVI_9	179024225	17303
ADM#2	ADM#2#chrXVI_8	179041529	98102
ADM#2	ADM#2#chrXVI_7	179139632	99377
ADM#2	ADM#2#chrXVI_4	179239010	16081
ADM#2	ADM#2#chrXVI_5	179255092	70367
ADM#2	ADM#2#chrXIII_10	179325460	80382
ADM#2	ADM#2#chrXIII_14	179405843	62457
ADM#2	ADM#2#chrXII_11	179468301	81694
ADM#2	ADM#2#chrIX_8	179549996	21831
ADM#2	ADM#2#chrV_2	179571828	13962
ADM#2	ADM#2#chrVII_6	179585791	3304
ADM#2	ADM#2#chrXI_6	179589096	20139
ADM#2	ADM#2#chrXIII_13	179609236	4262
ADM#2	ADM#2#chrXIII_3	179613499	5647
ADM#2	ADM#2#chrXIV_2	179619147	2575
ADM#2	ADM#2#chrXV_16	179621723	4357
ADM#2	ADM#2#chrXV_3	179626081	15385
ADQ#0	ADQ#0#chrXI	179641467	668375
ADQ#0	ADQ#0#chrIX	180309843	431791
ADQ#0	ADQ#0#chrVII	180741635	1085105
ADQ#0	ADQ#0#chrMT	181826741	73495
ADQ#0	ADQ#0#chrIII	181900237	333688
ADQ#0	ADQ#0#chrVIII	182233926	532933
ADQ#0	ADQ#0#chrV	182766860	561178
ADQ#0	ADQ#0#chrX	183328039	707220
ADQ#0	ADQ#0#chrII	184035260	805796
ADQ#0	ADQ#0#chrXIV	184841057	780287
ADQ#0	ADQ#0#chrXII	185621345	1061892
ADQ#0	ADQ#0#chrXIII	186683238	895464
ADQ#0	ADQ#0#chrXV	187578703	1063429
ADQ#0	ADQ#0#chrXVI	188642133	910984
ADQ#0	ADQ#0#chrIV	189553118	1505081
ADQ#0	ADQ#0#chrI	191058200	212442
ADQ#0	ADQ#0#chrVI	191270643	264678
ADS#0	ADS#0#chrIII	191535322	308646
ADS#0	ADS#0#chrV	191843969	568220
ADS#0	ADS#0#chrVII	192412190	1058409
ADS#0	ADS#0#chrIX	193470600	418910
ADS#0	ADS#0#chrVI	193889511	247349
ADS#0	ADS#0#chrII	194136861	787665
ADS#0	ADS#0#chrX	194924527	720552
ADS#0	ADS#0#chrXIII	195645080	909441
ADS#0	ADS#0#chrXV	196554522	1056671
ADS#0	ADS#0#chrXVI	197611194	924362
ADS#0	ADS#0#chrI	198535557	193094
ADS#0	ADS#0#chrVIII	198728652	533855
ADS#0	ADS#0#chrXI	199262508	674189
ADS#0	ADS#0#chrXII	199936698	1036594
ADS#0	ADS#0#chrIV	200973293	1483576
ADS#0	ADS#0#chrXIV	202456870	769916
ADS#0	ADS#0#chrMT	203226787	82018
AEG#0	AEG#0#chrII	203308806	833921
AEG#0	AEG#0#chrIII	204142728	311025
AEG#0	AEG#0#chrVI	204453754	262158
AEG#0	AEG#0#chrIV	204715913	1506048
AEG#0	AEG#0#chrV	206221962	595153
AEG#0	AEG#0#chrXVI	206817116	945269
AEG#0	AEG#0#chrVIII	207762386	562444
AEG#0	AEG#0#chrIX	208324831	454966
AEG#0	AEG#0#chrXIII	208779798	922520
AEG#0	AEG#0#chrVII	209702319	1073878
AEG#0	AEG#0#chrXIV	210776198	784809
AEG#0	AEG#0#chrX	211561008	724779
AEG#0	AEG#0#chrXII	212285788	1018070
AEG#0	AEG#0#chrXV	213303859	1073327
AEG#0	AEG#0#chrI	214377187	216756
AEG#0	AEG#0#chrXI	214593944	680355
AEG#0	AEG#0#chrMT	215274300	84293
AEH#0	AEH#0#chrI	215358594	196939
AEH#0	AEH#0#chrII	215555534	804733
AEH#0	AEH#0#chrIII	216360268	357725
AEH#0	AEH#0#chrIX	216717994	438006
AEH#0	AEH#0#chrVI	217156001	301883
AEH#0	AEH#0#chrVIII	217457885	540440
AEH#0	AEH#0#chrVII	217998326	1077028
AEH#0	AEH#0#chrV	219075355	573551
AEH#0	AEH#0#chrXI	219648907	698521
AEH#0	AEH#0#chrXVI	220347429	929270
AEH#0	AEH#0#chrXV	221276700	1089240
AEH#0	AEH#0#chrX	222365941	753944
AEH#0	AEH#0#chrXII	223119886	1100182
AEH#0	AEH#0#chrXIV	224220069	802357
AEH#0	AEH#0#chrIV	225022427	1506693
AEH#0	AEH#0#chrXIII	226529121	922731
AEH#0	AEH#0#chrMT	227451853	89628
AEL#0	AEL#0#chrI	227541482	222472
AEL#0	AEL#0#chrIII	227763955	295597
AEL#0	AEL#0#chrIX	228059553	436993
AEL#0	AEL#0#chrMT	228496547	87541
AEL#0	AEL#0#chrVI	228584089	271384
AEL#0	AEL#0#chrV	228855474	271771
AEL#0	AEL#0#chrVIII_chrV	229127246	456397
AEL#0	AEL#0#chrVIII	229583644	463197
AEL#0	AEL#0#chrXIV	230046842	800367
AEL#0	AEL#0#chrXI	230847210	722007
AEL#0	AEL#0#chrVII	231569218	1100448
AEL#0	AEL#0#chrX	232669667	755851
AEL#0	AEL#0#chrIV	233425519	1496240
AEL#0	AEL#0#chrXV	234921760	1053815
AEL#0	AEL#0#chrXII	235975576	1084094
AEL#0	AEL#0#chrXVI	237059671	927599
AEL#0	AEL#0#chrII	237987271	809853
AEL#0	AEL#0#chrXIII	238797125	910554
AEL#1	AEL#1#chrIII	239707680	329339
AEL#1	AEL#1#chrIX_1	240037020	165375
AEL#1	AEL#1#chrI	240202396	225084
AEL#1	AEL#1#chrIX_2	240427481	227509
AEL#1	AEL#1#chrV_2	240654991	306132
AEL#1	AEL#1#chrV_1	240961124	277183
AEL#1	AEL#1#chrVII_1	241238308	432795
AEL#1	AEL#1#chrXV_2	241671104	221726
AEL#1	AEL#1#chrXVI	241892831	904397
AEL#1	AEL#1#chrVII_2	242797229	688995
AEL#1	AEL#1#chrXII_2	243486225	595941
AEL#1	AEL#1#chrXV_1	244082167	845383
AEL#1	AEL#1#chrXIII	244927551	902232
AEL#1	AEL#1#chrIV	245829784	1481109
AEL#1	AEL#1#chrXIV	247310894	761858
AEL#1	AEL#1#chrII	248072753	802439
AEL#1	AEL#1#chrVIII	248875193	561945
AEL#1	AEL#1#chrX	249437139	742973
AEL#1	AEL#1#chrXI	250180113	668655
AEL#1	AEL#1#chrXII_1	250848769	484051
AEL#1	AEL#1#chrVI	251332821	247447
AEL#2	AEL#2#chrII_1	251580269	86387
AEL#2	AEL#2#chrII_5	251666657	20358
AEL#2	AEL#2#chrII_3	251687016	189334
AEL#2	AEL#2#chrII_4	251876351	182625
AEL#2	AEL#2#chrI	252058977	130519
AEL#2	AEL#2#chrII_2	252189497	185554
AEL#2	AEL#2#chrIV_3	252375052	42124
AEL#2	AEL#2#chrIX_1	252417177	75510
AEL#2	AEL#2#chrIX_2	252492688	402918
AEL#2	AEL#2#chrVIII_1	252895607	209641
AEL#2	AEL#2#chrVI	253105249	267340
AEL#2	AEL#2#chrVIII_2	253372590	30755
AEL#2	AEL#2#chrVIII_3	253403346	154390
AEL#2	AEL#2#chrV	253557737	204734
AEL#2	AEL#2#chrIV_1	253762472	652386
AEL#2	AEL#2#chrVIII_chrV	254414859	464633
AEL#2	AEL#2#chrX_2	254879493	86889
AEL#2	AEL#2#chrXII_4	254966383	57479
AEL#2	AEL#2#chrXII_3	255023863	230736
AEL#2	AEL#2#chrXII_2	255254600	140374
AEL#2	AEL#2#chrXV_2	255394975	140668
AEL#2	AEL#2#chrIV_2	255535644	771902
AEL#2	AEL#2#chrXIV_2	256307547	78201
AEL#2	AEL#2#chrXIV_1	256385749	703582
AEL#2	AEL#2#chrX_1	257089332	626210
AEL#2	AEL#2#chrXII_1	257715543	595598
AEL#2	AEL#2#chrXI	258311142	662809
AEL#2	AEL#2#chrXVI	258973952	921244
AEL#2	AEL#2#chrXIII	259895197	922177
AEL#2	AEL#2#chrVII	260817375	1067700
AEL#2	AEL#2#chrXV_1	261885076	901240
AEL#2	AEL#2#chrIII	262786317	286489
AFH#0	AFH#0#chrI	263072807	223869
AFH#0	AFH#0#chrIII	263296677	301718
AFH#0	AFH#0#chrVI	263598396	254341
AFH#0	AFH#0#chrX	263852738	756015
AFH#0	AFH#0#chrV	264608754	584912
AFH#0	AFH#0#chrVIII	265193667	535164
AFH#0	AFH#0#chrIV	265728832	1486390
AFH#0	AFH#0#chrXI	267215223	682557
AFH#0	AFH#0#chrXVI	267897781	920621
AFH#0	AFH#0#chrXIII	268818403	908550
AFH#0	AFH#0#chrXIV	269726954	792304
AFH#0	AFH#0#chrVII_chrXVI	270519259	1207997
AFH#0	AFH#0#chrXII	271727257	1085783
AFH#0	AFH#0#chrIX	272813041	442102
AFH#0	AFH#0#chrII	273255144	846320
AFH#0	AFH#0#chrXV	274101465	1061943
AFH#0	AFH#0#chrMT	275163409	76060
AFI#0	AFI#0#chrI	275239470	204004
AFI#0	AFI#0#chrV	275443475	549826
AFI#0	AFI#0#chrVI	275993302	257416
AFI#0	AFI#0#chrIII	276250719	330066
AFI#0	AFI#0#chrIX	276580786	433286
AFI#0	AFI#0#chrX	277014073	737981
AFI#0	AFI#0#chrXI	277752055	683433
AFI#0	AFI#0#chrII	278435489	799939
AFI#0	AFI#0#chrXV	279235429	1029235
AFI#0	AFI#0#chrXIII	280264665	909263
AFI#0	AFI#0#chrXIV	281173929	766361
AFI#0	AFI#0#chrXVI	281940291	566061
AFI#0	AFI#0#chrXII	282506353	1121541
AFI#0	AFI#0#chrVIII_chrXVI	283627895	952675
AFI#0	AFI#0#chrIV	284580571	1492128
AFI#0	AFI#0#chrVII	286072700	1051486
AFI#0	AFI#0#chrMT	287124187	82514
AGA_1a#0	AGA_1a#0#chrVI	287206702	251188
AGA_1a#0	AGA_1a#0#chrIII	287457891	310260
AGA_1a#0	AGA_1a#0#chrII	287768152	802838
AGA_1a#0	AGA_1a#0#chrXI	288570991	669013
AGA_1a#0	AGA_1a#0#chrX	289240005	743092
AGA_1a#0	AGA_1a#0#chrXIII	289983098	914980
AGA_1a#0	AGA_1a#0#chrVII	290898079	1053792
AGA_1a#0	AGA_1a#0#chrXVI	291951872	561740
AGA_1a#0	AGA_1a#0#chrIV	292513613	1481137
AGA_1a#0	AGA_1a#0#chrXIV	293994751	759518
AGA_1a#0	AGA_1a#0#chrVIII_chrXVI	294754270	904319
AGA_1a#0	AGA_1a#0#chrIX	295658590	420264
AGA_1a#0	AGA_1a#0#chrI	296078855	207816
AGA_1a#0	AGA_1a#0#chrV	296286672	573964
AGA_1a#0	AGA_1a#0#chrXII	296860637	1066355
AGA_1a#0	AGA_1a#0#chrXV	297926993	1039812
AGA_1a#0	AGA_1a#0#chrMT	298966806	82481
AGK#0	AGK#0#chrII	299049288	819739
AGK#0	AGK#0#chrIII	299869028	314003
AGK#0	AGK#0#chrVI	300183032	259039
AGK#0	AGK#0#chrIX	300442072	436914
AGK#0	AGK#0#chrV	300878987	585357
AGK#0	AGK#0#chrVIII	301464345	549612
AGK#0	AGK#0#chrXIV	302013958	776854
AGK#0	AGK#0#chrXII	302790813	1048052
AGK#0	AGK#0#chrXI	303838866	697869
AGK#0	AGK#0#chrVII	304536736	1078519
AGK#0	AGK#0#chrXVI	305615256	951898
AGK#0	AGK#0#chrIV	306567155	1510924
AGK#0	AGK#0#chrXV	308078080	1129807
AGK#0	AGK#0#chrXIII	309207888	957701
AGK#0	AGK#0#chrI	310165590	228046
AGK#0	AGK#0#chrX	310393637	734162
AGK#0	AGK#0#chrMT	311127800	82145
AHG#0	AHG#0#chrII	311209946	789140
AHG#0	AHG#0#chrMT	311999087	81337
AHG#0	AHG#0#chrIX	312080425	386626
AHG#0	AHG#0#chrIII	312467052	310847
AHG#0	AHG#0#chrIV	312777900	1488587
AHG#0	AHG#0#chrVIII	314266488	589742
AHG#0	AHG#0#chrXI	314856231	689879
AHG#0	AHG#0#chrVII	315546111	1052111
AHG#0	AHG#0#chrXIV	316598223	778331
AHG#0	AHG#0#chrXV	317376555	1057726
AHG#0	AHG#0#chrXII	318434282	1058040
AHG#0	AHG#0#chrX	319492323	736724
AHG#0	AHG#0#chrI	320229048	227698
AHG#0	AHG#0#chrVI	320456747	262542
AHG#0	AHG#0#chrV	320719290	569254
AHG#0	AHG#0#chrXIII	321288545	919631
AHG#0	AHG#0#chrXVI	322208177	924570
AHL#0	AHL#0#chrII	323132748	786602
AHL#0	AHL#0#chrIX	323919351	452070
AHL#0	AHL#0#chrVI	324371422	280020
AHL#0	AHL#0#chrVII	324651443	1045779
AHL#0	AHL#0#chrVIII	325697223	537777
AHL#0	AHL#0#chrV	326235001	574208
AHL#0	AHL#0#chrIV	326809210	1500984
AHL#0	AHL#0#chrXI	328310195	721357
AHL#0	AHL#0#chrXIII	329031553	938365
AHL#0	AHL#0#chrX	329969919	756868
AHL#0	AHL#0#chrXV	330726788	1062508
AHL#0	AHL#0#chrXII	331789297	1088544
AHL#0	AHL#0#chrXVI	332877842	957567
AHL#0	AHL#0#chrI	333835410	223674
AHL#0	AHL#0#chrXIV	334059085	783468
AHL#0	AHL#0#chrIII	334842554	356902
AHL#0	AHL#0#chrMT	335199457	83995
AIC#0	AIC#0#chrII	335283453	800994
AIC#0	AIC#0#chrIX	336084448	434841
AIC#0	AIC#0#chrIII	336519290	344065
AIC#0	AIC#0#chrVI	336863356	255331
AIC#0	AIC#0#chrX	337118688	746635
AIC#0	AIC#0#chrXI	337865324	676635
AIC#0	AIC#0#chrXIV	338541960	782769
AIC#0	AIC#0#chrXIII	339324730	902138
AIC#0	AIC#0#chrXVI	340226869	917350
AIC#0	AIC#0#chrVII	341144220	1069850
AIC#0	AIC#0#chrXV	342214071	1119371
AIC#0	AIC#0#chrI	343333443	196942
AIC#0	AIC#0#chrV	343530386	552668
AIC#0	AIC#0#chrVIII	344083055	532353
AIC#0	AIC#0#chrXII	344615409	1039192
AIC#0	AIC#0#chrIV	345654602	1500234
AIC#0	AIC#0#chrMT	347154837	82326
AIE#0	AIE#0#chrI	347237164	214282
AIE#0	AIE#0#chrIX	347451447	446233
AIE#0	AIE#0#chrIII	347897681	313665
AIE#0	AIE#0#chrV	348211347	577154
AIE#0	AIE#0#chrII	348788502	787581
AIE#0	AIE#0#chrVI	349576084	257956
AIE#0	AIE#0#chrXII	349834041	1072553
AIE#0	AIE#0#chrXV	350906595	1056106
AIE#0	AIE#0#chrXI	351962702	678296
AIE#0	AIE#0#chrVIII	352640999	552110
AIE#0	AIE#0#chrVII	353193110	1057385
AIE#0	AIE#0#chrX	354250496	738452
AIE#0	AIE#0#chrIV	354988949	1528364
AIE#0	AIE#0#chrXIV	356517314	785334
AIE#0	AIE#0#chrXVI	357302649	926018
AIE#0	AIE#0#chrXIII	358228668	937591
AIE#0	AIE#0#chrMT	359166260	86698
AIF#0	AIF#0#chrI	359252959	239167
AIF#0	AIF#0#chrIII	359492127	310472
AIF#0	AIF#0#chrVI	359802600	245455
AIF#0	AIF#0#chrIV	360048056	863079
AIF#0	AIF#0#chrVII	360911136	1071347
AIF#0	AIF#0#chrV	361982484	568288
AIF#0	AIF#0#chrXVI	362550773	351176
AIF#0	AIF#0#chrXV	362901950	1062689
AIF#0	AIF#0#chrXII	363964640	1070797
AIF#0	AIF#0#chrXI	365035438	813609
AIF#0	AIF#0#chrXVI_chrIV	365849048	1300070
AIF#0	AIF#0#chrXIV	367149119	789870
AIF#0	AIF#0#chrX	367938990	736926
AIF#0	AIF#0#chrXIII	368675917	909066
AIF#0	AIF#0#chrVIII	369584984	563062
AIF#0	AIF#0#chrII	370148047	795837
AIF#0	AIF#0#chrIX	370943885	435875
AIF#0	AIF#0#chrMT	371379761	77947
AIF#1	AIF#1#chrI	371457709	220879
AIF#1	AIF#1#chrV	371678589	566918
AIF#1	AIF#1#chrIX	372245508	442208
AIF#1	AIF#1#chrVII	372687717	1000505
AIF#1	AIF#1#chrXI	373688223	639667
AIF#1	AIF#1#chrXVI	374327891	289601
AIF#1	AIF#1#chrIV	374617493	860955
AIF#1	AIF#1#chrII	375478449	816371
AIF#1	AIF#1#chrXII	376294821	1064714
AIF#1	AIF#1#chrVI	377359536	245723
AIF#1	AIF#1#chrVIII	377605260	546841
AIF#1	AIF#1#chrXVI_chrIV	378152102	1299075
AIF#1	AIF#1#chrXV	379451178	1062431
AIF#1	AIF#1#chrIII	380513610	309921
AIF#1	AIF#1#chrX	380823532	723653
AIF#1	AIF#1#chrXIV	381547186	783586
AIF#1	AIF#1#chrXIII	382330773	909643
AIF#2	AIF#2#chrIX	383240417	346048
AIF#2	AIF#2#chrV	383586466	432013
AIF#2	AIF#2#chrVIII	384018480	529245
AIF#2	AIF#2#chrI	384547726	264753
AIF#2	AIF#2#chrVII	384812480	1064170
AIF#2	AIF#2#chrII	385876651	772284
AIF#2	AIF#2#chrXII	386648936	1032571
AIF#2	AIF#2#chrXIV	387681508	757289
AIF#2	AIF#2#chrXIII	388438798	862143
AIF#2	AIF#2#chrXVI_chrIV	389300942	1079345
AIF#2	AIF#2#chrXV	390380288	1024892
AIF#2	AIF#2#chrXI	391405181	678626
AIF#2	AIF#2#chrIII	392083808	311633
AIF#2	AIF#2#chrX	392395442	738514
AIF#2	AIF#2#chrIV	393133957	1472886
AIF#2	AIF#2#chrVI	394606844	245848
AIG#0	AIG#0#chrI	394852693	194692
AIG#0	AIG#0#chrIX	395047386	451554
AIG#0	AIG#0#chrII	395498941	801278
AIG#0	AIG#0#chrVIII	396300220	521475
AIG#0	AIG#0#chrVI	396821696	269894
AIG#0	AIG#0#chrXI	397091591	666060
AIG#0	AIG#0#chrXII	397757652	1034088
AIG#0	AIG#0#chrX	398791741	733448
AIG#0	AIG#0#chrIV	399525190	1586871
AIG#0	AIG#0#chrVII	401112062	1105924
AIG#0	AIG#0#chrXV	402217987	1053043
AIG#0	AIG#0#chrXVI	403271031	928976
AIG#0	AIG#0#chrIII	404200008	322437
AIG#0	AIG#0#chrV	404522446	562709
AIG#0	AIG#0#chrXIV	405085156	809182
AIG#0	AIG#0#chrXIII	405894339	911048
AIG#0	AIG#0#chrMT	406805388	82115
AIS#0	AIS#0#chrI	406887504	206768
AIS#0	AIS#0#chrII	407094273	823588
AIS#0	AIS#0#chrIX	407917862	425571
AIS#0	AIS#0#chrXIII	408343434	928777
AIS#0	AIS#0#chrVII	409272212	1076992
AIS#0	AIS#0#chrVIII	410349205	537431
AIS#0	AIS#0#chrXIV	410886637	767823
AIS#0	AIS#0#chrXI	411654461	658086
AIS#0	AIS#0#chrIV	412312548	1507698
AIS#0	AIS#0#chrXV	413820247	1051046
AIS#0	AIS#0#chrXVI	414871294	915282
AIS#0	AIS#0#chrV	415786577	595932
AIS#0	AIS#0#chrX	416382510	746734
AIS#0	AIS#0#chrVI	417129245	251555
AIS#0	AIS#0#chrIII	417380801	317445
AIS#0	AIS#0#chrXII	417698247	1227502
AIS#0	AIS#0#chrMT	418925750	82684
AIS#1	AIS#1#chrI	419008435	206464
AIS#1	AIS#1#chrVI	419214900	251606
AIS#1	AIS#1#chrIII	419466507	323423
AIS#1	AIS#1#chrVIII	419789931	541936
AIS#1	AIS#1#chrII	420331868	803549
AIS#1	AIS#1#chrXIV	421135418	740767
AIS#1	AIS#1#chrXIII	421876186	928143
AIS#1	AIS#1#chrVII	422804330	1076913
AIS#1	AIS#1#chrIV	423881244	1501747
AIS#1	AIS#1#chrX	425382992	746704
AIS#1	AIS#1#chrV	426129697	550916
AIS#1	AIS#1#chrXI	426680614	658098
AIS#1	AIS#1#chrXII	427338713	1295856
AIS#1	AIS#1#chrXV	428634570	1045095
AIS#1	AIS#1#chrXVI	429679666	920402
AIS#1	AIS#1#chrIX	430600069	431283
AIS#2	AIS#2#chrI	431031353	208123
AIS#2	AIS#2#chrIII	431239477	312802
AIS#2	AIS#2#chrIV	431552280	1397887
AIS#2	AIS#2#chrII	432950168	766567
AIS#2	AIS#2#chrVII	433716736	1118811
AIS#2	AIS#2#chrXI	434835548	585548
AIS#2	AIS#2#chrVI	435421097	285396
AIS#2	AIS#2#chrXIII	435706494	887083
AIS#2	AIS#2#chrX	436593578	684692
AIS#2	AIS#2#chrXVI	437278271	741387
AIS#2	AIS#2#chrXII	438019659	1287517
AIS#2	AIS#2#chrVIII	439307177	496667
AIS#2	AIS#2#chrXIV	439803845	735599
AIS#2	AIS#2#chrXV	440539445	927155
AIS#2	AIS#2#chrV	441466601	596246
AIS#2	AIS#2#chrIX	442062848	411576
AKH_1a#0	AKH_1a#0#chrI	442474425	226674
AKH_1a#0	AKH_1a#0#chrIII	442701100	311887
AKH_1a#0	AKH_1a#0#chrMT	443012988	73196
AKH_1a#0	AKH_1a#0#chrV	443086185	556709
AKH_1a#0	AKH_1a#0#chrIX	443642895	449779
AKH_1a#0	AKH_1a#0#chrII	444092675	797464
AKH_1a#0	AKH_1a#0#chrVI	444890140	279872
AKH_1a#0	AKH_1a#0#chrIV	445170013	1433511
AKH_1a#0	AKH_1a#0#chrVIII	446603525	519947
AKH_1a#0	AKH_1a#0#chrVII	447123473	1046429
AKH_1a#0	AKH_1a#0#chrX	448169903	718478
AKH_1a#0	AKH_1a#0#chrXII	448888382	1120436
AKH_1a#0	AKH_1a#0#chrXI	450008819	686395
AKH_1a#0	AKH_1a#0#chrXIII	450695215	885177
AKH_1a#0	AKH_1a#0#chrXIV	451580393	795732
AKH_1a#0	AKH_1a#0#chrXV	452376126	1068506
AKH_1a#0	AKH_1a#0#chrXVI	453444633	918595
AKR#0	AKR#0#chrI	454363229	188692
AKR#0	AKR#0#chrIII	454551922	360911
AKR#0	AKR#0#chrMT	454912834	74734
AKR#0	AKR#0#chrIX	454987569	424061
AKR#0	AKR#0#chrVIII	455411631	535692
AKR#0	AKR#0#chrVI	455947324	272372
AKR#0	AKR#0#chrIV	456219697	1471582
AKR#0	AKR#0#chrVII	457691280	1059305
AKR#0	AKR#0#chrXV	458750586	1054599
AKR#0	AKR#0#chrXIII	459805186	895238
AKR#0	AKR#0#chrV	460700425	589421
AKR#0	AKR#0#chrXII	461289847	1059894
AKR#0	AKR#0#chrXIV	462349742	782867
AKR#0	AKR#0#chrX	463132610	741584
AKR#0	AKR#0#chrXVI	463874195	901064
AKR#0	AKR#0#chrII	464775260	833831
AKR#0	AKR#0#chrXI	465609092	672811
AKR#1	AKR#1#chrII_1	466281904	241166
AKR#1	AKR#1#chrII_2	466523071	85729
AKR#1	AKR#1#chrIII_2	466608801	151298
AKR#1	AKR#1#chrIX_1	466760100	310032
AKR#1	AKR#1#chrIII_1	467070133	147288
AKR#1	AKR#1#chrIX_2	467217422	61137
AKR#1	AKR#1#chrVII_4	467278560	95641
AKR#1	AKR#1#chrVII_3	467374202	108706
AKR#1	AKR#1#chrVII_2	467482909	72291
AKR#1	AKR#1#chrX_1	467555201	165523
AKR#1	AKR#1#chrX_6	467720725	52345
AKR#1	AKR#1#chrX_4	467773071	42105
AKR#1	AKR#1#chrX_2	467815177	83051
AKR#1	AKR#1#chrX_5	467898229	54076
AKR#1	AKR#1#chrXI_2	467952306	120511
AKR#1	AKR#1#chrX_3	468072818	104905
AKR#1	AKR#1#chrXI_3	468177724	158502
AKR#1	AKR#1#chrI	468336227	194836
AKR#1	AKR#1#chrVIII	468531064	537497
AKR#1	AKR#1#chrVII_1	469068562	404828
AKR#1	AKR#1#chrV_2	469473391	456517
AKR#1	AKR#1#chrXII_1	469929909	357504
AKR#1	AKR#1#chrIV_1	470287414	639902
AKR#1	AKR#1#chrXIII_2	470927317	63381
AKR#1	AKR#1#chrXVI_2	470990699	216463
AKR#1	AKR#1#chrX_7	471207163	206913
AKR#1	AKR#1#chrXII_2	471414077	87632
AKR#1	AKR#1#chrXII_3	471501710	602074
AKR#1	AKR#1#chrXIII_1	472103785	355853
AKR#1	AKR#1#chrXV_2	472459639	529187
AKR#1	AKR#1#chrXVI_1	472988827	694354
AKR#1	AKR#1#chrXIII_3	473683182	449418
AKR#1	AKR#1#chrXV_1	474132601	521132
AKR#1	AKR#1#chrIX_3	474653734	32094
AKR#1	AKR#1#chrV_1	474685829	97098
AKR#1	AKR#1#chrXI_1	474782928	379918
AKR#1	AKR#1#chrXIV	475162847	755570
AKR#1	AKR#1#chrIV_2	475918418	824005
AKR#1	AKR#1#chrVI	476742424	266104
AKR#1	AKR#1#chrII_3	477008529	478046
AKR#1	AKR#1#chrVII_5	477486576	372887
AKR#2	AKR#2#chrI_1	477859464	93599
AKR#2	AKR#2#chrII_2	477953064	46483
AKR#2	AKR#2#chrI_2	477999548	46720
AKR#2	AKR#2#chrIV_1	478046269	98019
AKR#2	AKR#2#chrIV_7	478144289	55823
AKR#2	AKR#2#chrIV_5	478200113	97467
AKR#2	AKR#2#chrIII_chrXIII	478297581	440359
AKR#2	AKR#2#chrIV_4	478737941	13544
AKR#2	AKR#2#chrII_5	478751486	100247
AKR#2	AKR#2#chrII_1	478851734	364848
AKR#2	AKR#2#chrVI_2	479216583	19730
AKR#2	AKR#2#chrIV_8	479236314	244598
AKR#2	AKR#2#chrVI_1	479480913	74328
AKR#2	AKR#2#chrII_3	479555242	247551
AKR#2	AKR#2#chrVI_3	479802794	47685
AKR#2	AKR#2#chrVII_5	479850480	27121
AKR#2	AKR#2#chrVI_4	479877602	93048
AKR#2	AKR#2#chrVII_2	479970651	142201
AKR#2	AKR#2#chrVII_3	480112853	86768
AKR#2	AKR#2#chrIV_3	480199622	36919
AKR#2	AKR#2#chrVIII_3	480236542	57032
AKR#2	AKR#2#chrVIII_2	480293575	40136
AKR#2	AKR#2#chrVIII_4	480333712	81850
AKR#2	AKR#2#chrVIII_1	480415563	145517
AKR#2	AKR#2#chrXI_3	480561081	70520
AKR#2	AKR#2#chrIV_6	480631602	340345
AKR#2	AKR#2#chrVIII_5	480971948	151759
AKR#2	AKR#2#chrXI_2	481123708	107229
AKR#2	AKR#2#chrXI_1	481230938	407147
AKR#2	AKR#2#chrXIII_3	481638086	62847
AKR#2	AKR#2#chrXIII_6	481700934	64682
AKR#2	AKR#2#chrVII_4	481765617	218154
AKR#2	AKR#2#chrX_1	481983772	381414
AKR#2	AKR#2#chrXIII_1	482365187	98443
AKR#2	AKR#2#chrXII_4	482463631	143111
AKR#2	AKR#2#chrXII_1	482606743	287919
AKR#2	AKR#2#chrXIV_1	482894663	88704
AKR#2	AKR#2#chrXIII_4	482983368	120067
AKR#2	AKR#2#chrX_2	483103436	231405
AKR#2	AKR#2#chrXII_6	483334842	229446
AKR#2	AKR#2#chrXII_5	483564289	171874
AKR#2	AKR#2#chrXVI_2	483736164	94848
AKR#2	AKR#2#chrXIV_4	483831013	278141
AKR#2	AKR#2#chrXIII_2	484109155	35469
AKR#2	AKR#2#chrXIV_3	484144625	72930
AKR#2	AKR#2#chrXV_1	484217556	208073
AKR#2	AKR#2#chrXVI_3	484425630	200137
AKR#2	AKR#2#chrXIII_5	484625768	256196
AKR#2	AKR#2#chrXVI_1	484881965	550808
AKR#2	AKR#2#chrXV_2	485432774	838182
AKR#2	AKR#2#chrV_2	486270957	431273
AKR#2	AKR#2#chrV_1	486702231	130087
AKR#2	AKR#2#chrIV_2	486832319	200759
AKR#2	AKR#2#chrX_3	487033079	96101
AKR#2	AKR#2#chrIV_9	487129181	327532
AKR#2	AKR#2#chrXII_2	487456714	49826
AKR#2	AKR#2#chrXII_3	487506541	116763
AKR#2	AKR#2#chrIX	487623305	400935
AKR#2	AKR#2#chrVII_1	488024241	546832
AKR#2	AKR#2#chrII_4	488571074	44421
AKR#2	AKR#2#chrXIV_2	488615496	251489
AKR#2	AKR#2#chrXIV_5	488866986	50797
AKR#2	AKR#2#chrI_3	488917784	50425
ALH_1b#0	ALH_1b#0#chrIII	488968210	308608
ALH_1b#0	ALH_1b#0#chrI	489276819	210363
ALH_1b#0	ALH_1b#0#chrV	489487183	590380
ALH_1b#0	ALH_1b#0#chrXIII	490077564	919010
ALH_1b#0	ALH_1b#0#chrXIV	490996575	780474
ALH_1b#0	ALH_1b#0#chrXII	491777050	1185739
ALH_1b#0	ALH_1b#0#chrXV	492962790	1062126
ALH_1b#0	ALH_1b#0#chrII	494024917	828463
ALH_1b#0	ALH_1b#0#chrVIII	494853381	531891
ALH_1b#0	ALH_1b#0#chrX	495385273	736362
ALH_1b#0	ALH_1b#0#chrXI	496121636	673541
ALH_1b#0	ALH_1b#0#chrIV	496795178	1472030
ALH_1b#0	ALH_1b#0#chrXVI	498267209	901790
ALH_1b#0	ALH_1b#0#chrVI	499169000	287224
ALH_1b#0	ALH_1b#0#chrIX	499456225	429029
ALH_1b#0	ALH_1b#0#chrVII	499885255	1060140
ALH_1b#0	ALH_1b#0#chrMT	500945396	74734
ALH_1c#0	ALH_1c#0#chrV	501020131	590283
ALH_1c#0	ALH_1c#0#chrXV	501610415	1049930
ALH_1c#0	ALH_1c#0#chrIII	502660346	308688
ALH_1c#0	ALH_1c#0#chrI	502969035	213827
ALH_1c#0	ALH_1c#0#chrII	503182863	828393
ALH_1c#0	ALH_1c#0#chrVIII	504011257	527425
ALH_1c#0	ALH_1c#0#chrX	504538683	737328
ALH_1c#0	ALH_1c#0#chrXI	505276012	673919
ALH_1c#0	ALH_1c#0#chrXII	505949932	1034112
ALH_1c#0	ALH_1c#0#chrIV	506984045	1472155
ALH_1c#0	ALH_1c#0#chrXIV	508456201	780426
ALH_1c#0	ALH_1c#0#chrXIII	509236628	896073
ALH_1c#0	ALH_1c#0#chrXVI	510132702	901780
ALH_1c#0	ALH_1c#0#chrVI	511034483	287271
ALH_1c#0	ALH_1c#0#chrIX	511321755	429761
ALH_1c#0	ALH_1c#0#chrVII	511751517	1059786
ALI#0	ALI#0#chrI	512811304	234857
ALI#0	ALI#0#chrIII	513046162	118448
ALI#0	ALI#0#chrII	513164611	814895
ALI#0	ALI#0#chrIII_chrV	513979507	347827
ALI#0	ALI#0#chrIX	514327335	427541
ALI#0	ALI#0#chrX	514754877	538255
ALI#0	ALI#0#chrV_chrX	515293133	641573
ALI#0	ALI#0#chrVI_chrXIII	515934707	547161
ALI#0	ALI#0#chrXII	516481869	1182588
ALI#0	ALI#0#chrXI	517664458	697624
ALI#0	ALI#0#chrXIII	518362083	713972
ALI#0	ALI#0#chrVIII	519076056	541601
ALI#0	ALI#0#chrXIV	519617658	784670
ALI#0	ALI#0#chrVII	520402329	1134673
ALI#0	ALI#0#chrXV	521537003	1077284
ALI#0	ALI#0#chrIV	522614288	1529919
ALI#0	ALI#0#chrXVI	524144208	921308
ALI#0	ALI#0#chrMT	525065517	82629
ALI#1	ALI#1#chrIX	525148147	432033
ALI#1	ALI#1#chrIV	525580181	1529940
ALI#1	ALI#1#chrVIII	527110122	542461
ALI#1	ALI#1#chrVI_chrXIII	527652584	521745
ALI#1	ALI#1#chrV	528174330	561975
ALI#1	ALI#1#chrX	528736306	702545
ALI#1	ALI#1#chrVII	529438852	1088799
ALI#1	ALI#1#chrXV	530527652	1037007
ALI#1	ALI#1#chrIII	531564660	301764
ALI#1	ALI#1#chrI	531866425	228883
ALI#1	ALI#1#chrII	532095309	855171
ALI#1	ALI#1#chrXI	532950481	687375
ALI#1	ALI#1#chrXII	533637857	1008581
ALI#1	ALI#1#chrXIV	534646439	772846
ALI#1	ALI#1#chrXIII	535419286	707606
ALI#1	ALI#1#chrXVI	536126893	915699
ALI#2	ALI#2#chrII	537042593	818947
ALI#2	ALI#2#chrIX	537861541	376590
ALI#2	ALI#2#chrIV_chrXI	538238132	585656
ALI#2	ALI#2#chrXI_chrIV	538823789	1550727
ALI#2	ALI#2#chrVI	540374517	244196
ALI#2	ALI#2#chrX	540618714	771215
ALI#2	ALI#2#chrXVI	541389930	939715
ALI#2	ALI#2#chrXII	542329646	1119000
ALI#2	ALI#2#chrXIII	543448647	986874
ALI#2	ALI#2#chrVII	544435522	1109828
ALI#2	ALI#2#chrIII	545545351	323989
ALI#2	ALI#2#chrI	545869341	190953
ALI#2	ALI#2#chrV	546060295	576270
ALI#2	ALI#2#chrVIII	546636566	533303
ALI#2	ALI#2#chrXIV	547169870	785154
ALI#2	ALI#2#chrXV	547955025	1027335
ALS_1a#0	ALS_1a#0#chrI	548982361	219642
ALS_1a#0	ALS_1a#0#chrIX	549202004	422528
ALS_1a#0	ALS_1a#0#chrVI	549624533	278970
ALS_1a#0	ALS_1a#0#chrVIII	549903504	602554
ALS_1a#0	ALS_1a#0#chrVII	550506059	1081913
ALS_1a#0	ALS_1a#0#chrII	551587973	823487
ALS_1a#0	ALS_1a#0#chrV	552411461	580788
ALS_1a#0	ALS_1a#0#chrXII	552992250	1080630
ALS_1a#0	ALS_1a#0#chrXI	554072881	683351
ALS_1a#0	ALS_1a#0#chrXIII	554756233	938735
ALS_1a#0	ALS_1a#0#chrXVI	555694969	938805
ALS_1a#0	ALS_1a#0#chrXIV	556633775	795609
ALS_1a#0	ALS_1a#0#chrXV	557429385	1061652
ALS_1a#0	ALS_1a#0#chrIV	558491038	1508621
ALS_1a#0	ALS_1a#0#chrIII	559999660	316307
ALS_1a#0	ALS_1a#0#chrX	560315968	736030
ALS_1a#0	ALS_1a#0#chrMT	561051999	83601
AMH_1a#0	AMH_1a#0#chrI	561135601	241959
AMH_1a#0	AMH_1a#0#chrIX	561377561	448969
AMH_1a#0	AMH_1a#0#chrIII	561826531	335830
AMH_1a#0	AMH_1a#0#chrVI	562162362	284457
AMH_1a#0	AMH_1a#0#chrII	562446820	817828
AMH_1a#0	AMH_1a#0#chrXI	563264649	599621
AMH_1a#0	AMH_1a#0#chrX	563864271	773333
AMH_1a#0	AMH_1a#0#chrV	564637605	572357
AMH_1a#0	AMH_1a#0#chrVIII	565209963	569554
AMH_1a#0	AMH_1a#0#chrVII	565779518	1099489
AMH_1a#0	AMH_1a#0#chrXIII	566879008	938827
AMH_1a#0	AMH_1a#0#chrXII_chrXI	567817836	1181774
AMH_1a#0	AMH_1a#0#chrIV	568999611	1498797
AMH_1a#0	AMH_1a#0#chrXVI	570498409	919202
AMH_1a#0	AMH_1a#0#chrXV	571417612	1105359
AMH_1a#0	AMH_1a#0#chrXIV	572522972	788471
AMH_1a#0	AMH_1a#0#chrMT	573311444	86736
AMM_1a#0	AMM_1a#0#chrI	573398181	249407
AMM_1a#0	AMM_1a#0#chrII	573647589	846338
AMM_1a#0	AMM_1a#0#chrIV_chrXV	574493928	1485054
AMM_1a#0	AMM_1a#0#chrIX	575978983	450365
AMM_1a#0	AMM_1a#0#chrV	576429349	633373
AMM_1a#0	AMM_1a#0#chrVI	577062723	307063
AMM_1a#0	AMM_1a#0#chrVIII	577369787	560844
AMM_1a#0	AMM_1a#0#chrX	577930632	794673
AMM_1a#0	AMM_1a#0#chrVII	578725306	1162149
AMM_1a#0	AMM_1a#0#chrXI	579887456	737845
AMM_1a#0	AMM_1a#0#chrXIV	580625302	824776
AMM_1a#0	AMM_1a#0#chrXII	581450079	1193239
AMM_1a#0	AMM_1a#0#chrXIII	582643319	973066
AMM_1a#0	AMM_1a#0#chrXVI	583616386	945581
AMM_1a#0	AMM_1a#0#chrXV_chrIV	584561968	1151926
AMM_1a#0	AMM_1a#0#chrIII	585713895	356862
AMM_1a#0	AMM_1a#0#chrMT	586070758	82351
AMP_1a#0	AMP_1a#0#chrIII_chrX	586153110	462269
AMP_1a#0	AMP_1a#0#chrI	586615380	288691
AMP_1a#0	AMP_1a#0#chrII	586904072	844297
AMP_1a#0	AMP_1a#0#chrIX	587748370	386437
AMP_1a#0	AMP_1a#0#chrVI	588134808	312022
AMP_1a#0	AMP_1a#0#chrIV	588446831	1547537
AMP_1a#0	AMP_1a#0#chrVIII	589994369	549352
AMP_1a#0	AMP_1a#0#chrVII	590543722	1100939
AMP_1a#0	AMP_1a#0#chrX	591644662	669585
AMP_1a#0	AMP_1a#0#chrXI	592314248	752767
AMP_1a#0	AMP_1a#0#chrXVI	593067016	951749
AMP_1a#0	AMP_1a#0#chrV	594018766	588076
AMP_1a#0	AMP_1a#0#chrXV	594606843	1090835
AMP_1a#0	AMP_1a#0#chrXII	595697679	1129055
AMP_1a#0	AMP_1a#0#chrXIV	596826735	778301
AMP_1a#0	AMP_1a#0#chrXIII	597605037	928376
AMP_1a#0	AMP_1a#0#chrMT	598533414	85145
ANE#0	ANE#0#chrIII	598618560	317151
ANE#0	ANE#0#chrI	598935712	230413
ANE#0	ANE#0#chrII	599166126	818461
ANE#0	ANE#0#chrIX	599984588	423225
ANE#0	ANE#0#chrVIII	600407814	546950
ANE#0	ANE#0#chrV	600954765	574753
ANE#0	ANE#0#chrX	601529519	715144
ANE#0	ANE#0#chrIV	602244664	1492942
ANE#0	ANE#0#chrXI	603737607	666278
ANE#0	ANE#0#chrVII	604403886	1074977
ANE#0	ANE#0#chrXII	605478864	1017186
ANE#0	ANE#0#chrXIV	606496051	772393
ANE#0	ANE#0#chrXV	607268445	1084320
ANE#0	ANE#0#chrXIII	608352766	939811
ANE#0	ANE#0#chrXVI	609292578	919850
ANE#0	ANE#0#chrVI	610212429	288674
ANE#0	ANE#0#chrMT	610501104	77493
ANL#0	ANL#0#chrIII	610578598	292516
ANL#0	ANL#0#chrI	610871115	202001
ANL#0	ANL#0#chrII	611073117	799362
ANL#0	ANL#0#chrVI	611872480	252452
ANL#0	ANL#0#chrIX	612124933	413592
ANL#0	ANL#0#chrVII	612538526	1050939
ANL#0	ANL#0#chrXI	613589466	670048
ANL#0	ANL#0#chrXIV	614259515	755517
ANL#0	ANL#0#chrVIII	615015033	526223
ANL#0	ANL#0#chrX	615541257	732992
ANL#0	ANL#0#chrV	616274250	558979
ANL#0	ANL#0#chrXII	616833230	1117191
ANL#0	ANL#0#chrIV	617950422	1458017
ANL#0	ANL#0#chrXIII	619408440	923200
ANL#0	ANL#0#chrXVI	620331641	913901
ANL#0	ANL#0#chrXV	621245543	1117023
ANL#0	ANL#0#chrMT	622362567	79631
ANL#3	ANL#3#block100_contig1	622442199	465177
ANL#3	ANL#3#block100_contig3	622907377	161106
ANL#3	ANL#3#block100_contig2	623068484	105649
ANL#3	ANL#3#block102_contig1	623174134	283753
ANL#3	ANL#3#block104_contig1	623457888	58038
ANL#3	ANL#3#block100_contig4	623515927	106369
ANL#3	ANL#3#block101_contig1	623622297	571731
ANL#3	ANL#3#block106_contig1	624194029	279917
ANL#3	ANL#3#block104_contig2	624473947	179829
ANL#3	ANL#3#block105_contig2	624653777	282941
ANL#3	ANL#3#block106_contig2	624936719	209863
ANL#3	ANL#3#block105_contig1	625146583	310118
ANL#3	ANL#3#block103_contig1	625456702	435515
ANL#3	ANL#3#block107_contig2	625892218	220662
ANL#3	ANL#3#block107_contig4	626112881	124850
ANL#3	ANL#3#block12_contig1	626237732	62359
ANL#3	ANL#3#block107_contig3	626300092	405632
ANL#3	ANL#3#block107_contig1	626705725	266492
ANL#3	ANL#3#block14_contig1	626972218	111830
ANL#3	ANL#3#block11_contig1	627084049	251659
ANL#3	ANL#3#block10_contig1	627335709	234917
ANL#3	ANL#3#block15_contig1	627570627	105892
ANL#3	ANL#3#block17_contig1	627676520	278668
ANL#3	ANL#3#block19_contig1	627955189	202351
ANL#3	ANL#3#block17_contig2	628157541	180758
ANL#3	ANL#3#block18_contig1	628338300	154463
ANL#3	ANL#3#block13_contig1	628492764	245277
ANL#3	ANL#3#block20_contig1	628738042	127447
ANL#3	ANL#3#block19_contig2	628865490	110731
ANL#3	ANL#3#block16_contig1	628976222	251032
ANL#3	ANL#3#block14_contig2	629227255	105954
ANL#3	ANL#3#block1_contig1	629333210	103678
ANL#3	ANL#3#block23_contig1	629436889	209024
ANL#3	ANL#3#block23_contig3	629645914	75551
ANL#3	ANL#3#block21_contig1	629721466	254344
ANL#3	ANL#3#block23_contig2	629975811	98431
ANL#3	ANL#3#block27_contig1	630074243	149336
ANL#3	ANL#3#block24_contig1	630223580	179892
ANL#3	ANL#3#block25_contig1	630403473	179595
ANL#3	ANL#3#block22_contig1	630583069	116362
ANL#3	ANL#3#block2_contig2	630699432	35431
ANL#3	ANL#3#block2_contig1	630734864	45352
ANL#3	ANL#3#block29_contig1	630780217	239987
ANL#3	ANL#3#block29_contig2	631020205	93077
ANL#3	ANL#3#block2_contig4	631113283	68572
ANL#3	ANL#3#block30_contig2	631181856	38486
ANL#3	ANL#3#block28_contig1	631220343	422562
ANL#3	ANL#3#block2_contig3	631642906	150656
ANL#3	ANL#3#block36_contig1	631793563	181321
ANL#3	ANL#3#block37_contig2	631974885	12788
ANL#3	ANL#3#block26_contig1	631987674	300014
ANL#3	ANL#3#block27_contig2	632287689	373502
ANL#3	ANL#3#block31_contig1	632661192	180562
ANL#3	ANL#3#block30_contig1	632841755	363415
ANL#3	ANL#3#block32_contig1	633205171	226156
ANL#3	ANL#3#block3_contig2	633431328	121584
ANL#3	ANL#3#block33_contig1	633552913	201801
ANL#3	ANL#3#block38_contig1	633754715	380061
ANL#3	ANL#3#block40_contig1	634134777	204829
ANL#3	ANL#3#block34_contig1	634339607	394980
ANL#3	ANL#3#block41_contig1	634734588	80306
ANL#3	ANL#3#block39_contig1	634814895	270096
ANL#3	ANL#3#block43_contig1	635084992	54722
ANL#3	ANL#3#block3_contig1	635139715	156332
ANL#3	ANL#3#block47_contig1	635296048	254655
ANL#3	ANL#3#block45_contig1	635550704	331862
ANL#3	ANL#3#block37_contig1	635882567	313293
ANL#3	ANL#3#block46_contig1	636195861	441001
ANL#3	ANL#3#block35_contig1	636636863	920694
ANL#3	ANL#3#block50_contig1	637557558	505193
ANL#3	ANL#3#block4_contig2	638062752	184611
ANL#3	ANL#3#block4_contig1	638247364	145975
ANL#3	ANL#3#block53_contig2	638393340	72347
ANL#3	ANL#3#block53_contig1	638465688	224206
ANL#3	ANL#3#block51_contig1	638689895	589715
ANL#3	ANL#3#block57_contig2	639279611	36842
ANL#3	ANL#3#block59_contig1	639316454	40804
ANL#3	ANL#3#block56_contig1	639357259	281937
ANL#3	ANL#3#block5_contig1	639639197	131581
ANL#3	ANL#3#block60_contig2	639770779	210062
ANL#3	ANL#3#block54_contig1	639980842	270046
ANL#3	ANL#3#block52_contig1	640250889	328693
ANL#3	ANL#3#block55_contig1	640579583	152998
ANL#3	ANL#3#block60_contig1	640732582	385812
ANL#3	ANL#3#block49_contig2	641118395	466705
ANL#3	ANL#3#block57_contig1	641585101	320249
ANL#3	ANL#3#block58_contig1	641905351	487735
ANL#3	ANL#3#block60_contig3	642393087	129931
ANL#3	ANL#3#block62_contig1	642523019	430752
ANL#3	ANL#3#block44_contig1	642953772	225140
ANL#3	ANL#3#block63_contig1	643178913	206169
ANL#3	ANL#3#block64_contig1	643385083	117312
ANL#3	ANL#3#block63_contig2	643502396	79756
ANL#3	ANL#3#block61_contig2	643582153	372389
ANL#3	ANL#3#block65_contig1	643954543	153079
ANL#3	ANL#3#block65_contig3	644107623	57706
ANL#3	ANL#3#block48_contig1	644165330	1025127
ANL#3	ANL#3#block61_contig1	645190458	466303
ANL#3	ANL#3#block65_contig4	645656762	58509
ANL#3	ANL#3#block64_contig2	645715272	134306
ANL#3	ANL#3#block69_contig1	645849579	236456
ANL#3	ANL#3#block6_contig1	646086036	152941
ANL#3	ANL#3#block70_contig1	646238978	28586
ANL#3	ANL#3#block65_contig2	646267565	118505
ANL#3	ANL#3#block67_contig1	646386071	280116
ANL#3	ANL#3#block68_contig1	646666188	174054
ANL#3	ANL#3#block70_contig2	646840243	45254
ANL#3	ANL#3#block76_contig2	646885498	242391
ANL#3	ANL#3#block78_contig1	647127890	99067
ANL#3	ANL#3#block72_contig1	647226958	184977
ANL#3	ANL#3#block77_contig1	647411936	247132
ANL#3	ANL#3#block78_contig4	647659069	42704
ANL#3	ANL#3#block79_contig3	647701774	66494
ANL#3	ANL#3#block76_contig1	647768269	358590
ANL#3	ANL#3#block71_contig1	648126860	818050
ANL#3	ANL#3#block78_contig2	648944911	305570
ANL#3	ANL#3#block73_contig1	649250482	508556
ANL#3	ANL#3#block79_contig2	649759039	114873
ANL#3	ANL#3#block75_contig1	649873913	510695
ANL#3	ANL#3#block74_contig1	650384609	526594
ANL#3	ANL#3#block78_contig3	650911204	74912
ANL#3	ANL#3#block66_contig2	650986117	147196
ANL#3	ANL#3#block7_contig1	651133314	185135
ANL#3	ANL#3#block81_contig1	651318450	254084
ANL#3	ANL#3#block80_contig1	651572535	448064
ANL#3	ANL#3#block81_contig2	652020600	448058
ANL#3	ANL#3#block79_contig1	652468659	553864
ANL#3	ANL#3#block84_contig1	653022524	74310
ANL#3	ANL#3#block42_contig1	653096835	62974
ANL#3	ANL#3#block83_contig1	653159810	299348
ANL#3	ANL#3#block81_contig3	653459159	363612
ANL#3	ANL#3#block84_contig2	653822772	118447
ANL#3	ANL#3#block84_contig3	653941220	465419
ANL#3	ANL#3#block85_contig5	654406640	55236
ANL#3	ANL#3#block85_contig1	654461877	141323
ANL#3	ANL#3#block86_contig5	654603201	41015
ANL#3	ANL#3#block86_contig3	654644217	133614
ANL#3	ANL#3#block86_contig6	654777832	194829
ANL#3	ANL#3#block86_contig1	654972662	258643
ANL#3	ANL#3#block85_contig3	655231306	176126
ANL#3	ANL#3#block86_contig2	655407433	307004
ANL#3	ANL#3#block86_contig4	655714438	199618
ANL#3	ANL#3#block82_contig1	655914057	237984
ANL#3	ANL#3#block87_contig1	656152042	148930
ANL#3	ANL#3#block8_contig1	656300973	226883
ANL#3	ANL#3#block91_contig2	656527857	70803
ANL#3	ANL#3#block87_contig2	656598661	451961
ANL#3	ANL#3#block85_contig4	657050623	194938
ANL#3	ANL#3#block91_contig1	657245562	107607
ANL#3	ANL#3#block88_contig2	657353170	169339
ANL#3	ANL#3#block88_contig1	657522510	348624
ANL#3	ANL#3#block92_contig1	657871135	33026
ANL#3	ANL#3#block92_contig3	657904162	76208
ANL#3	ANL#3#block91_contig6	657980371	92575
ANL#3	ANL#3#block90_contig1	658072947	399655
ANL#3	ANL#3#block91_contig3	658472603	161398
ANL#3	ANL#3#block89_contig1	658634002	188854
ANL#3	ANL#3#block91_contig4	658822857	163024
ANL#3	ANL#3#block93_contig2	658985882	57238
ANL#3	ANL#3#block95_contig2	659043121	25387
ANL#3	ANL#3#block92_contig2	659068509	132093
ANL#3	ANL#3#block94_contig2	659200603	135523
ANL#3	ANL#3#block93_contig1	659336127	157015
ANL#3	ANL#3#block83_contig2	659493143	699935
ANL#3	ANL#3#block94_contig3	660193079	206915
ANL#3	ANL#3#block99_contig4	660399995	177629
ANL#3	ANL#3#block99_contig3	660577625	409568
ANL#3	ANL#3#block94_contig1	660987194	97439
ANL#3	ANL#3#block95_contig3	661084634	165961
ANL#3	ANL#3#block99_contig2	661250596	112737
ANL#3	ANL#3#block99_contig1	661363334	358375
ANL#3	ANL#3#block9_contig1	661721710	204683
ANL#3	ANL#3#block95_contig1	661926394	498874
ANL#3	ANL#3#block97_contig1	662425269	634725
ANL#3	ANL#3#block100_contig5	663059995	31282
ANL#3	ANL#3#block98_contig1	663091278	683939
ANL#3	ANL#3#block52_contig2	663775218	117358
ANL#3	ANL#3#block66_contig1	663892577	110510
ANL#3	ANL#3#block96_contig1	664003088	249217
ANL#3	ANL#3#block9_contig2	664252306	88419
ANL#3	ANL#3#block91_contig5	664340726	27073
ANL#3	ANL#3#block49_contig1	664367800	58839
ANL#3	ANL#3#block85_contig2	664426640	83557
ANL#3	ANL#3#block57_contig3	664510198	56827
ANL#3	ANL#3#block28_contig2	664567026	16693
ANL#4	ANL#4#block100_contig3	664583720	161106
ANL#4	ANL#4#block100_contig5	664744827	31282
ANL#4	ANL#4#block106_contig1	664776110	279917
ANL#4	ANL#4#block100_contig1	665056028	465177
ANL#4	ANL#4#block102_contig1	665521206	283753
ANL#4	ANL#4#block105_contig2	665804960	282941
ANL#4	ANL#4#block107_contig2	666087902	220662
ANL#4	ANL#4#block106_contig2	666308565	209863
ANL#4	ANL#4#block12_contig1	666518429	62359
ANL#4	ANL#4#block103_contig1	666580789	435515
ANL#4	ANL#4#block107_contig3	667016305	405632
ANL#4	ANL#4#block107_contig1	667421938	266492
ANL#4	ANL#4#block11_contig1	667688431	251659
ANL#4	ANL#4#block17_contig2	667940091	180758
ANL#4	ANL#4#block22_contig1	668120850	116362
ANL#4	ANL#4#block23_contig1	668237213	209024
ANL#4	ANL#4#block24_contig1	668446238	179892
ANL#4	ANL#4#block16_contig1	668626131	251032
ANL#4	ANL#4#block21_contig1	668877164	254344
ANL#4	ANL#4#block26_contig1	669131509	300014
ANL#4	ANL#4#block10_contig1	669431524	234917
ANL#4	ANL#4#block17_contig1	669666442	278668
ANL#4	ANL#4#block28_contig1	669945111	422562
ANL#4	ANL#4#block18_contig1	670367674	154463
ANL#4	ANL#4#block31_contig1	670522138	180562
ANL#4	ANL#4#block34_contig1	670702701	394980
ANL#4	ANL#4#block19_contig1	671097682	202351
ANL#4	ANL#4#block36_contig1	671300034	181321
ANL#4	ANL#4#block27_contig2	671481356	373502
ANL#4	ANL#4#block30_contig1	671854859	363415
ANL#4	ANL#4#block3_contig2	672218275	121584
ANL#4	ANL#4#block37_contig1	672339860	313293
ANL#4	ANL#4#block39_contig1	672653154	270096
ANL#4	ANL#4#block19_contig2	672923251	110731
ANL#4	ANL#4#block46_contig1	673033983	441001
ANL#4	ANL#4#block104_contig2	673474985	179829
ANL#4	ANL#4#block23_contig2	673654815	98431
ANL#4	ANL#4#block4_contig1	673753247	145975
ANL#4	ANL#4#block52_contig2	673899223	117358
ANL#4	ANL#4#block38_contig1	674016582	380061
ANL#4	ANL#4#block35_contig1	674396644	920694
ANL#4	ANL#4#block53_contig1	675317339	224206
ANL#4	ANL#4#block101_contig1	675541546	571731
ANL#4	ANL#4#block49_contig2	676113278	466705
ANL#4	ANL#4#block56_contig1	676579984	281937
ANL#4	ANL#4#block25_contig1	676861922	179595
ANL#4	ANL#4#block60_contig2	677041518	210062
ANL#4	ANL#4#block13_contig1	677251581	245277
ANL#4	ANL#4#block45_contig1	677496859	331862
ANL#4	ANL#4#block57_contig1	677828722	320249
ANL#4	ANL#4#block61_contig1	678148972	466303
ANL#4	ANL#4#block2_contig3	678615276	150656
ANL#4	ANL#4#block61_contig2	678765933	372389
ANL#4	ANL#4#block60_contig3	679138323	129931
ANL#4	ANL#4#block51_contig1	679268255	589715
ANL#4	ANL#4#block48_contig1	679857971	1025127
ANL#4	ANL#4#block67_contig1	680883099	280116
ANL#4	ANL#4#block78_contig1	681163216	99067
ANL#4	ANL#4#block63_contig1	681262284	206169
ANL#4	ANL#4#block66_contig1	681468454	110510
ANL#4	ANL#4#block60_contig1	681578965	385812
ANL#4	ANL#4#block62_contig1	681964778	430752
ANL#4	ANL#4#block50_contig1	682395531	505193
ANL#4	ANL#4#block3_contig1	682900725	156332
ANL#4	ANL#4#block5_contig1	683057058	131581
ANL#4	ANL#4#block78_contig3	683188640	74912
ANL#4	ANL#4#block79_contig2	683263553	114873
ANL#4	ANL#4#block64_contig1	683378427	117312
ANL#4	ANL#4#block58_contig1	683495740	487735
ANL#4	ANL#4#block43_contig1	683983476	54722
ANL#4	ANL#4#block41_contig1	684038199	80306
ANL#4	ANL#4#block76_contig2	684118506	242391
ANL#4	ANL#4#block76_contig1	684360898	358590
ANL#4	ANL#4#block80_contig1	684719489	448064
ANL#4	ANL#4#block83_contig1	685167554	299348
ANL#4	ANL#4#block81_contig1	685466903	254084
ANL#4	ANL#4#block79_contig1	685720988	553864
ANL#4	ANL#4#block81_contig3	686274853	363612
ANL#4	ANL#4#block79_contig3	686638466	66494
ANL#4	ANL#4#block78_contig2	686704961	305570
ANL#4	ANL#4#block74_contig1	687010532	526594
ANL#4	ANL#4#block86_contig2	687537127	307004
ANL#4	ANL#4#block85_contig3	687844132	176126
ANL#4	ANL#4#block86_contig3	688020259	133614
ANL#4	ANL#4#block83_contig2	688153874	699935
ANL#4	ANL#4#block47_contig1	688853810	254655
ANL#4	ANL#4#block89_contig1	689108466	188854
ANL#4	ANL#4#block71_contig1	689297321	818050
ANL#4	ANL#4#block33_contig1	690115372	201801
ANL#4	ANL#4#block70_contig1	690317174	28586
ANL#4	ANL#4#block86_contig4	690345761	199618
ANL#4	ANL#4#block93_contig2	690545380	57238
ANL#4	ANL#4#block82_contig1	690602619	237984
ANL#4	ANL#4#block40_contig1	690840604	204829
ANL#4	ANL#4#block81_contig2	691045434	448058
ANL#4	ANL#4#block29_contig1	691493493	239987
ANL#4	ANL#4#block73_contig1	691733481	508556
ANL#4	ANL#4#block94_contig2	692242038	135523
ANL#4	ANL#4#block90_contig1	692377562	399655
ANL#4	ANL#4#block87_contig2	692777218	451961
ANL#4	ANL#4#block86_contig6	693229180	194829
ANL#4	ANL#4#block87_contig1	693424010	148930
ANL#4	ANL#4#block8_contig1	693572941	226883
ANL#4	ANL#4#block64_contig2	693799825	134306
ANL#4	ANL#4#block95_contig3	693934132	165961
ANL#4	ANL#4#block88_contig2	694100094	169339
ANL#4	ANL#4#block14_contig1	694269434	111830
ANL#4	ANL#4#block99_contig1	694381265	358375
ANL#4	ANL#4#block66_contig2	694739641	147196
ANL#4	ANL#4#block7_contig1	694886838	185135
ANL#4	ANL#4#block98_contig1	695071974	683939
ANL#4	ANL#4#block9_contig1	695755914	204683
ANL#4	ANL#4#block78_contig4	695960598	42704
ANL#4	ANL#4#block95_contig1	696003303	498874
ANL#4	ANL#4#block9_contig2	696502178	88419
ANL#4	ANL#4#block14_contig2	696590598	105954
ANL#4	ANL#4#block68_contig1	696696553	174054
ANL#4	ANL#4#block97_contig1	696870608	634725
ANL#4	ANL#4#block85_contig1	697505334	141323
ANL#4	ANL#4#block99_contig2	697646658	112737
ANL#4	ANL#4#block86_contig5	697759396	41015
ANL#4	ANL#4#block52_contig1	697800412	328693
ANL#4	ANL#4#block77_contig1	698129106	247132
ANL#4	ANL#4#block88_contig1	698376239	348624
ANL#4	ANL#4#block69_contig1	698724864	236456
ANL#4	ANL#4#block84_contig3	698961321	465419
ANL#4	ANL#4#block54_contig1	699426741	270046
ANL#4	ANL#4#block75_contig1	699696788	510695
ANL#4	ANL#4#block42_contig1	700207484	62974
ANL#4	ANL#4#block53_contig2	700270459	72347
ANL#4	ANL#4#block55_contig1	700342807	152998
ANL#4	ANL#4#block32_contig1	700495806	226156
ANL#4	ANL#4#block85_contig4	700721963	194938
ANL#4	ANL#4#block92_contig2	700916902	132093
ANL#4	ANL#4#block4_contig2	701048996	184611
ANL#4	ANL#4#block85_contig5	701233608	55236
ANL#4	ANL#4#block107_contig4	701288845	124850
ANL#4	ANL#4#block100_contig4	701413696	106369
ANL#4	ANL#4#block86_contig1	701520066	258643
ANL#4	ANL#4#block99_contig3	701778710	409568
ANL#4	ANL#4#block2_contig2	702188279	35431
ANL#4	ANL#4#block2_contig4	702223711	68572
ANL#4	ANL#4#block99_contig4	702292284	177629
ANL#4	ANL#4#block105_contig1	702469914	310118
ANL#4	ANL#4#block6_contig1	702780033	152941
ANL#4	ANL#4#block96_contig1	702932975	249217
ANL#4	ANL#4#block59_contig1	703182193	40804
ANL#4	ANL#4#block29_contig2	703222998	93077
ANL#4	ANL#4#block91_contig3	703316076	161398
ANL#4	ANL#4#block63_contig2	703477475	79756
ANL#4	ANL#4#block93_contig1	703557232	157015
ANL#4	ANL#4#block20_contig1	703714248	127447
ANL#4	ANL#4#block15_contig1	703841696	105892
ANL#4	ANL#4#block1_contig1	703947589	103678
ANL#4	ANL#4#block65_contig2	704051268	118505
ANL#4	ANL#4#block94_contig1	704169774	97439
ANL#4	ANL#4#block27_contig1	704267214	149336
ANL#4	ANL#4#block44_contig1	704416551	225140
ANL#4	ANL#4#block104_contig1	704641692	58038
ANL#4	ANL#4#block23_contig3	704699731	75551
ANL#4	ANL#4#block65_contig1	704775283	153079
ANL#4	ANL#4#block65_contig3	704928363	57706
ANL#4	ANL#4#block91_contig5	704986070	27073
ANL#4	ANL#4#block72_contig1	705013144	184977
ANL#4	ANL#4#block84_contig2	705198122	118447
ANL#4	ANL#4#block91_contig1	705316570	107607
ANL#4	ANL#4#block94_contig3	705424178	206915
ANL#4	ANL#4#block91_contig6	705631094	92575
ANL#4	ANL#4#block91_contig2	705723670	70803
ANL#4	ANL#4#block2_contig1	705794474	45352
ANL#4	ANL#4#block92_contig3	705839827	76208
ANL#4	ANL#4#block84_contig1	705916036	74310
ANL#4	ANL#4#block57_contig2	705990347	36842
ANL#4	ANL#4#block91_contig4	706027190	163024
ANL#4	ANL#4#block70_contig2	706190215	45254
ANL#4	ANL#4#block49_contig1	706235470	58839
ANL#4	ANL#4#block85_contig2	706294310	83557
ANL#4	ANL#4#block65_contig4	706377868	58509
ANL#4	ANL#4#block92_contig1	706436378	33026
ANL#4	ANL#4#block100_contig2	706469405	105649
ANL#4	ANL#4#block57_contig3	706575055	56827
ANL#4	ANL#4#block30_contig2	706631883	38486
ANL#4	ANL#4#block28_contig2	706670370	16693
ANL#4	ANL#4#block95_contig2	706687064	25387
ANL#4	ANL#4#block37_contig2	706712452	12788
ANM#0	ANM#0#chrIII	706725241	291728
ANM#0	ANM#0#chrIX	707016970	413116
ANM#0	ANM#0#chrXIII	707430087	920589
ANM#0	ANM#0#chrVI	708350677	256617
ANM#0	ANM#0#chrV	708607295	566479
ANM#0	ANM#0#chrVIII	709173775	534517
ANM#0	ANM#0#chrXI	709708293	719664
ANM#0	ANM#0#chrII	710427958	799458
ANM#0	ANM#0#chrXIV	711227417	768450
ANM#0	ANM#0#chrIV	711995868	1461790
ANM#0	ANM#0#chrX	713457659	704617
ANM#0	ANM#0#chrXVI	714162277	923359
ANM#0	ANM#0#chrXII	715085637	1173764
ANM#0	ANM#0#chrVII	716259402	1050641
ANM#0	ANM#0#chrXV	717310044	1162975
ANM#0	ANM#0#chrI	718473020	202014
ANM#0	ANM#0#chrMT	718675035	80499
ANM#3	ANM#3#block101_contig2	718755535	92018
ANM#3	ANM#3#block102_contig1	718847554	136927
ANM#3	ANM#3#block101_contig1	718984482	214923
ANM#3	ANM#3#block100_contig1	719199406	113431
ANM#3	ANM#3#block103_contig1	719312838	305154
ANM#3	ANM#3#block105_contig3	719617993	62066
ANM#3	ANM#3#block105_contig1	719680060	215613
ANM#3	ANM#3#block103_contig4	719895674	78609
ANM#3	ANM#3#block104_contig1	719974284	156724
ANM#3	ANM#3#block107_contig1	720131009	60063
ANM#3	ANM#3#block103_contig2	720191073	250176
ANM#3	ANM#3#block10_contig2	720441250	70188
ANM#3	ANM#3#block10_contig1	720511439	73104
ANM#3	ANM#3#block107_contig2	720584544	294543
ANM#3	ANM#3#block109_contig1	720879088	342215
ANM#3	ANM#3#block114_contig4	721221304	37052
ANM#3	ANM#3#block114_contig3	721258357	68482
ANM#3	ANM#3#block110_contig2	721326840	154933
ANM#3	ANM#3#block114_contig2	721481774	86826
ANM#3	ANM#3#block114_contig1	721568601	146596
ANM#3	ANM#3#block113_contig1	721715198	71998
ANM#3	ANM#3#block108_contig1	721787197	117401
ANM#3	ANM#3#block110_contig1	721904599	287831
ANM#3	ANM#3#block117_contig2	722192431	129430
ANM#3	ANM#3#block105_contig2	722321862	290133
ANM#3	ANM#3#block118_contig1	722611996	67635
ANM#3	ANM#3#block117_contig1	722679632	69392
ANM#3	ANM#3#block112_contig1	722749025	320262
ANM#3	ANM#3#block116_contig2	723069288	157175
ANM#3	ANM#3#block122_contig3	723226464	147160
ANM#3	ANM#3#block115_contig1	723373625	345406
ANM#3	ANM#3#block118_contig2	723719032	247239
ANM#3	ANM#3#block120_contig3	723966272	179198
ANM#3	ANM#3#block122_contig1	724145471	85128
ANM#3	ANM#3#block123_contig1	724230600	204356
ANM#3	ANM#3#block120_contig1	724434957	201063
ANM#3	ANM#3#block123_contig3	724636021	163953
ANM#3	ANM#3#block11_contig1	724799975	90932
ANM#3	ANM#3#block123_contig4	724890908	100638
ANM#3	ANM#3#block122_contig2	724991547	140053
ANM#3	ANM#3#block120_contig2	725131601	216362
ANM#3	ANM#3#block125_contig1	725347964	217678
ANM#3	ANM#3#block124_contig1	725565643	148554
ANM#3	ANM#3#block121_contig1	725714198	305192
ANM#3	ANM#3#block123_contig2	726019391	335281
ANM#3	ANM#3#block123_contig5	726354673	90580
ANM#3	ANM#3#block126_contig1	726445254	66937
ANM#3	ANM#3#block123_contig7	726512192	94413
ANM#3	ANM#3#block125_contig3	726606606	67140
ANM#3	ANM#3#block119_contig1	726673747	415449
ANM#3	ANM#3#block123_contig6	727089197	202217
ANM#3	ANM#3#block128_contig1	727291415	38849
ANM#3	ANM#3#block128_contig2	727330265	72358
ANM#3	ANM#3#block128_contig3	727402624	161361
ANM#3	ANM#3#block128_contig5	727563986	49856
ANM#3	ANM#3#block128_contig4	727613843	79355
ANM#3	ANM#3#block126_contig2	727693199	101540
ANM#3	ANM#3#block12_contig2	727794740	158915
ANM#3	ANM#3#block126_contig3	727953656	280818
ANM#3	ANM#3#block129_contig2	728234475	526516
ANM#3	ANM#3#block131_contig1	728760992	107579
ANM#3	ANM#3#block130_contig3	728868572	80984
ANM#3	ANM#3#block130_contig1	728949557	73211
ANM#3	ANM#3#block129_contig1	729022769	77159
ANM#3	ANM#3#block130_contig2	729099929	25273
ANM#3	ANM#3#block132_contig3	729125203	41876
ANM#3	ANM#3#block127_contig2	729167080	224421
ANM#3	ANM#3#block135_contig1	729391502	57745
ANM#3	ANM#3#block136_contig2	729449248	92656
ANM#3	ANM#3#block132_contig4	729541905	7212
ANM#3	ANM#3#block133_contig1	729549118	46043
ANM#3	ANM#3#block135_contig2	729595162	54651
ANM#3	ANM#3#block135_contig4	729649814	33619
ANM#3	ANM#3#block136_contig5	729683434	199803
ANM#3	ANM#3#block12_contig1	729883238	236290
ANM#3	ANM#3#block137_contig1	730119529	106155
ANM#3	ANM#3#block138_contig2	730225685	88398
ANM#3	ANM#3#block137_contig3	730314084	100235
ANM#3	ANM#3#block138_contig1	730414320	42057
ANM#3	ANM#3#block139_contig2	730456378	32865
ANM#3	ANM#3#block137_contig4	730489244	76901
ANM#3	ANM#3#block137_contig5	730566146	128541
ANM#3	ANM#3#block136_contig1	730694688	290422
ANM#3	ANM#3#block140_contig1	730985111	208314
ANM#3	ANM#3#block140_contig4	731193426	64729
ANM#3	ANM#3#block141_contig1	731258156	145464
ANM#3	ANM#3#block134_contig1	731403621	95627
ANM#3	ANM#3#block13_contig1	731499249	53793
ANM#3	ANM#3#block140_contig3	731553043	175113
ANM#3	ANM#3#block141_contig3	731728157	64865
ANM#3	ANM#3#block139_contig1	731793023	31758
ANM#3	ANM#3#block141_contig6	731824782	59946
ANM#3	ANM#3#block138_contig3	731884729	165270
ANM#3	ANM#3#block141_contig7	732050000	25803
ANM#3	ANM#3#block140_contig2	732075804	262233
ANM#3	ANM#3#block142_contig4	732338038	136612
ANM#3	ANM#3#block144_contig2	732474651	56694
ANM#3	ANM#3#block146_contig2	732531346	19347
ANM#3	ANM#3#block146_contig1	732550694	27637
ANM#3	ANM#3#block145_contig1	732578332	59569
ANM#3	ANM#3#block144_contig1	732637902	103314
ANM#3	ANM#3#block142_contig1	732741217	141300
ANM#3	ANM#3#block141_contig2	732882518	135260
ANM#3	ANM#3#block141_contig5	733017779	519709
ANM#3	ANM#3#block145_contig2	733537489	70638
ANM#3	ANM#3#block147_contig1	733608128	119430
ANM#3	ANM#3#block145_contig3	733727559	33544
ANM#3	ANM#3#block145_contig4	733761104	25811
ANM#3	ANM#3#block148_contig6	733786916	66851
ANM#3	ANM#3#block144_contig3	733853768	73237
ANM#3	ANM#3#block148_contig1	733927006	211657
ANM#3	ANM#3#block149_contig3	734138664	110155
ANM#3	ANM#3#block148_contig5	734248820	56784
ANM#3	ANM#3#block149_contig4	734305605	15643
ANM#3	ANM#3#block143_contig1	734321249	335405
ANM#3	ANM#3#block148_contig2	734656655	227965
ANM#3	ANM#3#block146_contig3	734884621	106457
ANM#3	ANM#3#block148_contig3	734991079	99218
ANM#3	ANM#3#block149_contig1	735090298	101449
ANM#3	ANM#3#block153_contig3	735191748	80482
ANM#3	ANM#3#block151_contig3	735272231	203141
ANM#3	ANM#3#block147_contig2	735475373	78602
ANM#3	ANM#3#block141_contig4	735553976	314552
ANM#3	ANM#3#block152_contig1	735868529	378651
ANM#3	ANM#3#block153_contig4	736247181	102935
ANM#3	ANM#3#block151_contig1	736350117	198732
ANM#3	ANM#3#block153_contig5	736548850	167021
ANM#3	ANM#3#block154_contig1	736715872	210956
ANM#3	ANM#3#block153_contig2	736926829	375411
ANM#3	ANM#3#block153_contig7	737302241	89265
ANM#3	ANM#3#block150_contig1	737391507	370158
ANM#3	ANM#3#block149_contig2	737761666	272373
ANM#3	ANM#3#block154_contig2	738034040	140434
ANM#3	ANM#3#block154_contig4	738174475	57486
ANM#3	ANM#3#block153_contig1	738231962	151390
ANM#3	ANM#3#block152_contig2	738383353	217313
ANM#3	ANM#3#block155_contig3	738600667	71068
ANM#3	ANM#3#block154_contig3	738671736	29948
ANM#3	ANM#3#block155_contig2	738701685	64290
ANM#3	ANM#3#block154_contig5	738765976	54370
ANM#3	ANM#3#block157_contig1	738820347	135698
ANM#3	ANM#3#block153_contig6	738956046	71492
ANM#3	ANM#3#block158_contig4	739027539	72047
ANM#3	ANM#3#block158_contig3	739099587	242202
ANM#3	ANM#3#block158_contig6	739341790	108618
ANM#3	ANM#3#block158_contig5	739450409	39341
ANM#3	ANM#3#block157_contig2	739489751	89589
ANM#3	ANM#3#block136_contig4	739579341	287608
ANM#3	ANM#3#block15_contig1	739866950	144201
ANM#3	ANM#3#block160_contig1	740011152	186653
ANM#3	ANM#3#block157_contig3	740197806	68058
ANM#3	ANM#3#block156_contig1	740265865	169018
ANM#3	ANM#3#block158_contig2	740434884	88707
ANM#3	ANM#3#block160_contig4	740523592	90823
ANM#3	ANM#3#block161_contig1	740614416	194776
ANM#3	ANM#3#block155_contig1	740809193	196243
ANM#3	ANM#3#block160_contig2	741005437	61260
ANM#3	ANM#3#block161_contig5	741066698	64518
ANM#3	ANM#3#block161_contig3	741131217	87810
ANM#3	ANM#3#block161_contig4	741219028	170923
ANM#3	ANM#3#block160_contig5	741389952	142864
ANM#3	ANM#3#block161_contig2	741532817	146474
ANM#3	ANM#3#block168_contig2	741679292	38404
ANM#3	ANM#3#block167_contig2	741717697	100685
ANM#3	ANM#3#block169_contig1	741818383	42733
ANM#3	ANM#3#block168_contig1	741861117	28345
ANM#3	ANM#3#block169_contig2	741889463	98413
ANM#3	ANM#3#block142_contig3	741987877	107191
ANM#3	ANM#3#block163_contig2	742095069	321326
ANM#3	ANM#3#block170_contig1	742416396	53315
ANM#3	ANM#3#block162_contig1	742469712	122415
ANM#3	ANM#3#block16_contig1	742592128	113011
ANM#3	ANM#3#block162_contig2	742705140	135501
ANM#3	ANM#3#block167_contig1	742840642	175813
ANM#3	ANM#3#block171_contig3	743016456	58589
ANM#3	ANM#3#block163_contig3	743075046	256839
ANM#3	ANM#3#block170_contig5	743331886	154838
ANM#3	ANM#3#block172_contig1	743486725	93858
ANM#3	ANM#3#block169_contig3	743580584	124849
ANM#3	ANM#3#block158_contig1	743705434	317762
ANM#3	ANM#3#block163_contig1	744023197	207344
ANM#3	ANM#3#block171_contig4	744230542	131901
ANM#3	ANM#3#block174_contig3	744362444	73810
ANM#3	ANM#3#block176_contig2	744436255	75064
ANM#3	ANM#3#block176_contig3	744511320	246671
ANM#3	ANM#3#block176_contig1	744757992	95741
ANM#3	ANM#3#block173_contig1	744853734	102775
ANM#3	ANM#3#block175_contig1	744956510	129698
ANM#3	ANM#3#block14_contig1	745086209	116607
ANM#3	ANM#3#block164_contig1	745202817	691143
ANM#3	ANM#3#block177_contig1	745893961	302543
ANM#3	ANM#3#block175_contig3	746196505	84703
ANM#3	ANM#3#block171_contig2	746281209	156481
ANM#3	ANM#3#block17_contig1	746437691	117934
ANM#3	ANM#3#block160_contig3	746555626	268109
ANM#3	ANM#3#block182_contig5	746823736	108339
ANM#3	ANM#3#block166_contig1	746932076	1044948
ANM#3	ANM#3#block182_contig3	747977025	74517
ANM#3	ANM#3#block175_contig4	748051543	167275
ANM#3	ANM#3#block182_contig4	748218819	77834
ANM#3	ANM#3#block182_contig7	748296654	80340
ANM#3	ANM#3#block180_contig2	748376995	210208
ANM#3	ANM#3#block182_contig2	748587204	211327
ANM#3	ANM#3#block174_contig1	748798532	249362
ANM#3	ANM#3#block180_contig1	749047895	220179
ANM#3	ANM#3#block185_contig1	749268075	86228
ANM#3	ANM#3#block186_contig2	749354304	82280
ANM#3	ANM#3#block184_contig2	749436585	140120
ANM#3	ANM#3#block135_contig3	749576706	261057
ANM#3	ANM#3#block1_contig1	749837764	41162
ANM#3	ANM#3#block170_contig2	749878927	130949
ANM#3	ANM#3#block23_contig2	750009877	21737
ANM#3	ANM#3#block187_contig1	750031615	364566
ANM#3	ANM#3#block20_contig1	750396182	89959
ANM#3	ANM#3#block172_contig2	750486142	334869
ANM#3	ANM#3#block19_contig1	750821012	139533
ANM#3	ANM#3#block178_contig1	750960546	386196
ANM#3	ANM#3#block25_contig1	751346743	69934
ANM#3	ANM#3#block186_contig3	751416678	246146
ANM#3	ANM#3#block26_contig3	751662825	61970
ANM#3	ANM#3#block165_contig1	751724796	594565
ANM#3	ANM#3#block18_contig1	752319362	101939
ANM#3	ANM#3#block182_contig8	752421302	100421
ANM#3	ANM#3#block171_contig1	752521724	357545
ANM#3	ANM#3#block27_contig2	752879270	31663
ANM#3	ANM#3#block30_contig1	752910934	35918
ANM#3	ANM#3#block2_contig2	752946853	56168
ANM#3	ANM#3#block26_contig1	753003022	36980
ANM#3	ANM#3#block33_contig1	753040003	53779
ANM#3	ANM#3#block26_contig2	753093783	47699
ANM#3	ANM#3#block34_contig1	753141483	136007
ANM#3	ANM#3#block31_contig1	753277491	149769
ANM#3	ANM#3#block38_contig1	753427261	155647
ANM#3	ANM#3#block36_contig1	753582909	108734
ANM#3	ANM#3#block3_contig1	753691644	136524
ANM#3	ANM#3#block35_contig1	753828169	45744
ANM#3	ANM#3#block32_contig1	753873914	204004
ANM#3	ANM#3#block42_contig2	754077919	80235
ANM#3	ANM#3#block39_contig1	754158155	125500
ANM#3	ANM#3#block43_contig3	754283656	38600
ANM#3	ANM#3#block24_contig1	754322257	215837
ANM#3	ANM#3#block37_contig1	754538095	105373
ANM#3	ANM#3#block41_contig1	754643469	178834
ANM#3	ANM#3#block48_contig1	754822304	122945
ANM#3	ANM#3#block42_contig1	754945250	68482
ANM#3	ANM#3#block53_contig1	755013733	53409
ANM#3	ANM#3#block151_contig4	755067143	156285
ANM#3	ANM#3#block4_contig1	755223429	99679
ANM#3	ANM#3#block51_contig1	755323109	106168
ANM#3	ANM#3#block54_contig2	755429278	17684
ANM#3	ANM#3#block49_contig2	755446963	29237
ANM#3	ANM#3#block53_contig2	755476201	94481
ANM#3	ANM#3#block58_contig1	755570683	26961
ANM#3	ANM#3#block106_contig1	755597645	232767
ANM#3	ANM#3#block5_contig1	755830413	83160
ANM#3	ANM#3#block63_contig2	755913574	42038
ANM#3	ANM#3#block42_contig3	755955613	341595
ANM#3	ANM#3#block54_contig1	756297209	134127
ANM#3	ANM#3#block64_contig2	756431337	208165
ANM#3	ANM#3#block64_contig1	756639503	78894
ANM#3	ANM#3#block43_contig1	756718398	260709
ANM#3	ANM#3#block57_contig1	756979108	19896
ANM#3	ANM#3#block45_contig1	756999005	138615
ANM#3	ANM#3#block44_contig2	757137621	72092
ANM#3	ANM#3#block60_contig1	757209714	86574
ANM#3	ANM#3#block65_contig3	757296289	43205
ANM#3	ANM#3#block50_contig1	757339495	234951
ANM#3	ANM#3#block63_contig1	757574447	261789
ANM#3	ANM#3#block60_contig2	757836237	96750
ANM#3	ANM#3#block65_contig2	757932988	162803
ANM#3	ANM#3#block66_contig2	758095792	89732
ANM#3	ANM#3#block64_contig3	758185525	121038
ANM#3	ANM#3#block61_contig1	758306564	196848
ANM#3	ANM#3#block46_contig1	758503413	222141
ANM#3	ANM#3#block69_contig1	758725555	78877
ANM#3	ANM#3#block72_contig2	758804433	55199
ANM#3	ANM#3#block6_contig2	758859633	70857
ANM#3	ANM#3#block39_contig2	758930491	454092
ANM#3	ANM#3#block132_contig1	759384584	224166
ANM#3	ANM#3#block68_contig1	759608751	159144
ANM#3	ANM#3#block6_contig1	759767896	121972
ANM#3	ANM#3#block186_contig1	759889869	162591
ANM#3	ANM#3#block75_contig3	760052461	81342
ANM#3	ANM#3#block71_contig1	760133804	289969
ANM#3	ANM#3#block78_contig1	760423774	78314
ANM#3	ANM#3#block76_contig2	760502089	101596
ANM#3	ANM#3#block79_contig1	760603686	209052
ANM#3	ANM#3#block70_contig1	760812739	351628
ANM#3	ANM#3#block76_contig1	761164368	67131
ANM#3	ANM#3#block66_contig1	761231500	220419
ANM#3	ANM#3#block77_contig4	761451920	66192
ANM#3	ANM#3#block187_contig2	761518113	67342
ANM#3	ANM#3#block81_contig1	761585456	143345
ANM#3	ANM#3#block77_contig2	761728802	223784
ANM#3	ANM#3#block143_contig2	761952587	136423
ANM#3	ANM#3#block70_contig2	762089011	102787
ANM#3	ANM#3#block83_contig1	762191799	130613
ANM#3	ANM#3#block80_contig1	762322413	372705
ANM#3	ANM#3#block85_contig1	762695119	93278
ANM#3	ANM#3#block84_contig1	762788398	233470
ANM#3	ANM#3#block77_contig3	763021869	240147
ANM#3	ANM#3#block84_contig2	763262017	144476
ANM#3	ANM#3#block86_contig1	763406494	123371
ANM#3	ANM#3#block90_contig2	763529866	42809
ANM#3	ANM#3#block87_contig2	763572676	14618
ANM#3	ANM#3#block93_contig2	763587295	55679
ANM#3	ANM#3#block8_contig1	763642975	183622
ANM#3	ANM#3#block89_contig2	763826598	33688
ANM#3	ANM#3#block92_contig2	763860287	175361
ANM#3	ANM#3#block88_contig1	764035649	79189
ANM#3	ANM#3#block86_contig2	764114839	233162
ANM#3	ANM#3#block96_contig3	764348002	38213
ANM#3	ANM#3#block92_contig1	764386216	303291
ANM#3	ANM#3#block89_contig1	764689508	497937
ANM#3	ANM#3#block87_contig1	765187446	215839
ANM#3	ANM#3#block93_contig1	765403286	116616
ANM#3	ANM#3#block91_contig1	765519903	106399
ANM#3	ANM#3#block94_contig1	765626303	106517
ANM#3	ANM#3#block98_contig2	765732821	146046
ANM#3	ANM#3#block94_contig2	765878868	418362
ANM#3	ANM#3#block96_contig2	766297231	159702
ANM#3	ANM#3#block99_contig1	766456934	113485
ANM#3	ANM#3#block72_contig1	766570420	120241
ANM#3	ANM#3#block96_contig5	766690662	40761
ANM#3	ANM#3#block95_contig1	766731424	82543
ANM#3	ANM#3#block9_contig2	766813968	74884
ANM#3	ANM#3#block97_contig1	766888853	254620
ANM#3	ANM#3#block9_contig1	767143474	75760
ANM#3	ANM#3#block96_contig4	767219235	239497
ANM#3	ANM#3#block174_contig2	767458733	181627
ANM#3	ANM#3#block75_contig2	767640361	122715
ANM#3	ANM#3#block130_contig6	767763077	118323
ANM#3	ANM#3#block116_contig1	767881401	41549
ANM#3	ANM#3#block134_contig2	767922951	88831
ANM#3	ANM#3#block43_contig2	768011783	150133
ANM#3	ANM#3#block62_contig1	768161917	93547
ANM#3	ANM#3#block184_contig1	768255465	152337
ANM#3	ANM#3#block159_contig1	768407803	469604
ANM#3	ANM#3#block55_contig1	768877408	116511
ANM#3	ANM#3#block125_contig2	768993920	156032
ANM#3	ANM#3#block98_contig1	769149953	200554
ANM#3	ANM#3#block29_contig1	769350508	120846
ANM#3	ANM#3#block156_contig2	769471355	110288
ANM#3	ANM#3#block47_contig1	769581644	61293
ANM#3	ANM#3#block28_contig1	769642938	334794
ANM#3	ANM#3#block90_contig3	769977733	72300
ANM#3	ANM#3#block66_contig3	770050034	86915
ANM#3	ANM#3#block127_contig1	770136950	189570
ANM#3	ANM#3#block35_contig2	770326521	105357
ANM#3	ANM#3#block183_contig1	770431879	628464
ANM#3	ANM#3#block181_contig2	771060344	268792
ANM#3	ANM#3#block73_contig1	771329137	364958
ANM#3	ANM#3#block82_contig1	771694096	200613
ANM#3	ANM#3#block111_contig1	771894710	201904
ANM#3	ANM#3#block59_contig1	772096615	157479
ANM#3	ANM#3#block74_contig1	772254095	83153
ANM#3	ANM#3#block58_contig2	772337249	69150
ANM#3	ANM#3#block132_contig2	772406400	164382
ANM#3	ANM#3#block56_contig1	772570783	48735
ANM#3	ANM#3#block148_contig4	772619519	120951
ANM#3	ANM#3#block90_contig1	772740471	145775
ANM#3	ANM#3#block179_contig1	772886247	80813
ANM#3	ANM#3#block22_contig1	772967061	99591
ANM#3	ANM#3#block52_contig1	773066653	87513
ANM#3	ANM#3#block137_contig2	773154167	40039
ANM#3	ANM#3#block45_contig2	773194207	69888
ANM#3	ANM#3#block142_contig2	773264096	57677
ANM#3	ANM#3#block21_contig1	773321774	110868
ANM#3	ANM#3#block40_contig1	773432643	17688
ANM#3	ANM#3#block151_contig2	773450332	85921
ANM#3	ANM#3#block71_contig2	773536254	87996
ANM#3	ANM#3#block170_contig3	773624251	41340
ANM#3	ANM#3#block182_contig6	773665592	175219
ANM#3	ANM#3#block77_contig1	773840812	37129
ANM#3	ANM#3#block85_contig2	773877942	78458
ANM#3	ANM#3#block181_contig1	773956401	66333
ANM#3	ANM#3#block75_contig1	774022735	139507
ANM#3	ANM#3#block93_contig3	774162243	52013
ANM#3	ANM#3#block181_contig3	774214257	22654
ANM#3	ANM#3#block23_contig1	774236912	38958
ANM#3	ANM#3#block96_contig1	774275871	116088
ANM#3	ANM#3#block49_contig1	774391960	107561
ANM#3	ANM#3#block136_contig3	774499522	71845
ANM#3	ANM#3#block103_contig3	774571368	102993
ANM#3	ANM#3#block130_contig5	774674362	253385
ANM#3	ANM#3#block2_contig1	774927748	95008
ANM#3	ANM#3#block44_contig1	775022757	96307
ANM#3	ANM#3#block170_contig4	775119065	96786
ANM#3	ANM#3#block27_contig1	775215852	74736
ANM#3	ANM#3#block144_contig4	775290589	33199
ANM#3	ANM#3#block7_contig1	775323789	172731
ANM#3	ANM#3#block175_contig2	775496521	30836
ANM#3	ANM#3#block65_contig1	775527358	33846
ANM#3	ANM#3#block182_contig1	775561205	133274
ANM#3	ANM#3#block67_contig1	775694480	122371
ANM#3	ANM#3#block130_contig4	775816852	20591
ANM#3	ANM#3#block110_contig3	775837444	17943
ANM#4	ANM#4#block101_contig2	775855388	92018
ANM#4	ANM#4#block105_contig1	775947407	215613
ANM#4	ANM#4#block114_contig1	776163021	146596
ANM#4	ANM#4#block106_contig1	776309618	232767
ANM#4	ANM#4#block112_contig1	776542386	320262
ANM#4	ANM#4#block123_contig2	776862649	335281
ANM#4	ANM#4#block116_contig1	777197931	41549
ANM#4	ANM#4#block134_contig2	777239481	88831
ANM#4	ANM#4#block119_contig1	777328313	415449
ANM#4	ANM#4#block101_contig1	777743763	214923
ANM#4	ANM#4#block130_contig1	777958687	73211
ANM#4	ANM#4#block12_contig2	778031899	158915
ANM#4	ANM#4#block126_contig2	778190815	101540
ANM#4	ANM#4#block134_contig1	778292356	95627
ANM#4	ANM#4#block103_contig1	778387984	305154
ANM#4	ANM#4#block138_contig1	778693139	42057
ANM#4	ANM#4#block115_contig1	778735197	345406
ANM#4	ANM#4#block136_contig4	779080604	287608
ANM#4	ANM#4#block140_contig2	779368213	262233
ANM#4	ANM#4#block129_contig2	779630447	526516
ANM#4	ANM#4#block145_contig2	780156964	70638
ANM#4	ANM#4#block125_contig1	780227603	217678
ANM#4	ANM#4#block141_contig4	780445282	314552
ANM#4	ANM#4#block109_contig1	780759835	342215
ANM#4	ANM#4#block125_contig2	781102051	156032
ANM#4	ANM#4#block121_contig1	781258084	305192
ANM#4	ANM#4#block139_contig1	781563277	31758
ANM#4	ANM#4#block142_contig4	781595036	136612
ANM#4	ANM#4#block149_contig3	781731649	110155
ANM#4	ANM#4#block117_contig2	781841805	129430
ANM#4	ANM#4#block140_contig1	781971236	208314
ANM#4	ANM#4#block151_contig3	782179551	203141
ANM#4	ANM#4#block142_contig3	782382693	107191
ANM#4	ANM#4#block155_contig1	782489885	196243
ANM#4	ANM#4#block105_contig2	782686129	290133
ANM#4	ANM#4#block122_contig3	782976263	147160
ANM#4	ANM#4#block156_contig2	783123424	110288
ANM#4	ANM#4#block153_contig2	783233713	375411
ANM#4	ANM#4#block152_contig1	783609125	378651
ANM#4	ANM#4#block157_contig1	783987777	135698
ANM#4	ANM#4#block153_contig1	784123476	151390
ANM#4	ANM#4#block160_contig1	784274867	186653
ANM#4	ANM#4#block144_contig1	784461521	103314
ANM#4	ANM#4#block161_contig2	784564836	146474
ANM#4	ANM#4#block123_contig1	784711311	204356
ANM#4	ANM#4#block153_contig5	784915668	167021
ANM#4	ANM#4#block136_contig2	785082690	92656
ANM#4	ANM#4#block168_contig2	785175347	38404
ANM#4	ANM#4#block123_contig5	785213752	90580
ANM#4	ANM#4#block160_contig2	785304333	61260
ANM#4	ANM#4#block153_contig4	785365594	102935
ANM#4	ANM#4#block158_contig5	785468530	39341
ANM#4	ANM#4#block167_contig1	785507872	175813
ANM#4	ANM#4#block158_contig2	785683686	88707
ANM#4	ANM#4#block159_contig1	785772394	469604
ANM#4	ANM#4#block142_contig1	786241999	141300
ANM#4	ANM#4#block163_contig2	786383300	321326
ANM#4	ANM#4#block165_contig1	786704627	594565
ANM#4	ANM#4#block122_contig1	787299193	85128
ANM#4	ANM#4#block174_contig2	787384322	181627
ANM#4	ANM#4#block145_contig1	787565950	59569
ANM#4	ANM#4#block151_contig1	787625520	198732
ANM#4	ANM#4#block176_contig1	787824253	95741
ANM#4	ANM#4#block171_contig1	787919995	357545
ANM#4	ANM#4#block180_contig2	788277541	210208
ANM#4	ANM#4#block136_contig5	788487750	199803
ANM#4	ANM#4#block146_contig3	788687554	106457
ANM#4	ANM#4#block178_contig1	788794012	386196
ANM#4	ANM#4#block158_contig3	789180209	242202
ANM#4	ANM#4#block16_contig1	789422412	113011
ANM#4	ANM#4#block118_contig2	789535424	247239
ANM#4	ANM#4#block127_contig1	789782664	189570
ANM#4	ANM#4#block175_contig3	789972235	84703
ANM#4	ANM#4#block141_contig5	790056939	519709
ANM#4	ANM#4#block154_contig1	790576649	210956
ANM#4	ANM#4#block186_contig2	790787606	82280
ANM#4	ANM#4#block127_contig2	790869887	224421
ANM#4	ANM#4#block135_contig3	791094309	261057
ANM#4	ANM#4#block175_contig1	791355367	129698
ANM#4	ANM#4#block181_contig2	791485066	268792
ANM#4	ANM#4#block174_contig1	791753859	249362
ANM#4	ANM#4#block180_contig1	792003222	220179
ANM#4	ANM#4#block175_contig4	792223402	167275
ANM#4	ANM#4#block186_contig3	792390678	246146
ANM#4	ANM#4#block166_contig1	792636825	1044948
ANM#4	ANM#4#block42_contig2	793681774	80235
ANM#4	ANM#4#block11_contig1	793762010	90932
ANM#4	ANM#4#block144_contig2	793852943	56694
ANM#4	ANM#4#block60_contig2	793909638	96750
ANM#4	ANM#4#block50_contig1	794006389	234951
ANM#4	ANM#4#block154_contig2	794241341	140434
ANM#4	ANM#4#block42_contig3	794381776	341595
ANM#4	ANM#4#block132_contig1	794723372	224166
ANM#4	ANM#4#block138_contig3	794947539	165270
ANM#4	ANM#4#block57_contig1	795112810	19896
ANM#4	ANM#4#block51_contig1	795132707	106168
ANM#4	ANM#4#block55_contig1	795238876	116511
ANM#4	ANM#4#block64_contig2	795355388	208165
ANM#4	ANM#4#block63_contig1	795563554	261789
ANM#4	ANM#4#block71_contig1	795825344	289969
ANM#4	ANM#4#block161_contig5	796115314	64518
ANM#4	ANM#4#block36_contig1	796179833	108734
ANM#4	ANM#4#block54_contig1	796288568	134127
ANM#4	ANM#4#block77_contig4	796422696	66192
ANM#4	ANM#4#block148_contig3	796488889	99218
ANM#4	ANM#4#block66_contig1	796588108	220419
ANM#4	ANM#4#block82_contig1	796808528	200613
ANM#4	ANM#4#block107_contig2	797009142	294543
ANM#4	ANM#4#block164_contig1	797303686	691143
ANM#4	ANM#4#block83_contig1	797994830	130613
ANM#4	ANM#4#block160_contig5	798125444	142864
ANM#4	ANM#4#block170_contig5	798268309	154838
ANM#4	ANM#4#block96_contig5	798423148	40761
ANM#4	ANM#4#block130_contig6	798463910	118323
ANM#4	ANM#4#block137_contig1	798582234	106155
ANM#4	ANM#4#block147_contig1	798688390	119430
ANM#4	ANM#4#block89_contig1	798807821	497937
ANM#4	ANM#4#block123_contig3	799305759	163953
ANM#4	ANM#4#block182_contig7	799469713	80340
ANM#4	ANM#4#block96_contig4	799550054	239497
ANM#4	ANM#4#block10_contig1	799789552	73104
ANM#4	ANM#4#block149_contig2	799862657	272373
ANM#4	ANM#4#block17_contig1	800135031	117934
ANM#4	ANM#4#block184_contig2	800252966	140120
ANM#4	ANM#4#block86_contig1	800393087	123371
ANM#4	ANM#4#block9_contig2	800516459	74884
ANM#4	ANM#4#block149_contig1	800591344	101449
ANM#4	ANM#4#block86_contig2	800692794	233162
ANM#4	ANM#4#block66_contig3	800925957	86915
ANM#4	ANM#4#block85_contig1	801012873	93278
ANM#4	ANM#4#block163_contig1	801106152	207344
ANM#4	ANM#4#block77_contig2	801313497	223784
ANM#4	ANM#4#block44_contig2	801537282	72092
ANM#4	ANM#4#block4_contig1	801609375	99679
ANM#4	ANM#4#block46_contig1	801709055	222141
ANM#4	ANM#4#block61_contig1	801931197	196848
ANM#4	ANM#4#block97_contig1	802128046	254620
ANM#4	ANM#4#block64_contig3	802382667	121038
ANM#4	ANM#4#block111_contig1	802503706	201904
ANM#4	ANM#4#block74_contig1	802705611	83153
ANM#4	ANM#4#block59_contig1	802788765	157479
ANM#4	ANM#4#block73_contig1	802946245	364958
ANM#4	ANM#4#block116_contig2	803311204	157175
ANM#4	ANM#4#block162_contig2	803468380	135501
ANM#4	ANM#4#block45_contig1	803603882	138615
ANM#4	ANM#4#block79_contig1	803742498	209052
ANM#4	ANM#4#block8_contig1	803951551	183622
ANM#4	ANM#4#block120_contig2	804135174	216362
ANM#4	ANM#4#block26_contig3	804351537	61970
ANM#4	ANM#4#block155_contig3	804413508	71068
ANM#4	ANM#4#block38_contig1	804484577	155647
ANM#4	ANM#4#block43_contig1	804640225	260709
ANM#4	ANM#4#block28_contig1	804900935	334794
ANM#4	ANM#4#block99_contig1	805235730	113485
ANM#4	ANM#4#block161_contig4	805349216	170923
ANM#4	ANM#4#block169_contig3	805520140	124849
ANM#4	ANM#4#block163_contig3	805644990	256839
ANM#4	ANM#4#block19_contig1	805901830	139533
ANM#4	ANM#4#block1_contig1	806041364	41162
ANM#4	ANM#4#block35_contig2	806082527	105357
ANM#4	ANM#4#block183_contig1	806187885	628464
ANM#4	ANM#4#block94_contig1	806816350	106517
ANM#4	ANM#4#block125_contig3	806922868	67140
ANM#4	ANM#4#block102_contig1	806990009	136927
ANM#4	ANM#4#block68_contig1	807126937	159144
ANM#4	ANM#4#block69_contig1	807286082	78877
ANM#4	ANM#4#block157_contig3	807364960	68058
ANM#4	ANM#4#block172_contig2	807433019	334869
ANM#4	ANM#4#block100_contig1	807767889	113431
ANM#4	ANM#4#block123_contig6	807881321	202217
ANM#4	ANM#4#block143_contig1	808083539	335405
ANM#4	ANM#4#block151_contig4	808418945	156285
ANM#4	ANM#4#block158_contig6	808575231	108618
ANM#4	ANM#4#block161_contig3	808683850	87810
ANM#4	ANM#4#block25_contig1	808771661	69934
ANM#4	ANM#4#block39_contig2	808841596	454092
ANM#4	ANM#4#block92_contig1	809295689	303291
ANM#4	ANM#4#block87_contig1	809598981	215839
ANM#4	ANM#4#block2_contig2	809814821	56168
ANM#4	ANM#4#block84_contig1	809870990	233470
ANM#4	ANM#4#block20_contig1	810104461	89959
ANM#4	ANM#4#block140_contig3	810194421	175113
ANM#4	ANM#4#block41_contig1	810369535	178834
ANM#4	ANM#4#block72_contig2	810548370	55199
ANM#4	ANM#4#block161_contig1	810603570	194776
ANM#4	ANM#4#block58_contig2	810798347	69150
ANM#4	ANM#4#block6_contig1	810867498	121972
ANM#4	ANM#4#block77_contig3	810989471	240147
ANM#4	ANM#4#block182_contig8	811229619	100421
ANM#4	ANM#4#block117_contig1	811330041	69392
ANM#4	ANM#4#block129_contig1	811399434	77159
ANM#4	ANM#4#block48_contig1	811476594	122945
ANM#4	ANM#4#block152_contig2	811599540	217313
ANM#4	ANM#4#block29_contig1	811816854	120846
ANM#4	ANM#4#block53_contig2	811937701	94481
ANM#4	ANM#4#block120_contig1	812032183	201063
ANM#4	ANM#4#block87_contig2	812233247	14618
ANM#4	ANM#4#block126_contig1	812247866	66937
ANM#4	ANM#4#block141_contig3	812314804	64865
ANM#4	ANM#4#block132_contig2	812379670	164382
ANM#4	ANM#4#block187_contig1	812544053	364566
ANM#4	ANM#4#block56_contig1	812908620	48735
ANM#4	ANM#4#block138_contig2	812957356	88398
ANM#4	ANM#4#block93_contig1	813045755	116616
ANM#4	ANM#4#block105_contig3	813162372	62066
ANM#4	ANM#4#block103_contig2	813224439	250176
ANM#4	ANM#4#block12_contig1	813474616	236290
ANM#4	ANM#4#block150_contig1	813710907	370158
ANM#4	ANM#4#block171_contig2	814081066	156481
ANM#4	ANM#4#block80_contig1	814237548	372705
ANM#4	ANM#4#block92_contig2	814610254	175361
ANM#4	ANM#4#block98_contig2	814785616	146046
ANM#4	ANM#4#block103_contig4	814931663	78609
ANM#4	ANM#4#block141_contig1	815010273	145464
ANM#4	ANM#4#block186_contig1	815155738	162591
ANM#4	ANM#4#block76_contig1	815318330	67131
ANM#4	ANM#4#block95_contig1	815385462	82543
ANM#4	ANM#4#block122_contig2	815468006	140053
ANM#4	ANM#4#block156_contig1	815608060	169018
ANM#4	ANM#4#block3_contig1	815777079	136524
ANM#4	ANM#4#block94_contig2	815913604	418362
ANM#4	ANM#4#block110_contig1	816331967	287831
ANM#4	ANM#4#block148_contig4	816619799	120951
ANM#4	ANM#4#block130_contig3	816740751	80984
ANM#4	ANM#4#block120_contig3	816821736	179198
ANM#4	ANM#4#block124_contig1	817000935	148554
ANM#4	ANM#4#block123_contig7	817149490	94413
ANM#4	ANM#4#block160_contig3	817243904	268109
ANM#4	ANM#4#block90_contig1	817512014	145775
ANM#4	ANM#4#block162_contig1	817657790	122415
ANM#4	ANM#4#block72_contig1	817780206	120241
ANM#4	ANM#4#block131_contig1	817900448	107579
ANM#4	ANM#4#block179_contig1	818008028	80813
ANM#4	ANM#4#block22_contig1	818088842	99591
ANM#4	ANM#4#block5_contig1	818188434	83160
ANM#4	ANM#4#block148_contig2	818271595	227965
ANM#4	ANM#4#block43_contig2	818499561	150133
ANM#4	ANM#4#block53_contig1	818649695	53409
ANM#4	ANM#4#block182_contig2	818703105	211327
ANM#4	ANM#4#block52_contig1	818914433	87513
ANM#4	ANM#4#block184_contig1	819001947	152337
ANM#4	ANM#4#block128_contig5	819154285	49856
ANM#4	ANM#4#block145_contig4	819204142	25811
ANM#4	ANM#4#block176_contig3	819229954	246671
ANM#4	ANM#4#block98_contig1	819476626	200554
ANM#4	ANM#4#block110_contig2	819677181	154933
ANM#4	ANM#4#block114_contig3	819832115	68482
ANM#4	ANM#4#block148_contig6	819900598	66851
ANM#4	ANM#4#block34_contig1	819967450	136007
ANM#4	ANM#4#block137_contig2	820103458	40039
ANM#4	ANM#4#block30_contig1	820143498	35918
ANM#4	ANM#4#block45_contig2	820179417	69888
ANM#4	ANM#4#block142_contig2	820249306	57677
ANM#4	ANM#4#block60_contig1	820306984	86574
ANM#4	ANM#4#block172_contig1	820393559	93858
ANM#4	ANM#4#block137_contig5	820487418	128541
ANM#4	ANM#4#block148_contig1	820615960	211657
ANM#4	ANM#4#block21_contig1	820827618	110868
ANM#4	ANM#4#block70_contig1	820938487	351628
ANM#4	ANM#4#block139_contig2	821290116	32865
ANM#4	ANM#4#block13_contig1	821322982	53793
ANM#4	ANM#4#block33_contig1	821376776	53779
ANM#4	ANM#4#block40_contig1	821430556	17688
ANM#4	ANM#4#block167_contig2	821448245	100685
ANM#4	ANM#4#block174_contig3	821548931	73810
ANM#4	ANM#4#block32_contig1	821622742	204004
ANM#4	ANM#4#block157_contig2	821826747	89589
ANM#4	ANM#4#block151_contig2	821916337	85921
ANM#4	ANM#4#block170_contig2	822002259	130949
ANM#4	ANM#4#block96_contig2	822133209	159702
ANM#4	ANM#4#block107_contig1	822292912	60063
ANM#4	ANM#4#block128_contig3	822352976	161361
ANM#4	ANM#4#block14_contig1	822514338	116607
ANM#4	ANM#4#block146_contig2	822630946	19347
ANM#4	ANM#4#block169_contig2	822650294	98413
ANM#4	ANM#4#block71_contig2	822748708	87996
ANM#4	ANM#4#block153_contig7	822836705	89265
ANM#4	ANM#4#block170_contig3	822925971	41340
ANM#4	ANM#4#block182_contig6	822967312	175219
ANM#4	ANM#4#block78_contig1	823142532	78314
ANM#4	ANM#4#block23_contig2	823220847	21737
ANM#4	ANM#4#block66_contig2	823242585	89732
ANM#4	ANM#4#block76_contig2	823332318	101596
ANM#4	ANM#4#block128_contig1	823433915	38849
ANM#4	ANM#4#block65_contig2	823472765	162803
ANM#4	ANM#4#block84_contig2	823635569	144476
ANM#4	ANM#4#block137_contig3	823780046	100235
ANM#4	ANM#4#block143_contig2	823880282	136423
ANM#4	ANM#4#block70_contig2	824016706	102787
ANM#4	ANM#4#block77_contig1	824119494	37129
ANM#4	ANM#4#block145_contig3	824156624	33544
ANM#4	ANM#4#block75_contig2	824190169	122715
ANM#4	ANM#4#block85_contig2	824312885	78458
ANM#4	ANM#4#block147_contig2	824391344	78602
ANM#4	ANM#4#block62_contig1	824469947	93547
ANM#4	ANM#4#block114_contig2	824563495	86826
ANM#4	ANM#4#block118_contig1	824650322	67635
ANM#4	ANM#4#block15_contig1	824717958	144201
ANM#4	ANM#4#block181_contig1	824862160	66333
ANM#4	ANM#4#block153_contig6	824928494	71492
ANM#4	ANM#4#block24_contig1	824999987	215837
ANM#4	ANM#4#block169_contig1	825215825	42733
ANM#4	ANM#4#block146_contig1	825258559	27637
ANM#4	ANM#4#block75_contig1	825286197	139507
ANM#4	ANM#4#block18_contig1	825425705	101939
ANM#4	ANM#4#block187_contig2	825527645	67342
ANM#4	ANM#4#block93_contig3	825594988	52013
ANM#4	ANM#4#block181_contig3	825647002	22654
ANM#4	ANM#4#block23_contig1	825669657	38958
ANM#4	ANM#4#block123_contig4	825708616	100638
ANM#4	ANM#4#block153_contig3	825809255	80482
ANM#4	ANM#4#block182_contig3	825889738	74517
ANM#4	ANM#4#block96_contig1	825964256	116088
ANM#4	ANM#4#block160_contig4	826080345	90823
ANM#4	ANM#4#block177_contig1	826171169	302543
ANM#4	ANM#4#block182_contig5	826473713	108339
ANM#4	ANM#4#block104_contig1	826582053	156724
ANM#4	ANM#4#block49_contig1	826738778	107561
ANM#4	ANM#4#block47_contig1	826846340	61293
ANM#4	ANM#4#block136_contig3	826907634	71845
ANM#4	ANM#4#block141_contig6	826979480	59946
ANM#4	ANM#4#block75_contig3	827039427	81342
ANM#4	ANM#4#block103_contig3	827120770	102993
ANM#4	ANM#4#block91_contig1	827223764	106399
ANM#4	ANM#4#block171_contig4	827330164	131901
ANM#4	ANM#4#block31_contig1	827462066	149769
ANM#4	ANM#4#block81_contig1	827611836	143345
ANM#4	ANM#4#block93_contig2	827755182	55679
ANM#4	ANM#4#block140_contig4	827810862	64729
ANM#4	ANM#4#block176_contig2	827875592	75064
ANM#4	ANM#4#block88_contig1	827950657	79189
ANM#4	ANM#4#block185_contig1	828029847	86228
ANM#4	ANM#4#block170_contig1	828116076	53315
ANM#4	ANM#4#block108_contig1	828169392	117401
ANM#4	ANM#4#block130_contig5	828286794	253385
ANM#4	ANM#4#block2_contig1	828540180	95008
ANM#4	ANM#4#block130_contig2	828635189	25273
ANM#4	ANM#4#block44_contig1	828660463	96307
ANM#4	ANM#4#block170_contig4	828756771	96786
ANM#4	ANM#4#block27_contig1	828853558	74736
ANM#4	ANM#4#block6_contig2	828928295	70857
ANM#4	ANM#4#block113_contig1	828999153	71998
ANM#4	ANM#4#block144_contig3	829071152	73237
ANM#4	ANM#4#block144_contig4	829144390	33199
ANM#4	ANM#4#block63_contig2	829177590	42038
ANM#4	ANM#4#block7_contig1	829219629	172731
ANM#4	ANM#4#block9_contig1	829392361	75760
ANM#4	ANM#4#block135_contig1	829468122	57745
ANM#4	ANM#4#block173_contig1	829525868	102775
ANM#4	ANM#4#block175_contig2	829628644	30836
ANM#4	ANM#4#block137_contig4	829659481	76901
ANM#4	ANM#4#block58_contig1	829736383	26961
ANM#4	ANM#4#block64_contig1	829763345	78894
ANM#4	ANM#4#block114_contig4	829842240	37052
ANM#4	ANM#4#block126_contig3	829879293	280818
ANM#4	ANM#4#block136_contig1	830160112	290422
ANM#4	ANM#4#block158_contig1	830450535	317762
ANM#4	ANM#4#block90_contig2	830768298	42809
ANM#4	ANM#4#block26_contig1	830811108	36980
ANM#4	ANM#4#block128_contig4	830848089	79355
ANM#4	ANM#4#block65_contig1	830927445	33846
ANM#4	ANM#4#block39_contig1	830961292	125500
ANM#4	ANM#4#block135_contig2	831086793	54651
ANM#4	ANM#4#block182_contig1	831141445	133274
ANM#4	ANM#4#block67_contig1	831274720	122371
ANM#4	ANM#4#block148_contig5	831397092	56784
ANM#4	ANM#4#block10_contig2	831453877	70188
ANM#4	ANM#4#block37_contig1	831524066	105373
ANM#4	ANM#4#block141_contig2	831629440	135260
ANM#4	ANM#4#block154_contig5	831764701	54370
ANM#4	ANM#4#block182_contig4	831819072	77834
ANM#4	ANM#4#block35_contig1	831896907	45744
ANM#4	ANM#4#block155_contig2	831942652	64290
ANM#4	ANM#4#block42_contig1	832006943	68482
ANM#4	ANM#4#block90_contig3	832075426	72300
ANM#4	ANM#4#block154_contig4	832147727	57486
ANM#4	ANM#4#block135_contig4	832205214	33619
ANM#4	ANM#4#block130_contig4	832238834	20591
ANM#4	ANM#4#block171_contig3	832259426	58589
ANM#4	ANM#4#block27_contig2	832318016	31663
ANM#4	ANM#4#block96_contig3	832349680	38213
ANM#4	ANM#4#block128_contig2	832387894	72358
ANM#4	ANM#4#block65_contig3	832460253	43205
ANM#4	ANM#4#block26_contig2	832503459	47699
ANM#4	ANM#4#block158_contig4	832551159	72047
ANM#4	ANM#4#block168_contig1	832623207	28345
ANM#4	ANM#4#block133_contig1	832651553	46043
ANM#4	ANM#4#block132_contig3	832697597	41876
ANM#4	ANM#4#block43_contig3	832739474	38600
ANM#4	ANM#4#block110_contig3	832778075	17943
ANM#4	ANM#4#block154_contig3	832796019	29948
ANM#4	ANM#4#block54_contig2	832825968	17684
ANM#4	ANM#4#block89_contig2	832843653	33688
ANM#4	ANM#4#block132_contig4	832877342	7212
ANM#4	ANM#4#block149_contig4	832884555	15643
ANM#4	ANM#4#block141_contig7	832900199	25803
ANM#4	ANM#4#block49_contig2	832926003	29237
APG#0	APG#0#chrIX	832955241	442895
APG#0	APG#0#chrVI	833398137	310113
APG#0	APG#0#chrIII	833708251	357069
APG#0	APG#0#chrVIII	834065321	561217
APG#0	APG#0#chrV	834626539	579745
APG#0	APG#0#chrIV	835206285	1518533
APG#0	APG#0#chrVII	836724819	1071401
APG#0	APG#0#chrX	837796221	749406
APG#0	APG#0#chrII	838545628	807172
APG#0	APG#0#chrXII	839352801	1049747
APG#0	APG#0#chrXV	840402549	1057145
APG#0	APG#0#chrXVI	841459695	941419
APG#0	APG#0#chrXIV	842401115	789942
APG#0	APG#0#chrXI	843191058	697686
APG#0	APG#0#chrXIII	843888745	926076
APG#0	APG#0#chrI	844814822	238791
APG#0	APG#0#chrMT	845053614	88211
AQG_2a#0	AQG_2a#0#chrI	845141826	202806
AQG_2a#0	AQG_2a#0#chrII	845344633	868073
AQG_2a#0	AQG_2a#0#chrIII	846212707	314931
AQG_2a#0	AQG_2a#0#chrVI	846527639	287979
AQG_2a#0	AQG_2a#0#chrIX	846815619	433509
AQG_2a#0	AQG_2a#0#chrV	847249129	587366
AQG_2a#0	AQG_2a#0#chrX	847836496	741942
AQG_2a#0	AQG_2a#0#chrIV	848578439	1487616
AQG_2a#0	AQG_2a#0#chrVII	850066056	1087925
AQG_2a#0	AQG_2a#0#chrXI	851153982	695127
AQG_2a#0	AQG_2a#0#chrXIV	851849110	831117
AQG_2a#0	AQG_2a#0#chrXII	852680228	1048204
AQG_2a#0	AQG_2a#0#chrXV	853728433	1059196
AQG_2a#0	AQG_2a#0#chrXIII	854787630	913883
AQG_2a#0	AQG_2a#0#chrVIII	855701514	562307
AQG_2a#0	AQG_2a#0#chrXVI	856263822	906155
AQG_2a#0	AQG_2a#0#chrMT	857169978	89164
ASB#0	ASB#0#chrI	857259143	239450
ASB#0	ASB#0#chrVI	857498594	277577
ASB#0	ASB#0#chrIX	857776172	424734
ASB#0	ASB#0#chrIII	858200907	340910
ASB#0	ASB#0#chrV	858541818	576370
ASB#0	ASB#0#chrII	859118189	812201
ASB#0	ASB#0#chrVIII	859930391	550033
ASB#0	ASB#0#chrIV	860480425	1487692
ASB#0	ASB#0#chrVII	861968118	1061454
ASB#0	ASB#0#chrX	863029573	729374
ASB#0	ASB#0#chrXVI	863758948	920437
ASB#0	ASB#0#chrXII	864679386	1140963
ASB#0	ASB#0#chrXIII	865820350	934077
ASB#0	ASB#0#chrXV	866754428	1069901
ASB#0	ASB#0#chrXI	867824330	671083
ASB#0	ASB#0#chrXIV	868495414	786736
ASB#1	ASB#1#chrVIII	869282151	548717
ASB#1	ASB#1#chrIII	869830869	343198
ASB#1	ASB#1#chrV	870174068	558239
ASB#1	ASB#1#chrXIII	870732308	928249
ASB#1	ASB#1#chrXI	871660558	681207
ASB#1	ASB#1#chrX	872341766	736621
ASB#1	ASB#1#chrIX	873078388	540839
ASB#1	ASB#1#chrXII	873619228	1292056
ASB#1	ASB#1#chrVII	874911285	1073697
ASB#1	ASB#1#chrIV	875984983	1484801
ASB#1	ASB#1#chrII	877469785	829606
ASB#1	ASB#1#chrXV	878299392	1069588
ASB#1	ASB#1#chrXIV	879368981	768169
ASB#1	ASB#1#chrXVI	880137151	942326
ASB#1	ASB#1#chrI	881079478	224159
ASB#1	ASB#1#chrVI	881303638	277258
ASB#2	ASB#2#chrIII	881580897	348602
ASB#2	ASB#2#chrII	881929500	816540
ASB#2	ASB#2#chrVI	882746041	283212
ASB#2	ASB#2#chrVIII	883029254	570497
ASB#2	ASB#2#chrV	883599752	587071
ASB#2	ASB#2#chrXI	884186824	762336
ASB#2	ASB#2#chrXIII	884949161	909266
ASB#2	ASB#2#chrXIV	885858428	719617
ASB#2	ASB#2#chrVII	886578046	1069848
ASB#2	ASB#2#chrXVI	887647895	925657
ASB#2	ASB#2#chrXV	888573553	1040556
ASB#2	ASB#2#chrX	889614110	827496
ASB#2	ASB#2#chrIX	890441607	423100
ASB#2	ASB#2#chrXII	890864708	1031722
ASB#2	ASB#2#chrIV	891896431	1523066
ASB#2	ASB#2#chrI	893419498	240124
ASG#0	ASG#0#chrIII	893659623	310134
ASG#0	ASG#0#chrII	893969758	794919
ASG#0	ASG#0#chrIV	894764678	1478412
ASG#0	ASG#0#chrV	896243091	557380
ASG#0	ASG#0#chrXIII	896800472	915584
ASG#0	ASG#0#chrVIII	897716057	546586
ASG#0	ASG#0#chrX	898262644	737029
ASG#0	ASG#0#chrIX	898999674	426299
ASG#0	ASG#0#chrXII	899425974	1102877
ASG#0	ASG#0#chrVII	900528852	1065749
ASG#0	ASG#0#chrXVI	901594602	915931
ASG#0	ASG#0#chrXV	902510534	1130910
ASG#0	ASG#0#chrXIV	903641445	765748
ASG#0	ASG#0#chrVI	904407194	251125
ASG#0	ASG#0#chrI	904658320	220866
ASG#0	ASG#0#chrXI	904879187	675089
ASN#0	ASN#0#chrIII	905554277	289711
ASN#0	ASN#0#chrI	905843989	197532
ASN#0	ASN#0#chrVI	906041522	274402
ASN#0	ASN#0#chrII	906315925	851751
ASN#0	ASN#0#chrIX	907167677	433718
ASN#0	ASN#0#chrV	907601396	511248
ASN#0	ASN#0#chrVIII	908112645	530221
ASN#0	ASN#0#chrIV	908642867	1476651
ASN#0	ASN#0#chrX	910119519	712116
ASN#0	ASN#0#chrVII	910831636	1128707
ASN#0	ASN#0#chrXI	911960344	635811
ASN#0	ASN#0#chrXIII	912596156	907159
ASN#0	ASN#0#chrXVI	913503316	926173
ASN#0	ASN#0#chrXIV	914429490	816950
ASN#0	ASN#0#chrXV	915246441	1085493
ASN#0	ASN#0#chrXII	916331935	1051318
ASN#0	ASN#0#chrMT	917383254	79027
ASN#1	ASN#1#chrIV_2	917462282	71999
ASN#1	ASN#1#chrIII_3	917534282	156789
ASN#1	ASN#1#chrIII_2	917691072	113609
ASN#1	ASN#1#chrVI_3	917804682	33314
ASN#1	ASN#1#chrIX	917837997	436280
ASN#1	ASN#1#chrVI_2	918274278	98582
ASN#1	ASN#1#chrVI_1	918372861	142368
ASN#1	ASN#1#chrVII_3	918515230	34693
ASN#1	ASN#1#chrII	918549924	791801
ASN#1	ASN#1#chrVII_1	919341726	96876
ASN#1	ASN#1#chrVII_chrV	919438603	476979
ASN#1	ASN#1#chrX_2	919915583	487433
ASN#1	ASN#1#chrIV_3	920403017	1036621
ASN#1	ASN#1#chrVII_2	921439639	636984
ASN#1	ASN#1#chrXII_3	922076624	546695
ASN#1	ASN#1#chrXIV_3	922623320	51300
ASN#1	ASN#1#chrXI	922674621	628484
ASN#1	ASN#1#chrVIII	923303106	534891
ASN#1	ASN#1#chrXIV_2	923837998	474738
ASN#1	ASN#1#chrXV_3	924312737	153961
ASN#1	ASN#1#chrXV_2	924466699	406003
ASN#1	ASN#1#chrXVI_2	924872703	513142
ASN#1	ASN#1#chrXVI_1	925385846	395249
ASN#1	ASN#1#chrXIII_1	925781096	750634
ASN#1	ASN#1#chrV	926531731	450558
ASN#1	ASN#1#chrXV_1	926982290	103471
ASN#1	ASN#1#chrXV_5	927085762	211358
ASN#1	ASN#1#chrXII_2	927297121	410925
ASN#1	ASN#1#chrIV_1	927708047	363127
ASN#1	ASN#1#chrXV_4	928071175	148278
ASN#1	ASN#1#chrX_1	928219454	237348
ASN#1	ASN#1#chrI	928456803	186309
ASN#1	ASN#1#chrXIV_1	928643113	288865
ASN#1	ASN#1#chrXIII_2	928931979	170848
ASN#1	ASN#1#chrXII_1	929102828	42696
ASN#1	ASN#1#chrIII_1	929145525	55166
ASN#2	ASN#2#chrII_2	929200692	136300
ASN#2	ASN#2#chrII_1	929336993	51148
ASN#2	ASN#2#chrII_3	929388142	136006
ASN#2	ASN#2#chrII_4	929524149	310576
ASN#2	ASN#2#chrV_8	929834726	42716
ASN#2	ASN#2#chrVII_1	929877443	98362
ASN#2	ASN#2#chrVI_2	929975806	181584
ASN#2	ASN#2#chrV_7	930157391	54740
ASN#2	ASN#2#chrV_3	930212132	140546
ASN#2	ASN#2#chrVII_3	930352679	36589
ASN#2	ASN#2#chrVII_2	930389269	55515
ASN#2	ASN#2#chrIV_4	930444785	211882
ASN#2	ASN#2#chrVII_6	930656668	65189
ASN#2	ASN#2#chrVII_4	930721858	60663
ASN#2	ASN#2#chrIV_3	930782522	601683
ASN#2	ASN#2#chrIV_2	931384206	305833
ASN#2	ASN#2#chrV_2	931690040	77718
ASN#2	ASN#2#chrXII_6	931767759	21589
ASN#2	ASN#2#chrVII_8	931789349	293152
ASN#2	ASN#2#chrX_2	932082502	391807
ASN#2	ASN#2#chrX_1	932474310	346126
ASN#2	ASN#2#chrXI_2	932820437	192532
ASN#2	ASN#2#chrVII_9	933012970	138496
ASN#2	ASN#2#chrVII_10	933151467	231211
ASN#2	ASN#2#chrXII_4	933382679	225153
ASN#2	ASN#2#chrVIII_1	933607833	209342
ASN#2	ASN#2#chrXIV_3	933817176	13404
ASN#2	ASN#2#chrXIV_2	933830581	190279
ASN#2	ASN#2#chrXVI_1	934020861	21490
ASN#2	ASN#2#chrXII_2	934042352	241183
ASN#2	ASN#2#chrXI_1	934283536	456738
ASN#2	ASN#2#chrXVI_2	934740275	32850
ASN#2	ASN#2#chrXVI_5	934773126	12441
ASN#2	ASN#2#chrXIV_4	934785568	242821
ASN#2	ASN#2#chrXIV_5	935028390	222437
ASN#2	ASN#2#chrXV_1	935250828	455242
ASN#2	ASN#2#chrXVI_3	935706071	248290
ASN#2	ASN#2#chrXVI_6	935954362	450362
ASN#2	ASN#2#chrXV_2	936404725	580391
ASN#2	ASN#2#chrIX	936985117	434202
ASN#2	ASN#2#chrVI_1	937419320	95847
ASN#2	ASN#2#chrIII	937515168	269508
ASN#2	ASN#2#chrXIII_2	937784677	326916
ASN#2	ASN#2#chrXII_1	938111594	442276
ASN#2	ASN#2#chrXIII_3	938553871	301459
ASN#2	ASN#2#chrXIII_1	938855331	276768
ASN#2	ASN#2#chrI	939132100	181993
ASN#2	ASN#2#chrVIII_2	939314094	298031
ASN#2	ASN#2#chrV_4	939612126	166580
ASN#2	ASN#2#chrXVI_4	939778707	79179
ASN#2	ASN#2#chrIV_1	939857887	257597
ASN#2	ASN#2#chrXIV_1	940115485	74959
ASN#2	ASN#2#chrII_5	940190445	174672
ASN#2	ASN#2#chrV_1	940365118	66938
ASN#2	ASN#2#chrVII_7	940432057	25962
ASN#2	ASN#2#chrXII_5	940458020	53880
ASN#2	ASN#2#chrV_6	940511901	25787
ASN#2	ASN#2#chrIV_5	940537689	55443
ASN#2	ASN#2#chrVII_5	940593133	33297
ASN#2	ASN#2#chrV_5	940626431	18341
ASN#2	ASN#2#chrXII_3	940644773	6387
ATM_1a#0	ATM_1a#0#chrIII	940651161	312376
ATM_1a#0	ATM_1a#0#chrVI	940963538	257856
ATM_1a#0	ATM_1a#0#chrVII	941221395	1099951
ATM_1a#0	ATM_1a#0#chrVIII	942321347	558522
ATM_1a#0	ATM_1a#0#chrX	942879870	724394
ATM_1a#0	ATM_1a#0#chrV	943604265	562636
ATM_1a#0	ATM_1a#0#chrXV	944166902	1076824
ATM_1a#0	ATM_1a#0#chrIV	945243727	1486726
ATM_1a#0	ATM_1a#0#chrIX	946730454	493157
ATM_1a#0	ATM_1a#0#chrXVI	947223612	944923
ATM_1a#0	ATM_1a#0#chrII	948168536	789045
ATM_1a#0	ATM_1a#0#chrXIII	948957582	913274
ATM_1a#0	ATM_1a#0#chrXI	949870857	681891
ATM_1a#0	ATM_1a#0#chrXIV	950552749	782933
ATM_1a#0	ATM_1a#0#chrXII	951335683	1027332
ATM_1a#0	ATM_1a#0#chrI	952363016	195096
ATM_1a#0	ATM_1a#0#chrMT	952558113	83985
ATV#0	ATV#0#chrI	952642099	169857
ATV#0	ATV#0#chrIII	952811957	290220
ATV#0	ATV#0#chrV	953102178	567412
ATV#0	ATV#0#chrVIII	953669591	547207
ATV#0	ATV#0#chrIX	954216799	469808
ATV#0	ATV#0#chrVII	954686608	1100024
ATV#0	ATV#0#chrII	955786633	799018
ATV#0	ATV#0#chrXIV	956585652	763942
ATV#0	ATV#0#chrXV	957349595	1046384
ATV#0	ATV#0#chrIV	958395980	1476190
ATV#0	ATV#0#chrXIII	959872171	927009
ATV#0	ATV#0#chrXII	960799181	1189871
ATV#0	ATV#0#chrXVI	961989053	913090
ATV#0	ATV#0#chrVI	962902144	256043
ATV#0	ATV#0#chrXI	963158188	694021
ATV#0	ATV#0#chrX	963852210	753713
ATV#0	ATV#0#chrMT	964605924	88296
ATV#3	ATV#3#block100_contig1	964694221	275467
ATV#3	ATV#3#block100_contig2	964969689	156243
ATV#3	ATV#3#block101_contig1	965125933	186890
ATV#3	ATV#3#block102_contig1	965312824	144232
ATV#3	ATV#3#block101_contig2	965457057	65660
ATV#3	ATV#3#block104_contig1	965522718	138865
ATV#3	ATV#3#block106_contig1	965661584	112824
ATV#3	ATV#3#block106_contig3	965774409	236838
ATV#3	ATV#3#block107_contig3	966011248	49386
ATV#3	ATV#3#block106_contig4	966060635	46299
ATV#3	ATV#3#block109_contig2	966106935	51580
ATV#3	ATV#3#block108_contig1	966158516	75122
ATV#3	ATV#3#block107_contig1	966233639	213023
ATV#3	ATV#3#block10_contig1	966446663	44354
ATV#3	ATV#3#block109_contig1	966491018	127377
ATV#3	ATV#3#block111_contig1	966618396	57166
ATV#3	ATV#3#block103_contig2	966675563	217305
ATV#3	ATV#3#block111_contig2	966892869	48998
ATV#3	ATV#3#block114_contig2	966941868	75125
ATV#3	ATV#3#block111_contig3	967016994	46001
ATV#3	ATV#3#block110_contig1	967062996	372097
ATV#3	ATV#3#block113_contig1	967435094	188910
ATV#3	ATV#3#block115_contig1	967624005	170412
ATV#3	ATV#3#block116_contig1	967794418	153224
ATV#3	ATV#3#block115_contig2	967947643	73992
ATV#3	ATV#3#block117_contig2	968021636	149385
ATV#3	ATV#3#block119_contig1	968171022	165261
ATV#3	ATV#3#block11_contig1	968336284	206971
ATV#3	ATV#3#block117_contig1	968543256	71726
ATV#3	ATV#3#block123_contig1	968614983	105253
ATV#3	ATV#3#block120_contig1	968720237	56446
ATV#3	ATV#3#block12_contig1	968776684	33527
ATV#3	ATV#3#block127_contig1	968810212	94984
ATV#3	ATV#3#block124_contig2	968905197	106878
ATV#3	ATV#3#block125_contig2	969012076	25733
ATV#3	ATV#3#block129_contig1	969037810	78883
ATV#3	ATV#3#block121_contig2	969116694	338214
ATV#3	ATV#3#block133_contig2	969454909	47754
ATV#3	ATV#3#block126_contig1	969502664	175062
ATV#3	ATV#3#block131_contig2	969677727	75703
ATV#3	ATV#3#block131_contig1	969753431	101956
ATV#3	ATV#3#block137_contig3	969855388	66247
ATV#3	ATV#3#block136_contig1	969921636	215367
ATV#3	ATV#3#block138_contig2	970137004	17107
ATV#3	ATV#3#block132_contig1	970154112	59617
ATV#3	ATV#3#block130_contig1	970213730	115324
ATV#3	ATV#3#block132_contig4	970329055	55834
ATV#3	ATV#3#block134_contig2	970384890	137696
ATV#3	ATV#3#block137_contig2	970522587	62433
ATV#3	ATV#3#block13_contig1	970585021	82418
ATV#3	ATV#3#block141_contig1	970667440	49030
ATV#3	ATV#3#block140_contig1	970716471	56507
ATV#3	ATV#3#block139_contig1	970772979	276189
ATV#3	ATV#3#block130_contig2	971049169	113137
ATV#3	ATV#3#block141_contig2	971162307	68365
ATV#3	ATV#3#block143_contig4	971230673	70346
ATV#3	ATV#3#block141_contig4	971301020	47517
ATV#3	ATV#3#block144_contig3	971348538	85737
ATV#3	ATV#3#block141_contig3	971434276	107475
ATV#3	ATV#3#block144_contig5	971541752	73104
ATV#3	ATV#3#block144_contig4	971614857	108676
ATV#3	ATV#3#block144_contig6	971723534	170584
ATV#3	ATV#3#block144_contig2	971894119	90355
ATV#3	ATV#3#block148_contig2	971984475	71432
ATV#3	ATV#3#block140_contig2	972055908	266612
ATV#3	ATV#3#block144_contig1	972322521	101905
ATV#3	ATV#3#block148_contig1	972424427	81546
ATV#3	ATV#3#block143_contig1	972505974	217961
ATV#3	ATV#3#block121_contig5	972723936	42198
ATV#3	ATV#3#block145_contig1	972766135	83466
ATV#3	ATV#3#block146_contig1	972849602	153499
ATV#3	ATV#3#block14_contig1	973003102	36539
ATV#3	ATV#3#block151_contig2	973039642	69660
ATV#3	ATV#3#block150_contig2	973109303	48336
ATV#3	ATV#3#block149_contig1	973157640	148503
ATV#3	ATV#3#block147_contig1	973306144	331377
ATV#3	ATV#3#block151_contig3	973637522	142942
ATV#3	ATV#3#block153_contig3	973780465	82547
ATV#3	ATV#3#block152_contig3	973863013	98381
ATV#3	ATV#3#block152_contig1	973961395	136314
ATV#3	ATV#3#block141_contig5	974097710	69066
ATV#3	ATV#3#block153_contig2	974166777	85629
ATV#3	ATV#3#block154_contig3	974252407	242798
ATV#3	ATV#3#block150_contig1	974495206	83640
ATV#3	ATV#3#block155_contig4	974578847	39364
ATV#3	ATV#3#block155_contig2	974618212	77311
ATV#3	ATV#3#block154_contig5	974695524	246245
ATV#3	ATV#3#block158_contig3	974941770	98181
ATV#3	ATV#3#block155_contig3	975039952	139131
ATV#3	ATV#3#block160_contig1	975179084	70231
ATV#3	ATV#3#block153_contig1	975249316	110897
ATV#3	ATV#3#block160_contig3	975360214	51855
ATV#3	ATV#3#block152_contig2	975412070	139242
ATV#3	ATV#3#block158_contig2	975551313	87118
ATV#3	ATV#3#block156_contig3	975638432	65336
ATV#3	ATV#3#block159_contig1	975703769	179532
ATV#3	ATV#3#block158_contig1	975883302	242089
ATV#3	ATV#3#block15_contig1	976125392	35136
ATV#3	ATV#3#block16_contig1	976160529	67282
ATV#3	ATV#3#block19_contig1	976227812	43202
ATV#3	ATV#3#block160_contig4	976271015	271202
ATV#3	ATV#3#block23_contig1	976542218	19759
ATV#3	ATV#3#block160_contig2	976561978	188194
ATV#3	ATV#3#block27_contig2	976750173	45778
ATV#3	ATV#3#block32_contig1	976795952	133749
ATV#3	ATV#3#block1_contig2	976929702	73556
ATV#3	ATV#3#block20_contig1	977003259	98747
ATV#3	ATV#3#block31_contig1	977102007	72981
ATV#3	ATV#3#block21_contig1	977174989	80005
ATV#3	ATV#3#block26_contig1	977254995	141806
ATV#3	ATV#3#block1_contig1	977396802	44831
ATV#3	ATV#3#block30_contig1	977441634	47747
ATV#3	ATV#3#block36_contig3	977489382	49184
ATV#3	ATV#3#block33_contig2	977538567	127944
ATV#3	ATV#3#block134_contig1	977666512	439976
ATV#3	ATV#3#block27_contig1	978106489	74789
ATV#3	ATV#3#block39_contig4	978181279	15608
ATV#3	ATV#3#block36_contig2	978196888	75267
ATV#3	ATV#3#block37_contig2	978272156	29047
ATV#3	ATV#3#block137_contig1	978301204	204316
ATV#3	ATV#3#block2_contig1	978505521	228253
ATV#3	ATV#3#block3_contig1	978733775	86691
ATV#3	ATV#3#block43_contig1	978820467	64460
ATV#3	ATV#3#block42_contig2	978884928	88100
ATV#3	ATV#3#block34_contig1	978973029	143753
ATV#3	ATV#3#block36_contig1	979116783	150402
ATV#3	ATV#3#block45_contig2	979267186	47925
ATV#3	ATV#3#block38_contig1	979315112	71607
ATV#3	ATV#3#block44_contig3	979386720	31161
ATV#3	ATV#3#block52_contig1	979417882	62415
ATV#3	ATV#3#block53_contig1	979480298	57762
ATV#3	ATV#3#block48_contig1	979538061	97271
ATV#3	ATV#3#block50_contig1	979635333	196575
ATV#3	ATV#3#block46_contig2	979831909	92175
ATV#3	ATV#3#block127_contig2	979924085	299180
ATV#3	ATV#3#block41_contig1	980223266	139806
ATV#3	ATV#3#block44_contig1	980363073	139294
ATV#3	ATV#3#block57_contig1	980502368	66333
ATV#3	ATV#3#block49_contig1	980568702	125376
ATV#3	ATV#3#block58_contig2	980694079	28314
ATV#3	ATV#3#block54_contig1	980722394	125690
ATV#3	ATV#3#block42_contig1	980848085	129497
ATV#3	ATV#3#block63_contig1	980977583	36919
ATV#3	ATV#3#block47_contig1	981014503	145590
ATV#3	ATV#3#block61_contig1	981160094	71030
ATV#3	ATV#3#block51_contig2	981231125	46355
ATV#3	ATV#3#block65_contig1	981277481	155617
ATV#3	ATV#3#block63_contig2	981433099	66208
ATV#3	ATV#3#block66_contig3	981499308	60923
ATV#3	ATV#3#block6_contig1	981560232	47408
ATV#3	ATV#3#block64_contig1	981607641	187905
ATV#3	ATV#3#block67_contig2	981795547	49409
ATV#3	ATV#3#block75_contig3	981844957	23560
ATV#3	ATV#3#block73_contig1	981868518	73518
ATV#3	ATV#3#block70_contig1	981942037	49562
ATV#3	ATV#3#block68_contig1	981991600	192247
ATV#3	ATV#3#block75_contig2	982183848	69824
ATV#3	ATV#3#block132_contig3	982253673	62203
ATV#3	ATV#3#block39_contig2	982315877	212289
ATV#3	ATV#3#block80_contig1	982528167	52943
ATV#3	ATV#3#block78_contig1	982581111	161465
ATV#3	ATV#3#block87_contig2	982742577	65803
ATV#3	ATV#3#block85_contig1	982808381	83856
ATV#3	ATV#3#block79_contig1	982892238	116859
ATV#3	ATV#3#block67_contig1	983009098	230201
ATV#3	ATV#3#block91_contig4	983239300	53225
ATV#3	ATV#3#block87_contig1	983292526	194652
ATV#3	ATV#3#block8_contig1	983487179	56064
ATV#3	ATV#3#block90_contig2	983543244	13018
ATV#3	ATV#3#block91_contig2	983556263	86477
ATV#3	ATV#3#block88_contig1	983642741	130694
ATV#3	ATV#3#block86_contig1	983773436	216828
ATV#3	ATV#3#block96_contig1	983990265	44588
ATV#3	ATV#3#block97_contig4	984034854	24706
ATV#3	ATV#3#block97_contig3	984059561	37642
ATV#3	ATV#3#block96_contig2	984097204	94087
ATV#3	ATV#3#block97_contig2	984191292	40368
ATV#3	ATV#3#block90_contig1	984231661	279414
ATV#3	ATV#3#block72_contig1	984511076	364856
ATV#3	ATV#3#block94_contig1	984875933	133561
ATV#3	ATV#3#block9_contig1	985009495	62125
ATV#3	ATV#3#block91_contig7	985071621	49421
ATV#3	ATV#3#block75_contig1	985121043	470265
ATV#3	ATV#3#block98_contig1	985591309	183099
ATV#3	ATV#3#block103_contig1	985774409	293595
ATV#3	ATV#3#block156_contig1	986068005	58481
ATV#3	ATV#3#block107_contig2	986126487	308614
ATV#3	ATV#3#block39_contig1	986435102	191260
ATV#3	ATV#3#block124_contig1	986626363	385538
ATV#3	ATV#3#block92_contig1	987011902	258254
ATV#3	ATV#3#block89_contig1	987270157	303970
ATV#3	ATV#3#block114_contig1	987574128	294342
ATV#3	ATV#3#block76_contig1	987868471	135246
ATV#3	ATV#3#block121_contig4	988003718	63287
ATV#3	ATV#3#block46_contig1	988067006	117539
ATV#3	ATV#3#block55_contig1	988184546	40738
ATV#3	ATV#3#block97_contig1	988225285	250201
ATV#3	ATV#3#block143_contig2	988475487	129550
ATV#3	ATV#3#block151_contig1	988605038	123581
ATV#3	ATV#3#block122_contig1	988728620	131146
ATV#3	ATV#3#block77_contig1	988859767	171414
ATV#3	ATV#3#block106_contig2	989031182	41438
ATV#3	ATV#3#block29_contig1	989072621	63390
ATV#3	ATV#3#block95_contig1	989136012	119038
ATV#3	ATV#3#block71_contig1	989255051	129043
ATV#3	ATV#3#block112_contig1	989384095	130019
ATV#3	ATV#3#block35_contig1	989514115	131204
ATV#3	ATV#3#block157_contig1	989645320	159905
ATV#3	ATV#3#block105_contig1	989805226	343135
ATV#3	ATV#3#block28_contig1	990148362	156195
ATV#3	ATV#3#block139_contig2	990304558	162233
ATV#3	ATV#3#block25_contig1	990466792	65566
ATV#3	ATV#3#block83_contig1	990532359	260796
ATV#3	ATV#3#block145_contig2	990793156	61901
ATV#3	ATV#3#block135_contig2	990855058	49836
ATV#3	ATV#3#block69_contig1	990904895	122863
ATV#3	ATV#3#block37_contig1	991027759	69828
ATV#3	ATV#3#block81_contig1	991097588	74553
ATV#3	ATV#3#block151_contig4	991172142	109860
ATV#3	ATV#3#block18_contig1	991282003	74080
ATV#3	ATV#3#block43_contig2	991356084	53447
ATV#3	ATV#3#block132_contig2	991409532	105178
ATV#3	ATV#3#block154_contig4	991514711	239750
ATV#3	ATV#3#block39_contig5	991754462	35468
ATV#3	ATV#3#block7_contig1	991789931	68371
ATV#3	ATV#3#block58_contig1	991858303	195358
ATV#3	ATV#3#block138_contig1	992053662	205730
ATV#3	ATV#3#block5_contig2	992259393	37726
ATV#3	ATV#3#block66_contig1	992297120	48548
ATV#3	ATV#3#block22_contig2	992345669	69047
ATV#3	ATV#3#block62_contig1	992414717	80249
ATV#3	ATV#3#block154_contig2	992494967	75236
ATV#3	ATV#3#block82_contig1	992570204	127098
ATV#3	ATV#3#block39_contig3	992697303	89618
ATV#3	ATV#3#block155_contig1	992786922	184769
ATV#3	ATV#3#block51_contig1	992971692	150491
ATV#3	ATV#3#block98_contig2	993122184	81429
ATV#3	ATV#3#block91_contig6	993203614	34616
ATV#3	ATV#3#block160_contig5	993238231	64504
ATV#3	ATV#3#block60_contig1	993302736	270717
ATV#3	ATV#3#block121_contig1	993573454	253597
ATV#3	ATV#3#block130_contig5	993827052	33606
ATV#3	ATV#3#block64_contig2	993860659	118667
ATV#3	ATV#3#block147_contig2	993979327	135746
ATV#3	ATV#3#block154_contig1	994115074	64021
ATV#3	ATV#3#block130_contig4	994179096	29573
ATV#3	ATV#3#block22_contig1	994208670	92596
ATV#3	ATV#3#block62_contig2	994301267	82332
ATV#3	ATV#3#block89_contig2	994383600	45405
ATV#3	ATV#3#block91_contig5	994429006	101315
ATV#3	ATV#3#block25_contig2	994530322	73491
ATV#3	ATV#3#block142_contig1	994603814	62408
ATV#3	ATV#3#block24_contig1	994666223	67039
ATV#3	ATV#3#block59_contig1	994733263	92202
ATV#3	ATV#3#block120_contig2	994825466	102736
ATV#3	ATV#3#block74_contig1	994928203	212504
ATV#3	ATV#3#block41_contig2	995140708	108810
ATV#3	ATV#3#block99_contig1	995249519	176431
ATV#3	ATV#3#block17_contig1	995425951	92084
ATV#3	ATV#3#block156_contig2	995518036	38465
ATV#3	ATV#3#block154_contig7	995556502	106023
ATV#3	ATV#3#block33_contig1	995662526	69485
ATV#3	ATV#3#block33_contig3	995732012	41623
ATV#3	ATV#3#block143_contig3	995773636	63420
ATV#3	ATV#3#block84_contig1	995837057	126176
ATV#3	ATV#3#block128_contig2	995963234	40821
ATV#3	ATV#3#block49_contig2	996004056	42735
ATV#3	ATV#3#block117_contig3	996046792	50809
ATV#3	ATV#3#block91_contig3	996097602	61572
ATV#3	ATV#3#block125_contig1	996159175	104666
ATV#3	ATV#3#block120_contig3	996263842	74180
ATV#3	ATV#3#block121_contig3	996338023	69122
ATV#3	ATV#3#block66_contig2	996407146	59297
ATV#3	ATV#3#block93_contig1	996466444	89581
ATV#3	ATV#3#block5_contig1	996556026	45622
ATV#3	ATV#3#block118_contig1	996601649	119808
ATV#3	ATV#3#block156_contig4	996721458	34445
ATV#3	ATV#3#block4_contig1	996755904	62539
ATV#3	ATV#3#block154_contig6	996818444	25017
ATV#3	ATV#3#block133_contig1	996843462	41867
ATV#3	ATV#3#block157_contig2	996885330	60751
ATV#3	ATV#3#block44_contig2	996946082	63731
ATV#3	ATV#3#block40_contig1	997009814	61471
ATV#3	ATV#3#block56_contig1	997071286	40154
ATV#3	ATV#3#block128_contig1	997111441	25367
ATV#3	ATV#3#block135_contig1	997136809	57413
ATV#3	ATV#3#block45_contig1	997194223	58376
ATV#3	ATV#3#block91_contig1	997252600	33305
ATV#3	ATV#3#block130_contig3	997285906	46194
ATV#3	ATV#3#block119_contig2	997332101	46439
ATV#3	ATV#3#block49_contig3	997378541	19935
ATV#3	ATV#3#block66_contig4	997398477	33094
ATV#3	ATV#3#block151_contig5	997431572	61812
ATV#3	ATV#3#block122_contig2	997493385	29096
ATV#3	ATV#3#block122_contig3	997522482	2077
ATV#3	ATV#3#block42_contig3	997524560	4580
ATV#3	ATV#3#block57_contig2	997529141	10777
ATV#4	ATV#4#block100_contig2	997539919	156243
ATV#4	ATV#4#block103_contig1	997696163	293595
ATV#4	ATV#4#block111_contig3	997989759	46001
ATV#4	ATV#4#block107_contig2	998035761	308614
ATV#4	ATV#4#block140_contig2	998344376	266612
ATV#4	ATV#4#block154_contig5	998610989	246245
ATV#4	ATV#4#block132_contig3	998857235	62203
ATV#4	ATV#4#block33_contig2	998919439	127944
ATV#4	ATV#4#block39_contig2	999047384	212289
ATV#4	ATV#4#block154_contig3	999259674	242798
ATV#4	ATV#4#block103_contig2	999502473	217305
ATV#4	ATV#4#block152_contig1	999719779	136314
ATV#4	ATV#4#block41_contig1	999856094	139806
ATV#4	ATV#4#block87_contig2	999995901	65803
ATV#4	ATV#4#block92_contig1	1000061705	258254
ATV#4	ATV#4#block101_contig2	1000319960	65660
ATV#4	ATV#4#block110_contig1	1000385621	372097
ATV#4	ATV#4#block89_contig1	1000757719	303970
ATV#4	ATV#4#block114_contig1	1001061690	294342
ATV#4	ATV#4#block76_contig1	1001356033	135246
ATV#4	ATV#4#block121_contig4	1001491280	63287
ATV#4	ATV#4#block9_contig1	1001554568	62125
ATV#4	ATV#4#block134_contig1	1001616694	439976
ATV#4	ATV#4#block158_contig1	1002056671	242089
ATV#4	ATV#4#block27_contig1	1002298761	74789
ATV#4	ATV#4#block36_contig1	1002373551	150402
ATV#4	ATV#4#block137_contig1	1002523954	204316
ATV#4	ATV#4#block2_contig1	1002728271	228253
ATV#4	ATV#4#block57_contig1	1002956525	66333
ATV#4	ATV#4#block72_contig1	1003022859	364856
ATV#4	ATV#4#block124_contig2	1003387716	106878
ATV#4	ATV#4#block144_contig3	1003494595	85737
ATV#4	ATV#4#block127_contig2	1003580333	299180
ATV#4	ATV#4#block106_contig3	1003879514	236838
ATV#4	ATV#4#block139_contig1	1004116353	276189
ATV#4	ATV#4#block46_contig1	1004392543	117539
ATV#4	ATV#4#block12_contig1	1004510083	33527
ATV#4	ATV#4#block147_contig1	1004543611	331377
ATV#4	ATV#4#block55_contig1	1004874989	40738
ATV#4	ATV#4#block97_contig1	1004915728	250201
ATV#4	ATV#4#block101_contig1	1005165930	186890
ATV#4	ATV#4#block143_contig2	1005352821	129550
ATV#4	ATV#4#block151_contig1	1005482372	123581
ATV#4	ATV#4#block109_contig2	1005605954	51580
ATV#4	ATV#4#block151_contig2	1005657535	69660
ATV#4	ATV#4#block85_contig1	1005727196	83856
ATV#4	ATV#4#block78_contig1	1005811053	161465
ATV#4	ATV#4#block115_contig1	1005972519	170412
ATV#4	ATV#4#block122_contig1	1006142932	131146
ATV#4	ATV#4#block13_contig1	1006274079	82418
ATV#4	ATV#4#block159_contig1	1006356498	179532
ATV#4	ATV#4#block106_contig1	1006536031	112824
ATV#4	ATV#4#block131_contig1	1006648856	101956
ATV#4	ATV#4#block46_contig2	1006750813	92175
ATV#4	ATV#4#block77_contig1	1006842989	171414
ATV#4	ATV#4#block106_contig2	1007014404	41438
ATV#4	ATV#4#block104_contig1	1007055843	138865
ATV#4	ATV#4#block109_contig1	1007194709	127377
ATV#4	ATV#4#block6_contig1	1007322087	47408
ATV#4	ATV#4#block151_contig3	1007369496	142942
ATV#4	ATV#4#block152_contig2	1007512439	139242
ATV#4	ATV#4#block29_contig1	1007651682	63390
ATV#4	ATV#4#block95_contig1	1007715073	119038
ATV#4	ATV#4#block127_contig1	1007834112	94984
ATV#4	ATV#4#block71_contig1	1007929097	129043
ATV#4	ATV#4#block112_contig1	1008058141	130019
ATV#4	ATV#4#block148_contig1	1008188161	81546
ATV#4	ATV#4#block160_contig1	1008269708	70231
ATV#4	ATV#4#block35_contig1	1008339940	131204
ATV#4	ATV#4#block50_contig1	1008471145	196575
ATV#4	ATV#4#block141_contig1	1008667721	49030
ATV#4	ATV#4#block157_contig1	1008716752	159905
ATV#4	ATV#4#block67_contig1	1008876658	230201
ATV#4	ATV#4#block90_contig1	1009106860	279414
ATV#4	ATV#4#block113_contig1	1009386275	188910
ATV#4	ATV#4#block153_contig3	1009575186	82547
ATV#4	ATV#4#block15_contig1	1009657734	35136
ATV#4	ATV#4#block45_contig2	1009692871	47925
ATV#4	ATV#4#block106_contig4	1009740797	46299
ATV#4	ATV#4#block105_contig1	1009787097	343135
ATV#4	ATV#4#block126_contig1	1010130233	175062
ATV#4	ATV#4#block131_contig2	1010305296	75703
ATV#4	ATV#4#block11_contig1	1010381000	206971
ATV#4	ATV#4#block130_contig2	1010587972	113137
ATV#4	ATV#4#block134_contig2	1010701110	137696
ATV#4	ATV#4#block158_contig3	1010838807	98181
ATV#4	ATV#4#block36_contig2	1010936989	75267
ATV#4	ATV#4#block149_contig1	1011012257	148503
ATV#4	ATV#4#block39_contig1	1011160761	191260
ATV#4	ATV#4#block75_contig1	1011352022	470265
ATV#4	ATV#4#block143_contig4	1011822288	70346
ATV#4	ATV#4#block100_contig1	1011892635	275467
ATV#4	ATV#4#block124_contig1	1012168103	385538
ATV#4	ATV#4#block28_contig1	1012553642	156195
ATV#4	ATV#4#block139_contig2	1012709838	162233
ATV#4	ATV#4#block25_contig1	1012872072	65566
ATV#4	ATV#4#block83_contig1	1012937639	260796
ATV#4	ATV#4#block150_contig2	1013198436	48336
ATV#4	ATV#4#block146_contig1	1013246773	153499
ATV#4	ATV#4#block43_contig1	1013400273	64460
ATV#4	ATV#4#block88_contig1	1013464734	130694
ATV#4	ATV#4#block26_contig1	1013595429	141806
ATV#4	ATV#4#block145_contig2	1013737236	61901
ATV#4	ATV#4#block150_contig1	1013799138	83640
ATV#4	ATV#4#block153_contig1	1013882779	110897
ATV#4	ATV#4#block135_contig2	1013993677	49836
ATV#4	ATV#4#block69_contig1	1014043514	122863
ATV#4	ATV#4#block111_contig1	1014166378	57166
ATV#4	ATV#4#block37_contig1	1014223545	69828
ATV#4	ATV#4#block81_contig1	1014293374	74553
ATV#4	ATV#4#block151_contig4	1014367928	109860
ATV#4	ATV#4#block141_contig5	1014477789	69066
ATV#4	ATV#4#block136_contig1	1014546856	215367
ATV#4	ATV#4#block18_contig1	1014762224	74080
ATV#4	ATV#4#block51_contig2	1014836305	46355
ATV#4	ATV#4#block98_contig1	1014882661	183099
ATV#4	ATV#4#block116_contig1	1015065761	153224
ATV#4	ATV#4#block130_contig1	1015218986	115324
ATV#4	ATV#4#block38_contig1	1015334311	71607
ATV#4	ATV#4#block97_contig3	1015405919	37642
ATV#4	ATV#4#block43_contig2	1015443562	53447
ATV#4	ATV#4#block115_contig2	1015497010	73992
ATV#4	ATV#4#block132_contig2	1015571003	105178
ATV#4	ATV#4#block154_contig4	1015676182	239750
ATV#4	ATV#4#block39_contig5	1015915933	35468
ATV#4	ATV#4#block7_contig1	1015951402	68371
ATV#4	ATV#4#block148_contig2	1016019774	71432
ATV#4	ATV#4#block58_contig1	1016091207	195358
ATV#4	ATV#4#block138_contig1	1016286566	205730
ATV#4	ATV#4#block5_contig2	1016492297	37726
ATV#4	ATV#4#block119_contig1	1016530024	165261
ATV#4	ATV#4#block155_contig3	1016695286	139131
ATV#4	ATV#4#block66_contig1	1016834418	48548
ATV#4	ATV#4#block54_contig1	1016882967	125690
ATV#4	ATV#4#block65_contig1	1017008658	155617
ATV#4	ATV#4#block160_contig2	1017164276	188194
ATV#4	ATV#4#block22_contig2	1017352471	69047
ATV#4	ATV#4#block49_contig1	1017421519	125376
ATV#4	ATV#4#block62_contig1	1017546896	80249
ATV#4	ATV#4#block86_contig1	1017627146	216828
ATV#4	ATV#4#block145_contig1	1017843975	83466
ATV#4	ATV#4#block154_contig2	1017927442	75236
ATV#4	ATV#4#block82_contig1	1018002679	127098
ATV#4	ATV#4#block39_contig3	1018129778	89618
ATV#4	ATV#4#block96_contig1	1018219397	44588
ATV#4	ATV#4#block31_contig1	1018263986	72981
ATV#4	ATV#4#block141_contig4	1018336968	47517
ATV#4	ATV#4#block79_contig1	1018384486	116859
ATV#4	ATV#4#block61_contig1	1018501346	71030
ATV#4	ATV#4#block155_contig1	1018572377	184769
ATV#4	ATV#4#block51_contig1	1018757147	150491
ATV#4	ATV#4#block98_contig2	1018907639	81429
ATV#4	ATV#4#block111_contig2	1018989069	48998
ATV#4	ATV#4#block34_contig1	1019038068	143753
ATV#4	ATV#4#block160_contig4	1019181822	271202
ATV#4	ATV#4#block91_contig6	1019453025	34616
ATV#4	ATV#4#block87_contig1	1019487642	194652
ATV#4	ATV#4#block97_contig2	1019682295	40368
ATV#4	ATV#4#block160_contig5	1019722664	64504
ATV#4	ATV#4#block42_contig1	1019787169	129497
ATV#4	ATV#4#block60_contig1	1019916667	270717
ATV#4	ATV#4#block91_contig4	1020187385	53225
ATV#4	ATV#4#block121_contig1	1020240611	253597
ATV#4	ATV#4#block44_contig3	1020494209	31161
ATV#4	ATV#4#block94_contig1	1020525371	133561
ATV#4	ATV#4#block130_contig5	1020658933	33606
ATV#4	ATV#4#block64_contig2	1020692540	118667
ATV#4	ATV#4#block147_contig2	1020811208	135746
ATV#4	ATV#4#block63_contig2	1020946955	66208
ATV#4	ATV#4#block117_contig2	1021013164	149385
ATV#4	ATV#4#block68_contig1	1021162550	192247
ATV#4	ATV#4#block64_contig1	1021354798	187905
ATV#4	ATV#4#block153_contig2	1021542704	85629
ATV#4	ATV#4#block154_contig1	1021628334	64021
ATV#4	ATV#4#block129_contig1	1021692356	78883
ATV#4	ATV#4#block143_contig1	1021771240	217961
ATV#4	ATV#4#block130_contig4	1021989202	29573
ATV#4	ATV#4#block22_contig1	1022018776	92596
ATV#4	ATV#4#block62_contig2	1022111373	82332
ATV#4	ATV#4#block107_contig1	1022193706	213023
ATV#4	ATV#4#block137_contig3	1022406730	66247
ATV#4	ATV#4#block80_contig1	1022472978	52943
ATV#4	ATV#4#block89_contig2	1022525922	45405
ATV#4	ATV#4#block91_contig5	1022571328	101315
ATV#4	ATV#4#block25_contig2	1022672644	73491
ATV#4	ATV#4#block142_contig1	1022746136	62408
ATV#4	ATV#4#block24_contig1	1022808545	67039
ATV#4	ATV#4#block102_contig1	1022875585	144232
ATV#4	ATV#4#block67_contig2	1023019818	49409
ATV#4	ATV#4#block58_contig2	1023069228	28314
ATV#4	ATV#4#block32_contig1	1023097543	133749
ATV#4	ATV#4#block30_contig1	1023231293	47747
ATV#4	ATV#4#block59_contig1	1023279041	92202
ATV#4	ATV#4#block120_contig2	1023371244	102736
ATV#4	ATV#4#block121_contig2	1023473981	338214
ATV#4	ATV#4#block144_contig6	1023812196	170584
ATV#4	ATV#4#block74_contig1	1023982781	212504
ATV#4	ATV#4#block91_contig2	1024195286	86477
ATV#4	ATV#4#block14_contig1	1024281764	36539
ATV#4	ATV#4#block152_contig3	1024318304	98381
ATV#4	ATV#4#block41_contig2	1024416686	108810
ATV#4	ATV#4#block21_contig1	1024525497	80005
ATV#4	ATV#4#block1_contig2	1024605503	73556
ATV#4	ATV#4#block99_contig1	1024679060	176431
ATV#4	ATV#4#block17_contig1	1024855492	92084
ATV#4	ATV#4#block156_contig3	1024947577	65336
ATV#4	ATV#4#block156_contig2	1025012914	38465
ATV#4	ATV#4#block75_contig3	1025051380	23560
ATV#4	ATV#4#block154_contig7	1025074941	106023
ATV#4	ATV#4#block33_contig1	1025180965	69485
ATV#4	ATV#4#block75_contig2	1025250451	69824
ATV#4	ATV#4#block96_contig2	1025320276	94087
ATV#4	ATV#4#block33_contig3	1025414364	41623
ATV#4	ATV#4#block66_contig3	1025455988	60923
ATV#4	ATV#4#block141_contig2	1025516912	68365
ATV#4	ATV#4#block143_contig3	1025585278	63420
ATV#4	ATV#4#block158_contig2	1025648699	87118
ATV#4	ATV#4#block144_contig2	1025735818	90355
ATV#4	ATV#4#block27_contig2	1025826174	45778
ATV#4	ATV#4#block84_contig1	1025871953	126176
ATV#4	ATV#4#block128_contig2	1025998130	40821
ATV#4	ATV#4#block73_contig1	1026038952	73518
ATV#4	ATV#4#block49_contig2	1026112471	42735
ATV#4	ATV#4#block117_contig3	1026155207	50809
ATV#4	ATV#4#block70_contig1	1026206017	49562
ATV#4	ATV#4#block20_contig1	1026255580	98747
ATV#4	ATV#4#block97_contig4	1026354328	24706
ATV#4	ATV#4#block114_contig2	1026379035	75125
ATV#4	ATV#4#block1_contig1	1026454161	44831
ATV#4	ATV#4#block44_contig1	1026498993	139294
ATV#4	ATV#4#block42_contig2	1026638288	88100
ATV#4	ATV#4#block91_contig3	1026726389	61572
ATV#4	ATV#4#block23_contig1	1026787962	19759
ATV#4	ATV#4#block133_contig2	1026807722	47754
ATV#4	ATV#4#block123_contig1	1026855477	105253
ATV#4	ATV#4#block125_contig1	1026960731	104666
ATV#4	ATV#4#block121_contig3	1027065398	69122
ATV#4	ATV#4#block120_contig3	1027134521	74180
ATV#4	ATV#4#block36_contig3	1027208702	49184
ATV#4	ATV#4#block3_contig1	1027257887	86691
ATV#4	ATV#4#block155_contig2	1027344579	77311
ATV#4	ATV#4#block66_contig2	1027421891	59297
ATV#4	ATV#4#block47_contig1	1027481189	145590
ATV#4	ATV#4#block144_contig4	1027626780	108676
ATV#4	ATV#4#block93_contig1	1027735457	89581
ATV#4	ATV#4#block63_contig1	1027825039	36919
ATV#4	ATV#4#block144_contig5	1027861959	73104
ATV#4	ATV#4#block53_contig1	1027935064	57762
ATV#4	ATV#4#block5_contig1	1027992827	45622
ATV#4	ATV#4#block118_contig1	1028038450	119808
ATV#4	ATV#4#block141_contig3	1028158259	107475
ATV#4	ATV#4#block156_contig4	1028265735	34445
ATV#4	ATV#4#block156_contig1	1028300181	58481
ATV#4	ATV#4#block37_contig2	1028358663	29047
ATV#4	ATV#4#block144_contig1	1028387711	101905
ATV#4	ATV#4#block4_contig1	1028489617	62539
ATV#4	ATV#4#block52_contig1	1028552157	62415
ATV#4	ATV#4#block160_contig3	1028614573	51855
ATV#4	ATV#4#block154_contig6	1028666429	25017
ATV#4	ATV#4#block121_contig5	1028691447	42198
ATV#4	ATV#4#block107_contig3	1028733646	49386
ATV#4	ATV#4#block133_contig1	1028783033	41867
ATV#4	ATV#4#block157_contig2	1028824901	60751
ATV#4	ATV#4#block8_contig1	1028885653	56064
ATV#4	ATV#4#block155_contig4	1028941718	39364
ATV#4	ATV#4#block132_contig4	1028981083	55834
ATV#4	ATV#4#block48_contig1	1029036918	97271
ATV#4	ATV#4#block120_contig1	1029134190	56446
ATV#4	ATV#4#block44_contig2	1029190637	63731
ATV#4	ATV#4#block40_contig1	1029254369	61471
ATV#4	ATV#4#block132_contig1	1029315841	59617
ATV#4	ATV#4#block56_contig1	1029375459	40154
ATV#4	ATV#4#block16_contig1	1029415614	67282
ATV#4	ATV#4#block140_contig1	1029482897	56507
ATV#4	ATV#4#block128_contig1	1029539405	25367
ATV#4	ATV#4#block135_contig1	1029564773	57413
ATV#4	ATV#4#block108_contig1	1029622187	75122
ATV#4	ATV#4#block45_contig1	1029697310	58376
ATV#4	ATV#4#block117_contig1	1029755687	71726
ATV#4	ATV#4#block10_contig1	1029827414	44354
ATV#4	ATV#4#block19_contig1	1029871769	43202
ATV#4	ATV#4#block125_contig2	1029914972	25733
ATV#4	ATV#4#block91_contig7	1029940706	49421
ATV#4	ATV#4#block91_contig1	1029990128	33305
ATV#4	ATV#4#block130_contig3	1030023434	46194
ATV#4	ATV#4#block119_contig2	1030069629	46439
ATV#4	ATV#4#block137_contig2	1030116069	62433
ATV#4	ATV#4#block49_contig3	1030178503	19935
ATV#4	ATV#4#block66_contig4	1030198439	33094
ATV#4	ATV#4#block151_contig5	1030231534	61812
ATV#4	ATV#4#block90_contig2	1030293347	13018
ATV#4	ATV#4#block122_contig3	1030306366	2077
ATV#4	ATV#4#block122_contig2	1030308444	29096
ATV#4	ATV#4#block42_contig3	1030337541	4580
ATV#4	ATV#4#block138_contig2	1030342122	17107
ATV#4	ATV#4#block39_contig4	1030359230	15608
ATV#4	ATV#4#block57_contig2	1030374839	10777
AVB#0	AVB#0#chrI	1030385617	198345
AVB#0	AVB#0#chrV	1030583963	578604
AVB#0	AVB#0#chrXII_chrVII	1031162568	913638
AVB#0	AVB#0#chrIV	1032076207	1482880
AVB#0	AVB#0#chrVII_chrXII	1033559088	1223403
AVB#0	AVB#0#chrXV	1034782492	1050533
AVB#0	AVB#0#chrXIII	1035833026	919060
AVB#0	AVB#0#chrX	1036752087	757115
AVB#0	AVB#0#chrXI	1037509203	679509
AVB#0	AVB#0#chrII	1038188713	804560
AVB#0	AVB#0#chrIX	1038993274	436480
AVB#0	AVB#0#chrXIV	1039429755	751079
AVB#0	AVB#0#chrIII	1040180835	330706
AVB#0	AVB#0#chrVI	1040511542	263850
AVB#0	AVB#0#chrVIII	1040775393	543028
AVB#0	AVB#0#chrXVI	1041318422	970153
AVB#0	AVB#0#chrMT	1042288576	86839
AVI_1a#0	AVI_1a#0#chrVIII	1042375416	558231
AVI_1a#0	AVI_1a#0#chrVII	1042933648	1076192
AVI_1a#0	AVI_1a#0#chrV	1044009841	575006
AVI_1a#0	AVI_1a#0#chrIV	1044584848	1482328
AVI_1a#0	AVI_1a#0#chrXIII	1046067177	934037
AVI_1a#0	AVI_1a#0#chrIX	1047001215	447802
AVI_1a#0	AVI_1a#0#chrXV	1047449018	1084558
AVI_1a#0	AVI_1a#0#chrXII	1048533577	1129085
AVI_1a#0	AVI_1a#0#chrVI	1049662663	289235
AVI_1a#0	AVI_1a#0#chrX	1049951899	723381
AVI_1a#0	AVI_1a#0#chrXI	1050675281	667351
AVI_1a#0	AVI_1a#0#chrXIV	1051342633	773347
AVI_1a#0	AVI_1a#0#chrIII	1052115981	306751
AVI_1a#0	AVI_1a#0#chrII	1052422733	814892
AVI_1a#0	AVI_1a#0#chrI	1053237626	237345
AVI_1a#0	AVI_1a#0#chrXVI	1053474972	919423
AVI_1a#0	AVI_1a#0#chrMT	1054394396	77449
AVN#0	AVN#0#chrI	1054471846	202039
AVN#0	AVN#0#chrV	1054673886	565391
AVN#0	AVN#0#chrVIII	1055239278	524799
AVN#0	AVN#0#chrX	1055764078	723495
AVN#0	AVN#0#chrXII	1056487574	1121661
AVN#0	AVN#0#chrXI	1057609236	669924
AVN#0	AVN#0#chrXIV	1058279161	776660
AVN#0	AVN#0#chrXVI	1059055822	918669
AVN#0	AVN#0#chrIV	1059974492	1478583
AVN#0	AVN#0#chrVII	1061453076	1050291
AVN#0	AVN#0#chrXV	1062503368	1046456
AVN#0	AVN#0#chrIX	1063549825	447524
AVN#0	AVN#0#chrXIII	1063997350	916454
AVN#0	AVN#0#chrII	1064913805	799283
AVN#0	AVN#0#chrIII	1065713089	291571
AVN#0	AVN#0#chrVI	1066004661	256587
AVN#0	AVN#0#chrMT	1066261249	79837
AVN#3	AVN#3#block101_contig2	1066341087	92788
AVN#3	AVN#3#block102_contig1	1066433876	85086
AVN#3	AVN#3#block105_contig5	1066518963	31262
AVN#3	AVN#3#block105_contig4	1066550226	69349
AVN#3	AVN#3#block104_contig1	1066619576	90449
AVN#3	AVN#3#block106_contig5	1066710026	105713
AVN#3	AVN#3#block106_contig4	1066815740	83790
AVN#3	AVN#3#block106_contig2	1066899531	144617
AVN#3	AVN#3#block105_contig2	1067044149	164814
AVN#3	AVN#3#block109_contig3	1067208964	55304
AVN#3	AVN#3#block111_contig1	1067264269	34409
AVN#3	AVN#3#block110_contig1	1067298679	207864
AVN#3	AVN#3#block113_contig1	1067506544	106115
AVN#3	AVN#3#block113_contig3	1067612660	90056
AVN#3	AVN#3#block112_contig2	1067702717	59887
AVN#3	AVN#3#block113_contig5	1067762605	40249
AVN#3	AVN#3#block117_contig2	1067802855	51913
AVN#3	AVN#3#block116_contig1	1067854769	84345
AVN#3	AVN#3#block117_contig1	1067939115	144649
AVN#3	AVN#3#block114_contig1	1068083765	70484
AVN#3	AVN#3#block118_contig2	1068154250	120750
AVN#3	AVN#3#block113_contig6	1068275001	72370
AVN#3	AVN#3#block120_contig3	1068347372	109112
AVN#3	AVN#3#block119_contig2	1068456485	105086
AVN#3	AVN#3#block123_contig2	1068561572	150969
AVN#3	AVN#3#block115_contig1	1068712542	190020
AVN#3	AVN#3#block112_contig1	1068902563	166950
AVN#3	AVN#3#block122_contig2	1069069514	32305
AVN#3	AVN#3#block121_contig1	1069101820	46882
AVN#3	AVN#3#block109_contig2	1069148703	59403
AVN#3	AVN#3#block17_contig1	1069208107	43862
AVN#3	AVN#3#block124_contig1	1069251970	84432
AVN#3	AVN#3#block125_contig3	1069336403	87692
AVN#3	AVN#3#block18_contig1	1069424096	80700
AVN#3	AVN#3#block123_contig1	1069504797	95250
AVN#3	AVN#3#block125_contig1	1069600048	508053
AVN#3	AVN#3#block19_contig1	1070108102	97281
AVN#3	AVN#3#block12_contig1	1070205384	97390
AVN#3	AVN#3#block24_contig2	1070302775	46510
AVN#3	AVN#3#block18_contig2	1070349286	153963
AVN#3	AVN#3#block27_contig1	1070503250	102926
AVN#3	AVN#3#block29_contig1	1070606177	63312
AVN#3	AVN#3#block32_contig1	1070669490	55213
AVN#3	AVN#3#block26_contig1	1070724704	180193
AVN#3	AVN#3#block24_contig1	1070904898	166599
AVN#3	AVN#3#block3_contig1	1071071498	84850
AVN#3	AVN#3#block38_contig2	1071156349	114077
AVN#3	AVN#3#block39_contig2	1071270427	38343
AVN#3	AVN#3#block37_contig1	1071308771	92807
AVN#3	AVN#3#block36_contig1	1071401579	90688
AVN#3	AVN#3#block41_contig1	1071492268	92926
AVN#3	AVN#3#block42_contig3	1071585195	59996
AVN#3	AVN#3#block31_contig1	1071645192	298136
AVN#3	AVN#3#block41_contig4	1071943329	30878
AVN#3	AVN#3#block46_contig1	1071974208	107057
AVN#3	AVN#3#block25_contig1	1072081266	74977
AVN#3	AVN#3#block13_contig1	1072156244	207981
AVN#3	AVN#3#block42_contig2	1072364226	151054
AVN#3	AVN#3#block46_contig2	1072515281	75517
AVN#3	AVN#3#block47_contig1	1072590799	225686
AVN#3	AVN#3#block41_contig2	1072816486	161586
AVN#3	AVN#3#block49_contig2	1072978073	94826
AVN#3	AVN#3#block50_contig1	1073072900	280857
AVN#3	AVN#3#block53_contig2	1073353758	112452
AVN#3	AVN#3#block38_contig1	1073466211	266899
AVN#3	AVN#3#block58_contig1	1073733111	184422
AVN#3	AVN#3#block56_contig2	1073917534	49678
AVN#3	AVN#3#block61_contig2	1073967213	202810
AVN#3	AVN#3#block57_contig2	1074170024	119584
AVN#3	AVN#3#block66_contig2	1074289609	41878
AVN#3	AVN#3#block57_contig1	1074331488	187856
AVN#3	AVN#3#block62_contig1	1074519345	185178
AVN#3	AVN#3#block61_contig3	1074704524	63722
AVN#3	AVN#3#block61_contig1	1074768247	469551
AVN#3	AVN#3#block67_contig1	1075237799	80778
AVN#3	AVN#3#block70_contig1	1075318578	201950
AVN#3	AVN#3#block71_contig3	1075520529	29181
AVN#3	AVN#3#block76_contig1	1075549711	156273
AVN#3	AVN#3#block76_contig2	1075705985	109805
AVN#3	AVN#3#block77_contig3	1075815791	222391
AVN#3	AVN#3#block7_contig1	1076038183	75754
AVN#3	AVN#3#block77_contig2	1076113938	168016
AVN#3	AVN#3#block56_contig1	1076281955	506429
AVN#3	AVN#3#block78_contig1	1076788385	186287
AVN#3	AVN#3#block80_contig1	1076974673	165404
AVN#3	AVN#3#block79_contig1	1077140078	309858
AVN#3	AVN#3#block86_contig1	1077449937	71113
AVN#3	AVN#3#block8_contig1	1077521051	83763
AVN#3	AVN#3#block91_contig1	1077604815	107121
AVN#3	AVN#3#block81_contig1	1077711937	396416
AVN#3	AVN#3#block95_contig2	1078108354	89127
AVN#3	AVN#3#block44_contig1	1078197482	200957
AVN#3	AVN#3#block96_contig1	1078398440	152355
AVN#3	AVN#3#block89_contig1	1078550796	189974
AVN#3	AVN#3#block98_contig1	1078740771	139201
AVN#3	AVN#3#block99_contig2	1078879973	122440
AVN#3	AVN#3#block94_contig1	1079002414	503883
AVN#3	AVN#3#block113_contig7	1079506298	132841
AVN#3	AVN#3#block15_contig1	1079639140	92961
AVN#3	AVN#3#block97_contig2	1079732102	158253
AVN#3	AVN#3#block53_contig1	1079890356	165418
AVN#3	AVN#3#block93_contig1	1080055775	487258
AVN#3	AVN#3#block34_contig1	1080543034	120635
AVN#3	AVN#3#block37_contig2	1080663670	183829
AVN#3	AVN#3#block54_contig1	1080847500	406558
AVN#3	AVN#3#block66_contig1	1081254059	156083
AVN#3	AVN#3#block89_contig2	1081410143	235726
AVN#3	AVN#3#block116_contig2	1081645870	71500
AVN#3	AVN#3#block71_contig1	1081717371	64004
AVN#3	AVN#3#block120_contig2	1081781376	100610
AVN#3	AVN#3#block54_contig2	1081881987	236821
AVN#3	AVN#3#block71_contig2	1082118809	148249
AVN#3	AVN#3#block64_contig1	1082267059	334695
AVN#3	AVN#3#block65_contig1	1082601755	160157
AVN#3	AVN#3#block60_contig1	1082761913	260727
AVN#3	AVN#3#block90_contig1	1083022641	251310
AVN#3	AVN#3#block59_contig1	1083273952	192590
AVN#3	AVN#3#block24_contig3	1083466543	210948
AVN#3	AVN#3#block69_contig1	1083677492	269671
AVN#3	AVN#3#block88_contig1	1083947164	374692
AVN#3	AVN#3#block122_contig1	1084321857	81224
AVN#3	AVN#3#block17_contig2	1084403082	68603
AVN#3	AVN#3#block92_contig2	1084471686	178708
AVN#3	AVN#3#block95_contig1	1084650395	253352
AVN#3	AVN#3#block9_contig1	1084903748	59796
AVN#3	AVN#3#block49_contig3	1084963545	265435
AVN#3	AVN#3#block35_contig1	1085228981	139497
AVN#3	AVN#3#block82_contig3	1085368479	154411
AVN#3	AVN#3#block48_contig1	1085522891	431393
AVN#3	AVN#3#block75_contig1	1085954285	416303
AVN#3	AVN#3#block103_contig1	1086370589	63148
AVN#3	AVN#3#block68_contig1	1086433738	196444
AVN#3	AVN#3#block100_contig1	1086630183	58514
AVN#3	AVN#3#block31_contig2	1086688698	104058
AVN#3	AVN#3#block82_contig2	1086792757	113944
AVN#3	AVN#3#block86_contig2	1086906702	579673
AVN#3	AVN#3#block112_contig3	1087486376	140427
AVN#3	AVN#3#block84_contig1	1087626804	645494
AVN#3	AVN#3#block101_contig1	1088272299	38024
AVN#3	AVN#3#block62_contig2	1088310324	272211
AVN#3	AVN#3#block99_contig1	1088582536	51274
AVN#3	AVN#3#block85_contig1	1088633811	201993
AVN#3	AVN#3#block12_contig2	1088835805	105150
AVN#3	AVN#3#block122_contig3	1088940956	58392
AVN#3	AVN#3#block121_contig3	1088999349	58280
AVN#3	AVN#3#block111_contig2	1089057630	69351
AVN#3	AVN#3#block21_contig1	1089126982	74710
AVN#3	AVN#3#block51_contig1	1089201693	126385
AVN#3	AVN#3#block53_contig3	1089328079	47995
AVN#3	AVN#3#block52_contig1	1089376075	310294
AVN#3	AVN#3#block87_contig1	1089686370	503872
AVN#3	AVN#3#block108_contig1	1090190243	66255
AVN#3	AVN#3#block45_contig1	1090256499	274294
AVN#3	AVN#3#block94_contig2	1090530794	312246
AVN#3	AVN#3#block107_contig1	1090843041	111307
AVN#3	AVN#3#block2_contig1	1090954349	70601
AVN#3	AVN#3#block74_contig2	1091024951	93645
AVN#3	AVN#3#block6_contig1	1091118597	67363
AVN#3	AVN#3#block30_contig1	1091185961	126681
AVN#3	AVN#3#block77_contig1	1091312643	192029
AVN#3	AVN#3#block105_contig3	1091504673	44363
AVN#3	AVN#3#block42_contig4	1091549037	78667
AVN#3	AVN#3#block42_contig1	1091627705	267510
AVN#3	AVN#3#block72_contig1	1091895216	526454
AVN#3	AVN#3#block63_contig1	1092421671	173504
AVN#3	AVN#3#block35_contig2	1092595176	85975
AVN#3	AVN#3#block5_contig1	1092681152	23131
AVN#3	AVN#3#block89_contig3	1092704284	139522
AVN#3	AVN#3#block126_contig1	1092843807	142896
AVN#3	AVN#3#block92_contig1	1092986704	184038
AVN#3	AVN#3#block55_contig2	1093170743	63386
AVN#3	AVN#3#block74_contig1	1093234130	90336
AVN#3	AVN#3#block120_contig1	1093324467	34578
AVN#3	AVN#3#block125_contig2	1093359046	45401
AVN#3	AVN#3#block41_contig3	1093404448	34295
AVN#3	AVN#3#block82_contig1	1093438744	123738
AVN#3	AVN#3#block14_contig1	1093562483	77534
AVN#3	AVN#3#block49_contig1	1093640018	51822
AVN#3	AVN#3#block10_contig1	1093691841	181568
AVN#3	AVN#3#block88_contig2	1093873410	257808
AVN#3	AVN#3#block109_contig1	1094131219	126878
AVN#3	AVN#3#block105_contig1	1094258098	46384
AVN#3	AVN#3#block33_contig1	1094304483	108137
AVN#3	AVN#3#block125_contig4	1094412621	62623
AVN#3	AVN#3#block73_contig1	1094475245	28502
AVN#3	AVN#3#block11_contig1	1094503748	101186
AVN#3	AVN#3#block55_contig3	1094604935	248010
AVN#3	AVN#3#block118_contig1	1094852946	92045
AVN#3	AVN#3#block119_contig1	1094944992	275183
AVN#3	AVN#3#block20_contig1	1095220176	249042
AVN#3	AVN#3#block97_contig1	1095469219	591349
AVN#3	AVN#3#block83_contig1	1096060569	250289
AVN#3	AVN#3#block23_contig1	1096310859	57551
AVN#3	AVN#3#block28_contig1	1096368411	59391
AVN#3	AVN#3#block121_contig2	1096427803	49344
AVN#3	AVN#3#block40_contig1	1096477148	322939
AVN#3	AVN#3#block24_contig5	1096800088	79836
AVN#3	AVN#3#block22_contig1	1096879925	81124
AVN#3	AVN#3#block55_contig1	1096961050	125462
AVN#3	AVN#3#block24_contig4	1097086513	129161
AVN#3	AVN#3#block14_contig2	1097215675	63768
AVN#3	AVN#3#block39_contig1	1097279444	22697
AVN#3	AVN#3#block106_contig1	1097302142	63662
AVN#3	AVN#3#block113_contig2	1097365805	40632
AVN#3	AVN#3#block1_contig1	1097406438	35636
AVN#3	AVN#3#block43_contig1	1097442075	60032
AVN#3	AVN#3#block56_contig3	1097502108	131658
AVN#3	AVN#3#block106_contig3	1097633767	66364
AVN#3	AVN#3#block16_contig1	1097700132	6591
AVN#3	AVN#3#block113_contig4	1097706724	23658
AVN#3	AVN#3#block4_contig1	1097730383	12133
AVN#4	AVN#4#block113_contig7	1097742517	132841
AVN#4	AVN#4#block53_contig1	1097875359	165418
AVN#4	AVN#4#block53_contig2	1098040778	112452
AVN#4	AVN#4#block17_contig1	1098153231	43862
AVN#4	AVN#4#block34_contig1	1098197094	120635
AVN#4	AVN#4#block37_contig2	1098317730	183829
AVN#4	AVN#4#block54_contig1	1098501560	406558
AVN#4	AVN#4#block115_contig1	1098908119	190020
AVN#4	AVN#4#block122_contig2	1099098140	32305
AVN#4	AVN#4#block66_contig1	1099130446	156083
AVN#4	AVN#4#block116_contig2	1099286530	71500
AVN#4	AVN#4#block50_contig1	1099358031	280857
AVN#4	AVN#4#block71_contig1	1099638889	64004
AVN#4	AVN#4#block120_contig2	1099702894	100610
AVN#4	AVN#4#block54_contig2	1099803505	236821
AVN#4	AVN#4#block65_contig1	1100040327	160157
AVN#4	AVN#4#block60_contig1	1100200485	260727
AVN#4	AVN#4#block62_contig1	1100461213	185178
AVN#4	AVN#4#block77_contig2	1100646392	168016
AVN#4	AVN#4#block59_contig1	1100814409	192590
AVN#4	AVN#4#block106_contig2	1101007000	144617
AVN#4	AVN#4#block24_contig3	1101151618	210948
AVN#4	AVN#4#block69_contig1	1101362567	269671
AVN#4	AVN#4#block122_contig1	1101632239	81224
AVN#4	AVN#4#block26_contig1	1101713464	180193
AVN#4	AVN#4#block89_contig2	1101893658	235726
AVN#4	AVN#4#block17_contig2	1102129385	68603
AVN#4	AVN#4#block64_contig1	1102197989	334695
AVN#4	AVN#4#block92_contig2	1102532685	178708
AVN#4	AVN#4#block95_contig1	1102711394	253352
AVN#4	AVN#4#block41_contig2	1102964747	161586
AVN#4	AVN#4#block49_contig3	1103126334	265435
AVN#4	AVN#4#block125_contig3	1103391770	87692
AVN#4	AVN#4#block35_contig1	1103479463	139497
AVN#4	AVN#4#block41_contig1	1103618961	92926
AVN#4	AVN#4#block82_contig3	1103711888	154411
AVN#4	AVN#4#block48_contig1	1103866300	431393
AVN#4	AVN#4#block75_contig1	1104297694	416303
AVN#4	AVN#4#block103_contig1	1104713998	63148
AVN#4	AVN#4#block110_contig1	1104777147	207864
AVN#4	AVN#4#block68_contig1	1104985012	196444
AVN#4	AVN#4#block47_contig1	1105181457	225686
AVN#4	AVN#4#block7_contig1	1105407144	75754
AVN#4	AVN#4#block90_contig1	1105482899	251310
AVN#4	AVN#4#block99_contig2	1105734210	122440
AVN#4	AVN#4#block100_contig1	1105856651	58514
AVN#4	AVN#4#block39_contig2	1105915166	38343
AVN#4	AVN#4#block31_contig2	1105953510	104058
AVN#4	AVN#4#block82_contig2	1106057569	113944
AVN#4	AVN#4#block97_contig2	1106171514	158253
AVN#4	AVN#4#block61_contig1	1106329768	469551
AVN#4	AVN#4#block86_contig2	1106799320	579673
AVN#4	AVN#4#block9_contig1	1107378994	59796
AVN#4	AVN#4#block112_contig3	1107438791	140427
AVN#4	AVN#4#block113_contig1	1107579219	106115
AVN#4	AVN#4#block117_contig1	1107685335	144649
AVN#4	AVN#4#block121_contig1	1107829985	46882
AVN#4	AVN#4#block84_contig1	1107876868	645494
AVN#4	AVN#4#block101_contig1	1108522363	38024
AVN#4	AVN#4#block71_contig3	1108560388	29181
AVN#4	AVN#4#block78_contig1	1108589570	186287
AVN#4	AVN#4#block49_contig2	1108775858	94826
AVN#4	AVN#4#block77_contig3	1108870685	222391
AVN#4	AVN#4#block62_contig2	1109093077	272211
AVN#4	AVN#4#block99_contig1	1109365289	51274
AVN#4	AVN#4#block85_contig1	1109416564	201993
AVN#4	AVN#4#block12_contig2	1109618558	105150
AVN#4	AVN#4#block42_contig2	1109723709	151054
AVN#4	AVN#4#block61_contig2	1109874764	202810
AVN#4	AVN#4#block3_contig1	1110077575	84850
AVN#4	AVN#4#block122_contig3	1110162426	58392
AVN#4	AVN#4#block112_contig1	1110220819	166950
AVN#4	AVN#4#block121_contig3	1110387770	58280
AVN#4	AVN#4#block57_contig1	1110446051	187856
AVN#4	AVN#4#block111_contig2	1110633908	69351
AVN#4	AVN#4#block21_contig1	1110703260	74710
AVN#4	AVN#4#block51_contig1	1110777971	126385
AVN#4	AVN#4#block96_contig1	1110904357	152355
AVN#4	AVN#4#block117_contig2	1111056713	51913
AVN#4	AVN#4#block118_contig2	1111108627	120750
AVN#4	AVN#4#block37_contig1	1111229378	92807
AVN#4	AVN#4#block53_contig3	1111322186	47995
AVN#4	AVN#4#block52_contig1	1111370182	310294
AVN#4	AVN#4#block87_contig1	1111680477	503872
AVN#4	AVN#4#block105_contig4	1112184350	69349
AVN#4	AVN#4#block71_contig2	1112253700	148249
AVN#4	AVN#4#block108_contig1	1112401950	66255
AVN#4	AVN#4#block27_contig1	1112468206	102926
AVN#4	AVN#4#block36_contig1	1112571133	90688
AVN#4	AVN#4#block31_contig1	1112661822	298136
AVN#4	AVN#4#block45_contig1	1112959959	274294
AVN#4	AVN#4#block58_contig1	1113234254	184422
AVN#4	AVN#4#block94_contig2	1113418677	312246
AVN#4	AVN#4#block107_contig1	1113730924	111307
AVN#4	AVN#4#block2_contig1	1113842232	70601
AVN#4	AVN#4#block74_contig2	1113912834	93645
AVN#4	AVN#4#block6_contig1	1114006480	67363
AVN#4	AVN#4#block124_contig1	1114073844	84432
AVN#4	AVN#4#block29_contig1	1114158277	63312
AVN#4	AVN#4#block30_contig1	1114221590	126681
AVN#4	AVN#4#block77_contig1	1114348272	192029
AVN#4	AVN#4#block18_contig2	1114540302	153963
AVN#4	AVN#4#block56_contig1	1114694266	506429
AVN#4	AVN#4#block105_contig3	1115200696	44363
AVN#4	AVN#4#block42_contig3	1115245060	59996
AVN#4	AVN#4#block38_contig2	1115305057	114077
AVN#4	AVN#4#block81_contig1	1115419135	396416
AVN#4	AVN#4#block42_contig4	1115815552	78667
AVN#4	AVN#4#block42_contig1	1115894220	267510
AVN#4	AVN#4#block79_contig1	1116161731	309858
AVN#4	AVN#4#block72_contig1	1116471590	526454
AVN#4	AVN#4#block63_contig1	1116998045	173504
AVN#4	AVN#4#block12_contig1	1117171550	97390
AVN#4	AVN#4#block35_contig2	1117268941	85975
AVN#4	AVN#4#block5_contig1	1117354917	23131
AVN#4	AVN#4#block101_contig2	1117378049	92788
AVN#4	AVN#4#block89_contig3	1117470838	139522
AVN#4	AVN#4#block126_contig1	1117610361	142896
AVN#4	AVN#4#block94_contig1	1117753258	503883
AVN#4	AVN#4#block13_contig1	1118257142	207981
AVN#4	AVN#4#block46_contig1	1118465124	107057
AVN#4	AVN#4#block92_contig1	1118572182	184038
AVN#4	AVN#4#block55_contig2	1118756221	63386
AVN#4	AVN#4#block88_contig1	1118819608	374692
AVN#4	AVN#4#block93_contig1	1119194301	487258
AVN#4	AVN#4#block74_contig1	1119681560	90336
AVN#4	AVN#4#block38_contig1	1119771897	266899
AVN#4	AVN#4#block120_contig3	1120038797	109112
AVN#4	AVN#4#block44_contig1	1120147910	200957
AVN#4	AVN#4#block120_contig1	1120348868	34578
AVN#4	AVN#4#block104_contig1	1120383447	90449
AVN#4	AVN#4#block125_contig2	1120473897	45401
AVN#4	AVN#4#block41_contig3	1120519299	34295
AVN#4	AVN#4#block82_contig1	1120553595	123738
AVN#4	AVN#4#block109_contig3	1120677334	55304
AVN#4	AVN#4#block19_contig1	1120732639	97281
AVN#4	AVN#4#block14_contig1	1120829921	77534
AVN#4	AVN#4#block49_contig1	1120907456	51822
AVN#4	AVN#4#block111_contig1	1120959279	34409
AVN#4	AVN#4#block89_contig1	1120993689	189974
AVN#4	AVN#4#block10_contig1	1121183664	181568
AVN#4	AVN#4#block105_contig2	1121365233	164814
AVN#4	AVN#4#block8_contig1	1121530048	83763
AVN#4	AVN#4#block76_contig2	1121613812	109805
AVN#4	AVN#4#block88_contig2	1121723618	257808
AVN#4	AVN#4#block123_contig2	1121981427	150969
AVN#4	AVN#4#block109_contig1	1122132397	126878
AVN#4	AVN#4#block46_contig2	1122259276	75517
AVN#4	AVN#4#block105_contig1	1122334794	46384
AVN#4	AVN#4#block102_contig1	1122381179	85086
AVN#4	AVN#4#block24_contig1	1122466266	166599
AVN#4	AVN#4#block76_contig1	1122632866	156273
AVN#4	AVN#4#block33_contig1	1122789140	108137
AVN#4	AVN#4#block98_contig1	1122897278	139201
AVN#4	AVN#4#block125_contig4	1123036480	62623
AVN#4	AVN#4#block113_contig5	1123099104	40249
AVN#4	AVN#4#block80_contig1	1123139354	165404
AVN#4	AVN#4#block18_contig1	1123304759	80700
AVN#4	AVN#4#block73_contig1	1123385460	28502
AVN#4	AVN#4#block106_contig5	1123413963	105713
AVN#4	AVN#4#block11_contig1	1123519677	101186
AVN#4	AVN#4#block55_contig3	1123620864	248010
AVN#4	AVN#4#block118_contig1	1123868875	92045
AVN#4	AVN#4#block116_contig1	1123960921	84345
AVN#4	AVN#4#block119_contig1	1124045267	275183
AVN#4	AVN#4#block125_contig1	1124320451	508053
AVN#4	AVN#4#block20_contig1	1124828505	249042
AVN#4	AVN#4#block97_contig1	1125077548	591349
AVN#4	AVN#4#block25_contig1	1125668898	74977
AVN#4	AVN#4#block66_contig2	1125743876	41878
AVN#4	AVN#4#block67_contig1	1125785755	80778
AVN#4	AVN#4#block83_contig1	1125866534	250289
AVN#4	AVN#4#block61_contig3	1126116824	63722
AVN#4	AVN#4#block57_contig2	1126180547	119584
AVN#4	AVN#4#block23_contig1	1126300132	57551
AVN#4	AVN#4#block28_contig1	1126357684	59391
AVN#4	AVN#4#block121_contig2	1126417076	49344
AVN#4	AVN#4#block40_contig1	1126466421	322939
AVN#4	AVN#4#block22_contig1	1126789361	81124
AVN#4	AVN#4#block24_contig5	1126870486	79836
AVN#4	AVN#4#block113_contig3	1126950323	90056
AVN#4	AVN#4#block123_contig1	1127040380	95250
AVN#4	AVN#4#block70_contig1	1127135631	201950
AVN#4	AVN#4#block112_contig2	1127337582	59887
AVN#4	AVN#4#block91_contig1	1127397470	107121
AVN#4	AVN#4#block106_contig4	1127504592	83790
AVN#4	AVN#4#block55_contig1	1127588383	125462
AVN#4	AVN#4#block24_contig4	1127713846	129161
AVN#4	AVN#4#block14_contig2	1127843008	63768
AVN#4	AVN#4#block39_contig1	1127906777	22697
AVN#4	AVN#4#block106_contig1	1127929475	63662
AVN#4	AVN#4#block113_contig2	1127993138	40632
AVN#4	AVN#4#block24_contig2	1128033771	46510
AVN#4	AVN#4#block1_contig1	1128080282	35636
AVN#4	AVN#4#block56_contig2	1128115919	49678
AVN#4	AVN#4#block43_contig1	1128165598	60032
AVN#4	AVN#4#block32_contig1	1128225631	55213
AVN#4	AVN#4#block113_contig6	1128280845	72370
AVN#4	AVN#4#block56_contig3	1128353216	131658
AVN#4	AVN#4#block106_contig3	1128484875	66364
AVN#4	AVN#4#block15_contig1	1128551240	92961
AVN#4	AVN#4#block114_contig1	1128644202	70484
AVN#4	AVN#4#block105_contig5	1128714687	31262
AVN#4	AVN#4#block119_contig2	1128745950	105086
AVN#4	AVN#4#block86_contig1	1128851037	71113
AVN#4	AVN#4#block41_contig4	1128922151	30878
AVN#4	AVN#4#block95_contig2	1128953030	89127
AVN#4	AVN#4#block109_contig2	1129042158	59403
AVN#4	AVN#4#block16_contig1	1129101562	6591
AVN#4	AVN#4#block113_contig4	1129108154	23658
AVN#4	AVN#4#block4_contig1	1129131813	12133
BAD#0	BAD#0#chrIX	1129143947	443087
BAD#0	BAD#0#chrI	1129587035	210230
BAD#0	BAD#0#chrVI	1129797266	300674
BAD#0	BAD#0#chrII	1130097941	810987
BAD#0	BAD#0#chrIII	1130908929	325296
BAD#0	BAD#0#chrX	1131234226	764352
BAD#0	BAD#0#chrXI	1131998579	689594
BAD#0	BAD#0#chrXII	1132688174	1158448
BAD#0	BAD#0#chrXIII	1133846623	930822
BAD#0	BAD#0#chrVIII	1134777446	535040
BAD#0	BAD#0#chrV	1135312487	565501
BAD#0	BAD#0#chrXIV	1135877989	797643
BAD#0	BAD#0#chrXV	1136675633	1068682
BAD#0	BAD#0#chrXVI	1137744316	928998
BAD#0	BAD#0#chrIV	1138673315	1486663
BAD#0	BAD#0#chrVII	1140159979	1062705
BAD#0	BAD#0#chrMT	1141222685	83053
BAD#3	BAD#3#block100_contig1	1141305739	141694
BAD#3	BAD#3#block101_contig2	1141447434	58428
BAD#3	BAD#3#block101_contig1	1141505863	219570
BAD#3	BAD#3#block10_contig1	1141725434	63053
BAD#3	BAD#3#block101_contig4	1141788488	53293
BAD#3	BAD#3#block102_contig1	1141841782	205576
BAD#3	BAD#3#block11_contig1	1142047359	48580
BAD#3	BAD#3#block14_contig2	1142095940	120390
BAD#3	BAD#3#block13_contig1	1142216331	80727
BAD#3	BAD#3#block12_contig1	1142297059	71837
BAD#3	BAD#3#block16_contig1	1142368897	62469
BAD#3	BAD#3#block19_contig1	1142431367	134421
BAD#3	BAD#3#block20_contig1	1142565789	91424
BAD#3	BAD#3#block22_contig1	1142657214	31939
BAD#3	BAD#3#block1_contig1	1142689154	54596
BAD#3	BAD#3#block26_contig1	1142743751	108887
BAD#3	BAD#3#block24_contig1	1142852639	38467
BAD#3	BAD#3#block31_contig2	1142891107	57645
BAD#3	BAD#3#block25_contig1	1142948753	101199
BAD#3	BAD#3#block23_contig1	1143049953	74136
BAD#3	BAD#3#block21_contig1	1143124090	103889
BAD#3	BAD#3#block38_contig1	1143227980	77623
BAD#3	BAD#3#block3_contig1	1143305604	100616
BAD#3	BAD#3#block32_contig1	1143406221	70557
BAD#3	BAD#3#block36_contig1	1143476779	74742
BAD#3	BAD#3#block33_contig1	1143551522	86519
BAD#3	BAD#3#block35_contig1	1143638042	53567
BAD#3	BAD#3#block39_contig1	1143691610	65235
BAD#3	BAD#3#block40_contig1	1143756846	101898
BAD#3	BAD#3#block4_contig1	1143858745	35802
BAD#3	BAD#3#block43_contig2	1143894548	66676
BAD#3	BAD#3#block51_contig2	1143961225	60335
BAD#3	BAD#3#block42_contig1	1144021561	28999
BAD#3	BAD#3#block43_contig1	1144050561	186146
BAD#3	BAD#3#block49_contig1	1144236708	180761
BAD#3	BAD#3#block45_contig2	1144417470	74379
BAD#3	BAD#3#block48_contig1	1144491850	132265
BAD#3	BAD#3#block54_contig1	1144624116	83987
BAD#3	BAD#3#block45_contig1	1144708104	119381
BAD#3	BAD#3#block44_contig2	1144827486	175517
BAD#3	BAD#3#block55_contig1	1145003004	208919
BAD#3	BAD#3#block52_contig1	1145211924	176290
BAD#3	BAD#3#block53_contig1	1145388215	163421
BAD#3	BAD#3#block5_contig1	1145551637	46891
BAD#3	BAD#3#block60_contig2	1145598529	74276
BAD#3	BAD#3#block63_contig1	1145672806	52937
BAD#3	BAD#3#block17_contig1	1145725744	40608
BAD#3	BAD#3#block57_contig1	1145766353	185230
BAD#3	BAD#3#block66_contig1	1145951584	8522
BAD#3	BAD#3#block68_contig1	1145960107	89879
BAD#3	BAD#3#block69_contig1	1146049987	117559
BAD#3	BAD#3#block71_contig1	1146167547	42009
BAD#3	BAD#3#block6_contig1	1146209557	58178
BAD#3	BAD#3#block73_contig3	1146267736	47534
BAD#3	BAD#3#block65_contig2	1146315271	93958
BAD#3	BAD#3#block65_contig1	1146409230	323103
BAD#3	BAD#3#block62_contig1	1146732334	112484
BAD#3	BAD#3#block70_contig1	1146844819	186443
BAD#3	BAD#3#block72_contig1	1147031263	124121
BAD#3	BAD#3#block69_contig2	1147155385	101123
BAD#3	BAD#3#block73_contig2	1147256509	47971
BAD#3	BAD#3#block60_contig1	1147304481	61580
BAD#3	BAD#3#block74_contig1	1147366062	241697
BAD#3	BAD#3#block85_contig1	1147607760	198717
BAD#3	BAD#3#block87_contig1	1147806478	102096
BAD#3	BAD#3#block77_contig1	1147908575	150454
BAD#3	BAD#3#block89_contig1	1148059030	219929
BAD#3	BAD#3#block92_contig1	1148278960	40231
BAD#3	BAD#3#block76_contig1	1148319192	262670
BAD#3	BAD#3#block98_contig1	1148581863	56778
BAD#3	BAD#3#block86_contig1	1148638642	178718
BAD#3	BAD#3#block97_contig2	1148817361	20035
BAD#3	BAD#3#block97_contig3	1148837397	85122
BAD#3	BAD#3#block90_contig1	1148922520	133115
BAD#3	BAD#3#block64_contig1	1149055636	88294
BAD#3	BAD#3#block6_contig2	1149143931	67120
BAD#3	BAD#3#block95_contig1	1149211052	102807
BAD#3	BAD#3#block74_contig2	1149313860	175553
BAD#3	BAD#3#block31_contig1	1149489414	189926
BAD#3	BAD#3#block97_contig1	1149679341	136796
BAD#3	BAD#3#block81_contig1	1149816138	283118
BAD#3	BAD#3#block67_contig1	1150099257	173842
BAD#3	BAD#3#block91_contig1	1150273100	126954
BAD#3	BAD#3#block37_contig1	1150400055	131344
BAD#3	BAD#3#block96_contig1	1150531400	65213
BAD#3	BAD#3#block48_contig2	1150596614	65951
BAD#3	BAD#3#block50_contig1	1150662566	138550
BAD#3	BAD#3#block93_contig1	1150801117	300215
BAD#3	BAD#3#block61_contig1	1151101333	72720
BAD#3	BAD#3#block52_contig2	1151174054	141716
BAD#3	BAD#3#block73_contig1	1151315771	165764
BAD#3	BAD#3#block99_contig1	1151481536	58626
BAD#3	BAD#3#block88_contig1	1151540163	120680
BAD#3	BAD#3#block83_contig1	1151660844	211123
BAD#3	BAD#3#block18_contig1	1151871968	38239
BAD#3	BAD#3#block55_contig2	1151910208	70113
BAD#3	BAD#3#block51_contig1	1151980322	54357
BAD#3	BAD#3#block96_contig2	1152034680	50972
BAD#3	BAD#3#block27_contig1	1152085653	132109
BAD#3	BAD#3#block14_contig1	1152217763	79804
BAD#3	BAD#3#block79_contig1	1152297568	59278
BAD#3	BAD#3#block56_contig1	1152356847	217562
BAD#3	BAD#3#block80_contig1	1152574410	177157
BAD#3	BAD#3#block8_contig1	1152751568	101765
BAD#3	BAD#3#block47_contig2	1152853334	83943
BAD#3	BAD#3#block28_contig1	1152937278	100187
BAD#3	BAD#3#block41_contig1	1153037466	116718
BAD#3	BAD#3#block99_contig2	1153154185	59363
BAD#3	BAD#3#block87_contig2	1153213549	118780
BAD#3	BAD#3#block2_contig1	1153332330	54400
BAD#3	BAD#3#block59_contig1	1153386731	134242
BAD#3	BAD#3#block15_contig1	1153520974	54597
BAD#3	BAD#3#block34_contig1	1153575572	149310
BAD#3	BAD#3#block61_contig2	1153724883	57469
BAD#3	BAD#3#block7_contig1	1153782353	40136
BAD#3	BAD#3#block78_contig1	1153822490	69645
BAD#3	BAD#3#block75_contig1	1153892136	199839
BAD#3	BAD#3#block44_contig1	1154091976	109168
BAD#3	BAD#3#block29_contig1	1154201145	91880
BAD#3	BAD#3#block101_contig3	1154293026	51272
BAD#3	BAD#3#block30_contig1	1154344299	62273
BAD#3	BAD#3#block47_contig1	1154406573	125809
BAD#3	BAD#3#block84_contig1	1154532383	73023
BAD#3	BAD#3#block9_contig1	1154605407	75883
BAD#3	BAD#3#block88_contig2	1154681291	201045
BAD#3	BAD#3#block82_contig1	1154882337	115578
BAD#3	BAD#3#block58_contig1	1154997916	101851
BAD#3	BAD#3#block46_contig1	1155099768	37465
BAD#3	BAD#3#block94_contig1	1155137234	47103
BAD#4	BAD#4#block101_contig1	1155184338	219570
BAD#4	BAD#4#block11_contig1	1155403909	48580
BAD#4	BAD#4#block1_contig1	1155452490	54596
BAD#4	BAD#4#block101_contig4	1155507087	53293
BAD#4	BAD#4#block102_contig1	1155560381	205576
BAD#4	BAD#4#block37_contig1	1155765958	131344
BAD#4	BAD#4#block48_contig2	1155897303	65951
BAD#4	BAD#4#block50_contig1	1155963255	138550
BAD#4	BAD#4#block44_contig2	1156101806	175517
BAD#4	BAD#4#block6_contig2	1156277324	67120
BAD#4	BAD#4#block32_contig1	1156344445	70557
BAD#4	BAD#4#block61_contig1	1156415003	72720
BAD#4	BAD#4#block70_contig1	1156487724	186443
BAD#4	BAD#4#block3_contig1	1156674168	100616
BAD#4	BAD#4#block54_contig1	1156774785	83987
BAD#4	BAD#4#block62_contig1	1156858773	112484
BAD#4	BAD#4#block65_contig1	1156971258	323103
BAD#4	BAD#4#block72_contig1	1157294362	124121
BAD#4	BAD#4#block52_contig2	1157418484	141716
BAD#4	BAD#4#block74_contig2	1157560201	175553
BAD#4	BAD#4#block64_contig1	1157735755	88294
BAD#4	BAD#4#block85_contig1	1157824050	198717
BAD#4	BAD#4#block67_contig1	1158022768	173842
BAD#4	BAD#4#block74_contig1	1158196611	241697
BAD#4	BAD#4#block95_contig1	1158438309	102807
BAD#4	BAD#4#block25_contig1	1158541117	101199
BAD#4	BAD#4#block40_contig1	1158642317	101898
BAD#4	BAD#4#block99_contig1	1158744216	58626
BAD#4	BAD#4#block48_contig1	1158802843	132265
BAD#4	BAD#4#block53_contig1	1158935109	163421
BAD#4	BAD#4#block97_contig1	1159098531	136796
BAD#4	BAD#4#block83_contig1	1159235328	211123
BAD#4	BAD#4#block88_contig1	1159446452	120680
BAD#4	BAD#4#block18_contig1	1159567133	38239
BAD#4	BAD#4#block57_contig1	1159605373	185230
BAD#4	BAD#4#block91_contig1	1159790604	126954
BAD#4	BAD#4#block55_contig2	1159917559	70113
BAD#4	BAD#4#block73_contig1	1159987673	165764
BAD#4	BAD#4#block51_contig1	1160153438	54357
BAD#4	BAD#4#block96_contig2	1160207796	50972
BAD#4	BAD#4#block5_contig1	1160258769	46891
BAD#4	BAD#4#block89_contig1	1160305661	219929
BAD#4	BAD#4#block27_contig1	1160525591	132109
BAD#4	BAD#4#block38_contig1	1160657701	77623
BAD#4	BAD#4#block14_contig1	1160735325	79804
BAD#4	BAD#4#block79_contig1	1160815130	59278
BAD#4	BAD#4#block76_contig1	1160874409	262670
BAD#4	BAD#4#block23_contig1	1161137080	74136
BAD#4	BAD#4#block77_contig1	1161211217	150454
BAD#4	BAD#4#block60_contig2	1161361672	74276
BAD#4	BAD#4#block52_contig1	1161435949	176290
BAD#4	BAD#4#block55_contig1	1161612240	208919
BAD#4	BAD#4#block31_contig1	1161821160	189926
BAD#4	BAD#4#block36_contig1	1162011087	74742
BAD#4	BAD#4#block56_contig1	1162085830	217562
BAD#4	BAD#4#block80_contig1	1162303393	177157
BAD#4	BAD#4#block68_contig1	1162480551	89879
BAD#4	BAD#4#block96_contig1	1162570431	65213
BAD#4	BAD#4#block33_contig1	1162635645	86519
BAD#4	BAD#4#block8_contig1	1162722165	101765
BAD#4	BAD#4#block47_contig2	1162823931	83943
BAD#4	BAD#4#block86_contig1	1162907875	178718
BAD#4	BAD#4#block97_contig2	1163086594	20035
BAD#4	BAD#4#block81_contig1	1163106630	283118
BAD#4	BAD#4#block41_contig1	1163389749	116718
BAD#4	BAD#4#block28_contig1	1163506468	100187
BAD#4	BAD#4#block69_contig2	1163606656	101123
BAD#4	BAD#4#block99_contig2	1163707780	59363
BAD#4	BAD#4#block31_contig2	1163767144	57645
BAD#4	BAD#4#block13_contig1	1163824790	80727
BAD#4	BAD#4#block87_contig2	1163905518	118780
BAD#4	BAD#4#block90_contig1	1164024299	133115
BAD#4	BAD#4#block93_contig1	1164157415	300215
BAD#4	BAD#4#block2_contig1	1164457631	54400
BAD#4	BAD#4#block14_contig2	1164512032	120390
BAD#4	BAD#4#block59_contig1	1164632423	134242
BAD#4	BAD#4#block12_contig1	1164766666	71837
BAD#4	BAD#4#block15_contig1	1164838504	54597
BAD#4	BAD#4#block34_contig1	1164893102	149310
BAD#4	BAD#4#block39_contig1	1165042413	65235
BAD#4	BAD#4#block87_contig1	1165107649	102096
BAD#4	BAD#4#block21_contig1	1165209746	103889
BAD#4	BAD#4#block61_contig2	1165313636	57469
BAD#4	BAD#4#block101_contig2	1165371106	58428
BAD#4	BAD#4#block65_contig2	1165429535	93958
BAD#4	BAD#4#block51_contig2	1165523494	60335
BAD#4	BAD#4#block100_contig1	1165583830	141694
BAD#4	BAD#4#block43_contig1	1165725525	186146
BAD#4	BAD#4#block49_contig1	1165911672	180761
BAD#4	BAD#4#block78_contig1	1166092434	69645
BAD#4	BAD#4#block7_contig1	1166162080	40136
BAD#4	BAD#4#block97_contig3	1166202217	85122
BAD#4	BAD#4#block43_contig2	1166287340	66676
BAD#4	BAD#4#block75_contig1	1166354017	199839
BAD#4	BAD#4#block4_contig1	1166553857	35802
BAD#4	BAD#4#block45_contig2	1166589660	74379
BAD#4	BAD#4#block60_contig1	1166664040	61580
BAD#4	BAD#4#block71_contig1	1166725621	42009
BAD#4	BAD#4#block44_contig1	1166767631	109168
BAD#4	BAD#4#block69_contig1	1166876800	117559
BAD#4	BAD#4#block29_contig1	1166994360	91880
BAD#4	BAD#4#block35_contig1	1167086241	53567
BAD#4	BAD#4#block101_contig3	1167139809	51272
BAD#4	BAD#4#block6_contig1	1167191082	58178
BAD#4	BAD#4#block22_contig1	1167249261	31939
BAD#4	BAD#4#block30_contig1	1167281201	62273
BAD#4	BAD#4#block47_contig1	1167343475	125809
BAD#4	BAD#4#block19_contig1	1167469285	134421
BAD#4	BAD#4#block73_contig2	1167603707	47971
BAD#4	BAD#4#block84_contig1	1167651679	73023
BAD#4	BAD#4#block10_contig1	1167724703	63053
BAD#4	BAD#4#block45_contig1	1167787757	119381
BAD#4	BAD#4#block9_contig1	1167907139	75883
BAD#4	BAD#4#block88_contig2	1167983023	201045
BAD#4	BAD#4#block82_contig1	1168184069	115578
BAD#4	BAD#4#block63_contig1	1168299648	52937
BAD#4	BAD#4#block98_contig1	1168352586	56778
BAD#4	BAD#4#block58_contig1	1168409365	101851
BAD#4	BAD#4#block24_contig1	1168511217	38467
BAD#4	BAD#4#block92_contig1	1168549685	40231
BAD#4	BAD#4#block26_contig1	1168589917	108887
BAD#4	BAD#4#block73_contig3	1168698805	47534
BAD#4	BAD#4#block20_contig1	1168746340	91424
BAD#4	BAD#4#block16_contig1	1168837765	62469
BAD#4	BAD#4#block46_contig1	1168900235	37465
BAD#4	BAD#4#block42_contig1	1168937701	28999
BAD#4	BAD#4#block17_contig1	1168966701	40608
BAD#4	BAD#4#block94_contig1	1169007310	47103
BAD#4	BAD#4#block66_contig1	1169054414	8522
BAF#0	BAF#0#chrIX	1169062937	140965
BAF#0	BAF#0#chrI	1169203903	218340
BAF#0	BAF#0#chrXIII	1169422244	944666
BAF#0	BAF#0#chrV	1170366911	576366
BAF#0	BAF#0#chrIII	1170943278	325157
BAF#0	BAF#0#chrIV	1171268436	1512598
BAF#0	BAF#0#chrVIII	1172781035	535860
BAF#0	BAF#0#chrXI	1173316896	683256
BAF#0	BAF#0#chrIX_chrXIV	1174000153	950413
BAF#0	BAF#0#chrXII	1174950567	1062506
BAF#0	BAF#0#chrXV	1176013074	1077252
BAF#0	BAF#0#chrX	1177090327	736672
BAF#0	BAF#0#chrII	1177827000	799479
BAF#0	BAF#0#chrXVI	1178626480	914664
BAF#0	BAF#0#chrVII	1179541145	1073730
BAF#0	BAF#0#chrXIV	1180614876	187611
BAF#0	BAF#0#chrVI	1180802488	286312
BAF#0	BAF#0#chrMT	1181088801	83961
BAF#1	BAF#1#chrI_1	1181172763	176981
BAF#1	BAF#1#chrIII	1181349745	324268
BAF#1	BAF#1#chrXI_2	1181674014	10106
BAF#1	BAF#1#chrVIII	1181684121	535576
BAF#1	BAF#1#chrII	1182219698	798216
BAF#1	BAF#1#chrXI_3	1183017915	181390
BAF#1	BAF#1#chrX	1183199306	731088
BAF#1	BAF#1#chrXIV_1	1183930395	137906
BAF#1	BAF#1#chrXIV_2	1184068302	492352
BAF#1	BAF#1#chrXI_1	1184560655	491534
BAF#1	BAF#1#chrIV	1185052190	1534646
BAF#1	BAF#1#chrXIV_3	1186586837	131047
BAF#1	BAF#1#chrVII	1186717885	1049584
BAF#1	BAF#1#chrXII	1187767470	1143473
BAF#1	BAF#1#chrV_1	1188910944	447618
BAF#1	BAF#1#chrXIII	1189358563	944372
BAF#1	BAF#1#chrVI	1190302936	286420
BAF#1	BAF#1#chrXVI	1190589357	936215
BAF#1	BAF#1#chrIX	1191525573	437283
BAF#1	BAF#1#chrXV	1191962857	1078680
BAF#1	BAF#1#chrV_2	1193041538	136410
BAF#1	BAF#1#chrI_2	1193177949	34348
BAF#2	BAF#2#chrI	1193212298	217958
BAF#2	BAF#2#chrIX	1193430257	133330
BAF#2	BAF#2#chrII	1193563588	758021
BAF#2	BAF#2#chrIX_chrXIV	1194321610	951589
BAF#2	BAF#2#chrV_1	1195273200	449106
BAF#2	BAF#2#chrVIII	1195722307	542320
BAF#2	BAF#2#chrX_1	1196264628	201952
BAF#2	BAF#2#chrVI	1196466581	252542
BAF#2	BAF#2#chrXIV	1196719124	188005
BAF#2	BAF#2#chrXI_2	1196907130	596906
BAF#2	BAF#2#chrVII	1197504037	1070511
BAF#2	BAF#2#chrX_2	1198574549	533954
BAF#2	BAF#2#chrXIII_1	1199108504	735849
BAF#2	BAF#2#chrIV	1199844354	1473952
BAF#2	BAF#2#chrXVI	1201318307	930302
BAF#2	BAF#2#chrXII	1202248610	1165862
BAF#2	BAF#2#chrXV	1203414473	1069775
BAF#2	BAF#2#chrIII	1204484249	323511
BAF#2	BAF#2#chrXI_1	1204807761	65245
BAF#2	BAF#2#chrXIII_2	1204873007	199386
BAF#2	BAF#2#chrV_2	1205072394	158130
BAG_1a#0	BAG_1a#0#chrIII	1205230525	319287
BAG_1a#0	BAG_1a#0#chrIX_chrX	1205549813	735678
BAG_1a#0	BAG_1a#0#chrVI	1206285492	282231
BAG_1a#0	BAG_1a#0#chrVIII	1206567724	529478
BAG_1a#0	BAG_1a#0#chrV	1207097203	573818
BAG_1a#0	BAG_1a#0#chrX_chrIX	1207671022	428314
BAG_1a#0	BAG_1a#0#chrXIII	1208099337	938491
BAG_1a#0	BAG_1a#0#chrII	1209037829	811177
BAG_1a#0	BAG_1a#0#chrVII	1209849007	1108500
BAG_1a#0	BAG_1a#0#chrIV	1210957508	1481487
BAG_1a#0	BAG_1a#0#chrI	1212438996	222968
BAG_1a#0	BAG_1a#0#chrXI	1212661965	669213
BAG_1a#0	BAG_1a#0#chrXVI	1213331179	931645
BAG_1a#0	BAG_1a#0#chrXIV	1214262825	780976
BAG_1a#0	BAG_1a#0#chrXV	1215043802	1085079
BAG_1a#0	BAG_1a#0#chrXII	1216128882	1164086
BAG_1a#0	BAG_1a#0#chrMT	1217292969	78492
BAH#0	BAH#0#chrI	1217371462	218573
BAH#0	BAH#0#chrIII	1217590036	295684
BAH#0	BAH#0#chrMT	1217885721	77890
BAH#0	BAH#0#chrII	1217963612	784208
BAH#0	BAH#0#chrIX_chrX	1218747821	760703
BAH#0	BAH#0#chrVIII	1219508525	536335
BAH#0	BAH#0#chrV	1220044861	573984
BAH#0	BAH#0#chrX_chrIX	1220618846	433789
BAH#0	BAH#0#chrXI	1221052636	674854
BAH#0	BAH#0#chrXII	1221727491	1046707
BAH#0	BAH#0#chrIV	1222774199	1475328
BAH#0	BAH#0#chrXIV	1224249528	766727
BAH#0	BAH#0#chrVII	1225016256	1112999
BAH#0	BAH#0#chrXIII	1226129256	919458
BAH#0	BAH#0#chrXVI	1227048715	921485
BAH#0	BAH#0#chrXV	1227970201	1065298
BAH#0	BAH#0#chrVI	1229035500	275356
BAI_1a#0	BAI_1a#0#chrII	1229310857	799698
BAI_1a#0	BAI_1a#0#chrIII	1230110556	302207
BAI_1a#0	BAI_1a#0#chrIX	1230412764	430755
BAI_1a#0	BAI_1a#0#chrVI	1230843520	283327
BAI_1a#0	BAI_1a#0#chrV	1231126848	557455
BAI_1a#0	BAI_1a#0#chrIV	1231684304	1470826
BAI_1a#0	BAI_1a#0#chrXIII	1233155131	925924
BAI_1a#0	BAI_1a#0#chrXVI	1234081056	917400
BAI_1a#0	BAI_1a#0#chrVIII	1234998457	530188
BAI_1a#0	BAI_1a#0#chrX	1235528646	737233
BAI_1a#0	BAI_1a#0#chrVII	1236265880	1068855
BAI_1a#0	BAI_1a#0#chrXI	1237334736	675214
BAI_1a#0	BAI_1a#0#chrXIV	1238009951	771757
BAI_1a#0	BAI_1a#0#chrXV	1238781709	1068805
BAI_1a#0	BAI_1a#0#chrXII	1239850515	1099836
BAI_1a#0	BAI_1a#0#chrI	1240950352	229332
BAI_1a#0	BAI_1a#0#chrMT	1241179685	78962
BAK_1a#0	BAK_1a#0#chrIII	1241258648	305378
BAK_1a#0	BAK_1a#0#chrIX	1241564027	428469
BAK_1a#0	BAK_1a#0#chrVI	1241992497	282990
BAK_1a#0	BAK_1a#0#chrV	1242275488	564175
BAK_1a#0	BAK_1a#0#chrXIII	1242839664	927789
BAK_1a#0	BAK_1a#0#chrVIII	1243767454	537006
BAK_1a#0	BAK_1a#0#chrXI	1244304461	677029
BAK_1a#0	BAK_1a#0#chrIV	1244981491	1477629
BAK_1a#0	BAK_1a#0#chrI	1246459121	224742
BAK_1a#0	BAK_1a#0#chrXII	1246683864	1053893
BAK_1a#0	BAK_1a#0#chrVII	1247737758	1075828
BAK_1a#0	BAK_1a#0#chrXIV	1248813587	765787
BAK_1a#0	BAK_1a#0#chrXV	1249579375	1066869
BAK_1a#0	BAK_1a#0#chrII	1250646245	797469
BAK_1a#0	BAK_1a#0#chrX	1251443715	721966
BAK_1a#0	BAK_1a#0#chrXVI	1252165682	923878
BAK_1a#0	BAK_1a#0#chrMT	1253089561	77229
BAL_1a#0	BAL_1a#0#chrI	1253166791	240996
BAL_1a#0	BAL_1a#0#chrII	1253407788	797946
BAL_1a#0	BAL_1a#0#chrIII	1254205735	305500
BAL_1a#0	BAL_1a#0#chrIX	1254511236	436134
BAL_1a#0	BAL_1a#0#chrVIII	1254947371	548307
BAL_1a#0	BAL_1a#0#chrX	1255495679	713510
BAL_1a#0	BAL_1a#0#chrXI	1256209190	678351
BAL_1a#0	BAL_1a#0#chrV	1256887542	557624
BAL_1a#0	BAL_1a#0#chrIV	1257445167	1481044
BAL_1a#0	BAL_1a#0#chrXII	1258926212	1123469
BAL_1a#0	BAL_1a#0#chrXIV	1260049682	789620
BAL_1a#0	BAL_1a#0#chrVII	1260839303	1082788
BAL_1a#0	BAL_1a#0#chrXVI	1261922092	924422
BAL_1a#0	BAL_1a#0#chrXV	1262846515	1075842
BAL_1a#0	BAL_1a#0#chrXIII	1263922358	933644
BAL_1a#0	BAL_1a#0#chrVI	1264856003	281943
BAL_1a#0	BAL_1a#0#chrMT	1265137947	75732
BAM#0	BAM#0#chrI	1265213680	230403
BAM#0	BAM#0#chrIII	1265444084	332031
BAM#0	BAM#0#chrII	1265776116	819180
BAM#0	BAM#0#chrVI	1266595297	294773
BAM#0	BAM#0#chrIV_chrVII	1266890071	889976
BAM#0	BAM#0#chrV	1267780048	602562
BAM#0	BAM#0#chrX	1268382611	748688
BAM#0	BAM#0#chrXI	1269131300	686976
BAM#0	BAM#0#chrVII_chrIV	1269818277	1709986
BAM#0	BAM#0#chrXII	1271528264	1080251
BAM#0	BAM#0#chrXVI	1272608516	936741
BAM#0	BAM#0#chrXIII	1273545258	964338
BAM#0	BAM#0#chrXV	1274509597	1086334
BAM#0	BAM#0#chrXIV	1275595932	789131
BAM#0	BAM#0#chrVIII	1276385064	545761
BAM#0	BAM#0#chrIX	1276930826	437892
BAM#0	BAM#0#chrMT	1277368719	83476
BAP_1a#0	BAP_1a#0#chrI	1277452196	231206
BAP_1a#0	BAP_1a#0#chrIII	1277683403	325037
BAP_1a#0	BAP_1a#0#chrIV_chrVII	1278008441	918525
BAP_1a#0	BAP_1a#0#chrII	1278926967	820622
BAP_1a#0	BAP_1a#0#chrV	1279747590	605177
BAP_1a#0	BAP_1a#0#chrVIII	1280352768	537186
BAP_1a#0	BAP_1a#0#chrXI	1280889955	688020
BAP_1a#0	BAP_1a#0#chrVII_chrIV	1281577976	1698794
BAP_1a#0	BAP_1a#0#chrX	1283276771	761609
BAP_1a#0	BAP_1a#0#chrXII	1284038381	1151684
BAP_1a#0	BAP_1a#0#chrXIII	1285190066	944160
BAP_1a#0	BAP_1a#0#chrXIV	1286134227	796504
BAP_1a#0	BAP_1a#0#chrXVI	1286930732	937731
BAP_1a#0	BAP_1a#0#chrVI	1287868464	294938
BAP_1a#0	BAP_1a#0#chrXV	1288163403	1084487
BAP_1a#0	BAP_1a#0#chrIX	1289247891	437060
BAP_1a#0	BAP_1a#0#chrMT	1289684952	82782
BAQ_1a#0	BAQ_1a#0#chrII	1289767735	820336
BAQ_1a#0	BAQ_1a#0#chrIX	1290588072	437919
BAQ_1a#0	BAQ_1a#0#chrI	1291025992	215737
BAQ_1a#0	BAQ_1a#0#chrV	1291241730	570703
BAQ_1a#0	BAQ_1a#0#chrVIII	1291812434	535441
BAQ_1a#0	BAQ_1a#0#chrVII	1292347876	1083930
BAQ_1a#0	BAQ_1a#0#chrVI	1293431807	290289
BAQ_1a#0	BAQ_1a#0#chrXI	1293722097	675258
BAQ_1a#0	BAQ_1a#0#chrXV	1294397356	1077913
BAQ_1a#0	BAQ_1a#0#chrXIV	1295475270	760250
BAQ_1a#0	BAQ_1a#0#chrXVI	1296235521	914298
BAQ_1a#0	BAQ_1a#0#chrIV	1297149820	1466931
BAQ_1a#0	BAQ_1a#0#chrXIII	1298616752	922617
BAQ_1a#0	BAQ_1a#0#chrXII	1299539370	1148663
BAQ_1a#0	BAQ_1a#0#chrIII	1300688034	324733
BAQ_1a#0	BAQ_1a#0#chrX	1301012768	723180
BAQ_1a#0	BAQ_1a#0#chrMT	1301735949	74336
BBF#0	BBF#0#chrIX	1301810286	428407
BBF#0	BBF#0#chrIV	1302238694	1484793
BBF#0	BBF#0#chrVI	1303723488	265390
BBF#0	BBF#0#chrII	1303988879	827026
BBF#0	BBF#0#chrVIII	1304815906	582725
BBF#0	BBF#0#chrV	1305398632	634903
BBF#0	BBF#0#chrX	1306033536	746061
BBF#0	BBF#0#chrXIV	1306779598	781998
BBF#0	BBF#0#chrVII	1307561597	1079929
BBF#0	BBF#0#chrXI	1308641527	717350
BBF#0	BBF#0#chrXII	1309358878	1151474
BBF#0	BBF#0#chrXV	1310510353	1136073
BBF#0	BBF#0#chrXVI	1311646427	943569
BBF#0	BBF#0#chrIII	1312589997	325985
BBF#0	BBF#0#chrXIII	1312915983	928157
BBF#0	BBF#0#chrMT	1313844141	82183
BBF#0	BBF#0#chrI	1313926325	213319
BBF#1	BBF#1#chrIII	1314139645	327624
BBF#1	BBF#1#chrIV	1314467270	1484415
BBF#1	BBF#1#chrII	1315951686	820383
BBF#1	BBF#1#chrIX	1316772070	427556
BBF#1	BBF#1#chrVII	1317199627	1083475
BBF#1	BBF#1#chrV	1318283103	641029
BBF#1	BBF#1#chrVIII	1318924133	581991
BBF#1	BBF#1#chrXIII	1319506125	927358
BBF#1	BBF#1#chrX	1320433484	774139
BBF#1	BBF#1#chrXI	1321207624	709354
BBF#1	BBF#1#chrVI	1321916979	272245
BBF#1	BBF#1#chrXIV	1322189225	784699
BBF#1	BBF#1#chrXV	1322973925	1149825
BBF#1	BBF#1#chrXVI	1324123751	990807
BBF#1	BBF#1#chrXII	1325114559	1178824
BBF#1	BBF#1#chrI	1326293384	222424
BBF#2	BBF#2#chrVI	1326515809	279079
BBF#2	BBF#2#chrIX	1326794889	421692
BBF#2	BBF#2#chrV	1327216582	585204
BBF#2	BBF#2#chrII	1327801787	821220
BBF#2	BBF#2#chrVIII	1328623008	573079
BBF#2	BBF#2#chrXII	1329196088	895908
BBF#2	BBF#2#chrXVI	1330091997	940215
BBF#2	BBF#2#chrXI	1331032213	717317
BBF#2	BBF#2#chrIV	1331749531	1467058
BBF#2	BBF#2#chrVII	1333216590	1067397
BBF#2	BBF#2#chrXIII	1334283988	908597
BBF#2	BBF#2#chrXV	1335192586	1048376
BBF#2	BBF#2#chrXIV	1336240963	764622
BBF#2	BBF#2#chrIII	1337005586	310048
BBF#2	BBF#2#chrX	1337315635	747496
BBF#2	BBF#2#chrI	1338063132	234190
BBL#0	BBL#0#chrIII	1338297323	309458
BBL#0	BBL#0#chrIX	1338606782	444029
BBL#0	BBL#0#chrVI	1339050812	288814
BBL#0	BBL#0#chrIV	1339339627	1493979
BBL#0	BBL#0#chrII	1340833607	798707
BBL#0	BBL#0#chrV	1341632315	583844
BBL#0	BBL#0#chrVII	1342216160	1070707
BBL#0	BBL#0#chrXI	1343286868	679237
BBL#0	BBL#0#chrXIII	1343966106	937298
BBL#0	BBL#0#chrVIII	1344903405	538162
BBL#0	BBL#0#chrMT	1345441568	82981
BBL#0	BBL#0#chrXII	1345524550	1110868
BBL#0	BBL#0#chrXIV	1346635419	772585
BBL#0	BBL#0#chrXVI	1347408005	935095
BBL#0	BBL#0#chrX	1348343101	733401
BBL#0	BBL#0#chrI	1349076503	220704
BBL#0	BBL#0#chrXV	1349297208	1079944
BBM_1a#0	BBM_1a#0#chrMT	1350377153	76530
BBM_1a#0	BBM_1a#0#chrI	1350453684	224504
BBM_1a#0	BBM_1a#0#chrIII	1350678189	308345
BBM_1a#0	BBM_1a#0#chrIX	1350986535	434316
BBM_1a#0	BBM_1a#0#chrIV	1351420852	1488352
BBM_1a#0	BBM_1a#0#chrV	1352909205	582113
BBM_1a#0	BBM_1a#0#chrVIII	1353491319	534029
BBM_1a#0	BBM_1a#0#chrX	1354025349	719593
BBM_1a#0	BBM_1a#0#chrVII	1354744943	1061458
BBM_1a#0	BBM_1a#0#chrII	1355806402	792370
BBM_1a#0	BBM_1a#0#chrXIII	1356598773	921865
BBM_1a#0	BBM_1a#0#chrXV	1357520639	1040885
BBM_1a#0	BBM_1a#0#chrXVI	1358561525	917171
BBM_1a#0	BBM_1a#0#chrXIV	1359478697	780139
BBM_1a#0	BBM_1a#0#chrXII	1360258837	1162750
BBM_1a#0	BBM_1a#0#chrVI	1361421588	295636
BBM_1a#0	BBM_1a#0#chrXI	1361717225	681821
BBT#0	BBT#0#chrI	1362399047	221713
BBT#0	BBT#0#chrMT	1362620761	81264
BBT#0	BBT#0#chrIII	1362702026	347621
BBT#0	BBT#0#chrII	1363049648	839871
BBT#0	BBT#0#chrIX	1363889520	428105
BBT#0	BBT#0#chrIV	1364317626	1504583
BBT#0	BBT#0#chrVI	1365822210	268032
BBT#0	BBT#0#chrV	1366090243	596697
BBT#0	BBT#0#chrVII	1366686941	1088897
BBT#0	BBT#0#chrXI	1367775839	703187
BBT#0	BBT#0#chrXII	1368479027	1113616
BBT#0	BBT#0#chrXVI	1369592644	940897
BBT#0	BBT#0#chrXIII	1370533542	925663
BBT#0	BBT#0#chrX	1371459206	745018
BBT#0	BBT#0#chrXV	1372204225	1064017
BBT#0	BBT#0#chrXIV	1373268243	896226
BBT#0	BBT#0#chrVIII	1374164470	538365
BBT#3	BBT#3#block12_contig1	1374702836	207057
BBT#3	BBT#3#block14_contig1	1374909894	545418
BBT#3	BBT#3#block14_contig2	1375455313	341539
BBT#3	BBT#3#block21_contig1	1375796853	505631
BBT#3	BBT#3#block16_contig1	1376302485	305763
BBT#3	BBT#3#block23_contig1	1376608249	261083
BBT#3	BBT#3#block15_contig1	1376869333	219799
BBT#3	BBT#3#block18_contig1	1377089133	1483169
BBT#3	BBT#3#block24_contig1	1378572303	266138
BBT#3	BBT#3#block26_contig2	1378838442	139528
BBT#3	BBT#3#block20_contig1	1378977971	707860
BBT#3	BBT#3#block28_contig2	1379685832	188841
BBT#3	BBT#3#block10_contig1	1379874674	657515
BBT#3	BBT#3#block27_contig1	1380532190	550227
BBT#3	BBT#3#block26_contig1	1381082418	178183
BBT#3	BBT#3#block29_contig1	1381260602	748906
BBT#3	BBT#3#block32_contig1	1382009509	442685
BBT#3	BBT#3#block30_contig2	1382452195	264622
BBT#3	BBT#3#block2_contig1	1382716818	444381
BBT#3	BBT#3#block28_contig3	1383161200	374738
BBT#3	BBT#3#block41_contig2	1383535939	126047
BBT#3	BBT#3#block3_contig1	1383661987	100035
BBT#3	BBT#3#block33_contig1	1383762023	723985
BBT#3	BBT#3#block37_contig2	1384486009	289407
BBT#3	BBT#3#block31_contig1	1384775417	486753
BBT#3	BBT#3#block11_contig1	1385262171	339694
BBT#3	BBT#3#block1_contig1	1385601866	322658
BBT#3	BBT#3#block35_contig1	1385924525	342196
BBT#3	BBT#3#block40_contig1	1386266722	475319
BBT#3	BBT#3#block4_contig2	1386742042	97972
BBT#3	BBT#3#block43_contig1	1386840015	455440
BBT#3	BBT#3#block17_contig1	1387295456	364260
BBT#3	BBT#3#block45_contig1	1387659717	731376
BBT#3	BBT#3#block4_contig4	1388391094	131714
BBT#3	BBT#3#block42_contig1	1388522809	760497
BBT#3	BBT#3#block49_contig1	1389283307	570247
BBT#3	BBT#3#block4_contig1	1389853555	324481
BBT#3	BBT#3#block53_contig1	1390178037	596635
BBT#3	BBT#3#block51_contig1	1390774673	534906
BBT#3	BBT#3#block54_contig2	1391309580	223492
BBT#3	BBT#3#block50_contig1	1391533073	401515
BBT#3	BBT#3#block4_contig3	1391934589	243063
BBT#3	BBT#3#block57_contig1	1392177653	188062
BBT#3	BBT#3#block22_contig1	1392365716	806235
BBT#3	BBT#3#block39_contig1	1393171952	1071478
BBT#3	BBT#3#block54_contig1	1394243431	642813
BBT#3	BBT#3#block5_contig1	1394886245	252126
BBT#3	BBT#3#block52_contig1	1395138372	463338
BBT#3	BBT#3#block60_contig1	1395601711	269050
BBT#3	BBT#3#block55_contig1	1395870762	1361595
BBT#3	BBT#3#block41_contig1	1397232358	670829
BBT#3	BBT#3#block57_contig2	1397903188	682705
BBT#3	BBT#3#block64_contig1	1398585894	739821
BBT#3	BBT#3#block8_contig1	1399325716	179582
BBT#3	BBT#3#block61_contig1	1399505299	594114
BBT#3	BBT#3#block63_contig1	1400099414	590880
BBT#3	BBT#3#block19_contig1	1400690295	517815
BBT#3	BBT#3#block34_contig1	1401208111	564308
BBT#3	BBT#3#block9_contig1	1401772420	294562
BBT#3	BBT#3#block63_contig2	1402066983	440879
BBT#3	BBT#3#block7_contig1	1402507863	421002
BBT#3	BBT#3#block47_contig1	1402928866	1090858
BBT#3	BBT#3#block37_contig1	1404019725	461409
BBT#3	BBT#3#block61_contig2	1404481135	172118
BBT#3	BBT#3#block58_contig1	1404653254	1092410
BBT#3	BBT#3#block59_contig1	1405745665	939121
BBT#3	BBT#3#block44_contig1	1406684787	244650
BBT#3	BBT#3#block56_contig1	1406929438	627701
BBT#3	BBT#3#block6_contig1	1407557140	239324
BBT#3	BBT#3#block26_contig3	1407796465	134277
BBT#3	BBT#3#block62_contig1	1407930743	709543
BBT#3	BBT#3#block48_contig1	1408640287	545021
BBT#3	BBT#3#block13_contig1	1409185309	151387
BBT#3	BBT#3#block30_contig1	1409336697	657482
BBT#3	BBT#3#block28_contig1	1409994180	143381
BBT#3	BBT#3#block36_contig1	1410137562	227047
BBT#3	BBT#3#block38_contig1	1410364610	227627
BBT#3	BBT#3#block25_contig1	1410592238	219167
BBT#3	BBT#3#block46_contig2	1410811406	86220
BBT#3	BBT#3#block46_contig1	1410897627	178952
BBT#4	BBT#4#block14_contig2	1411076580	341539
BBT#4	BBT#4#block19_contig1	1411418120	517815
BBT#4	BBT#4#block22_contig1	1411935936	806235
BBT#4	BBT#4#block16_contig1	1412742172	305763
BBT#4	BBT#4#block28_contig2	1413047936	188841
BBT#4	BBT#4#block27_contig1	1413236778	550227
BBT#4	BBT#4#block31_contig1	1413787006	486753
BBT#4	BBT#4#block37_contig2	1414273760	289407
BBT#4	BBT#4#block11_contig1	1414563168	339694
BBT#4	BBT#4#block1_contig1	1414902863	322658
BBT#4	BBT#4#block26_contig3	1415225522	134277
BBT#4	BBT#4#block32_contig1	1415359800	442685
BBT#4	BBT#4#block20_contig1	1415802486	707860
BBT#4	BBT#4#block42_contig1	1416510347	760497
BBT#4	BBT#4#block4_contig1	1417270845	324481
BBT#4	BBT#4#block18_contig1	1417595327	1483169
BBT#4	BBT#4#block49_contig1	1419078497	570247
BBT#4	BBT#4#block52_contig1	1419648745	463338
BBT#4	BBT#4#block57_contig1	1420112084	188062
BBT#4	BBT#4#block4_contig2	1420300147	97972
BBT#4	BBT#4#block2_contig1	1420398120	444381
BBT#4	BBT#4#block41_contig1	1420842502	670829
BBT#4	BBT#4#block10_contig1	1421513332	657515
BBT#4	BBT#4#block51_contig1	1422170848	534906
BBT#4	BBT#4#block40_contig1	1422705755	475319
BBT#4	BBT#4#block39_contig1	1423181075	1071478
BBT#4	BBT#4#block29_contig1	1424252554	748906
BBT#4	BBT#4#block33_contig1	1425001461	723985
BBT#4	BBT#4#block45_contig1	1425725447	731376
BBT#4	BBT#4#block50_contig1	1426456824	401515
BBT#4	BBT#4#block28_contig3	1426858340	374738
BBT#4	BBT#4#block63_contig1	1427233079	590880
BBT#4	BBT#4#block24_contig1	1427823960	266138
BBT#4	BBT#4#block63_contig2	1428090099	440879
BBT#4	BBT#4#block15_contig1	1428530979	219799
BBT#4	BBT#4#block48_contig1	1428750779	545021
BBT#4	BBT#4#block53_contig1	1429295801	596635
BBT#4	BBT#4#block57_contig2	1429892437	682705
BBT#4	BBT#4#block58_contig1	1430575143	1092410
BBT#4	BBT#4#block47_contig1	1431667554	1090858
BBT#4	BBT#4#block34_contig1	1432758413	564308
BBT#4	BBT#4#block9_contig1	1433322722	294562
BBT#4	BBT#4#block8_contig1	1433617285	179582
BBT#4	BBT#4#block4_contig3	1433796868	243063
BBT#4	BBT#4#block62_contig1	1434039932	709543
BBT#4	BBT#4#block21_contig1	1434749476	505631
BBT#4	BBT#4#block59_contig1	1435255108	939121
BBT#4	BBT#4#block13_contig1	1436194230	151387
BBT#4	BBT#4#block43_contig1	1436345618	455440
BBT#4	BBT#4#block55_contig1	1436801059	1361595
BBT#4	BBT#4#block14_contig1	1438162655	545418
BBT#4	BBT#4#block30_contig1	1438708074	657482
BBT#4	BBT#4#block64_contig1	1439365557	739821
BBT#4	BBT#4#block28_contig1	1440105379	143381
BBT#4	BBT#4#block5_contig1	1440248761	252126
BBT#4	BBT#4#block30_contig2	1440500888	264622
BBT#4	BBT#4#block44_contig1	1440765511	244650
BBT#4	BBT#4#block26_contig1	1441010162	178183
BBT#4	BBT#4#block56_contig1	1441188346	627701
BBT#4	BBT#4#block36_contig1	1441816048	227047
BBT#4	BBT#4#block38_contig1	1442043096	227627
BBT#4	BBT#4#block60_contig1	1442270724	269050
BBT#4	BBT#4#block35_contig1	1442539775	342196
BBT#4	BBT#4#block25_contig1	1442881972	219167
BBT#4	BBT#4#block7_contig1	1443101140	421002
BBT#4	BBT#4#block54_contig1	1443522143	642813
BBT#4	BBT#4#block61_contig1	1444164957	594114
BBT#4	BBT#4#block6_contig1	1444759072	239324
BBT#4	BBT#4#block4_contig4	1444998397	131714
BBT#4	BBT#4#block23_contig1	1445130112	261083
BBT#4	BBT#4#block41_contig2	1445391196	126047
BBT#4	BBT#4#block37_contig1	1445517244	461409
BBT#4	BBT#4#block54_contig2	1445978654	223492
BBT#4	BBT#4#block61_contig2	1446202147	172118
BBT#4	BBT#4#block46_contig2	1446374266	86220
BBT#4	BBT#4#block17_contig1	1446460487	364260
BBT#4	BBT#4#block12_contig1	1446824748	207057
BBT#4	BBT#4#block46_contig1	1447031806	178952
BBT#4	BBT#4#block26_contig2	1447210759	139528
BBT#4	BBT#4#block3_contig1	1447350288	100035
BCE_3a#0	BCE_3a#0#chrII	1447450324	845134
BCE_3a#0	BCE_3a#0#chrI	1448295459	198947
BCE_3a#0	BCE_3a#0#chrX	1448494407	715710
BCE_3a#0	BCE_3a#0#chrVIII	1449210118	540142
BCE_3a#0	BCE_3a#0#chrVI_chrXIII	1449750261	525510
BCE_3a#0	BCE_3a#0#chrV	1450275772	556340
BCE_3a#0	BCE_3a#0#chrXIII_chrIX	1450832113	717109
BCE_3a#0	BCE_3a#0#chrVII	1451549223	1071668
BCE_3a#0	BCE_3a#0#chrXII	1452620892	1030709
BCE_3a#0	BCE_3a#0#chrXV	1453651602	1047279
BCE_3a#0	BCE_3a#0#chrIV	1454698882	1490484
BCE_3a#0	BCE_3a#0#chrXIV	1456189367	778349
BCE_3a#0	BCE_3a#0#chrXVI	1456967717	919300
BCE_3a#0	BCE_3a#0#chrXI	1457887018	711282
BCE_3a#0	BCE_3a#0#chrIII	1458598301	309000
BCE_3a#0	BCE_3a#0#chrIX	1458907302	386766
BCE_3a#0	BCE_3a#0#chrMT	1459294069	85139
BCN#0	BCN#0#chrI	1459379209	210287
BCN#0	BCN#0#chrIII	1459589497	315092
BCN#0	BCN#0#chrII	1459904590	872480
BCN#0	BCN#0#chrVI_chrXIII	1460777071	511767
BCN#0	BCN#0#chrXIII_chrIX	1461288839	717488
BCN#0	BCN#0#chrX	1462006328	713793
BCN#0	BCN#0#chrVII	1462720122	1058925
BCN#0	BCN#0#chrXII	1463779048	1060594
BCN#0	BCN#0#chrXIV	1464839643	784688
BCN#0	BCN#0#chrIV	1465624332	1481993
BCN#0	BCN#0#chrXV	1467106326	1045083
BCN#0	BCN#0#chrXVI	1468151410	909327
BCN#0	BCN#0#chrV	1469060738	565401
BCN#0	BCN#0#chrXI	1469626140	693624
BCN#0	BCN#0#chrVIII	1470319765	546184
BCN#0	BCN#0#chrIX	1470865950	383973
BCN#0	BCN#0#chrMT	1471249924	85317
BDC_1c#0	BDC_1c#0#chrI	1471335242	235738
BDC_1c#0	BDC_1c#0#chrVI	1471570981	259265
BDC_1c#0	BDC_1c#0#chrIX	1471830247	448465
BDC_1c#0	BDC_1c#0#chrX	1472278713	832754
BDC_1c#0	BDC_1c#0#chrIV	1473111468	1523742
BDC_1c#0	BDC_1c#0#chrVIII	1474635211	565055
BDC_1c#0	BDC_1c#0#chrII	1475200267	814784
BDC_1c#0	BDC_1c#0#chrXII	1476015052	1084191
BDC_1c#0	BDC_1c#0#chrV	1477099244	594816
BDC_1c#0	BDC_1c#0#chrXIV	1477694061	809362
BDC_1c#0	BDC_1c#0#chrXIII	1478503424	907812
BDC_1c#0	BDC_1c#0#chrXV	1479411237	1059703
BDC_1c#0	BDC_1c#0#chrXVI	1480470941	928036
BDC_1c#0	BDC_1c#0#chrVII	1481398978	1088344
BDC_1c#0	BDC_1c#0#chrXI	1482487323	669206
BDC_1c#0	BDC_1c#0#chrIII	1483156530	315759
BDC_1c#0	BDC_1c#0#chrMT	1483472290	83993
BDF_1d#0	BDF_1d#0#chrVI	1483556284	295821
BDF_1d#0	BDF_1d#0#chrII	1483852106	814360
BDF_1d#0	BDF_1d#0#chrVIII	1484666467	554201
BDF_1d#0	BDF_1d#0#chrX	1485220669	820115
BDF_1d#0	BDF_1d#0#chrVII	1486040785	1076160
BDF_1d#0	BDF_1d#0#chrXII	1487116946	1086160
BDF_1d#0	BDF_1d#0#chrXIV	1488203107	801757
BDF_1d#0	BDF_1d#0#chrXVI	1489004865	911773
BDF_1d#0	BDF_1d#0#chrIV	1489916639	1531241
BDF_1d#0	BDF_1d#0#chrXIII	1491447881	935928
BDF_1d#0	BDF_1d#0#chrXI	1492383810	674485
BDF_1d#0	BDF_1d#0#chrXV	1493058296	1051052
BDF_1d#0	BDF_1d#0#chrIII	1494109349	308984
BDF_1d#0	BDF_1d#0#chrIX	1494418334	443788
BDF_1d#0	BDF_1d#0#chrV	1494862123	590585
BDF_1d#0	BDF_1d#0#chrI	1495452709	219678
BDF_1d#0	BDF_1d#0#chrMT	1495672388	83988
BDH_1b#0	BDH_1b#0#chrI	1495756377	228613
BDH_1b#0	BDH_1b#0#chrIII	1495984991	337445
BDH_1b#0	BDH_1b#0#chrXI	1496322437	688029
BDH_1b#0	BDH_1b#0#chrVIII	1497010467	533239
BDH_1b#0	BDH_1b#0#chrVII	1497543707	1066609
BDH_1b#0	BDH_1b#0#chrXVI	1498610317	942693
BDH_1b#0	BDH_1b#0#chrV	1499553011	615396
BDH_1b#0	BDH_1b#0#chrXII	1500168408	1094810
BDH_1b#0	BDH_1b#0#chrX	1501263219	759870
BDH_1b#0	BDH_1b#0#chrVI	1502023090	301217
BDH_1b#0	BDH_1b#0#chrIV	1502324308	1498090
BDH_1b#0	BDH_1b#0#chrXIII	1503822399	940785
BDH_1b#0	BDH_1b#0#chrXIV	1504763185	765935
BDH_1b#0	BDH_1b#0#chrXV	1505529121	1041763
BDH_1b#0	BDH_1b#0#chrII	1506570885	813245
BDH_1b#0	BDH_1b#0#chrIX	1507384131	462865
BDM_1a#0	BDM_1a#0#chrI	1507846997	232491
BDM_1a#0	BDM_1a#0#chrII	1508079489	906535
BDM_1a#0	BDM_1a#0#chrX	1508986025	833972
BDM_1a#0	BDM_1a#0#chrV	1509819998	569148
BDM_1a#0	BDM_1a#0#chrVIII	1510389147	627563
BDM_1a#0	BDM_1a#0#chrXI	1511016711	679208
BDM_1a#0	BDM_1a#0#chrVII	1511695920	1086916
BDM_1a#0	BDM_1a#0#chrIV	1512782837	1495705
BDM_1a#0	BDM_1a#0#chrXV	1514278543	982624
BDM_1a#0	BDM_1a#0#chrIII	1515261168	330229
BDM_1a#0	BDM_1a#0#chrXIV	1515591398	795634
BDM_1a#0	BDM_1a#0#chrXII	1516387033	1115626
BDM_1a#0	BDM_1a#0#chrIX	1517502660	435794
BDM_1a#0	BDM_1a#0#chrXIII	1517938455	929207
BDM_1a#0	BDM_1a#0#chrXVI	1518867663	941486
BDM_1a#0	BDM_1a#0#chrVI	1519809150	287411
BDM_1a#0	BDM_1a#0#chrMT	1520096562	87113
BDN_1c#0	BDN_1c#0#chrVI	1520183676	258833
BDN_1c#0	BDN_1c#0#chrIII	1520442510	289948
BDN_1c#0	BDN_1c#0#chrV	1520732459	565991
BDN_1c#0	BDN_1c#0#chrIX	1521298451	415265
BDN_1c#0	BDN_1c#0#chrVIII	1521713717	520188
BDN_1c#0	BDN_1c#0#chrXIV	1522233906	751851
BDN_1c#0	BDN_1c#0#chrXII	1522985758	1047461
BDN_1c#0	BDN_1c#0#chrXI_chrVII	1524033220	574819
BDN_1c#0	BDN_1c#0#chrVII_chrXI	1524608040	1147838
BDN_1c#0	BDN_1c#0#chrX	1525755879	745407
BDN_1c#0	BDN_1c#0#chrII	1526501287	806119
BDN_1c#0	BDN_1c#0#chrXV	1527307407	1053541
BDN_1c#0	BDN_1c#0#chrIV	1528360949	1487275
BDN_1c#0	BDN_1c#0#chrXVI	1529848225	909534
BDN_1c#0	BDN_1c#0#chrXIII	1530757760	908526
BDN_1c#0	BDN_1c#0#chrI	1531666287	199691
BDN_1c#0	BDN_1c#0#chrMT	1531865979	75689
BEM#0	BEM#0#chrI	1531941669	201683
BEM#0	BEM#0#chrIII	1532143353	286550
BEM#0	BEM#0#chrMT	1532429904	73329
BEM#0	BEM#0#chrVIII	1532503234	522656
BEM#0	BEM#0#chrX	1533025891	748936
BEM#0	BEM#0#chrV	1533774828	569999
BEM#0	BEM#0#chrII	1534344828	799201
BEM#0	BEM#0#chrVII	1535144030	1113210
BEM#0	BEM#0#chrXI	1536257241	665454
BEM#0	BEM#0#chrXII	1536922696	1137832
BEM#0	BEM#0#chrXIV	1538060529	762786
BEM#0	BEM#0#chrXV	1538823316	1043366
BEM#0	BEM#0#chrIV	1539866683	1471601
BEM#0	BEM#0#chrXVI	1541338285	973239
BEM#0	BEM#0#chrXIII	1542311525	916001
BEM#0	BEM#0#chrIX	1543227527	416609
BEM#0	BEM#0#chrVI	1543644137	252210
BEM#3	BEM#3#block100_contig2	1543896348	111271
BEM#3	BEM#3#block101_contig2	1544007620	22525
BEM#3	BEM#3#block102_contig1	1544030146	144996
BEM#3	BEM#3#block102_contig2	1544175143	139256
BEM#3	BEM#3#block105_contig2	1544314400	36328
BEM#3	BEM#3#block106_contig2	1544350729	75277
BEM#3	BEM#3#block105_contig1	1544426007	233257
BEM#3	BEM#3#block101_contig1	1544659265	478511
BEM#3	BEM#3#block103_contig1	1545137777	170701
BEM#3	BEM#3#block106_contig1	1545308479	185459
BEM#3	BEM#3#block108_contig2	1545493939	68222
BEM#3	BEM#3#block10_contig2	1545562162	47307
BEM#3	BEM#3#block108_contig3	1545609470	104682
BEM#3	BEM#3#block112_contig1	1545714153	157259
BEM#3	BEM#3#block110_contig2	1545871413	78158
BEM#3	BEM#3#block114_contig1	1545949572	273176
BEM#3	BEM#3#block115_contig1	1546222749	220927
BEM#3	BEM#3#block119_contig2	1546443677	218263
BEM#3	BEM#3#block123_contig1	1546661941	244752
BEM#3	BEM#3#block111_contig1	1546906694	524389
BEM#3	BEM#3#block122_contig1	1547431084	296166
BEM#3	BEM#3#block119_contig3	1547727251	177291
BEM#3	BEM#3#block120_contig2	1547904543	97781
BEM#3	BEM#3#block121_contig1	1548002325	187574
BEM#3	BEM#3#block119_contig1	1548189900	390647
BEM#3	BEM#3#block116_contig1	1548580548	474961
BEM#3	BEM#3#block123_contig2	1549055510	213848
BEM#3	BEM#3#block129_contig4	1549269359	109560
BEM#3	BEM#3#block128_contig1	1549378920	192199
BEM#3	BEM#3#block115_contig2	1549571120	403429
BEM#3	BEM#3#block123_contig3	1549974550	77551
BEM#3	BEM#3#block131_contig2	1550052102	117718
BEM#3	BEM#3#block127_contig1	1550169821	255643
BEM#3	BEM#3#block12_contig1	1550425465	98864
BEM#3	BEM#3#block125_contig1	1550524330	368103
BEM#3	BEM#3#block131_contig1	1550892434	133516
BEM#3	BEM#3#block16_contig1	1551025951	81535
BEM#3	BEM#3#block1_contig1	1551107487	69372
BEM#3	BEM#3#block15_contig1	1551176860	212708
BEM#3	BEM#3#block21_contig1	1551389569	131541
BEM#3	BEM#3#block20_contig1	1551521111	100508
BEM#3	BEM#3#block22_contig1	1551621620	38939
BEM#3	BEM#3#block27_contig2	1551660560	76074
BEM#3	BEM#3#block23_contig1	1551736635	94339
BEM#3	BEM#3#block26_contig2	1551830975	46004
BEM#3	BEM#3#block24_contig1	1551876980	97061
BEM#3	BEM#3#block25_contig1	1551974042	105985
BEM#3	BEM#3#block134_contig3	1552080028	114720
BEM#3	BEM#3#block126_contig1	1552194749	307127
BEM#3	BEM#3#block19_contig1	1552501877	217864
BEM#3	BEM#3#block29_contig3	1552719742	50095
BEM#3	BEM#3#block17_contig1	1552769838	77629
BEM#3	BEM#3#block31_contig1	1552847468	172216
BEM#3	BEM#3#block36_contig1	1553019685	105373
BEM#3	BEM#3#block15_contig2	1553125059	35802
BEM#3	BEM#3#block3_contig1	1553160862	68779
BEM#3	BEM#3#block42_contig1	1553229642	162740
BEM#3	BEM#3#block43_contig1	1553392383	210672
BEM#3	BEM#3#block135_contig1	1553603056	556302
BEM#3	BEM#3#block134_contig1	1554159359	418829
BEM#3	BEM#3#block44_contig1	1554578189	86909
BEM#3	BEM#3#block53_contig1	1554665099	122130
BEM#3	BEM#3#block48_contig1	1554787230	146072
BEM#3	BEM#3#block52_contig2	1554933303	75482
BEM#3	BEM#3#block60_contig2	1555008786	170075
BEM#3	BEM#3#block49_contig1	1555178862	124364
BEM#3	BEM#3#block58_contig1	1555303227	336755
BEM#3	BEM#3#block62_contig1	1555639983	56137
BEM#3	BEM#3#block56_contig1	1555696121	303178
BEM#3	BEM#3#block41_contig1	1555999300	51777
BEM#3	BEM#3#block124_contig1	1556051078	469628
BEM#3	BEM#3#block58_contig2	1556520707	144120
BEM#3	BEM#3#block60_contig1	1556664828	402863
BEM#3	BEM#3#block67_contig2	1557067692	97085
BEM#3	BEM#3#block67_contig3	1557164778	71663
BEM#3	BEM#3#block71_contig3	1557236442	110325
BEM#3	BEM#3#block7_contig1	1557346768	74501
BEM#3	BEM#3#block79_contig1	1557421270	253414
BEM#3	BEM#3#block80_contig1	1557674685	207846
BEM#3	BEM#3#block86_contig2	1557882532	40474
BEM#3	BEM#3#block39_contig1	1557923007	169072
BEM#3	BEM#3#block74_contig2	1558092080	213009
BEM#3	BEM#3#block90_contig2	1558305090	60550
BEM#3	BEM#3#block61_contig1	1558365641	289664
BEM#3	BEM#3#block92_contig2	1558655306	49133
BEM#3	BEM#3#block82_contig1	1558704440	278700
BEM#3	BEM#3#block97_contig1	1558983141	84678
BEM#3	BEM#3#block93_contig1	1559067820	173026
BEM#3	BEM#3#block97_contig2	1559240847	124864
BEM#3	BEM#3#block96_contig1	1559365712	187412
BEM#3	BEM#3#block83_contig1	1559553125	310706
BEM#3	BEM#3#block121_contig2	1559863832	163990
BEM#3	BEM#3#block82_contig2	1560027823	133905
BEM#3	BEM#3#block91_contig1	1560161729	595566
BEM#3	BEM#3#block95_contig1	1560757296	395853
BEM#3	BEM#3#block93_contig2	1561153150	499033
BEM#3	BEM#3#block123_contig5	1561652184	189921
BEM#3	BEM#3#block91_contig2	1561842106	89944
BEM#3	BEM#3#block10_contig1	1561932051	168627
BEM#3	BEM#3#block73_contig1	1562100679	117378
BEM#3	BEM#3#block85_contig1	1562218058	395429
BEM#3	BEM#3#block132_contig1	1562613488	193253
BEM#3	BEM#3#block41_contig3	1562806742	187711
BEM#3	BEM#3#block70_contig1	1562994454	323980
BEM#3	BEM#3#block130_contig3	1563318435	108914
BEM#3	BEM#3#block108_contig1	1563427350	221851
BEM#3	BEM#3#block120_contig1	1563649202	172261
BEM#3	BEM#3#block86_contig1	1563821464	217126
BEM#3	BEM#3#block56_contig2	1564038591	222790
BEM#3	BEM#3#block35_contig1	1564261382	177507
BEM#3	BEM#3#block98_contig1	1564438890	240541
BEM#3	BEM#3#block14_contig1	1564679432	165192
BEM#3	BEM#3#block63_contig1	1564844625	240002
BEM#3	BEM#3#block68_contig2	1565084628	188715
BEM#3	BEM#3#block78_contig1	1565273344	213736
BEM#3	BEM#3#block65_contig1	1565487081	185976
BEM#3	BEM#3#block47_contig1	1565673058	100950
BEM#3	BEM#3#block74_contig1	1565774009	219207
BEM#3	BEM#3#block75_contig1	1565993217	210651
BEM#3	BEM#3#block29_contig1	1566203869	126158
BEM#3	BEM#3#block88_contig1	1566330028	344485
BEM#3	BEM#3#block117_contig1	1566674514	414756
BEM#3	BEM#3#block76_contig2	1567089271	434524
BEM#3	BEM#3#block18_contig1	1567523796	128866
BEM#3	BEM#3#block122_contig2	1567652663	51363
BEM#3	BEM#3#block107_contig1	1567704027	161343
BEM#3	BEM#3#block45_contig1	1567865371	273687
BEM#3	BEM#3#block113_contig1	1568139059	362213
BEM#3	BEM#3#block38_contig1	1568501273	252039
BEM#3	BEM#3#block51_contig1	1568753313	96047
BEM#3	BEM#3#block87_contig1	1568849361	92522
BEM#3	BEM#3#block81_contig1	1568941884	430560
BEM#3	BEM#3#block83_contig2	1569372445	69480
BEM#3	BEM#3#block29_contig2	1569441926	165658
BEM#3	BEM#3#block109_contig1	1569607585	106202
BEM#3	BEM#3#block92_contig1	1569713788	116353
BEM#3	BEM#3#block26_contig3	1569830142	174136
BEM#3	BEM#3#block32_contig1	1570004279	325632
BEM#3	BEM#3#block9_contig1	1570329912	63998
BEM#3	BEM#3#block40_contig1	1570393911	88977
BEM#3	BEM#3#block52_contig1	1570482889	78294
BEM#3	BEM#3#block54_contig1	1570561184	492311
BEM#3	BEM#3#block71_contig2	1571053496	304465
BEM#3	BEM#3#block53_contig2	1571357962	248110
BEM#3	BEM#3#block89_contig1	1571606073	330864
BEM#3	BEM#3#block46_contig1	1571936938	384128
BEM#3	BEM#3#block133_contig1	1572321067	186554
BEM#3	BEM#3#block66_contig1	1572507622	355602
BEM#3	BEM#3#block129_contig2	1572863225	82547
BEM#3	BEM#3#block27_contig1	1572945773	128619
BEM#3	BEM#3#block28_contig1	1573074393	118359
BEM#3	BEM#3#block114_contig2	1573192753	148357
BEM#3	BEM#3#block66_contig3	1573341111	81760
BEM#3	BEM#3#block72_contig2	1573422872	90212
BEM#3	BEM#3#block71_contig1	1573513085	163749
BEM#3	BEM#3#block129_contig1	1573676835	130723
BEM#3	BEM#3#block132_contig2	1573807559	56860
BEM#3	BEM#3#block41_contig4	1573864420	92125
BEM#3	BEM#3#block100_contig1	1573956546	264625
BEM#3	BEM#3#block130_contig2	1574221172	104975
BEM#3	BEM#3#block69_contig1	1574326148	68045
BEM#3	BEM#3#block5_contig1	1574394194	166658
BEM#3	BEM#3#block77_contig1	1574560853	201282
BEM#3	BEM#3#block11_contig1	1574762136	154386
BEM#3	BEM#3#block110_contig1	1574916523	46790
BEM#3	BEM#3#block134_contig2	1574963314	37670
BEM#3	BEM#3#block16_contig2	1575000985	146290
BEM#3	BEM#3#block94_contig1	1575147276	395077
BEM#3	BEM#3#block84_contig1	1575542354	254763
BEM#3	BEM#3#block76_contig1	1575797118	486536
BEM#3	BEM#3#block130_contig1	1576283655	70467
BEM#3	BEM#3#block30_contig1	1576354123	138962
BEM#3	BEM#3#block8_contig1	1576493086	96605
BEM#3	BEM#3#block57_contig1	1576589692	299294
BEM#3	BEM#3#block64_contig1	1576888987	267705
BEM#3	BEM#3#block33_contig1	1577156693	66439
BEM#3	BEM#3#block13_contig1	1577223133	108854
BEM#3	BEM#3#block118_contig1	1577331988	53758
BEM#3	BEM#3#block50_contig1	1577385747	77698
BEM#3	BEM#3#block129_contig3	1577463446	115365
BEM#3	BEM#3#block59_contig1	1577578812	110970
BEM#3	BEM#3#block6_contig1	1577689783	160169
BEM#3	BEM#3#block90_contig1	1577849953	35441
BEM#3	BEM#3#block34_contig1	1577885395	59872
BEM#3	BEM#3#block104_contig1	1577945268	94775
BEM#3	BEM#3#block55_contig1	1578040044	137426
BEM#3	BEM#3#block121_contig3	1578177471	21760
BEM#3	BEM#3#block3_contig2	1578199232	39551
BEM#3	BEM#3#block26_contig1	1578238784	49052
BEM#3	BEM#3#block123_contig4	1578287837	62712
BEM#3	BEM#3#block131_contig3	1578350550	58612
BEM#3	BEM#3#block65_contig2	1578409163	24754
BEM#3	BEM#3#block4_contig1	1578433918	41701
BEM#3	BEM#3#block48_contig2	1578475620	56548
BEM#3	BEM#3#block2_contig1	1578532169	176047
BEM#3	BEM#3#block36_contig2	1578708217	57131
BEM#3	BEM#3#block68_contig1	1578765349	45332
BEM#3	BEM#3#block67_contig1	1578810682	62942
BEM#3	BEM#3#block114_contig3	1578873625	47620
BEM#3	BEM#3#block66_contig2	1578921246	85381
BEM#3	BEM#3#block72_contig1	1579006628	182542
BEM#3	BEM#3#block76_contig4	1579189171	75854
BEM#3	BEM#3#block37_contig1	1579265026	84718
BEM#3	BEM#3#block109_contig2	1579349745	45094
BEM#3	BEM#3#block91_contig3	1579394840	54063
BEM#3	BEM#3#block18_contig2	1579448904	72388
BEM#3	BEM#3#block76_contig3	1579521293	39925
BEM#3	BEM#3#block132_contig3	1579561219	57705
BEM#3	BEM#3#block41_contig2	1579618925	50582
BEM#3	BEM#3#block5_contig2	1579669508	5272
BEM#3	BEM#3#block99_contig1	1579674781	60859
BEM#4	BEM#4#block119_contig3	1579735641	177291
BEM#4	BEM#4#block119_contig2	1579912933	218263
BEM#4	BEM#4#block121_contig1	1580131197	187574
BEM#4	BEM#4#block10_contig1	1580318772	168627
BEM#4	BEM#4#block101_contig1	1580487400	478511
BEM#4	BEM#4#block122_contig1	1580965912	296166
BEM#4	BEM#4#block111_contig1	1581262079	524389
BEM#4	BEM#4#block116_contig1	1581786469	474961
BEM#4	BEM#4#block124_contig1	1582261431	469628
BEM#4	BEM#4#block130_contig3	1582731060	108914
BEM#4	BEM#4#block108_contig1	1582839975	221851
BEM#4	BEM#4#block120_contig1	1583061827	172261
BEM#4	BEM#4#block106_contig2	1583234089	75277
BEM#4	BEM#4#block49_contig1	1583309367	124364
BEM#4	BEM#4#block15_contig2	1583433732	35802
BEM#4	BEM#4#block35_contig1	1583469535	177507
BEM#4	BEM#4#block14_contig1	1583647043	165192
BEM#4	BEM#4#block63_contig1	1583812236	240002
BEM#4	BEM#4#block58_contig2	1584052239	144120
BEM#4	BEM#4#block47_contig1	1584196360	100950
BEM#4	BEM#4#block60_contig1	1584297311	402863
BEM#4	BEM#4#block102_contig2	1584700175	139256
BEM#4	BEM#4#block131_contig1	1584839432	133516
BEM#4	BEM#4#block74_contig1	1584972949	219207
BEM#4	BEM#4#block67_contig2	1585192157	97085
BEM#4	BEM#4#block75_contig1	1585289243	210651
BEM#4	BEM#4#block90_contig2	1585499895	60550
BEM#4	BEM#4#block29_contig1	1585560446	126158
BEM#4	BEM#4#block19_contig1	1585686605	217864
BEM#4	BEM#4#block88_contig1	1585904470	344485
BEM#4	BEM#4#block112_contig1	1586248956	157259
BEM#4	BEM#4#block117_contig1	1586406216	414756
BEM#4	BEM#4#block44_contig1	1586820973	86909
BEM#4	BEM#4#block43_contig1	1586907883	210672
BEM#4	BEM#4#block76_contig2	1587118556	434524
BEM#4	BEM#4#block128_contig1	1587553081	192199
BEM#4	BEM#4#block18_contig1	1587745281	128866
BEM#4	BEM#4#block62_contig1	1587874148	56137
BEM#4	BEM#4#block122_contig2	1587930286	51363
BEM#4	BEM#4#block73_contig1	1587981650	117378
BEM#4	BEM#4#block85_contig1	1588099029	395429
BEM#4	BEM#4#block105_contig1	1588494459	233257
BEM#4	BEM#4#block107_contig1	1588727717	161343
BEM#4	BEM#4#block12_contig1	1588889061	98864
BEM#4	BEM#4#block45_contig1	1588987926	273687
BEM#4	BEM#4#block113_contig1	1589261614	362213
BEM#4	BEM#4#block115_contig2	1589623828	403429
BEM#4	BEM#4#block126_contig1	1590027258	307127
BEM#4	BEM#4#block51_contig1	1590334386	96047
BEM#4	BEM#4#block38_contig1	1590430434	252039
BEM#4	BEM#4#block87_contig1	1590682474	92522
BEM#4	BEM#4#block93_contig2	1590774997	499033
BEM#4	BEM#4#block98_contig1	1591274031	240541
BEM#4	BEM#4#block82_contig2	1591514573	133905
BEM#4	BEM#4#block83_contig1	1591648479	310706
BEM#4	BEM#4#block81_contig1	1591959186	430560
BEM#4	BEM#4#block83_contig2	1592389747	69480
BEM#4	BEM#4#block82_contig1	1592459228	278700
BEM#4	BEM#4#block68_contig2	1592737929	188715
BEM#4	BEM#4#block78_contig1	1592926645	213736
BEM#4	BEM#4#block119_contig1	1593140382	390647
BEM#4	BEM#4#block131_contig2	1593531030	117718
BEM#4	BEM#4#block31_contig1	1593648749	172216
BEM#4	BEM#4#block106_contig1	1593820966	185459
BEM#4	BEM#4#block127_contig1	1594006426	255643
BEM#4	BEM#4#block121_contig2	1594262070	163990
BEM#4	BEM#4#block29_contig2	1594426061	165658
BEM#4	BEM#4#block109_contig1	1594591720	106202
BEM#4	BEM#4#block92_contig2	1594697923	49133
BEM#4	BEM#4#block92_contig1	1594747057	116353
BEM#4	BEM#4#block32_contig1	1594863411	325632
BEM#4	BEM#4#block26_contig3	1595189044	174136
BEM#4	BEM#4#block9_contig1	1595363181	63998
BEM#4	BEM#4#block95_contig1	1595427180	395853
BEM#4	BEM#4#block100_contig2	1595823034	111271
BEM#4	BEM#4#block134_contig3	1595934306	114720
BEM#4	BEM#4#block135_contig1	1596049027	556302
BEM#4	BEM#4#block40_contig1	1596605330	88977
BEM#4	BEM#4#block125_contig1	1596694308	368103
BEM#4	BEM#4#block86_contig1	1597062412	217126
BEM#4	BEM#4#block15_contig1	1597279539	212708
BEM#4	BEM#4#block97_contig1	1597492248	84678
BEM#4	BEM#4#block97_contig2	1597576927	124864
BEM#4	BEM#4#block23_contig1	1597701792	94339
BEM#4	BEM#4#block52_contig1	1597796132	78294
BEM#4	BEM#4#block79_contig1	1597874427	253414
BEM#4	BEM#4#block110_contig2	1598127842	78158
BEM#4	BEM#4#block114_contig1	1598206001	273176
BEM#4	BEM#4#block54_contig1	1598479178	492311
BEM#4	BEM#4#block71_contig2	1598971490	304465
BEM#4	BEM#4#block129_contig4	1599275956	109560
BEM#4	BEM#4#block53_contig2	1599385517	248110
BEM#4	BEM#4#block89_contig1	1599633628	330864
BEM#4	BEM#4#block108_contig3	1599964493	104682
BEM#4	BEM#4#block134_contig1	1600069176	418829
BEM#4	BEM#4#block46_contig1	1600488006	384128
BEM#4	BEM#4#block70_contig1	1600872135	323980
BEM#4	BEM#4#block102_contig1	1601196116	144996
BEM#4	BEM#4#block39_contig1	1601341113	169072
BEM#4	BEM#4#block74_contig2	1601510186	213009
BEM#4	BEM#4#block133_contig1	1601723196	186554
BEM#4	BEM#4#block1_contig1	1601909751	69372
BEM#4	BEM#4#block71_contig3	1601979124	110325
BEM#4	BEM#4#block66_contig1	1602089450	355602
BEM#4	BEM#4#block26_contig2	1602445053	46004
BEM#4	BEM#4#block61_contig1	1602491058	289664
BEM#4	BEM#4#block123_contig5	1602780723	189921
BEM#4	BEM#4#block42_contig1	1602970645	162740
BEM#4	BEM#4#block132_contig1	1603133386	193253
BEM#4	BEM#4#block41_contig3	1603326640	187711
BEM#4	BEM#4#block129_contig2	1603514352	82547
BEM#4	BEM#4#block28_contig1	1603596900	118359
BEM#4	BEM#4#block27_contig1	1603715260	128619
BEM#4	BEM#4#block65_contig1	1603843880	185976
BEM#4	BEM#4#block58_contig1	1604029857	336755
BEM#4	BEM#4#block114_contig2	1604366613	148357
BEM#4	BEM#4#block66_contig3	1604514971	81760
BEM#4	BEM#4#block71_contig1	1604596732	163749
BEM#4	BEM#4#block72_contig2	1604760482	90212
BEM#4	BEM#4#block129_contig1	1604850695	130723
BEM#4	BEM#4#block132_contig2	1604981419	56860
BEM#4	BEM#4#block41_contig4	1605038280	92125
BEM#4	BEM#4#block100_contig1	1605130406	264625
BEM#4	BEM#4#block130_contig2	1605395032	104975
BEM#4	BEM#4#block69_contig1	1605500008	68045
BEM#4	BEM#4#block5_contig1	1605568054	166658
BEM#4	BEM#4#block25_contig1	1605734713	105985
BEM#4	BEM#4#block77_contig1	1605840699	201282
BEM#4	BEM#4#block11_contig1	1606041982	154386
BEM#4	BEM#4#block110_contig1	1606196369	46790
BEM#4	BEM#4#block134_contig2	1606243160	37670
BEM#4	BEM#4#block24_contig1	1606280831	97061
BEM#4	BEM#4#block16_contig2	1606377893	146290
BEM#4	BEM#4#block60_contig2	1606524184	170075
BEM#4	BEM#4#block94_contig1	1606694260	395077
BEM#4	BEM#4#block84_contig1	1607089338	254763
BEM#4	BEM#4#block91_contig2	1607344102	89944
BEM#4	BEM#4#block56_contig2	1607434047	222790
BEM#4	BEM#4#block7_contig1	1607656838	74501
BEM#4	BEM#4#block76_contig1	1607731340	486536
BEM#4	BEM#4#block130_contig1	1608217877	70467
BEM#4	BEM#4#block30_contig1	1608288345	138962
BEM#4	BEM#4#block91_contig1	1608427308	595566
BEM#4	BEM#4#block8_contig1	1609022875	96605
BEM#4	BEM#4#block108_contig2	1609119481	68222
BEM#4	BEM#4#block56_contig1	1609187704	303178
BEM#4	BEM#4#block57_contig1	1609490883	299294
BEM#4	BEM#4#block123_contig2	1609790178	213848
BEM#4	BEM#4#block64_contig1	1610004027	267705
BEM#4	BEM#4#block21_contig1	1610271733	131541
BEM#4	BEM#4#block33_contig1	1610403275	66439
BEM#4	BEM#4#block13_contig1	1610469715	108854
BEM#4	BEM#4#block20_contig1	1610578570	100508
BEM#4	BEM#4#block103_contig1	1610679079	170701
BEM#4	BEM#4#block27_contig2	1610849781	76074
BEM#4	BEM#4#block118_contig1	1610925856	53758
BEM#4	BEM#4#block48_contig1	1610979615	146072
BEM#4	BEM#4#block10_contig2	1611125688	47307
BEM#4	BEM#4#block123_contig1	1611172996	244752
BEM#4	BEM#4#block16_contig1	1611417749	81535
BEM#4	BEM#4#block50_contig1	1611499285	77698
BEM#4	BEM#4#block129_contig3	1611576984	115365
BEM#4	BEM#4#block59_contig1	1611692350	110970
BEM#4	BEM#4#block115_contig1	1611803321	220927
BEM#4	BEM#4#block36_contig1	1612024249	105373
BEM#4	BEM#4#block6_contig1	1612129623	160169
BEM#4	BEM#4#block90_contig1	1612289793	35441
BEM#4	BEM#4#block34_contig1	1612325235	59872
BEM#4	BEM#4#block104_contig1	1612385108	94775
BEM#4	BEM#4#block55_contig1	1612479884	137426
BEM#4	BEM#4#block121_contig3	1612617311	21760
BEM#4	BEM#4#block3_contig2	1612639072	39551
BEM#4	BEM#4#block26_contig1	1612678624	49052
BEM#4	BEM#4#block123_contig4	1612727677	62712
BEM#4	BEM#4#block80_contig1	1612790390	207846
BEM#4	BEM#4#block93_contig1	1612998237	173026
BEM#4	BEM#4#block131_contig3	1613171264	58612
BEM#4	BEM#4#block65_contig2	1613229877	24754
BEM#4	BEM#4#block4_contig1	1613254632	41701
BEM#4	BEM#4#block48_contig2	1613296334	56548
BEM#4	BEM#4#block2_contig1	1613352883	176047
BEM#4	BEM#4#block36_contig2	1613528931	57131
BEM#4	BEM#4#block52_contig2	1613586063	75482
BEM#4	BEM#4#block67_contig3	1613661546	71663
BEM#4	BEM#4#block68_contig1	1613733210	45332
BEM#4	BEM#4#block53_contig1	1613778543	122130
BEM#4	BEM#4#block67_contig1	1613900674	62942
BEM#4	BEM#4#block114_contig3	1613963617	47620
BEM#4	BEM#4#block3_contig1	1614011238	68779
BEM#4	BEM#4#block66_contig2	1614080018	85381
BEM#4	BEM#4#block72_contig1	1614165400	182542
BEM#4	BEM#4#block76_contig4	1614347943	75854
BEM#4	BEM#4#block29_contig3	1614423798	50095
BEM#4	BEM#4#block120_contig2	1614473894	97781
BEM#4	BEM#4#block37_contig1	1614571676	84718
BEM#4	BEM#4#block86_contig2	1614656395	40474
BEM#4	BEM#4#block109_contig2	1614696870	45094
BEM#4	BEM#4#block91_contig3	1614741965	54063
BEM#4	BEM#4#block96_contig1	1614796029	187412
BEM#4	BEM#4#block123_contig3	1614983442	77551
BEM#4	BEM#4#block105_contig2	1615060994	36328
BEM#4	BEM#4#block17_contig1	1615097323	77629
BEM#4	BEM#4#block18_contig2	1615174953	72388
BEM#4	BEM#4#block76_contig3	1615247342	39925
BEM#4	BEM#4#block132_contig3	1615287268	57705
BEM#4	BEM#4#block41_contig2	1615344974	50582
BEM#4	BEM#4#block5_contig2	1615395557	5272
BEM#4	BEM#4#block41_contig1	1615400830	51777
BEM#4	BEM#4#block99_contig1	1615452608	60859
BEM#4	BEM#4#block22_contig1	1615513468	38939
BEM#4	BEM#4#block101_contig2	1615552408	22525
BFH#0	BFH#0#chrIX	1615574934	440599
BFH#0	BFH#0#chrIII	1616015534	301119
BFH#0	BFH#0#chrV	1616316654	585064
BFH#0	BFH#0#chrXI	1616901719	682630
BFH#0	BFH#0#chrVIII	1617584350	568392
BFH#0	BFH#0#chrX	1618152743	797796
BFH#0	BFH#0#chrXVI	1618950540	926107
BFH#0	BFH#0#chrXII	1619876648	1171705
BFH#0	BFH#0#chrVI	1621048354	263662
BFH#0	BFH#0#chrII	1621312017	819274
BFH#0	BFH#0#chrXV	1622131292	1078298
BFH#0	BFH#0#chrIV	1623209591	1471867
BFH#0	BFH#0#chrVII	1624681459	1078794
BFH#0	BFH#0#chrXIV	1625760254	837729
BFH#0	BFH#0#chrI	1626597984	207286
BFH#0	BFH#0#chrXIII	1626805271	919213
BFH#0	BFH#0#chrMT	1627724485	80212
BFH#1	BFH#1#chrIII	1627804698	324984
BFH#1	BFH#1#chrII	1628129683	804337
BFH#1	BFH#1#chrVI	1628934021	263784
BFH#1	BFH#1#chrIV	1629197806	1474611
BFH#1	BFH#1#chrXIII	1630672418	925361
BFH#1	BFH#1#chrV	1631597780	574897
BFH#1	BFH#1#chrXI	1632172678	686385
BFH#1	BFH#1#chrXII	1632859064	1101982
BFH#1	BFH#1#chrXVI	1633961047	926577
BFH#1	BFH#1#chrVII	1634887625	1068684
BFH#1	BFH#1#chrIX	1635956310	430465
BFH#1	BFH#1#chrXV	1636386776	1139669
BFH#1	BFH#1#chrX	1637526446	779617
BFH#1	BFH#1#chrXIV	1638306064	793457
BFH#1	BFH#1#chrVIII	1639099522	549847
BFH#1	BFH#1#chrI	1639649370	190054
BFH#2	BFH#2#chrIII	1639839425	296232
BFH#2	BFH#2#chrV	1640135658	595801
BFH#2	BFH#2#chrVIII	1640731460	553417
BFH#2	BFH#2#chrXI	1641284878	659248
BFH#2	BFH#2#chrX	1641944127	815834
BFH#2	BFH#2#chrXV	1642759962	1051150
BFH#2	BFH#2#chrXIII	1643811113	926649
BFH#2	BFH#2#chrVII	1644737763	1100448
BFH#2	BFH#2#chrXII	1645838212	1019322
BFH#2	BFH#2#chrXVI	1646857535	922301
BFH#2	BFH#2#chrXIV	1647779837	818701
BFH#2	BFH#2#chrIX	1648598539	435361
BFH#2	BFH#2#chrII	1649033901	793863
BFH#2	BFH#2#chrIV	1649827765	1463417
BFH#2	BFH#2#chrI	1651291183	200974
BFH#2	BFH#2#chrVI	1651492158	257813
BFP_1a#0	BFP_1a#0#chrV	1651749972	580387
BFP_1a#0	BFP_1a#0#chrII	1652330360	807466
BFP_1a#0	BFP_1a#0#chrX	1653137827	721643
BFP_1a#0	BFP_1a#0#chrIV	1653859471	1487161
BFP_1a#0	BFP_1a#0#chrVII	1655346633	1074519
BFP_1a#0	BFP_1a#0#chrXIV	1656421153	780722
BFP_1a#0	BFP_1a#0#chrXIII	1657201876	919482
BFP_1a#0	BFP_1a#0#chrXII	1658121359	1074651
BFP_1a#0	BFP_1a#0#chrVIII	1659196011	533972
BFP_1a#0	BFP_1a#0#chrXV	1659729984	1071127
BFP_1a#0	BFP_1a#0#chrIX	1660801112	436436
BFP_1a#0	BFP_1a#0#chrXVI	1661237549	918649
BFP_1a#0	BFP_1a#0#chrIII	1662156199	301168
BFP_1a#0	BFP_1a#0#chrXI	1662457368	666739
BFP_1a#0	BFP_1a#0#chrI	1663124108	222621
BFP_1a#0	BFP_1a#0#chrVI	1663346730	280644
BFP_1a#0	BFP_1a#0#chrMT	1663627375	83687
BGN_3a#0	BGN_3a#0#chrVI	1663711063	264615
BGN_3a#0	BGN_3a#0#chrII	1663975679	835030
BGN_3a#0	BGN_3a#0#chrIX	1664810710	440839
BGN_3a#0	BGN_3a#0#chrVIII	1665251550	529612
BGN_3a#0	BGN_3a#0#chrV	1665781163	563145
BGN_3a#0	BGN_3a#0#chrVII	1666344309	1114497
BGN_3a#0	BGN_3a#0#chrXII	1667458807	1057875
BGN_3a#0	BGN_3a#0#chrX	1668516683	793268
BGN_3a#0	BGN_3a#0#chrXI	1669309952	677535
BGN_3a#0	BGN_3a#0#chrXVI	1669987488	920180
BGN_3a#0	BGN_3a#0#chrXIII	1670907669	939234
BGN_3a#0	BGN_3a#0#chrXV	1671846904	1111180
BGN_3a#0	BGN_3a#0#chrXIV	1672958085	792552
BGN_3a#0	BGN_3a#0#chrIV	1673750638	1497516
BGN_3a#0	BGN_3a#0#chrIII	1675248155	307114
BGN_3a#0	BGN_3a#0#chrI	1675555270	226979
BGN_3a#0	BGN_3a#0#chrMT	1675782250	78126
BGP_1a#0	BGP_1a#0#chrI	1675860377	196547
BGP_1a#0	BGP_1a#0#chrIII	1676056925	305235
BGP_1a#0	BGP_1a#0#chrIV_chrX	1676362161	1395518
BGP_1a#0	BGP_1a#0#chrIX	1677757680	437847
BGP_1a#0	BGP_1a#0#chrII	1678195528	805892
BGP_1a#0	BGP_1a#0#chrVIII	1679001421	528613
BGP_1a#0	BGP_1a#0#chrVII	1679530035	1083268
BGP_1a#0	BGP_1a#0#chrXI	1680613304	680769
BGP_1a#0	BGP_1a#0#chrV	1681294074	585775
BGP_1a#0	BGP_1a#0#chrXV	1681879850	1073855
BGP_1a#0	BGP_1a#0#chrXII	1682953706	1090252
BGP_1a#0	BGP_1a#0#chrXIV	1684043959	791153
BGP_1a#0	BGP_1a#0#chrXVI	1684835113	926127
BGP_1a#0	BGP_1a#0#chrX_chrIV	1685761241	821976
BGP_1a#0	BGP_1a#0#chrXIII	1686583218	930402
BGP_1a#0	BGP_1a#0#chrVI	1687513621	274384
BGP_1a#0	BGP_1a#0#chrMT	1687788006	78137
BHH#0	BHH#0#chrMT	1687866144	79704
BHH#0	BHH#0#chrV	1687945849	577096
BHH#0	BHH#0#chrVII	1688522946	1078878
BHH#0	BHH#0#chrIV	1689601825	1540119
BHH#0	BHH#0#chrXVI	1691141945	926693
BHH#0	BHH#0#chrX	1692068639	736465
BHH#0	BHH#0#chrIII	1692805105	313171
BHH#0	BHH#0#chrXII	1693118277	1070809
BHH#0	BHH#0#chrXV	1694189087	1078631
BHH#0	BHH#0#chrXIV	1695267719	798498
BHH#0	BHH#0#chrII	1696066218	802025
BHH#0	BHH#0#chrXI	1696868244	705861
BHH#0	BHH#0#chrXIII	1697574106	921690
BHH#0	BHH#0#chrIX	1698495797	433794
BHH#0	BHH#0#chrVIII	1698929592	542016
BHH#0	BHH#0#chrVI	1699471609	257001
BHH#0	BHH#0#chrI	1699728611	211268
BJ4#0	BJ4#0#chrI	1699939880	225758
BJ4#0	BJ4#0#chrIII	1700165639	312389
BJ4#0	BJ4#0#chrII	1700478029	816115
BJ4#0	BJ4#0#chrIX	1701294145	426239
BJ4#0	BJ4#0#chrVIII	1701720385	529954
BJ4#0	BJ4#0#chrVII	1702250340	1111726
BJ4#0	BJ4#0#chrV	1703362067	569911
BJ4#0	BJ4#0#chrXIV	1703931979	774656
BJ4#0	BJ4#0#chrX	1704706636	730067
BJ4#0	BJ4#0#chrIV	1705436704	1489054
BJ4#0	BJ4#0#chrXII	1706925759	1023772
BJ4#0	BJ4#0#chrXIII	1707949532	918555
BJ4#0	BJ4#0#chrXI	1708868088	669149
BJ4#0	BJ4#0#chrXV	1709537238	1067366
BJ4#0	BJ4#0#chrXVI	1710604605	933044
BJ4#0	BJ4#0#chrVI	1711537650	290353
BJ4#0	BJ4#0#chrMT	1711828004	83170
BLD_1a#0	BLD_1a#0#chrIII	1711911175	311299
BLD_1a#0	BLD_1a#0#chrII	1712222475	789689
BLD_1a#0	BLD_1a#0#chrV	1713012165	571368
BLD_1a#0	BLD_1a#0#chrIV	1713583534	1484642
BLD_1a#0	BLD_1a#0#chrVII	1715068177	1069978
BLD_1a#0	BLD_1a#0#chrVIII	1716138156	526521
BLD_1a#0	BLD_1a#0#chrXI	1716664678	675101
BLD_1a#0	BLD_1a#0#chrX	1717339780	737212
BLD_1a#0	BLD_1a#0#chrXIV	1718076993	766868
BLD_1a#0	BLD_1a#0#chrXIII	1718843862	915627
BLD_1a#0	BLD_1a#0#chrXV	1719759490	1043684
BLD_1a#0	BLD_1a#0#chrIX	1720803175	453563
BLD_1a#0	BLD_1a#0#chrXII	1721256739	1066649
BLD_1a#0	BLD_1a#0#chrXVI	1722323389	913561
BLD_1a#0	BLD_1a#0#chrVI	1723236951	264077
BLD_1a#0	BLD_1a#0#chrI	1723501029	230515
BLD_1a#0	BLD_1a#0#chrMT	1723731545	84666
BMB#0	BMB#0#chrIII	1723816212	309090
BMB#0	BMB#0#chrVI	1724125303	291069
BMB#0	BMB#0#chrV	1724416373	555636
BMB#0	BMB#0#chrIV	1724972010	1469753
BMB#0	BMB#0#chrIX	1726441764	429002
BMB#0	BMB#0#chrII	1726870767	815141
BMB#0	BMB#0#chrVII_chrVIII_chrX	1727685909	638719
BMB#0	BMB#0#chrX_chrXIII	1728324629	1092085
BMB#0	BMB#0#chrXIII_chrVII_chrXI	1729416715	662368
BMB#0	BMB#0#chrXVI	1730079084	912667
BMB#0	BMB#0#chrXI_chrVII	1730991752	797912
BMB#0	BMB#0#chrVIII_chrVII	1731789665	743087
BMB#0	BMB#0#chrI	1732532753	222178
BMB#0	BMB#0#chrXV	1732754932	1062389
BMB#0	BMB#0#chrXIV	1733817322	772406
BMB#0	BMB#0#chrXII	1734589729	1057357
BMB#0	BMB#0#chrMT	1735647087	74163
BMC_2a#0	BMC_2a#0#chrI	1735721251	222271
BMC_2a#0	BMC_2a#0#chrV	1735943523	555586
BMC_2a#0	BMC_2a#0#chrVIII_chrVII	1736499110	742977
BMC_2a#0	BMC_2a#0#chrVI	1737242088	290915
BMC_2a#0	BMC_2a#0#chrII	1737533004	815090
BMC_2a#0	BMC_2a#0#chrX_chrXIII	1738348095	1090227
BMC_2a#0	BMC_2a#0#chrXI_chrVII	1739438323	797834
BMC_2a#0	BMC_2a#0#chrIX	1740236158	428829
BMC_2a#0	BMC_2a#0#chrXIII_chrVII_chrXI	1740664988	662321
BMC_2a#0	BMC_2a#0#chrXV	1741327310	1062209
BMC_2a#0	BMC_2a#0#chrIV	1742389520	1469233
BMC_2a#0	BMC_2a#0#chrXIV	1743858754	771754
BMC_2a#0	BMC_2a#0#chrXII	1744630509	1062746
BMC_2a#0	BMC_2a#0#chrIII	1745693256	308975
BMC_2a#0	BMC_2a#0#chrXVI	1746002232	912582
BMC_2a#0	BMC_2a#0#chrVII_chrVIII_chrX	1746914815	638680
BMC_2a#0	BMC_2a#0#chrMT	1747553496	74191
BPG#0	BPG#0#chrII	1747627688	810135
BPG#0	BPG#0#chrVI	1748437824	278955
BPG#0	BPG#0#chrIX	1748716780	437976
BPG#0	BPG#0#chrV	1749154757	573342
BPG#0	BPG#0#chrXII	1749728100	1101705
BPG#0	BPG#0#chrX	1750829806	776236
BPG#0	BPG#0#chrXI	1751606043	703939
BPG#0	BPG#0#chrVII	1752309983	1076472
BPG#0	BPG#0#chrXIV	1753386456	800542
BPG#0	BPG#0#chrXIII	1754186999	927280
BPG#0	BPG#0#chrVIII	1755114280	522857
BPG#0	BPG#0#chrXVI	1755637138	929033
BPG#0	BPG#0#chrIII	1756566172	357642
BPG#0	BPG#0#chrIV	1756923815	1517992
BPG#0	BPG#0#chrI	1758441808	196837
BPG#0	BPG#0#chrXV	1758638646	1088877
BPG#0	BPG#0#chrMT	1759727524	80356
BPK#0	BPK#0#chrI	1759807881	221023
BPK#0	BPK#0#chrVIII	1760028905	529433
BPK#0	BPK#0#chrVI	1760558339	251095
BPK#0	BPK#0#chrX_chrII	1760809435	996419
BPK#0	BPK#0#chrIII	1761805855	309514
BPK#0	BPK#0#chrIX	1762115370	422844
BPK#0	BPK#0#chrXIII	1762538215	936954
BPK#0	BPK#0#chrXVI	1763475170	911429
BPK#0	BPK#0#chrIV	1764386600	1483306
BPK#0	BPK#0#chrVII	1765869907	1052199
BPK#0	BPK#0#chrXIV	1766922107	710660
BPK#0	BPK#0#chrII	1767632768	553591
BPK#0	BPK#0#chrXI	1768186360	668230
BPK#0	BPK#0#chrV	1768854591	560578
BPK#0	BPK#0#chrXII	1769415170	1014561
BPK#0	BPK#0#chrXV	1770429732	1054287
BPK#0	BPK#0#chrMT	1771484020	81822
BPK#1	BPK#1#chrI	1771565843	220914
BPK#1	BPK#1#chrIV_1	1771786758	463480
BPK#1	BPK#1#chrIII	1772250239	309287
BPK#1	BPK#1#chrII	1772559527	516682
BPK#1	BPK#1#chrV	1773076210	570657
BPK#1	BPK#1#chrVII	1773646868	1052782
BPK#1	BPK#1#chrIV_2	1774699651	1001862
BPK#1	BPK#1#chrVIII	1775701514	530723
BPK#1	BPK#1#chrIX	1776232238	421747
BPK#1	BPK#1#chrXVI_2	1776653986	139490
BPK#1	BPK#1#chrXIII_2	1776793477	352058
BPK#1	BPK#1#chrX_chrII	1777145536	996793
BPK#1	BPK#1#chrXII	1778142330	1132945
BPK#1	BPK#1#chrXVI_1	1779275276	850545
BPK#1	BPK#1#chrXV	1780125822	1030646
BPK#1	BPK#1#chrXIV	1781156469	744055
BPK#1	BPK#1#chrXIII_1	1781900525	786747
BPK#1	BPK#1#chrXI	1782687273	675526
BPK#1	BPK#1#chrVI	1783362800	263164
BPK#2	BPK#2#chrI	1783625965	218719
BPK#2	BPK#2#chrII_2	1783844685	526720
BPK#2	BPK#2#chrX	1784371406	682000
BPK#2	BPK#2#chrV	1785053407	522811
BPK#2	BPK#2#chrXI	1785576219	659788
BPK#2	BPK#2#chrVI	1786236008	251029
BPK#2	BPK#2#chrXV_1	1786487038	370049
BPK#2	BPK#2#chrXV_2	1786857088	573765
BPK#2	BPK#2#chrXIV	1787430854	765393
BPK#2	BPK#2#chrIV_1	1788196248	968494
BPK#2	BPK#2#chrXVI	1789164743	928636
BPK#2	BPK#2#chrXII_1	1790093380	756502
BPK#2	BPK#2#chrIII	1790849883	263018
BPK#2	BPK#2#chrXIII	1791112902	912531
BPK#2	BPK#2#chrIX_2	1792025434	319036
BPK#2	BPK#2#chrVII_1	1792344471	691986
BPK#2	BPK#2#chrVIII	1793036458	529449
BPK#2	BPK#2#chrIX_1	1793565908	138647
BPK#2	BPK#2#chrII_1	1793704556	180983
BPK#2	BPK#2#chrIV_2	1793885540	232740
BPK#2	BPK#2#chrVII_2	1794118281	350521
BPK#2	BPK#2#chrIV_3	1794468803	155488
BPK#2	BPK#2#chrXV_3	1794624292	97281
BPK#2	BPK#2#chrXII_2	1794721574	309408
BTE#0	BTE#0#chrIII	1795030983	319166
BTE#0	BTE#0#chrIX	1795350150	419785
BTE#0	BTE#0#chrVII	1795769936	1082810
BTE#0	BTE#0#chrVI	1796852747	272871
BTE#0	BTE#0#chrV	1797125619	616255
BTE#0	BTE#0#chrXII	1797741875	1141444
BTE#0	BTE#0#chrVIII	1798883320	545358
BTE#0	BTE#0#chrXIV	1799428679	803479
BTE#0	BTE#0#chrII	1800232159	829207
BTE#0	BTE#0#chrXV	1801061367	1062816
BTE#0	BTE#0#chrXIII	1802124184	919548
BTE#0	BTE#0#chrX	1803043733	729620
BTE#0	BTE#0#chrIV	1803773354	1488440
BTE#0	BTE#0#chrXVI	1805261795	939699
BTE#0	BTE#0#chrI	1806201495	224908
BTE#0	BTE#0#chrXI	1806426404	705642
BTE#0	BTE#0#chrMT	1807132047	84666
BTE#3	BTE#3#block100_contig2	1807216714	96045
BTE#3	BTE#3#block101_contig2	1807312760	133627
BTE#3	BTE#3#block100_contig1	1807446388	630136
BTE#3	BTE#3#block106_contig4	1808076525	16417
BTE#3	BTE#3#block106_contig2	1808092943	217293
BTE#3	BTE#3#block103_contig1	1808310237	604222
BTE#3	BTE#3#block105_contig1	1808914460	301966
BTE#3	BTE#3#block104_contig1	1809216427	263529
BTE#3	BTE#3#block14_contig2	1809479957	94178
BTE#3	BTE#3#block11_contig2	1809574136	214702
BTE#3	BTE#3#block10_contig2	1809788839	192997
BTE#3	BTE#3#block106_contig3	1809981837	369937
BTE#3	BTE#3#block17_contig1	1810351775	175214
BTE#3	BTE#3#block11_contig1	1810526990	143927
BTE#3	BTE#3#block18_contig1	1810670918	129513
BTE#3	BTE#3#block14_contig1	1810800432	467213
BTE#3	BTE#3#block12_contig1	1811267646	324714
BTE#3	BTE#3#block15_contig1	1811592361	442510
BTE#3	BTE#3#block1_contig1	1812034872	235066
BTE#3	BTE#3#block23_contig1	1812269939	145314
BTE#3	BTE#3#block16_contig1	1812415254	116811
BTE#3	BTE#3#block24_contig1	1812532066	291019
BTE#3	BTE#3#block21_contig1	1812823086	410759
BTE#3	BTE#3#block29_contig1	1813233846	39707
BTE#3	BTE#3#block19_contig1	1813273554	136726
BTE#3	BTE#3#block2_contig1	1813410281	120551
BTE#3	BTE#3#block32_contig1	1813530833	67019
BTE#3	BTE#3#block27_contig1	1813597853	545337
BTE#3	BTE#3#block34_contig1	1814143191	126604
BTE#3	BTE#3#block29_contig3	1814269796	259599
BTE#3	BTE#3#block30_contig1	1814529396	282195
BTE#3	BTE#3#block37_contig2	1814811592	156699
BTE#3	BTE#3#block35_contig1	1814968292	142021
BTE#3	BTE#3#block36_contig1	1815110314	443681
BTE#3	BTE#3#block31_contig1	1815553996	212533
BTE#3	BTE#3#block13_contig1	1815766530	313078
BTE#3	BTE#3#block43_contig1	1816079609	182522
BTE#3	BTE#3#block38_contig3	1816262132	128740
BTE#3	BTE#3#block50_contig2	1816390873	45123
BTE#3	BTE#3#block46_contig2	1816435997	268667
BTE#3	BTE#3#block42_contig1	1816704665	233526
BTE#3	BTE#3#block38_contig2	1816938192	413292
BTE#3	BTE#3#block50_contig1	1817351485	108762
BTE#3	BTE#3#block40_contig1	1817460248	386113
BTE#3	BTE#3#block10_contig1	1817846362	275433
BTE#3	BTE#3#block46_contig1	1818121796	282597
BTE#3	BTE#3#block44_contig1	1818404394	268367
BTE#3	BTE#3#block4_contig1	1818672762	176952
BTE#3	BTE#3#block49_contig1	1818849715	622029
BTE#3	BTE#3#block48_contig1	1819471745	454642
BTE#3	BTE#3#block39_contig1	1819926388	391107
BTE#3	BTE#3#block51_contig1	1820317496	516718
BTE#3	BTE#3#block27_contig2	1820834215	31033
BTE#3	BTE#3#block45_contig1	1820865249	801905
BTE#3	BTE#3#block106_contig1	1821667155	126737
BTE#3	BTE#3#block25_contig1	1821793893	852057
BTE#3	BTE#3#block54_contig2	1822645951	256108
BTE#3	BTE#3#block52_contig1	1822902060	677463
BTE#3	BTE#3#block5_contig1	1823579524	218437
BTE#3	BTE#3#block47_contig1	1823797962	662947
BTE#3	BTE#3#block55_contig1	1824460910	658564
BTE#3	BTE#3#block60_contig1	1825119475	202677
BTE#3	BTE#3#block56_contig1	1825322153	549871
BTE#3	BTE#3#block53_contig1	1825872025	836312
BTE#3	BTE#3#block58_contig1	1826708338	303671
BTE#3	BTE#3#block17_contig2	1827012010	126773
BTE#3	BTE#3#block65_contig2	1827138784	28897
BTE#3	BTE#3#block66_contig1	1827167682	139348
BTE#3	BTE#3#block62_contig1	1827307031	487262
BTE#3	BTE#3#block61_contig1	1827794294	635360
BTE#3	BTE#3#block6_contig1	1828429655	186220
BTE#3	BTE#3#block104_contig2	1828615876	101301
BTE#3	BTE#3#block59_contig1	1828717178	173845
BTE#3	BTE#3#block72_contig1	1828891024	251812
BTE#3	BTE#3#block64_contig1	1829142837	477746
BTE#3	BTE#3#block103_contig2	1829620584	332744
BTE#3	BTE#3#block57_contig1	1829953329	596715
BTE#3	BTE#3#block65_contig1	1830550045	1006170
BTE#3	BTE#3#block41_contig1	1831556216	540109
BTE#3	BTE#3#block76_contig2	1832096326	109297
BTE#3	BTE#3#block68_contig1	1832205624	466148
BTE#3	BTE#3#block69_contig1	1832671773	389051
BTE#3	BTE#3#block71_contig1	1833060825	588449
BTE#3	BTE#3#block79_contig3	1833649275	52312
BTE#3	BTE#3#block7_contig1	1833701588	106468
BTE#3	BTE#3#block102_contig2	1833808057	115416
BTE#3	BTE#3#block26_contig1	1833923474	204027
BTE#3	BTE#3#block73_contig1	1834127502	264849
BTE#3	BTE#3#block82_contig1	1834392352	122258
BTE#3	BTE#3#block84_contig3	1834514611	195459
BTE#3	BTE#3#block77_contig1	1834710071	486114
BTE#3	BTE#3#block74_contig1	1835196186	724394
BTE#3	BTE#3#block102_contig1	1835920581	74227
BTE#3	BTE#3#block78_contig1	1835994809	190996
BTE#3	BTE#3#block75_contig1	1836185806	315038
BTE#3	BTE#3#block3_contig1	1836500845	155039
BTE#3	BTE#3#block77_contig2	1836655885	317645
BTE#3	BTE#3#block78_contig2	1836973531	317194
BTE#3	BTE#3#block87_contig1	1837290726	276777
BTE#3	BTE#3#block85_contig1	1837567504	483288
BTE#3	BTE#3#block87_contig2	1838050793	240361
BTE#3	BTE#3#block86_contig2	1838291155	468733
BTE#3	BTE#3#block87_contig3	1838759889	120208
BTE#3	BTE#3#block87_contig5	1838880098	184726
BTE#3	BTE#3#block84_contig1	1839064825	429554
BTE#3	BTE#3#block79_contig2	1839494380	294373
BTE#3	BTE#3#block87_contig4	1839788754	182765
BTE#3	BTE#3#block82_contig2	1839971520	742302
BTE#3	BTE#3#block89_contig2	1840713823	215048
BTE#3	BTE#3#block86_contig1	1840928872	1013128
BTE#3	BTE#3#block79_contig1	1841942001	578852
BTE#3	BTE#3#block33_contig1	1842520854	634889
BTE#3	BTE#3#block67_contig1	1843155744	465540
BTE#3	BTE#3#block80_contig1	1843621285	592452
BTE#3	BTE#3#block96_contig1	1844213738	153036
BTE#3	BTE#3#block95_contig1	1844366775	350747
BTE#3	BTE#3#block88_contig2	1844717523	293251
BTE#3	BTE#3#block98_contig1	1845010775	111543
BTE#3	BTE#3#block89_contig3	1845122319	60929
BTE#3	BTE#3#block98_contig2	1845183249	333976
BTE#3	BTE#3#block37_contig1	1845517226	300237
BTE#3	BTE#3#block92_contig1	1845817464	448554
BTE#3	BTE#3#block94_contig1	1846266019	694275
BTE#3	BTE#3#block89_contig1	1846960295	206643
BTE#3	BTE#3#block90_contig1	1847166939	406829
BTE#3	BTE#3#block93_contig1	1847573769	550700
BTE#3	BTE#3#block70_contig1	1848124470	680486
BTE#3	BTE#3#block81_contig1	1848804957	192755
BTE#3	BTE#3#block97_contig1	1848997713	793027
BTE#3	BTE#3#block99_contig1	1849790741	578092
BTE#3	BTE#3#block82_contig3	1850368834	91857
BTE#3	BTE#3#block9_contig1	1850460692	203361
BTE#3	BTE#3#block63_contig1	1850664054	317239
BTE#3	BTE#3#block91_contig1	1850981294	939252
BTE#3	BTE#3#block22_contig1	1851920547	117981
BTE#3	BTE#3#block88_contig1	1852038529	171947
BTE#3	BTE#3#block20_contig1	1852210477	94407
BTE#3	BTE#3#block76_contig1	1852304885	425437
BTE#3	BTE#3#block83_contig1	1852730323	306984
BTE#3	BTE#3#block80_contig3	1853037308	141496
BTE#3	BTE#3#block80_contig2	1853178805	97904
BTE#3	BTE#3#block84_contig2	1853276710	124533
BTE#3	BTE#3#block99_contig2	1853401244	435218
BTE#3	BTE#3#block8_contig1	1853836463	160408
BTE#3	BTE#3#block69_contig2	1853996872	200803
BTE#3	BTE#3#block29_contig2	1854197676	153322
BTE#3	BTE#3#block38_contig1	1854350999	154907
BTE#3	BTE#3#block101_contig1	1854505907	281533
BTE#3	BTE#3#block96_contig2	1854787441	57906
BTE#3	BTE#3#block28_contig1	1854845348	75828
BTE#3	BTE#3#block54_contig1	1854921177	37025
BTE#4	BTE#4#block100_contig1	1854958203	630136
BTE#4	BTE#4#block102_contig2	1855588340	115416
BTE#4	BTE#4#block106_contig2	1855703757	217293
BTE#4	BTE#4#block12_contig1	1855921051	324714
BTE#4	BTE#4#block103_contig1	1856245766	604222
BTE#4	BTE#4#block21_contig1	1856849989	410759
BTE#4	BTE#4#block103_contig2	1857260749	332744
BTE#4	BTE#4#block11_contig2	1857593494	214702
BTE#4	BTE#4#block15_contig1	1857808197	442510
BTE#4	BTE#4#block20_contig1	1858250708	94407
BTE#4	BTE#4#block34_contig1	1858345116	126604
BTE#4	BTE#4#block102_contig1	1858471721	74227
BTE#4	BTE#4#block26_contig1	1858545949	204027
BTE#4	BTE#4#block29_contig3	1858749977	259599
BTE#4	BTE#4#block40_contig1	1859009577	386113
BTE#4	BTE#4#block14_contig1	1859395691	467213
BTE#4	BTE#4#block31_contig1	1859862905	212533
BTE#4	BTE#4#block39_contig1	1860075439	391107
BTE#4	BTE#4#block41_contig1	1860466547	540109
BTE#4	BTE#4#block44_contig1	1861006657	268367
BTE#4	BTE#4#block104_contig2	1861275025	101301
BTE#4	BTE#4#block105_contig1	1861376327	301966
BTE#4	BTE#4#block42_contig1	1861678294	233526
BTE#4	BTE#4#block27_contig1	1861911821	545337
BTE#4	BTE#4#block45_contig1	1862457159	801905
BTE#4	BTE#4#block10_contig1	1863259065	275433
BTE#4	BTE#4#block46_contig1	1863534499	282597
BTE#4	BTE#4#block104_contig1	1863817097	263529
BTE#4	BTE#4#block50_contig1	1864080627	108762
BTE#4	BTE#4#block1_contig1	1864189390	235066
BTE#4	BTE#4#block19_contig1	1864424457	136726
BTE#4	BTE#4#block23_contig1	1864561184	145314
BTE#4	BTE#4#block4_contig1	1864706499	176952
BTE#4	BTE#4#block46_contig2	1864883452	268667
BTE#4	BTE#4#block47_contig1	1865152120	662947
BTE#4	BTE#4#block38_contig2	1865815068	413292
BTE#4	BTE#4#block48_contig1	1866228361	454642
BTE#4	BTE#4#block54_contig2	1866683004	256108
BTE#4	BTE#4#block5_contig1	1866939113	218437
BTE#4	BTE#4#block18_contig1	1867157551	129513
BTE#4	BTE#4#block63_contig1	1867287065	317239
BTE#4	BTE#4#block52_contig1	1867604305	677463
BTE#4	BTE#4#block64_contig1	1868281769	477746
BTE#4	BTE#4#block61_contig1	1868759516	635360
BTE#4	BTE#4#block36_contig1	1869394877	443681
BTE#4	BTE#4#block51_contig1	1869838559	516718
BTE#4	BTE#4#block17_contig1	1870355278	175214
BTE#4	BTE#4#block13_contig1	1870530493	313078
BTE#4	BTE#4#block58_contig1	1870843572	303671
BTE#4	BTE#4#block6_contig1	1871147244	186220
BTE#4	BTE#4#block22_contig1	1871333465	117981
BTE#4	BTE#4#block57_contig1	1871451447	596715
BTE#4	BTE#4#block33_contig1	1872048163	634889
BTE#4	BTE#4#block55_contig1	1872683053	658564
BTE#4	BTE#4#block17_contig2	1873341618	126773
BTE#4	BTE#4#block56_contig1	1873468392	549871
BTE#4	BTE#4#block67_contig1	1874018264	465540
BTE#4	BTE#4#block53_contig1	1874483805	836312
BTE#4	BTE#4#block79_contig2	1875320118	294373
BTE#4	BTE#4#block81_contig1	1875614492	192755
BTE#4	BTE#4#block24_contig1	1875807248	291019
BTE#4	BTE#4#block3_contig1	1876098268	155039
BTE#4	BTE#4#block77_contig1	1876253308	486114
BTE#4	BTE#4#block106_contig3	1876739423	369937
BTE#4	BTE#4#block72_contig1	1877109361	251812
BTE#4	BTE#4#block65_contig1	1877361174	1006170
BTE#4	BTE#4#block80_contig2	1878367345	97904
BTE#4	BTE#4#block71_contig1	1878465250	588449
BTE#4	BTE#4#block77_contig2	1879053700	317645
BTE#4	BTE#4#block78_contig2	1879371346	317194
BTE#4	BTE#4#block74_contig1	1879688541	724394
BTE#4	BTE#4#block70_contig1	1880412936	680486
BTE#4	BTE#4#block16_contig1	1881093423	116811
BTE#4	BTE#4#block78_contig1	1881210235	190996
BTE#4	BTE#4#block84_contig2	1881401232	124533
BTE#4	BTE#4#block80_contig1	1881525766	592452
BTE#4	BTE#4#block25_contig1	1882118219	852057
BTE#4	BTE#4#block82_contig2	1882970277	742302
BTE#4	BTE#4#block49_contig1	1883712580	622029
BTE#4	BTE#4#block79_contig1	1884334610	578852
BTE#4	BTE#4#block87_contig5	1884913463	184726
BTE#4	BTE#4#block83_contig1	1885098190	306984
BTE#4	BTE#4#block87_contig4	1885405175	182765
BTE#4	BTE#4#block82_contig1	1885587941	122258
BTE#4	BTE#4#block87_contig2	1885710200	240361
BTE#4	BTE#4#block76_contig1	1885950562	425437
BTE#4	BTE#4#block93_contig1	1886376000	550700
BTE#4	BTE#4#block87_contig1	1886926701	276777
BTE#4	BTE#4#block86_contig2	1887203479	468733
BTE#4	BTE#4#block89_contig2	1887672213	215048
BTE#4	BTE#4#block95_contig1	1887887262	350747
BTE#4	BTE#4#block37_contig1	1888238010	300237
BTE#4	BTE#4#block92_contig1	1888538248	448554
BTE#4	BTE#4#block62_contig1	1888986803	487262
BTE#4	BTE#4#block88_contig2	1889474066	293251
BTE#4	BTE#4#block90_contig1	1889767318	406829
BTE#4	BTE#4#block98_contig1	1890174148	111543
BTE#4	BTE#4#block99_contig1	1890285692	578092
BTE#4	BTE#4#block86_contig1	1890863785	1013128
BTE#4	BTE#4#block75_contig1	1891876914	315038
BTE#4	BTE#4#block97_contig1	1892191953	793027
BTE#4	BTE#4#block37_contig2	1892984981	156699
BTE#4	BTE#4#block94_contig1	1893141681	694275
BTE#4	BTE#4#block99_contig2	1893835957	435218
BTE#4	BTE#4#block14_contig2	1894271176	94178
BTE#4	BTE#4#block91_contig1	1894365355	939252
BTE#4	BTE#4#block59_contig1	1895304608	173845
BTE#4	BTE#4#block89_contig1	1895478454	206643
BTE#4	BTE#4#block98_contig2	1895685098	333976
BTE#4	BTE#4#block80_contig3	1896019075	141496
BTE#4	BTE#4#block88_contig1	1896160572	171947
BTE#4	BTE#4#block8_contig1	1896332520	160408
BTE#4	BTE#4#block29_contig1	1896492929	39707
BTE#4	BTE#4#block84_contig1	1896532637	429554
BTE#4	BTE#4#block68_contig1	1896962192	466148
BTE#4	BTE#4#block85_contig1	1897428341	483288
BTE#4	BTE#4#block10_contig2	1897911630	192997
BTE#4	BTE#4#block30_contig1	1898104628	282195
BTE#4	BTE#4#block69_contig1	1898386824	389051
BTE#4	BTE#4#block87_contig3	1898775876	120208
BTE#4	BTE#4#block73_contig1	1898896085	264849
BTE#4	BTE#4#block9_contig1	1899160935	203361
BTE#4	BTE#4#block101_contig2	1899364297	133627
BTE#4	BTE#4#block2_contig1	1899497925	120551
BTE#4	BTE#4#block60_contig1	1899618477	202677
BTE#4	BTE#4#block69_contig2	1899821155	200803
BTE#4	BTE#4#block29_contig2	1900021959	153322
BTE#4	BTE#4#block84_contig3	1900175282	195459
BTE#4	BTE#4#block11_contig1	1900370742	143927
BTE#4	BTE#4#block35_contig1	1900514670	142021
BTE#4	BTE#4#block82_contig3	1900656692	91857
BTE#4	BTE#4#block38_contig1	1900748550	154907
BTE#4	BTE#4#block76_contig2	1900903458	109297
BTE#4	BTE#4#block100_contig2	1901012756	96045
BTE#4	BTE#4#block96_contig1	1901108802	153036
BTE#4	BTE#4#block101_contig1	1901261839	281533
BTE#4	BTE#4#block43_contig1	1901543373	182522
BTE#4	BTE#4#block66_contig1	1901725896	139348
BTE#4	BTE#4#block38_contig3	1901865245	128740
BTE#4	BTE#4#block50_contig2	1901993986	45123
BTE#4	BTE#4#block7_contig1	1902039110	106468
BTE#4	BTE#4#block96_contig2	1902145579	57906
BTE#4	BTE#4#block89_contig3	1902203486	60929
BTE#4	BTE#4#block106_contig1	1902264416	126737
BTE#4	BTE#4#block79_contig3	1902391154	52312
BTE#4	BTE#4#block32_contig1	1902443467	67019
BTE#4	BTE#4#block28_contig1	1902510487	75828
BTE#4	BTE#4#block27_contig2	1902586316	31033
BTE#4	BTE#4#block106_contig4	1902617350	16417
BTE#4	BTE#4#block54_contig1	1902633768	37025
BTE#4	BTE#4#block65_contig2	1902670794	28897
BY4742#0	BY4742#0#chrI	1902699692	230490
BY4742#0	BY4742#0#chrII	1902930183	822297
BY4742#0	BY4742#0#chrIX	1903752481	440032
BY4742#0	BY4742#0#chrIII	1904192514	333764
BY4742#0	BY4742#0#chrX	1904526279	745649
BY4742#0	BY4742#0#chrV	1905271929	582048
BY4742#0	BY4742#0#chrVII	1905853978	1091388
BY4742#0	BY4742#0#chrVIII	1906945367	576806
BY4742#0	BY4742#0#chrXV	1907522174	1091321
BY4742#0	BY4742#0#chrXIII	1908613496	930523
BY4742#0	BY4742#0#chrIV	1909544020	1545606
BY4742#0	BY4742#0#chrXVI	1911089627	948685
BY4742#0	BY4742#0#chrXIV	1912038313	784585
BY4742#0	BY4742#0#chrXI	1912822899	666876
BY4742#0	BY4742#0#chrXII	1913489776	1104511
BY4742#0	BY4742#0#chrVI	1914594288	270887
CAS_1a#0	CAS_1a#0#chrIII	1914865176	315537
CAS_1a#0	CAS_1a#0#chrIX	1915180714	439921
CAS_1a#0	CAS_1a#0#chrVIII	1915620636	558802
CAS_1a#0	CAS_1a#0#chrV	1916179439	568528
CAS_1a#0	CAS_1a#0#chrI	1916747968	203677
CAS_1a#0	CAS_1a#0#chrXI	1916951646	674196
CAS_1a#0	CAS_1a#0#chrXIV	1917625843	807481
CAS_1a#0	CAS_1a#0#chrXV	1918433325	1020047
CAS_1a#0	CAS_1a#0#chrII	1919453373	793847
CAS_1a#0	CAS_1a#0#chrVII	1920247221	1069708
CAS_1a#0	CAS_1a#0#chrIV	1921316930	1486265
CAS_1a#0	CAS_1a#0#chrXVI	1922803196	989852
CAS_1a#0	CAS_1a#0#chrXIII	1923793049	910224
CAS_1a#0	CAS_1a#0#chrVI	1924703274	255208
CAS_1a#0	CAS_1a#0#chrXII	1924958483	1103610
CAS_1a#0	CAS_1a#0#chrX	1926062094	733152
CAS_1a#0	CAS_1a#0#chrMT	1926795247	80825
CBK#0	CBK#0#chrI	1926876073	232692
CBK#0	CBK#0#chrII	1927108766	816047
CBK#0	CBK#0#chrIX	1927924814	436108
CBK#0	CBK#0#chrVI	1928360923	293039
CBK#0	CBK#0#chrIV	1928653963	1505422
CBK#0	CBK#0#chrXI	1930159386	683599
CBK#0	CBK#0#chrX	1930842986	741338
CBK#0	CBK#0#chrVII	1931584325	1097790
CBK#0	CBK#0#chrXIII	1932682116	933754
CBK#0	CBK#0#chrVIII	1933615871	568473
CBK#0	CBK#0#chrV	1934184345	576026
CBK#0	CBK#0#chrXV	1934760372	1087978
CBK#0	CBK#0#chrXIV	1935848351	778159
CBK#0	CBK#0#chrXII	1936626511	1202256
CBK#0	CBK#0#chrXVI	1937828768	947771
CBK#0	CBK#0#chrIII	1938776540	349792
CBK#0	CBK#0#chrMT	1939126333	86108
CBM#0	CBM#0#chrIII	1939212442	346467
CBM#0	CBM#0#chrIX	1939558910	433886
CBM#0	CBM#0#chrV	1939992797	557706
CBM#0	CBM#0#chrVI	1940550504	314818
CBM#0	CBM#0#chrVIII	1940865323	541309
CBM#0	CBM#0#chrVII	1941406633	575986
CBM#0	CBM#0#chrII_chrVII	1941982620	1275993
CBM#0	CBM#0#chrX	1943258614	738858
CBM#0	CBM#0#chrXIII	1943997473	918761
CBM#0	CBM#0#chrXV	1944916235	1043475
CBM#0	CBM#0#chrXIV	1945959711	769283
CBM#0	CBM#0#chrIV	1946728995	1530415
CBM#0	CBM#0#chrXVI	1948259411	927362
CBM#0	CBM#0#chrXI	1949186774	685590
CBM#0	CBM#0#chrXII	1949872365	1099755
CBM#0	CBM#0#chrI	1950972121	210988
CBM#0	CBM#0#chrMT	1951183110	86639
CBM#1	CBM#1#chrI_3	1951269750	155496
CBM#1	CBM#1#chrII_10	1951425247	14801
CBM#1	CBM#1#chrII_1	1951440049	33857
CBM#1	CBM#1#chrII_11	1951473907	109112
CBM#1	CBM#1#chrIII_6	1951583020	85365
CBM#1	CBM#1#chrIV_16	1951668386	57797
CBM#1	CBM#1#chrIV_14	1951726184	22737
CBM#1	CBM#1#chrIV_11	1951748922	12798
CBM#1	CBM#1#chrIV_22	1951761721	14952
CBM#1	CBM#1#chrIV_31	1951776674	63768
CBM#1	CBM#1#chrIV_2	1951840443	36256
CBM#1	CBM#1#chrIV_33	1951876700	19560
CBM#1	CBM#1#chrIV_38	1951896261	18671
CBM#1	CBM#1#chrIV_39	1951914933	24892
CBM#1	CBM#1#chrIV_41	1951939826	22422
CBM#1	CBM#1#chrIV_3	1951962249	22427
CBM#1	CBM#1#chrIV_28	1951984677	25350
CBM#1	CBM#1#chrIV_1	1952010028	76482
CBM#1	CBM#1#chrIV_36	1952086511	14296
CBM#1	CBM#1#chrIV_8	1952100808	36200
CBM#1	CBM#1#chrIV_5	1952137009	39880
CBM#1	CBM#1#chrIV_34	1952176890	60855
CBM#1	CBM#1#chrIV_4	1952237746	23771
CBM#1	CBM#1#chrIV_7	1952261518	16664
CBM#1	CBM#1#chrIV_40	1952278183	53759
CBM#1	CBM#1#chrIX_5	1952331943	49137
CBM#1	CBM#1#chrV_2	1952381081	11047
CBM#1	CBM#1#chrII_4	1952392129	64546
CBM#1	CBM#1#chrV_10	1952456676	41405
CBM#1	CBM#1#chrV_7	1952498082	20608
CBM#1	CBM#1#chrV_5	1952518691	91995
CBM#1	CBM#1#chrIX_1	1952610687	66341
CBM#1	CBM#1#chrII_3	1952677029	108348
CBM#1	CBM#1#chrV_1	1952785378	35407
CBM#1	CBM#1#chrV_8	1952820786	17041
CBM#1	CBM#1#chrV_11	1952837828	54098
CBM#1	CBM#1#chrVII_20	1952891927	13489
CBM#1	CBM#1#chrVII_3	1952905417	106731
CBM#1	CBM#1#chrVII_21	1953012149	51859
CBM#1	CBM#1#chrVII_18	1953064009	19589
CBM#1	CBM#1#chrVIII_10	1953083599	12537
CBM#1	CBM#1#chrVIII_11	1953096137	30964
CBM#1	CBM#1#chrVIII_5	1953127102	19428
CBM#1	CBM#1#chrVII_16	1953146531	20665
CBM#1	CBM#1#chrVIII_8	1953167197	30568
CBM#1	CBM#1#chrVI_1	1953197766	87779
CBM#1	CBM#1#chrVIII_7	1953285546	92409
CBM#1	CBM#1#chrIV_chrXII	1953377956	241503
CBM#1	CBM#1#chrVIII_9	1953619460	17429
CBM#1	CBM#1#chrVIII_4	1953636890	71407
CBM#1	CBM#1#chrX_11	1953708298	34196
CBM#1	CBM#1#chrVII_6	1953742495	36663
CBM#1	CBM#1#chrX_2	1953779159	17284
CBM#1	CBM#1#chrV_12	1953796444	66513
CBM#1	CBM#1#chrVIII_1	1953862958	93276
CBM#1	CBM#1#chrX_5	1953956235	5961
CBM#1	CBM#1#chrX_13	1953962197	64490
CBM#1	CBM#1#chrX_14	1954026688	22732
CBM#1	CBM#1#chrVII_25	1954049421	163555
CBM#1	CBM#1#chrXI_1	1954212977	102777
CBM#1	CBM#1#chrXII_11	1954315755	34827
CBM#1	CBM#1#chrXII_14	1954350583	26891
CBM#1	CBM#1#chrXII_1	1954377475	56280
CBM#1	CBM#1#chrXII_20	1954433756	21654
CBM#1	CBM#1#chrXII_25	1954455411	12779
CBM#1	CBM#1#chrXII_15	1954468191	13659
CBM#1	CBM#1#chrXI_3	1954481851	79185
CBM#1	CBM#1#chrXI_5	1954561037	31666
CBM#1	CBM#1#chrXII_26	1954592704	25165
CBM#1	CBM#1#chrXII_19	1954617870	27254
CBM#1	CBM#1#chrXIII_2	1954645125	8589
CBM#1	CBM#1#chrVI_3	1954653715	109627
CBM#1	CBM#1#chrXII_16	1954763343	58179
CBM#1	CBM#1#chrXIII_7	1954821523	10773
CBM#1	CBM#1#chrXII_7	1954832297	33822
CBM#1	CBM#1#chrXIII_1	1954866120	29741
CBM#1	CBM#1#chrXIII_11	1954895862	10966
CBM#1	CBM#1#chrXII_9	1954906829	32691
CBM#1	CBM#1#chrX_10	1954939521	152565
CBM#1	CBM#1#chrXIV_12	1955092087	18590
CBM#1	CBM#1#chrXIV_11	1955110678	47680
CBM#1	CBM#1#chrXIII_13	1955158359	45076
CBM#1	CBM#1#chrXV_1	1955203436	21180
CBM#1	CBM#1#chrXV_6	1955224617	11038
CBM#1	CBM#1#chrXV_23	1955235656	29579
CBM#1	CBM#1#chrXIV_6	1955265236	43747
CBM#1	CBM#1#chrXIII_chrII	1955308984	199775
CBM#1	CBM#1#chrXV_22	1955508760	34523
CBM#1	CBM#1#chrXIV_1	1955543284	84883
CBM#1	CBM#1#chrXV_26	1955628168	52413
CBM#1	CBM#1#chrXV_21	1955680582	44593
CBM#1	CBM#1#chrXV_7	1955725176	36844
CBM#1	CBM#1#chrXVI_1	1955762021	25100
CBM#1	CBM#1#chrXVI_8	1955787122	51159
CBM#1	CBM#1#chrXVI_13	1955838282	79882
CBM#1	CBM#1#chrXVI_2	1955918165	77513
CBM#1	CBM#1#chrXVI_6	1955995679	60042
CBM#1	CBM#1#chrXVI_3	1956055722	80675
CBM#1	CBM#1#chrXIII_4	1956136398	91126
CBM#1	CBM#1#chrVII_1	1956227525	56393
CBM#1	CBM#1#chrXIII_18	1956283919	89629
CBM#1	CBM#1#chrXV_25	1956373549	63027
CBM#1	CBM#1#chrII_2	1956436577	116048
CBM#1	CBM#1#chrIX_3	1956552626	247360
CBM#1	CBM#1#chrX_9	1956799987	54621
CBM#1	CBM#1#chrXIV_15	1956854609	59130
CBM#1	CBM#1#chrVII_11	1956913740	98795
CBM#1	CBM#1#chrXIII_16	1957012536	54261
CBM#1	CBM#1#chrIII_1	1957066798	68402
CBM#1	CBM#1#chrII_5	1957135201	11618
CBM#1	CBM#1#chrIV_30	1957146820	13600
CBM#1	CBM#1#chrIV_17	1957160421	5762
CBM#1	CBM#1#chrIV_26	1957166184	15508
CBM#1	CBM#1#chrIV_15	1957181693	7136
CBM#1	CBM#1#chrVII_19	1957188830	9699
CBM#1	CBM#1#chrVII_2	1957198530	1730
CBM#1	CBM#1#chrX_12	1957200261	5033
CBM#1	CBM#1#chrX_3	1957205295	12002
CBM#1	CBM#1#chrXII_17	1957217298	8984
CBM#1	CBM#1#chrXII_18	1957226283	5259
CBM#1	CBM#1#chrXIII_15	1957231543	5690
CBM#1	CBM#1#chrXIV_8	1957237234	5190
CBM#1	CBM#1#chrXV_16	1957242425	7058
CBM#1	CBM#1#chrXV_19	1957249484	4647
CBM#1	CBM#1#chrXV_8	1957254132	5275
CBM#1	CBM#1#chrXVI_12	1957259408	122881
CBM#1	CBM#1#chrXVI_10	1957382290	65973
CBM#1	CBM#1#chrXI_4	1957448264	72044
CBM#1	CBM#1#chrVII_14	1957520309	31128
CBM#1	CBM#1#chrXII_12	1957551438	47555
CBM#1	CBM#1#chrVII_22	1957598994	22199
CBM#1	CBM#1#chrXV_13	1957621194	25066
CBM#1	CBM#1#chrVIII_6	1957646261	21042
CBM#1	CBM#1#chrXI_7	1957667304	262033
CBM#1	CBM#1#chrXVI_5	1957929338	67525
CBM#1	CBM#1#chrXV_9	1957996864	14090
CBM#1	CBM#1#chrII_8	1958010955	59364
CBM#1	CBM#1#chrX_1	1958070320	35354
CBM#1	CBM#1#chrXII_13	1958105675	31780
CBM#1	CBM#1#chrXII_22	1958137456	27087
CBM#1	CBM#1#chrXIII_17	1958164544	21231
CBM#1	CBM#1#chrXIII_5	1958185776	122672
CBM#1	CBM#1#chrXV_15	1958308449	58515
CBM#1	CBM#1#chrXV_10	1958366965	32025
CBM#1	CBM#1#chrXII_24	1958398991	73290
CBM#1	CBM#1#chrIII_3	1958472282	52376
CBM#1	CBM#1#chrXVI_11	1958524659	31028
CBM#1	CBM#1#chrXIV_13	1958555688	156524
CBM#1	CBM#1#chrIX_2	1958712213	27171
CBM#1	CBM#1#chrX_16	1958739385	58645
CBM#1	CBM#1#chrIV_27	1958798031	39500
CBM#1	CBM#1#chrV_6	1958837532	52080
CBM#1	CBM#1#chrVII_10	1958889613	34205
CBM#1	CBM#1#chrV_3	1958923819	65377
CBM#1	CBM#1#chrVII_17	1958989197	45279
CBM#1	CBM#1#chrIV_18	1959034477	43189
CBM#1	CBM#1#chrXII_23	1959077667	18907
CBM#1	CBM#1#chrXIII_12	1959096575	31931
CBM#1	CBM#1#chrVII_24	1959128507	45622
CBM#1	CBM#1#chrXII_2	1959174130	17278
CBM#1	CBM#1#chrXV_5	1959191409	205721
CBM#1	CBM#1#chrIV_25	1959397131	39982
CBM#1	CBM#1#chrXII_3	1959437114	49962
CBM#1	CBM#1#chrXV_2	1959487077	75513
CBM#1	CBM#1#chrXIII_9	1959562591	42865
CBM#1	CBM#1#chrXIV_14	1959605457	57795
CBM#1	CBM#1#chrX_8	1959663253	33735
CBM#1	CBM#1#chrXII_21	1959696989	19679
CBM#1	CBM#1#chrXIII_10	1959716669	14229
CBM#1	CBM#1#chrVIII_3	1959730899	35515
CBM#1	CBM#1#chrXII_5	1959766415	57370
CBM#1	CBM#1#chrVII_12	1959823786	39721
CBM#1	CBM#1#chrIV_24	1959863508	12175
CBM#1	CBM#1#chrXIII_6	1959875684	42861
CBM#1	CBM#1#chrII_9	1959918546	25804
CBM#1	CBM#1#chrIV_12	1959944351	14839
CBM#1	CBM#1#chrXIV_4	1959959191	34272
CBM#1	CBM#1#chrIV_21	1959993464	37796
CBM#1	CBM#1#chrIV_19	1960031261	23538
CBM#1	CBM#1#chrIV_6	1960054800	70190
CBM#1	CBM#1#chrIV_10	1960124991	25944
CBM#1	CBM#1#chrIV_13	1960150936	20320
CBM#1	CBM#1#chrIX_4	1960171257	32502
CBM#1	CBM#1#chrXV_4	1960203760	47586
CBM#1	CBM#1#chrX_7	1960251347	46273
CBM#1	CBM#1#chrXVI_14	1960297621	59061
CBM#1	CBM#1#chrVII_15	1960356683	22761
CBM#1	CBM#1#chrXI_6	1960379445	41299
CBM#1	CBM#1#chrX_15	1960420745	31678
CBM#1	CBM#1#chrXIII_8	1960452424	72826
CBM#1	CBM#1#chrIV_20	1960525251	36328
CBM#1	CBM#1#chrX_6	1960561580	40139
CBM#1	CBM#1#chrXIV_5	1960601720	18925
CBM#1	CBM#1#chrXV_17	1960620646	35989
CBM#1	CBM#1#chrIV_32	1960656636	16086
CBM#1	CBM#1#chrVIII_2	1960672723	17879
CBM#1	CBM#1#chrXVI_9	1960690603	60773
CBM#1	CBM#1#chrIV_23	1960751377	22172
CBM#1	CBM#1#chrXIII_3	1960773550	51352
CBM#1	CBM#1#chrX_4	1960824903	24155
CBM#1	CBM#1#chrXIV_9	1960849059	18588
CBM#1	CBM#1#chrII_7	1960867648	13826
CBM#1	CBM#1#chrII_12	1960881475	25066
CBM#1	CBM#1#chrII_6	1960906542	20810
CBM#1	CBM#1#chrI_1	1960927353	55311
CBM#1	CBM#1#chrXV_11	1960982665	13596
CBM#1	CBM#1#chrIV_9	1960996262	34053
CBM#1	CBM#1#chrIV_37	1961030316	27706
CBM#1	CBM#1#chrI_2	1961058023	17334
CBM#1	CBM#1#chrXII_4	1961075358	42618
CBM#1	CBM#1#chrVII_23	1961117977	25315
CBM#1	CBM#1#chrXVI_15	1961143293	18770
CBM#1	CBM#1#chrXIV_2	1961162064	43107
CBM#1	CBM#1#chrXV_14	1961205172	6882
CBM#1	CBM#1#chrVII_8	1961212055	14499
CBM#1	CBM#1#chrXII_6	1961226555	5136
CBM#1	CBM#1#chrXV_12	1961231692	10486
CBM#1	CBM#1#chrIII_2	1961242179	14631
CBM#1	CBM#1#chrXVI_4	1961256811	10814
CBM#1	CBM#1#chrIV_29	1961267626	26431
CBM#1	CBM#1#chrVII_4	1961294058	14703
CBM#1	CBM#1#chrIV_35	1961308762	9386
CBM#1	CBM#1#chrXV_20	1961318149	10728
CBM#1	CBM#1#chrIII_5	1961328878	19651
CBM#1	CBM#1#chrV_4	1961348530	8157
CBM#1	CBM#1#chrXV_3	1961356688	7852
CBM#1	CBM#1#chrV_9	1961364541	23926
CBM#1	CBM#1#chrVII_5	1961388468	5876
CBM#1	CBM#1#chrVII_9	1961394345	13998
CBM#1	CBM#1#chrXIV_7	1961408344	9808
CBM#1	CBM#1#chrXIV_10	1961418153	29908
CBM#1	CBM#1#chrXI_2	1961448062	14313
CBM#1	CBM#1#chrVII_7	1961462376	5786
CBM#1	CBM#1#chrXV_18	1961468163	13052
CBM#1	CBM#1#chrVI_2	1961481216	8611
CBM#1	CBM#1#chrXIII_14	1961489828	14383
CBM#1	CBM#1#chrIII_4	1961504212	22247
CBM#1	CBM#1#chrXVI_7	1961526460	15620
CBM#1	CBM#1#chrXII_10	1961542081	8872
CBM#1	CBM#1#chrXII_8	1961550954	6375
CBM#1	CBM#1#chrXV_24	1961557330	4047
CBM#1	CBM#1#chrXI_8	1961561378	11464
CBM#1	CBM#1#chrVII_13	1961572843	11539
CBM#1	CBM#1#chrXIV_3	1961584383	14152
CBM#2	CBM#2#chrI_3	1961598536	118484
CBM#2	CBM#2#chrII_11	1961717021	4645
CBM#2	CBM#2#chrII_16	1961721667	150737
CBM#2	CBM#2#chrII_4	1961872405	70935
CBM#2	CBM#2#chrII_13	1961943341	9176
CBM#2	CBM#2#chrII_2	1961952518	30562
CBM#2	CBM#2#chrII_3	1961983081	93248
CBM#2	CBM#2#chrII_7	1962076330	23762
CBM#2	CBM#2#chrIV_22	1962100093	13585
CBM#2	CBM#2#chrIV_28	1962113679	30241
CBM#2	CBM#2#chrIV_27	1962143921	17763
CBM#2	CBM#2#chrIV_23	1962161685	58445
CBM#2	CBM#2#chrIV_5	1962220131	40416
CBM#2	CBM#2#chrIV_9	1962260548	10194
CBM#2	CBM#2#chrIV_3	1962270743	35711
CBM#2	CBM#2#chrIV_2	1962306455	66685
CBM#2	CBM#2#chrIV_31	1962373141	18387
CBM#2	CBM#2#chrIV_34	1962391529	37623
CBM#2	CBM#2#chrI_2	1962429153	56235
CBM#2	CBM#2#chrVI_5	1962485389	36010
CBM#2	CBM#2#chrIV_32	1962521400	39680
CBM#2	CBM#2#chrV_9	1962561081	31403
CBM#2	CBM#2#chrVII_11	1962592485	16313
CBM#2	CBM#2#chrVII_12	1962608799	41489
CBM#2	CBM#2#chrVII_16	1962650289	5383
CBM#2	CBM#2#chrVII_2	1962655673	12521
CBM#2	CBM#2#chrV_5	1962668195	204260
CBM#2	CBM#2#chrVII_24	1962872456	193730
CBM#2	CBM#2#chrVIII_7	1963066187	42158
CBM#2	CBM#2#chrVI_4	1963108346	77299
CBM#2	CBM#2#chrIV_15	1963185646	55602
CBM#2	CBM#2#chrVII_17	1963241249	16974
CBM#2	CBM#2#chrVII_1	1963258224	61811
CBM#2	CBM#2#chrVII_5	1963320036	34231
CBM#2	CBM#2#chrX_6	1963354268	44652
CBM#2	CBM#2#chrX_4	1963398921	95837
CBM#2	CBM#2#chrIX_7	1963494759	268373
CBM#2	CBM#2#chrXI_4	1963763133	20567
CBM#2	CBM#2#chrXI_7	1963783701	31586
CBM#2	CBM#2#chrXII_14	1963815288	61288
CBM#2	CBM#2#chrXI_8	1963876577	132012
CBM#2	CBM#2#chrXII_19	1964008590	14764
CBM#2	CBM#2#chrXI_2	1964023355	75018
CBM#2	CBM#2#chrVIII_6	1964098374	94866
CBM#2	CBM#2#chrXII_23	1964193241	40228
CBM#2	CBM#2#chrXII_13	1964233470	32071
CBM#2	CBM#2#chrXII_2	1964265542	108136
CBM#2	CBM#2#chrXII_21	1964373679	28103
CBM#2	CBM#2#chrXIII_14	1964401783	14670
CBM#2	CBM#2#chrXIII_19	1964416454	16754
CBM#2	CBM#2#chrXIII_18	1964433209	5189
CBM#2	CBM#2#chrXII_5	1964438399	29210
CBM#2	CBM#2#chrXII_12	1964467610	57785
CBM#2	CBM#2#chrXII_1	1964525396	47806
CBM#2	CBM#2#chrXIV_11	1964573203	24838
CBM#2	CBM#2#chrXIII_5	1964598042	24368
CBM#2	CBM#2#chrXII_7	1964622411	16844
CBM#2	CBM#2#chrXIV_13	1964639256	16589
CBM#2	CBM#2#chrXI_1	1964655846	175388
CBM#2	CBM#2#chrXII_18	1964831235	24024
CBM#2	CBM#2#chrXII_4	1964855260	15337
CBM#2	CBM#2#chrXIII_15	1964870598	82411
CBM#2	CBM#2#chrXIV_15	1964953010	10617
CBM#2	CBM#2#chrXIV_8	1964963628	16073
CBM#2	CBM#2#chrXIII_3	1964979702	193409
CBM#2	CBM#2#chrXIV_14	1965173112	33562
CBM#2	CBM#2#chrXIV_9	1965206675	9688
CBM#2	CBM#2#chrXV_13	1965216364	12640
CBM#2	CBM#2#chrXV_12	1965229005	38705
CBM#2	CBM#2#chrXV_15	1965267711	18687
CBM#2	CBM#2#chrXIV_3	1965286399	38028
CBM#2	CBM#2#chrXV_22	1965324428	9159
CBM#2	CBM#2#chrXIV_21	1965333588	89163
CBM#2	CBM#2#chrXV_11	1965422752	43133
CBM#2	CBM#2#chrXIV_6	1965465886	33548
CBM#2	CBM#2#chrXIV_1	1965499435	86909
CBM#2	CBM#2#chrXV_8	1965586345	54612
CBM#2	CBM#2#chrXVI_11	1965640958	17942
CBM#2	CBM#2#chrXV_17	1965658901	24583
CBM#2	CBM#2#chrXVI_18	1965683485	51137
CBM#2	CBM#2#chrXVI_19	1965734623	6367
CBM#2	CBM#2#chrXV_1	1965740991	115938
CBM#2	CBM#2#chrXVI_16	1965856930	30683
CBM#2	CBM#2#chrXVI_15	1965887614	34583
CBM#2	CBM#2#chrXVI_10	1965922198	27541
CBM#2	CBM#2#chrXVI_22	1965949740	10014
CBM#2	CBM#2#chrXVI_4	1965959755	35874
CBM#2	CBM#2#chrXV_24	1965995630	113421
CBM#2	CBM#2#chrXVI_9	1966109052	31221
CBM#2	CBM#2#chrXVI_2	1966140274	24896
CBM#2	CBM#2#chrXVI_23	1966165171	164441
CBM#2	CBM#2#chrV_4	1966329613	36978
CBM#2	CBM#2#chrIII_4	1966366592	18695
CBM#2	CBM#2#chrX_3	1966385288	104063
CBM#2	CBM#2#chrVII_10	1966489352	21162
CBM#2	CBM#2#chrIII_1	1966510515	80394
CBM#2	CBM#2#chrIII_5	1966590910	138917
CBM#2	CBM#2#chrIV_14	1966729828	2739
CBM#2	CBM#2#chrIV_21	1966732568	7961
CBM#2	CBM#2#chrIV_11	1966740530	8223
CBM#2	CBM#2#chrIX_2	1966748754	3009
CBM#2	CBM#2#chrV_8	1966751764	2181
CBM#2	CBM#2#chrVI_1	1966753946	53263
CBM#2	CBM#2#chrXII_8	1966807210	2623
CBM#2	CBM#2#chrXII_9	1966809834	9885
CBM#2	CBM#2#chrXIII_9	1966819720	4623
CBM#2	CBM#2#chrX_8	1966824344	26088
CBM#2	CBM#2#chrIX_1	1966850433	40530
CBM#2	CBM#2#chrVII_14	1966890964	73477
CBM#2	CBM#2#chrXI_11	1966964442	40009
CBM#2	CBM#2#chrII_6	1967004452	43441
CBM#2	CBM#2#chrXII_20	1967047894	38099
CBM#2	CBM#2#chrXVI_5	1967085994	30325
CBM#2	CBM#2#chrVIII_5	1967116320	53976
CBM#2	CBM#2#chrXV_10	1967170297	37958
CBM#2	CBM#2#chrV_6	1967208256	39409
CBM#2	CBM#2#chrVII_7	1967247666	192395
CBM#2	CBM#2#chrXV_9	1967440062	31540
CBM#2	CBM#2#chrVII_19	1967471603	16678
CBM#2	CBM#2#chrX_1	1967488282	170763
CBM#2	CBM#2#chrIV_1	1967659046	27364
CBM#2	CBM#2#chrVIII_8	1967686411	25720
CBM#2	CBM#2#chrXII_22	1967712132	131720
CBM#2	CBM#2#chrXIII_16	1967843853	32704
CBM#2	CBM#2#chrXIII_1	1967876558	106196
CBM#2	CBM#2#chrXII_24	1967982755	89773
CBM#2	CBM#2#chrVI_2	1968072529	77516
CBM#2	CBM#2#chrX_2	1968150046	35754
CBM#2	CBM#2#chrXII_15	1968185801	30753
CBM#2	CBM#2#chrII_14	1968216555	41944
CBM#2	CBM#2#chrXVI_20	1968258500	24078
CBM#2	CBM#2#chrXV_16	1968282579	13095
CBM#2	CBM#2#chrXIV_20	1968295675	70358
CBM#2	CBM#2#chrIV_18	1968366034	21238
CBM#2	CBM#2#chrIV_36	1968387273	61825
CBM#2	CBM#2#chrX_9	1968449099	100027
CBM#2	CBM#2#chrVII_6	1968549127	16806
CBM#2	CBM#2#chrVIII_1	1968565934	62734
CBM#2	CBM#2#chrIV_10	1968628669	50008
CBM#2	CBM#2#chrVIII_2	1968678678	33036
CBM#2	CBM#2#chrXVI_1	1968711715	30666
CBM#2	CBM#2#chrV_2	1968742382	71793
CBM#2	CBM#2#chrXVI_21	1968814176	48736
CBM#2	CBM#2#chrVII_21	1968862913	27039
CBM#2	CBM#2#chrX_7	1968889953	63692
CBM#2	CBM#2#chrVII_3	1968953646	17377
CBM#2	CBM#2#chrXV_6	1968971024	40855
CBM#2	CBM#2#chrVII_23	1969011880	47400
CBM#2	CBM#2#chrXV_7	1969059281	24033
CBM#2	CBM#2#chrXII_11	1969083315	21401
CBM#2	CBM#2#chrXV_4	1969104717	93187
CBM#2	CBM#2#chrIII_3	1969197905	31735
CBM#2	CBM#2#chrIV_19	1969229641	65514
CBM#2	CBM#2#chrII_5	1969295156	43929
CBM#2	CBM#2#chrXVI_13	1969339086	23640
CBM#2	CBM#2#chrXIII_7	1969362727	63608
CBM#2	CBM#2#chrVIII_3	1969426336	90327
CBM#2	CBM#2#chrXIII_12	1969516664	23772
CBM#2	CBM#2#chrXII_3	1969540437	33159
CBM#2	CBM#2#chrXIV_18	1969573597	24348
CBM#2	CBM#2#chrX_5	1969597946	22793
CBM#2	CBM#2#chrXIV_17	1969620740	34806
CBM#2	CBM#2#chrIV_6	1969655547	58939
CBM#2	CBM#2#chrII_9	1969714487	38406
CBM#2	CBM#2#chrV_3	1969752894	32550
CBM#2	CBM#2#chrIV_8	1969785445	62466
CBM#2	CBM#2#chrIV_12	1969847912	62646
CBM#2	CBM#2#chrXIV_19	1969910559	35402
CBM#2	CBM#2#chrXV_5	1969945962	88639
CBM#2	CBM#2#chrXIII_2	1970034602	48886
CBM#2	CBM#2#chrXII_6	1970083489	22944
CBM#2	CBM#2#chrVII_15	1970106434	16316
CBM#2	CBM#2#chrIV_17	1970122751	28536
CBM#2	CBM#2#chrXIII_6	1970151288	47329
CBM#2	CBM#2#chrXIV_7	1970198618	14162
CBM#2	CBM#2#chrXV_2	1970212781	44988
CBM#2	CBM#2#chrII_12	1970257770	36080
CBM#2	CBM#2#chrIV_30	1970293851	29648
CBM#2	CBM#2#chrXVI_24	1970323500	49636
CBM#2	CBM#2#chrXIII_13	1970373137	51283
CBM#2	CBM#2#chrIV_24	1970424421	42712
CBM#2	CBM#2#chrIV_25	1970467134	23008
CBM#2	CBM#2#chrIV_29	1970490143	36865
CBM#2	CBM#2#chrXVI_14	1970527009	31865
CBM#2	CBM#2#chrIV_4	1970558875	22791
CBM#2	CBM#2#chrXV_23	1970581667	22107
CBM#2	CBM#2#chrXVI_8	1970603775	27410
CBM#2	CBM#2#chrXI_3	1970631186	27341
CBM#2	CBM#2#chrXIII_8	1970658528	19839
CBM#2	CBM#2#chrIX_4	1970678368	31165
CBM#2	CBM#2#chrXI_10	1970709534	43546
CBM#2	CBM#2#chrIII_2	1970753081	29278
CBM#2	CBM#2#chrIV_35	1970782360	41621
CBM#2	CBM#2#chrIV_33	1970823982	36201
CBM#2	CBM#2#chrXIV_10	1970860184	31716
CBM#2	CBM#2#chrIX_5	1970891901	24236
CBM#2	CBM#2#chrVI_6	1970916138	18001
CBM#2	CBM#2#chrVII_13	1970934140	20298
CBM#2	CBM#2#chrXV_14	1970954439	13608
CBM#2	CBM#2#chrVII_25	1970968048	22666
CBM#2	CBM#2#chrXI_6	1970990715	23141
CBM#2	CBM#2#chrI_1	1971013857	19846
CBM#2	CBM#2#chrXIII_10	1971033704	11380
CBM#2	CBM#2#chrIV_7	1971045085	20662
CBM#2	CBM#2#chrVII_20	1971065748	10859
CBM#2	CBM#2#chrII_10	1971076608	8467
CBM#2	CBM#2#chrXVI_3	1971085076	6501
CBM#2	CBM#2#chrVII_22	1971091578	7262
CBM#2	CBM#2#chrXIII_11	1971098841	4508
CBM#2	CBM#2#chrXIV_16	1971103350	14456
CBM#2	CBM#2#chrXI_9	1971117807	16638
CBM#2	CBM#2#chrIX_3	1971134446	15487
CBM#2	CBM#2#chrVIII_4	1971149934	11264
CBM#2	CBM#2#chrIV_26	1971161199	8320
CBM#2	CBM#2#chrXVI_7	1971169520	28982
CBM#2	CBM#2#chrVII_18	1971198503	12006
CBM#2	CBM#2#chrXV_18	1971210510	6066
CBM#2	CBM#2#chrIV_16	1971216577	19762
CBM#2	CBM#2#chrXV_20	1971236340	2845
CBM#2	CBM#2#chrV_7	1971239186	5593
CBM#2	CBM#2#chrXIV_4	1971244780	4784
CBM#2	CBM#2#chrXVI_17	1971249565	10032
CBM#2	CBM#2#chrXV_3	1971259598	15513
CBM#2	CBM#2#chrXIII_17	1971275112	10161
CBM#2	CBM#2#chrV_1	1971285274	27828
CBM#2	CBM#2#chrXII_17	1971313103	9805
CBM#2	CBM#2#chrXVI_12	1971322909	4877
CBM#2	CBM#2#chrVII_4	1971327787	15424
CBM#2	CBM#2#chrVII_9	1971343212	10737
CBM#2	CBM#2#chrXIV_12	1971353950	28883
CBM#2	CBM#2#chrXV_19	1971382834	12027
CBM#2	CBM#2#chrIV_13	1971394862	6031
CBM#2	CBM#2#chrII_8	1971400894	14190
CBM#2	CBM#2#chrII_1	1971415085	27301
CBM#2	CBM#2#chrXI_5	1971442387	14107
CBM#2	CBM#2#chrXIV_5	1971456495	5999
CBM#2	CBM#2#chrIX_6	1971462495	12796
CBM#2	CBM#2#chrII_15	1971475292	14657
CBM#2	CBM#2#chrVI_3	1971489950	16791
CBM#2	CBM#2#chrXVI_6	1971506742	9642
CBM#2	CBM#2#chrXIII_4	1971516385	6902
CBM#2	CBM#2#chrVII_8	1971523288	4510
CBM#2	CBM#2#chrXII_10	1971527799	18032
CBM#2	CBM#2#chrXIV_2	1971545832	5314
CBM#2	CBM#2#chrXV_21	1971551147	14752
CBM#2	CBM#2#chrIV_20	1971565900	12632
CBM#2	CBM#2#chrXII_16	1971578533	3548
CBS432#0	CBS432#0#chrMT	1971582082	71482
CBS432#0	CBS432#0#chrIX	1971653565	443128
CBS432#0	CBS432#0#chrVI	1972096694	296034
CBS432#0	CBS432#0#chrXV	1972392729	1078405
CBS432#0	CBS432#0#chrVIII	1973471135	531267
CBS432#0	CBS432#0#chrXI	1974002403	690553
CBS432#0	CBS432#0#chrI	1974692957	235665
CBS432#0	CBS432#0#chrIII	1974928623	357685
CBS432#0	CBS432#0#chrX	1975286309	743843
CBS432#0	CBS432#0#chrXII	1976030153	1023116
CBS432#0	CBS432#0#chrIV	1977053270	1477988
CBS432#0	CBS432#0#chrV	1978531259	565208
CBS432#0	CBS432#0#chrXVI	1979096468	903028
CBS432#0	CBS432#0#chrXIII	1979999497	941477
CBS432#0	CBS432#0#chrVII	1980940975	1119193
CBS432#0	CBS432#0#chrXIV	1982060169	778926
CBS432#0	CBS432#0#chrII	1982839096	835812
CBS7001#0	CBS7001#0#chrI	1983674909	217282
CBS7001#0	CBS7001#0#chrVI	1983892192	546491
CBS7001#0	CBS7001#0#chrII	1984438684	1295917
CBS7001#0	CBS7001#0#chrXV	1985734602	779513
CBS7001#0	CBS7001#0#chrXII	1986514116	1117227
CBS7001#0	CBS7001#0#chrXVI	1987631344	896303
CBS7001#0	CBS7001#0#chrV	1988527648	585556
CBS7001#0	CBS7001#0#chrVII	1989113205	1053971
CBS7001#0	CBS7001#0#chrIII	1990167177	322235
CBS7001#0	CBS7001#0#chrIX	1990489413	433154
CBS7001#0	CBS7001#0#chrX	1990922568	482075
CBS7001#0	CBS7001#0#chrXI	1991404644	645833
CBS7001#0	CBS7001#0#chrXIV	1992050478	784800
CBS7001#0	CBS7001#0#chrXIII	1992835279	964972
CBS7001#0	CBS7001#0#chrVIII	1993800252	836618
CBS7001#0	CBS7001#0#chrIV	1994636871	1007051
CCC_1a#0	CCC_1a#0#chrI	1995643923	237219
CCC_1a#0	CCC_1a#0#chrIV	1995881143	1474474
CCC_1a#0	CCC_1a#0#chrV	1997355618	549803
CCC_1a#0	CCC_1a#0#chrVI	1997905422	289764
CCC_1a#0	CCC_1a#0#chrII	1998195187	825672
CCC_1a#0	CCC_1a#0#chrIX	1999020860	429604
CCC_1a#0	CCC_1a#0#chrIII	1999450465	306251
CCC_1a#0	CCC_1a#0#chrXI	1999756717	673757
CCC_1a#0	CCC_1a#0#chrVII	2000430475	1072410
CCC_1a#0	CCC_1a#0#chrX	2001502886	726628
CCC_1a#0	CCC_1a#0#chrXIV	2002229515	771647
CCC_1a#0	CCC_1a#0#chrVIII	2003001163	528610
CCC_1a#0	CCC_1a#0#chrXII	2003529774	1092775
CCC_1a#0	CCC_1a#0#chrXVI	2004622550	915195
CCC_1a#0	CCC_1a#0#chrXIII	2005537746	915552
CCC_1a#0	CCC_1a#0#chrXV	2006453299	1053092
CCC_1a#0	CCC_1a#0#chrMT	2007506392	75328
CCN#0	CCN#0#chrI	2007581721	226651
CCN#0	CCN#0#chrIX	2007808373	431602
CCN#0	CCN#0#chrIII	2008239976	310821
CCN#0	CCN#0#chrV	2008550798	556125
CCN#0	CCN#0#chrVI	2009106924	282947
CCN#0	CCN#0#chrVIII	2009389872	532861
CCN#0	CCN#0#chrXI	2009922734	671196
CCN#0	CCN#0#chrVII	2010593931	1077666
CCN#0	CCN#0#chrXIV	2011671598	762312
CCN#0	CCN#0#chrXVI	2012433911	914730
CCN#0	CCN#0#chrIV	2013348642	1470592
CCN#0	CCN#0#chrXII	2014819235	1129157
CCN#0	CCN#0#chrXIII	2015948393	925038
CCN#0	CCN#0#chrX	2016873432	721009
CCN#0	CCN#0#chrII	2017594442	799563
CCN#0	CCN#0#chrXV	2018394006	1073464
CCN#0	CCN#0#chrMT	2019467471	78320
CCQ_1a#0	CCQ_1a#0#chrI	2019545792	232071
CCQ_1a#0	CCQ_1a#0#chrIII	2019777864	318913
CCQ_1a#0	CCQ_1a#0#chrV	2020096778	564953
CCQ_1a#0	CCQ_1a#0#chrIX_chrXI	2020661732	412428
CCQ_1a#0	CCQ_1a#0#chrVI	2021074161	283106
CCQ_1a#0	CCQ_1a#0#chrVII	2021357268	1083094
CCQ_1a#0	CCQ_1a#0#chrXI_chrIX	2022440363	713585
CCQ_1a#0	CCQ_1a#0#chrVIII	2023153949	536699
CCQ_1a#0	CCQ_1a#0#chrII	2023690649	796761
CCQ_1a#0	CCQ_1a#0#chrXII	2024487411	1126323
CCQ_1a#0	CCQ_1a#0#chrXIII	2025613735	919061
CCQ_1a#0	CCQ_1a#0#chrXVI	2026532797	925072
CCQ_1a#0	CCQ_1a#0#chrIV	2027457870	1475023
CCQ_1a#0	CCQ_1a#0#chrXV	2028932894	1068469
CCQ_1a#0	CCQ_1a#0#chrX	2030001364	731477
CCQ_1a#0	CCQ_1a#0#chrXIV	2030732842	769127
CCQ_1a#0	CCQ_1a#0#chrMT	2031501970	76026
CCT_1a#0	CCT_1a#0#chrI	2031577997	218937
CCT_1a#0	CCT_1a#0#chrIII	2031796935	318706
CCT_1a#0	CCT_1a#0#chrIX	2032115642	462901
CCT_1a#0	CCT_1a#0#chrVI	2032578544	300984
CCT_1a#0	CCT_1a#0#chrII	2032879529	827332
CCT_1a#0	CCT_1a#0#chrV	2033706862	568540
CCT_1a#0	CCT_1a#0#chrVII	2034275403	1096121
CCT_1a#0	CCT_1a#0#chrXI	2035371525	702725
CCT_1a#0	CCT_1a#0#chrIV	2036074251	1537455
CCT_1a#0	CCT_1a#0#chrVIII	2037611707	602851
CCT_1a#0	CCT_1a#0#chrX	2038214559	772910
CCT_1a#0	CCT_1a#0#chrXVI	2038987470	943439
CCT_1a#0	CCT_1a#0#chrXIII	2039930910	947894
CCT_1a#0	CCT_1a#0#chrXII	2040878805	1176596
CCT_1a#0	CCT_1a#0#chrXV	2042055402	1089959
CCT_1a#0	CCT_1a#0#chrXIV	2043145362	789731
CCT_1a#0	CCT_1a#0#chrMT	2043935094	85865
CDA#0	CDA#0#chrI	2044020960	223486
CDA#0	CDA#0#chrIII	2044244447	306087
CDA#0	CDA#0#chrII	2044550535	799472
CDA#0	CDA#0#chrIX	2045350008	448200
CDA#0	CDA#0#chrVI	2045798209	294209
CDA#0	CDA#0#chrV	2046092419	583638
CDA#0	CDA#0#chrVIII	2046676058	550272
CDA#0	CDA#0#chrXI	2047226331	684271
CDA#0	CDA#0#chrVII	2047910603	1075105
CDA#0	CDA#0#chrIV	2048985709	1495558
CDA#0	CDA#0#chrXIV	2050481268	802568
CDA#0	CDA#0#chrXVI	2051283837	940160
CDA#0	CDA#0#chrX	2052223998	753519
CDA#0	CDA#0#chrXII	2052977518	1151784
CDA#0	CDA#0#chrXV	2054129303	1066853
CDA#0	CDA#0#chrXIII	2055196157	927493
CDA#0	CDA#0#chrMT	2056123651	87053
CDG_1a#0	CDG_1a#0#chrMT	2056210705	82739
CDG_1a#0	CDG_1a#0#chrIII	2056293445	326207
CDG_1a#0	CDG_1a#0#chrVI	2056619653	309364
CDG_1a#0	CDG_1a#0#chrV	2056929018	596505
CDG_1a#0	CDG_1a#0#chrVIII	2057525524	550401
CDG_1a#0	CDG_1a#0#chrIX	2058075926	460243
CDG_1a#0	CDG_1a#0#chrIV	2058536170	1485804
CDG_1a#0	CDG_1a#0#chrVII	2060021975	1111047
CDG_1a#0	CDG_1a#0#chrII	2061133023	813629
CDG_1a#0	CDG_1a#0#chrX	2061946653	750559
CDG_1a#0	CDG_1a#0#chrXIII	2062697213	944970
CDG_1a#0	CDG_1a#0#chrXI	2063642184	674000
CDG_1a#0	CDG_1a#0#chrXIV	2064316185	786581
CDG_1a#0	CDG_1a#0#chrXVI	2065102767	942099
CDG_1a#0	CDG_1a#0#chrXV	2066044867	1086011
CDG_1a#0	CDG_1a#0#chrXII	2067130879	1125219
CDG_1a#0	CDG_1a#0#chrI	2068256099	231179
CDN_1a#0	CDN_1a#0#chrI	2068487279	214414
CDN_1a#0	CDN_1a#0#chrMT	2068701694	93201
CDN_1a#0	CDN_1a#0#chrII	2068794896	829589
CDN_1a#0	CDN_1a#0#chrVII	2069624486	1091911
CDN_1a#0	CDN_1a#0#chrXI	2070716398	688765
CDN_1a#0	CDN_1a#0#chrX	2071405164	722270
CDN_1a#0	CDN_1a#0#chrIV	2072127435	1474749
CDN_1a#0	CDN_1a#0#chrV	2073602185	572870
CDN_1a#0	CDN_1a#0#chrXIV	2074175056	780291
CDN_1a#0	CDN_1a#0#chrXV	2074955348	1063827
CDN_1a#0	CDN_1a#0#chrVIII	2076019176	535470
CDN_1a#0	CDN_1a#0#chrXVI	2076554647	925816
CDN_1a#0	CDN_1a#0#chrXII	2077480464	1021142
CDN_1a#0	CDN_1a#0#chrXIII	2078501607	916022
CDN_1a#0	CDN_1a#0#chrVI	2079417630	288631
CDN_1a#0	CDN_1a#0#chrIII	2079706262	310034
CDN_1a#0	CDN_1a#0#chrIX	2080016297	429326
CEI_1a#0	CEI_1a#0#chrIX	2080445624	451964
CEI_1a#0	CEI_1a#0#chrII	2080897589	799877
CEI_1a#0	CEI_1a#0#chrV	2081697467	579109
CEI_1a#0	CEI_1a#0#chrXII_chrXI	2082276577	1123257
CEI_1a#0	CEI_1a#0#chrIV	2083399835	1499534
CEI_1a#0	CEI_1a#0#chrVIII	2084899370	548955
CEI_1a#0	CEI_1a#0#chrXIII	2085448326	956834
CEI_1a#0	CEI_1a#0#chrXV	2086405161	1071665
CEI_1a#0	CEI_1a#0#chrX	2087476827	744095
CEI_1a#0	CEI_1a#0#chrXIV	2088220923	779371
CEI_1a#0	CEI_1a#0#chrVII	2089000295	1101458
CEI_1a#0	CEI_1a#0#chrXVI	2090101754	925085
CEI_1a#0	CEI_1a#0#chrXI	2091026840	602322
CEI_1a#0	CEI_1a#0#chrIII	2091629163	321391
CEI_1a#0	CEI_1a#0#chrI	2091950555	204592
CEI_1a#0	CEI_1a#0#chrVI	2092155148	287207
CEI_1a#0	CEI_1a#0#chrMT	2092442356	86883
CEL_1a#0	CEL_1a#0#chrI	2092529240	214137
CEL_1a#0	CEL_1a#0#chrVI	2092743378	285921
CEL_1a#0	CEL_1a#0#chrV	2093029300	634684
CEL_1a#0	CEL_1a#0#chrVII	2093663985	1077906
CEL_1a#0	CEL_1a#0#chrVIII	2094741892	530663
CEL_1a#0	CEL_1a#0#chrX	2095272556	737755
CEL_1a#0	CEL_1a#0#chrXI	2096010312	667100
CEL_1a#0	CEL_1a#0#chrXII	2096677413	1016001
CEL_1a#0	CEL_1a#0#chrII	2097693415	805715
CEL_1a#0	CEL_1a#0#chrIV	2098499131	1480519
CEL_1a#0	CEL_1a#0#chrXVI	2099979651	906216
CEL_1a#0	CEL_1a#0#chrIII	2100885868	338429
CEL_1a#0	CEL_1a#0#chrXV	2101224298	1061055
CEL_1a#0	CEL_1a#0#chrXIII	2102285354	916473
CEL_1a#0	CEL_1a#0#chrXIV	2103201828	787419
CEL_1a#0	CEL_1a#0#chrIX	2103989248	431476
CEL_1a#0	CEL_1a#0#chrMT	2104420725	77314
CENPK1137D#0	CENPK1137D#0#chrIII	2104498040	352265
CENPK1137D#0	CENPK1137D#0#chrIX	2104850306	449806
CENPK1137D#0	CENPK1137D#0#chrII	2105300113	813677
CENPK1137D#0	CENPK1137D#0#chrVIII	2106113791	576084
CENPK1137D#0	CENPK1137D#0#chrI	2106689876	220546
CENPK1137D#0	CENPK1137D#0#chrX	2106910423	766242
CENPK1137D#0	CENPK1137D#0#chrV	2107676666	577664
CENPK1137D#0	CENPK1137D#0#chrVII	2108254331	1132299
CENPK1137D#0	CENPK1137D#0#chrXVI	2109386631	963682
CENPK1137D#0	CENPK1137D#0#chrIV	2110350314	1506516
CENPK1137D#0	CENPK1137D#0#chrXII	2111856831	1092391
CENPK1137D#0	CENPK1137D#0#chrXI	2112949223	674976
CENPK1137D#0	CENPK1137D#0#chrXIII	2113624200	913417
CENPK1137D#0	CENPK1137D#0#chrVI	2114537618	274493
CENPK1137D#0	CENPK1137D#0#chrXV	2114812112	1096091
CENPK1137D#0	CENPK1137D#0#chrXIV	2115908204	777859
CENPK1137D#0	CENPK1137D#0#chrMT	2116686064	86481
CEQ_1a#0	CEQ_1a#0#chrV	2116772546	576473
CEQ_1a#0	CEQ_1a#0#chrIX	2117349020	442218
CEQ_1a#0	CEQ_1a#0#chrVIII	2117791239	536141
CEQ_1a#0	CEQ_1a#0#chrIII	2118327381	306264
CEQ_1a#0	CEQ_1a#0#chrVI	2118633646	253656
CEQ_1a#0	CEQ_1a#0#chrII_chrX	2118887303	667488
CEQ_1a#0	CEQ_1a#0#chrXI	2119554792	666693
CEQ_1a#0	CEQ_1a#0#chrXIV	2120221486	788643
CEQ_1a#0	CEQ_1a#0#chrX_chrII	2121010130	882803
CEQ_1a#0	CEQ_1a#0#chrXII	2121892934	1112385
CEQ_1a#0	CEQ_1a#0#chrXVI	2123005320	927291
CEQ_1a#0	CEQ_1a#0#chrXV	2123932612	1114945
CEQ_1a#0	CEQ_1a#0#chrIV	2125047558	1477597
CEQ_1a#0	CEQ_1a#0#chrVII	2126525156	1090507
CEQ_1a#0	CEQ_1a#0#chrXIII	2127615664	934099
CEQ_1a#0	CEQ_1a#0#chrI	2128549764	205459
CEQ_1a#0	CEQ_1a#0#chrMT	2128755224	82890
CFA#0	CFA#0#chrIII	2128838115	311478
CFA#0	CFA#0#chrII	2129149594	800170
CFA#0	CFA#0#chrIX	2129949765	443532
CFA#0	CFA#0#chrXIII	2130393298	930280
CFA#0	CFA#0#chrXVI	2131323579	916282
CFA#0	CFA#0#chrIV	2132239862	1479081
CFA#0	CFA#0#chrVIII	2133718944	535062
CFA#0	CFA#0#chrX	2134254007	715204
CFA#0	CFA#0#chrVII	2134969212	1066566
CFA#0	CFA#0#chrXI	2136035779	690755
CFA#0	CFA#0#chrXIV	2136726535	764883
CFA#0	CFA#0#chrXV	2137491419	1069047
CFA#0	CFA#0#chrXII	2138560467	1051306
CFA#0	CFA#0#chrV	2139611774	571633
CFA#0	CFA#0#chrVI	2140183408	277000
CFA#0	CFA#0#chrMT	2140460409	84105
CFA#0	CFA#0#chrI	2140544515	205285
CFC#0	CFC#0#chrI	2140749801	191302
CFC#0	CFC#0#chrIII	2140941104	309644
CFC#0	CFC#0#chrIX	2141250749	433027
CFC#0	CFC#0#chrV	2141683777	490384
CFC#0	CFC#0#chrVIII	2142174162	530235
CFC#0	CFC#0#chrVI	2142704398	260426
CFC#0	CFC#0#chrIV	2142964825	1479649
CFC#0	CFC#0#chrXIV	2144444475	795578
CFC#0	CFC#0#chrXI	2145240054	684569
CFC#0	CFC#0#chrX	2145924624	747301
CFC#0	CFC#0#chrVII	2146671926	1082044
CFC#0	CFC#0#chrXII	2147753971	1024395
CFC#0	CFC#0#chrXVI_chrV	2148778367	1066072
CFC#0	CFC#0#chrII	2149844440	801940
CFC#0	CFC#0#chrXV	2150646381	1038809
CFC#0	CFC#0#chrXIII	2151685191	920572
CFC#0	CFC#0#chrMT	2152605764	83658
CFC#3	CFC#3#block103_contig1	2152689423	37281
CFC#3	CFC#3#block104_contig2	2152726705	47137
CFC#3	CFC#3#block105_contig1	2152773843	54570
CFC#3	CFC#3#block107_contig1	2152828414	54172
CFC#3	CFC#3#block108_contig3	2152882587	77959
CFC#3	CFC#3#block104_contig1	2152960547	101238
CFC#3	CFC#3#block110_contig1	2153061786	69202
CFC#3	CFC#3#block121_contig1	2153130989	75351
CFC#3	CFC#3#block115_contig1	2153206341	44131
CFC#3	CFC#3#block106_contig1	2153250473	120655
CFC#3	CFC#3#block119_contig1	2153371129	93615
CFC#3	CFC#3#block116_contig2	2153464745	171333
CFC#3	CFC#3#block115_contig3	2153636079	97758
CFC#3	CFC#3#block129_contig2	2153733838	57270
CFC#3	CFC#3#block127_contig2	2153791109	45175
CFC#3	CFC#3#block129_contig1	2153836285	133149
CFC#3	CFC#3#block130_contig4	2153969435	56724
CFC#3	CFC#3#block130_contig1	2154026160	125099
CFC#3	CFC#3#block142_contig2	2154151260	41907
CFC#3	CFC#3#block130_contig3	2154193168	118834
CFC#3	CFC#3#block144_contig1	2154312003	130335
CFC#3	CFC#3#block144_contig4	2154442339	55648
CFC#3	CFC#3#block149_contig1	2154497988	63767
CFC#3	CFC#3#block138_contig1	2154561756	184306
CFC#3	CFC#3#block146_contig1	2154746063	277288
CFC#3	CFC#3#block157_contig4	2155023352	43775
CFC#3	CFC#3#block152_contig1	2155067128	126074
CFC#3	CFC#3#block155_contig1	2155193203	62923
CFC#3	CFC#3#block15_contig1	2155256127	47937
CFC#3	CFC#3#block160_contig2	2155304065	80314
CFC#3	CFC#3#block153_contig1	2155384380	256105
CFC#3	CFC#3#block157_contig2	2155640486	265424
CFC#3	CFC#3#block158_contig1	2155905911	245598
CFC#3	CFC#3#block134_contig1	2156151510	186716
CFC#3	CFC#3#block171_contig1	2156338227	107350
CFC#3	CFC#3#block169_contig1	2156445578	48326
CFC#3	CFC#3#block173_contig4	2156493905	42041
CFC#3	CFC#3#block173_contig1	2156535947	65501
CFC#3	CFC#3#block130_contig2	2156601449	217513
CFC#3	CFC#3#block173_contig3	2156818963	90046
CFC#3	CFC#3#block159_contig1	2156909010	524589
CFC#3	CFC#3#block174_contig3	2157433600	35121
CFC#3	CFC#3#block173_contig5	2157468722	114457
CFC#3	CFC#3#block176_contig1	2157583180	33092
CFC#3	CFC#3#block137_contig1	2157616273	104533
CFC#3	CFC#3#block175_contig1	2157720807	249513
CFC#3	CFC#3#block125_contig1	2157970321	176293
CFC#3	CFC#3#block170_contig1	2158146615	69164
CFC#3	CFC#3#block182_contig1	2158215780	110001
CFC#3	CFC#3#block184_contig1	2158325782	159793
CFC#3	CFC#3#block189_contig1	2158485576	44076
CFC#3	CFC#3#block1_contig1	2158529653	49018
CFC#3	CFC#3#block23_contig1	2158578672	19709
CFC#3	CFC#3#block33_contig1	2158598382	62186
CFC#3	CFC#3#block19_contig1	2158660569	69418
CFC#3	CFC#3#block31_contig1	2158729988	108410
CFC#3	CFC#3#block175_contig2	2158838399	126187
CFC#3	CFC#3#block41_contig1	2158964587	32659
CFC#3	CFC#3#block28_contig1	2158997247	31736
CFC#3	CFC#3#block44_contig1	2159028984	42020
CFC#3	CFC#3#block4_contig1	2159071005	45797
CFC#3	CFC#3#block43_contig1	2159116803	47953
CFC#3	CFC#3#block65_contig1	2159164757	74655
CFC#3	CFC#3#block61_contig1	2159239413	39384
CFC#3	CFC#3#block12_contig1	2159278798	36546
CFC#3	CFC#3#block185_contig3	2159315345	70551
CFC#3	CFC#3#block35_contig3	2159385897	62762
CFC#3	CFC#3#block150_contig1	2159448660	87515
CFC#3	CFC#3#block46_contig2	2159536176	42703
CFC#3	CFC#3#block72_contig2	2159578880	14470
CFC#3	CFC#3#block77_contig2	2159593351	58689
CFC#3	CFC#3#block103_contig2	2159652041	127976
CFC#3	CFC#3#block124_contig1	2159780018	118995
CFC#3	CFC#3#block57_contig1	2159899014	112898
CFC#3	CFC#3#block93_contig1	2160011913	42191
CFC#3	CFC#3#block8_contig1	2160054105	25348
CFC#3	CFC#3#block99_contig2	2160079454	59819
CFC#3	CFC#3#block86_contig1	2160139274	75214
CFC#3	CFC#3#block160_contig1	2160214489	283410
CFC#3	CFC#3#block67_contig1	2160497900	39370
CFC#3	CFC#3#block79_contig1	2160537271	59481
CFC#3	CFC#3#block185_contig6	2160596753	85207
CFC#3	CFC#3#block174_contig1	2160681961	430497
CFC#3	CFC#3#block78_contig1	2161112459	66112
CFC#3	CFC#3#block89_contig1	2161178572	49826
CFC#3	CFC#3#block98_contig1	2161228399	42347
CFC#3	CFC#3#block163_contig1	2161270747	215981
CFC#3	CFC#3#block157_contig3	2161486729	43659
CFC#3	CFC#3#block125_contig2	2161530389	77204
CFC#3	CFC#3#block154_contig1	2161607594	163313
CFC#3	CFC#3#block59_contig1	2161770908	138329
CFC#3	CFC#3#block152_contig2	2161909238	234842
CFC#3	CFC#3#block68_contig1	2162144081	75631
CFC#3	CFC#3#block10_contig1	2162219713	78985
CFC#3	CFC#3#block137_contig2	2162298699	89753
CFC#3	CFC#3#block13_contig1	2162388453	29687
CFC#3	CFC#3#block94_contig1	2162418141	118343
CFC#3	CFC#3#block69_contig1	2162536485	64413
CFC#3	CFC#3#block76_contig1	2162600899	57994
CFC#3	CFC#3#block142_contig1	2162658894	101800
CFC#3	CFC#3#block148_contig1	2162760695	79635
CFC#3	CFC#3#block163_contig2	2162840331	81105
CFC#3	CFC#3#block16_contig1	2162921437	28517
CFC#3	CFC#3#block180_contig1	2162949955	135477
CFC#3	CFC#3#block43_contig2	2163085433	46702
CFC#3	CFC#3#block40_contig1	2163132136	70933
CFC#3	CFC#3#block185_contig4	2163203070	112828
CFC#3	CFC#3#block166_contig1	2163315899	223121
CFC#3	CFC#3#block92_contig1	2163539021	137616
CFC#3	CFC#3#block136_contig1	2163676638	81687
CFC#3	CFC#3#block3_contig1	2163758326	42162
CFC#3	CFC#3#block168_contig1	2163800489	107467
CFC#3	CFC#3#block114_contig1	2163907957	134156
CFC#3	CFC#3#block42_contig2	2164042114	73232
CFC#3	CFC#3#block143_contig1	2164115347	270480
CFC#3	CFC#3#block156_contig2	2164385828	24577
CFC#3	CFC#3#block186_contig1	2164410406	78319
CFC#3	CFC#3#block77_contig1	2164488726	85032
CFC#3	CFC#3#block108_contig1	2164573759	37569
CFC#3	CFC#3#block123_contig1	2164611329	85218
CFC#3	CFC#3#block132_contig1	2164696548	73640
CFC#3	CFC#3#block165_contig1	2164770189	186223
CFC#3	CFC#3#block47_contig1	2164956413	33607
CFC#3	CFC#3#block50_contig1	2164990021	90849
CFC#3	CFC#3#block48_contig1	2165080871	77343
CFC#3	CFC#3#block88_contig1	2165158215	144439
CFC#3	CFC#3#block135_contig1	2165302655	128482
CFC#3	CFC#3#block81_contig1	2165431138	65304
CFC#3	CFC#3#block38_contig1	2165496443	101705
CFC#3	CFC#3#block141_contig1	2165598149	67974
CFC#3	CFC#3#block185_contig5	2165666124	94476
CFC#3	CFC#3#block20_contig1	2165760601	55958
CFC#3	CFC#3#block97_contig1	2165816560	39962
CFC#3	CFC#3#block167_contig2	2165856523	98471
CFC#3	CFC#3#block64_contig1	2165954995	37377
CFC#3	CFC#3#block137_contig4	2165992373	54031
CFC#3	CFC#3#block46_contig1	2166046405	30487
CFC#3	CFC#3#block117_contig1	2166076893	73322
CFC#3	CFC#3#block21_contig1	2166150216	76351
CFC#3	CFC#3#block91_contig1	2166226568	82457
CFC#3	CFC#3#block181_contig1	2166309026	73902
CFC#3	CFC#3#block116_contig1	2166382929	59925
CFC#3	CFC#3#block165_contig2	2166442855	72296
CFC#3	CFC#3#block43_contig3	2166515152	39402
CFC#3	CFC#3#block108_contig2	2166554555	47868
CFC#3	CFC#3#block123_contig2	2166602424	36221
CFC#3	CFC#3#block144_contig3	2166638646	86931
CFC#3	CFC#3#block153_contig2	2166725578	97255
CFC#3	CFC#3#block177_contig1	2166822834	87280
CFC#3	CFC#3#block27_contig1	2166910115	67124
CFC#3	CFC#3#block75_contig1	2166977240	70462
CFC#3	CFC#3#block128_contig1	2167047703	277500
CFC#3	CFC#3#block63_contig1	2167325204	88837
CFC#3	CFC#3#block140_contig1	2167414042	58666
CFC#3	CFC#3#block99_contig1	2167472709	76933
CFC#3	CFC#3#block165_contig4	2167549643	64793
CFC#3	CFC#3#block18_contig1	2167614437	49007
CFC#3	CFC#3#block183_contig2	2167663445	64873
CFC#3	CFC#3#block72_contig1	2167728319	49645
CFC#3	CFC#3#block11_contig1	2167777965	48481
CFC#3	CFC#3#block126_contig1	2167826447	151135
CFC#3	CFC#3#block127_contig3	2167977583	84876
CFC#3	CFC#3#block185_contig2	2168062460	60409
CFC#3	CFC#3#block62_contig1	2168122870	77403
CFC#3	CFC#3#block144_contig2	2168200274	99101
CFC#3	CFC#3#block52_contig1	2168299376	34808
CFC#3	CFC#3#block9_contig1	2168334185	35913
CFC#3	CFC#3#block77_contig3	2168370099	54768
CFC#3	CFC#3#block113_contig1	2168424868	39934
CFC#3	CFC#3#block101_contig1	2168464803	64883
CFC#3	CFC#3#block49_contig1	2168529687	94716
CFC#3	CFC#3#block55_contig2	2168624404	27555
CFC#3	CFC#3#block162_contig1	2168651960	81012
CFC#3	CFC#3#block139_contig1	2168732973	59953
CFC#3	CFC#3#block167_contig1	2168792927	57708
CFC#3	CFC#3#block85_contig1	2168850636	118561
CFC#3	CFC#3#block29_contig2	2168969198	29090
CFC#3	CFC#3#block73_contig1	2168998289	111203
CFC#3	CFC#3#block32_contig1	2169109493	63030
CFC#3	CFC#3#block2_contig1	2169172524	128927
CFC#3	CFC#3#block156_contig1	2169301452	46336
CFC#3	CFC#3#block95_contig1	2169347789	43345
CFC#3	CFC#3#block83_contig1	2169391135	37581
CFC#3	CFC#3#block22_contig1	2169428717	81291
CFC#3	CFC#3#block68_contig2	2169510009	57920
CFC#3	CFC#3#block145_contig1	2169567930	41928
CFC#3	CFC#3#block120_contig1	2169609859	52302
CFC#3	CFC#3#block124_contig2	2169662162	63198
CFC#3	CFC#3#block153_contig3	2169725361	72361
CFC#3	CFC#3#block188_contig1	2169797723	49148
CFC#3	CFC#3#block60_contig1	2169846872	59734
CFC#3	CFC#3#block17_contig1	2169906607	54418
CFC#3	CFC#3#block34_contig1	2169961026	44785
CFC#3	CFC#3#block151_contig1	2170005812	73895
CFC#3	CFC#3#block127_contig1	2170079708	123901
CFC#3	CFC#3#block116_contig3	2170203610	119064
CFC#3	CFC#3#block167_contig3	2170322675	75467
CFC#3	CFC#3#block55_contig1	2170398143	28761
CFC#3	CFC#3#block71_contig1	2170426905	72010
CFC#3	CFC#3#block86_contig2	2170498916	41843
CFC#3	CFC#3#block184_contig2	2170540760	47847
CFC#3	CFC#3#block48_contig2	2170588608	88636
CFC#3	CFC#3#block25_contig1	2170677245	58395
CFC#3	CFC#3#block96_contig1	2170735641	72796
CFC#3	CFC#3#block161_contig1	2170808438	122013
CFC#3	CFC#3#block51_contig1	2170930452	115799
CFC#3	CFC#3#block164_contig1	2171046252	76823
CFC#3	CFC#3#block170_contig2	2171123076	36681
CFC#3	CFC#3#block187_contig1	2171159758	14915
CFC#3	CFC#3#block171_contig2	2171174674	32136
CFC#3	CFC#3#block152_contig4	2171206811	65419
CFC#3	CFC#3#block56_contig1	2171272231	25438
CFC#3	CFC#3#block109_contig1	2171297670	38490
CFC#3	CFC#3#block185_contig1	2171336161	66675
CFC#3	CFC#3#block42_contig1	2171402837	183598
CFC#3	CFC#3#block90_contig1	2171586436	23962
CFC#3	CFC#3#block29_contig1	2171610399	44033
CFC#3	CFC#3#block6_contig1	2171654433	63291
CFC#3	CFC#3#block175_contig3	2171717725	42355
CFC#3	CFC#3#block178_contig2	2171760081	29676
CFC#3	CFC#3#block183_contig1	2171789758	28044
CFC#3	CFC#3#block172_contig2	2171817803	36701
CFC#3	CFC#3#block58_contig1	2171854505	28340
CFC#3	CFC#3#block74_contig1	2171882846	58228
CFC#3	CFC#3#block102_contig1	2171941075	66204
CFC#3	CFC#3#block165_contig3	2172007280	37035
CFC#3	CFC#3#block84_contig1	2172044316	49534
CFC#3	CFC#3#block96_contig2	2172093851	33522
CFC#3	CFC#3#block66_contig1	2172127374	41179
CFC#3	CFC#3#block53_contig1	2172168554	57773
CFC#3	CFC#3#block87_contig1	2172226328	45145
CFC#3	CFC#3#block40_contig2	2172271474	51099
CFC#3	CFC#3#block172_contig1	2172322574	102600
CFC#3	CFC#3#block31_contig2	2172425175	86710
CFC#3	CFC#3#block100_contig1	2172511886	22889
CFC#3	CFC#3#block54_contig1	2172534776	49394
CFC#3	CFC#3#block5_contig1	2172584171	34586
CFC#3	CFC#3#block112_contig1	2172618758	38513
CFC#3	CFC#3#block178_contig1	2172657272	47485
CFC#3	CFC#3#block115_contig2	2172704758	52727
CFC#3	CFC#3#block14_contig1	2172757486	90624
CFC#3	CFC#3#block147_contig1	2172848111	24135
CFC#3	CFC#3#block128_contig2	2172872247	24274
CFC#3	CFC#3#block118_contig1	2172896522	67953
CFC#3	CFC#3#block122_contig1	2172964476	32559
CFC#3	CFC#3#block185_contig7	2172997036	31211
CFC#3	CFC#3#block174_contig2	2173028248	46521
CFC#3	CFC#3#block35_contig1	2173074770	48342
CFC#3	CFC#3#block82_contig1	2173123113	18750
CFC#3	CFC#3#block152_contig3	2173141864	55341
CFC#3	CFC#3#block26_contig1	2173197206	47945
CFC#3	CFC#3#block157_contig1	2173245152	97283
CFC#3	CFC#3#block49_contig2	2173342436	46200
CFC#3	CFC#3#block37_contig1	2173388637	71001
CFC#3	CFC#3#block158_contig2	2173459639	26776
CFC#3	CFC#3#block85_contig2	2173486416	54931
CFC#3	CFC#3#block80_contig1	2173541348	23783
CFC#3	CFC#3#block7_contig1	2173565132	1833
CFC#3	CFC#3#block36_contig1	2173566966	42513
CFC#3	CFC#3#block173_contig2	2173609480	36385
CFC#3	CFC#3#block131_contig1	2173645866	49163
CFC#3	CFC#3#block35_contig2	2173695030	23898
CFC#3	CFC#3#block70_contig1	2173718929	17229
CFC#3	CFC#3#block162_contig2	2173736159	33485
CFC#3	CFC#3#block45_contig1	2173769645	31434
CFC#3	CFC#3#block30_contig1	2173801080	30331
CFC#3	CFC#3#block39_contig1	2173831412	12446
CFC#3	CFC#3#block137_contig3	2173843859	51582
CFC#3	CFC#3#block111_contig1	2173895442	6519
CFC#3	CFC#3#block133_contig1	2173901962	16656
CFC#3	CFC#3#block13_contig2	2173918619	28093
CFC#3	CFC#3#block24_contig1	2173946713	17885
CFC#3	CFC#3#block163_contig3	2173964599	32191
CFC#3	CFC#3#block179_contig1	2173996791	24828
CFC#4	CFC#4#block104_contig1	2174021620	101238
CFC#4	CFC#4#block125_contig2	2174122859	77204
CFC#4	CFC#4#block138_contig1	2174200064	184306
CFC#4	CFC#4#block10_contig1	2174384371	78985
CFC#4	CFC#4#block149_contig1	2174463357	63767
CFC#4	CFC#4#block157_contig3	2174527125	43659
CFC#4	CFC#4#block142_contig1	2174570785	101800
CFC#4	CFC#4#block148_contig1	2174672586	79635
CFC#4	CFC#4#block157_contig2	2174752222	265424
CFC#4	CFC#4#block16_contig1	2175017647	28517
CFC#4	CFC#4#block119_contig1	2175046165	93615
CFC#4	CFC#4#block153_contig1	2175139781	256105
CFC#4	CFC#4#block174_contig1	2175395887	430497
CFC#4	CFC#4#block185_contig6	2175826385	85207
CFC#4	CFC#4#block160_contig1	2175911593	283410
CFC#4	CFC#4#block159_contig1	2176195004	524589
CFC#4	CFC#4#block185_contig4	2176719594	112828
CFC#4	CFC#4#block166_contig1	2176832423	223121
CFC#4	CFC#4#block103_contig2	2177055545	127976
CFC#4	CFC#4#block77_contig2	2177183522	58689
CFC#4	CFC#4#block65_contig1	2177242212	74655
CFC#4	CFC#4#block125_contig1	2177316868	176293
CFC#4	CFC#4#block136_contig1	2177493162	81687
CFC#4	CFC#4#block3_contig1	2177574850	42162
CFC#4	CFC#4#block168_contig1	2177617013	107467
CFC#4	CFC#4#block114_contig1	2177724481	134156
CFC#4	CFC#4#block42_contig2	2177858638	73232
CFC#4	CFC#4#block86_contig1	2177931871	75214
CFC#4	CFC#4#block130_contig4	2178007086	56724
CFC#4	CFC#4#block173_contig4	2178063811	42041
CFC#4	CFC#4#block156_contig2	2178105853	24577
CFC#4	CFC#4#block143_contig1	2178130431	270480
CFC#4	CFC#4#block186_contig1	2178400912	78319
CFC#4	CFC#4#block77_contig1	2178479232	85032
CFC#4	CFC#4#block108_contig1	2178564265	37569
CFC#4	CFC#4#block160_contig2	2178601835	80314
CFC#4	CFC#4#block115_contig1	2178682150	44131
CFC#4	CFC#4#block123_contig1	2178726282	85218
CFC#4	CFC#4#block132_contig1	2178811501	73640
CFC#4	CFC#4#block106_contig1	2178885142	120655
CFC#4	CFC#4#block165_contig1	2179005798	186223
CFC#4	CFC#4#block47_contig1	2179192022	33607
CFC#4	CFC#4#block152_contig2	2179225630	234842
CFC#4	CFC#4#block48_contig1	2179460473	77343
CFC#4	CFC#4#block50_contig1	2179537817	90849
CFC#4	CFC#4#block88_contig1	2179628667	144439
CFC#4	CFC#4#block175_contig1	2179773107	249513
CFC#4	CFC#4#block135_contig1	2180022621	128482
CFC#4	CFC#4#block81_contig1	2180151104	65304
CFC#4	CFC#4#block92_contig1	2180216409	137616
CFC#4	CFC#4#block130_contig3	2180354026	118834
CFC#4	CFC#4#block129_contig1	2180472861	133149
CFC#4	CFC#4#block137_contig1	2180606011	104533
CFC#4	CFC#4#block38_contig1	2180710545	101705
CFC#4	CFC#4#block141_contig1	2180812251	67974
CFC#4	CFC#4#block185_contig5	2180880226	94476
CFC#4	CFC#4#block20_contig1	2180974703	55958
CFC#4	CFC#4#block152_contig1	2181030662	126074
CFC#4	CFC#4#block115_contig3	2181156737	97758
CFC#4	CFC#4#block97_contig1	2181254496	39962
CFC#4	CFC#4#block130_contig1	2181294459	125099
CFC#4	CFC#4#block108_contig3	2181419559	77959
CFC#4	CFC#4#block173_contig1	2181497519	65501
CFC#4	CFC#4#block167_contig2	2181563021	98471
CFC#4	CFC#4#block64_contig1	2181661493	37377
CFC#4	CFC#4#block137_contig4	2181698871	54031
CFC#4	CFC#4#block150_contig1	2181752903	87515
CFC#4	CFC#4#block46_contig1	2181840419	30487
CFC#4	CFC#4#block117_contig1	2181870907	73322
CFC#4	CFC#4#block158_contig1	2181944230	245598
CFC#4	CFC#4#block21_contig1	2182189829	76351
CFC#4	CFC#4#block116_contig2	2182266181	171333
CFC#4	CFC#4#block94_contig1	2182437515	118343
CFC#4	CFC#4#block91_contig1	2182555859	82457
CFC#4	CFC#4#block181_contig1	2182638317	73902
CFC#4	CFC#4#block69_contig1	2182712220	64413
CFC#4	CFC#4#block76_contig1	2182776634	57994
CFC#4	CFC#4#block116_contig1	2182834629	59925
CFC#4	CFC#4#block165_contig2	2182894555	72296
CFC#4	CFC#4#block43_contig3	2182966852	39402
CFC#4	CFC#4#block108_contig2	2183006255	47868
CFC#4	CFC#4#block123_contig2	2183054124	36221
CFC#4	CFC#4#block144_contig3	2183090346	86931
CFC#4	CFC#4#block175_contig2	2183177278	126187
CFC#4	CFC#4#block153_contig2	2183303466	97255
CFC#4	CFC#4#block12_contig1	2183400722	36546
CFC#4	CFC#4#block185_contig3	2183437269	70551
CFC#4	CFC#4#block35_contig3	2183507821	62762
CFC#4	CFC#4#block134_contig1	2183570584	186716
CFC#4	CFC#4#block57_contig1	2183757301	112898
CFC#4	CFC#4#block177_contig1	2183870200	87280
CFC#4	CFC#4#block19_contig1	2183957481	69418
CFC#4	CFC#4#block27_contig1	2184026900	67124
CFC#4	CFC#4#block75_contig1	2184094025	70462
CFC#4	CFC#4#block128_contig1	2184164488	277500
CFC#4	CFC#4#block63_contig1	2184441989	88837
CFC#4	CFC#4#block140_contig1	2184530827	58666
CFC#4	CFC#4#block99_contig1	2184589494	76933
CFC#4	CFC#4#block165_contig4	2184666428	64793
CFC#4	CFC#4#block18_contig1	2184731222	49007
CFC#4	CFC#4#block180_contig1	2184780230	135477
CFC#4	CFC#4#block183_contig2	2184915708	64873
CFC#4	CFC#4#block72_contig1	2184980582	49645
CFC#4	CFC#4#block130_contig2	2185030228	217513
CFC#4	CFC#4#block173_contig5	2185247742	114457
CFC#4	CFC#4#block11_contig1	2185362200	48481
CFC#4	CFC#4#block126_contig1	2185410682	151135
CFC#4	CFC#4#block127_contig3	2185561818	84876
CFC#4	CFC#4#block59_contig1	2185646695	138329
CFC#4	CFC#4#block146_contig1	2185785025	277288
CFC#4	CFC#4#block185_contig2	2186062314	60409
CFC#4	CFC#4#block62_contig1	2186122724	77403
CFC#4	CFC#4#block144_contig2	2186200128	99101
CFC#4	CFC#4#block52_contig1	2186299230	34808
CFC#4	CFC#4#block9_contig1	2186334039	35913
CFC#4	CFC#4#block77_contig3	2186369953	54768
CFC#4	CFC#4#block113_contig1	2186424722	39934
CFC#4	CFC#4#block101_contig1	2186464657	64883
CFC#4	CFC#4#block49_contig1	2186529541	94716
CFC#4	CFC#4#block55_contig2	2186624258	27555
CFC#4	CFC#4#block162_contig1	2186651814	81012
CFC#4	CFC#4#block139_contig1	2186732827	59953
CFC#4	CFC#4#block167_contig1	2186792781	57708
CFC#4	CFC#4#block85_contig1	2186850490	118561
CFC#4	CFC#4#block182_contig1	2186969052	110001
CFC#4	CFC#4#block163_contig2	2187079054	81105
CFC#4	CFC#4#block29_contig2	2187160160	29090
CFC#4	CFC#4#block73_contig1	2187189251	111203
CFC#4	CFC#4#block99_contig2	2187300455	59819
CFC#4	CFC#4#block105_contig1	2187360275	54570
CFC#4	CFC#4#block32_contig1	2187414846	63030
CFC#4	CFC#4#block154_contig1	2187477877	163313
CFC#4	CFC#4#block2_contig1	2187641191	128927
CFC#4	CFC#4#block156_contig1	2187770119	46336
CFC#4	CFC#4#block95_contig1	2187816456	43345
CFC#4	CFC#4#block83_contig1	2187859802	37581
CFC#4	CFC#4#block22_contig1	2187897384	81291
CFC#4	CFC#4#block68_contig2	2187978676	57920
CFC#4	CFC#4#block31_contig1	2188036597	108410
CFC#4	CFC#4#block121_contig1	2188145008	75351
CFC#4	CFC#4#block145_contig1	2188220360	41928
CFC#4	CFC#4#block120_contig1	2188262289	52302
CFC#4	CFC#4#block124_contig2	2188314592	63198
CFC#4	CFC#4#block163_contig1	2188377791	215981
CFC#4	CFC#4#block153_contig3	2188593773	72361
CFC#4	CFC#4#block188_contig1	2188666135	49148
CFC#4	CFC#4#block60_contig1	2188715284	59734
CFC#4	CFC#4#block124_contig1	2188775019	118995
CFC#4	CFC#4#block110_contig1	2188894015	69202
CFC#4	CFC#4#block144_contig1	2188963218	130335
CFC#4	CFC#4#block33_contig1	2189093554	62186
CFC#4	CFC#4#block17_contig1	2189155741	54418
CFC#4	CFC#4#block34_contig1	2189210160	44785
CFC#4	CFC#4#block151_contig1	2189254946	73895
CFC#4	CFC#4#block127_contig1	2189328842	123901
CFC#4	CFC#4#block116_contig3	2189452744	119064
CFC#4	CFC#4#block167_contig3	2189571809	75467
CFC#4	CFC#4#block127_contig2	2189647277	45175
CFC#4	CFC#4#block55_contig1	2189692453	28761
CFC#4	CFC#4#block71_contig1	2189721215	72010
CFC#4	CFC#4#block86_contig2	2189793226	41843
CFC#4	CFC#4#block129_contig2	2189835070	57270
CFC#4	CFC#4#block184_contig2	2189892341	47847
CFC#4	CFC#4#block48_contig2	2189940189	88636
CFC#4	CFC#4#block25_contig1	2190028826	58395
CFC#4	CFC#4#block96_contig1	2190087222	72796
CFC#4	CFC#4#block161_contig1	2190160019	122013
CFC#4	CFC#4#block51_contig1	2190282033	115799
CFC#4	CFC#4#block93_contig1	2190397833	42191
CFC#4	CFC#4#block170_contig2	2190440025	36681
CFC#4	CFC#4#block164_contig1	2190476707	76823
CFC#4	CFC#4#block187_contig1	2190553531	14915
CFC#4	CFC#4#block171_contig2	2190568447	32136
CFC#4	CFC#4#block171_contig1	2190600584	107350
CFC#4	CFC#4#block152_contig4	2190707935	65419
CFC#4	CFC#4#block41_contig1	2190773355	32659
CFC#4	CFC#4#block98_contig1	2190806015	42347
CFC#4	CFC#4#block28_contig1	2190848363	31736
CFC#4	CFC#4#block56_contig1	2190880100	25438
CFC#4	CFC#4#block109_contig1	2190905539	38490
CFC#4	CFC#4#block185_contig1	2190944030	66675
CFC#4	CFC#4#block42_contig1	2191010706	183598
CFC#4	CFC#4#block137_contig2	2191194305	89753
CFC#4	CFC#4#block90_contig1	2191284059	23962
CFC#4	CFC#4#block176_contig1	2191308022	33092
CFC#4	CFC#4#block29_contig1	2191341115	44033
CFC#4	CFC#4#block144_contig4	2191385149	55648
CFC#4	CFC#4#block6_contig1	2191440798	63291
CFC#4	CFC#4#block175_contig3	2191504090	42355
CFC#4	CFC#4#block178_contig2	2191546446	29676
CFC#4	CFC#4#block183_contig1	2191576123	28044
CFC#4	CFC#4#block172_contig2	2191604168	36701
CFC#4	CFC#4#block58_contig1	2191640870	28340
CFC#4	CFC#4#block74_contig1	2191669211	58228
CFC#4	CFC#4#block67_contig1	2191727440	39370
CFC#4	CFC#4#block79_contig1	2191766811	59481
CFC#4	CFC#4#block102_contig1	2191826293	66204
CFC#4	CFC#4#block165_contig3	2191892498	37035
CFC#4	CFC#4#block84_contig1	2191929534	49534
CFC#4	CFC#4#block40_contig1	2191979069	70933
CFC#4	CFC#4#block103_contig1	2192050003	37281
CFC#4	CFC#4#block96_contig2	2192087285	33522
CFC#4	CFC#4#block66_contig1	2192120808	41179
CFC#4	CFC#4#block53_contig1	2192161988	57773
CFC#4	CFC#4#block87_contig1	2192219762	45145
CFC#4	CFC#4#block142_contig2	2192264908	41907
CFC#4	CFC#4#block184_contig1	2192306816	159793
CFC#4	CFC#4#block40_contig2	2192466610	51099
CFC#4	CFC#4#block46_contig2	2192517710	42703
CFC#4	CFC#4#block170_contig1	2192560414	69164
CFC#4	CFC#4#block172_contig1	2192629579	102600
CFC#4	CFC#4#block31_contig2	2192732180	86710
CFC#4	CFC#4#block100_contig1	2192818891	22889
CFC#4	CFC#4#block68_contig1	2192841781	75631
CFC#4	CFC#4#block54_contig1	2192917413	49394
CFC#4	CFC#4#block5_contig1	2192966808	34586
CFC#4	CFC#4#block89_contig1	2193001395	49826
CFC#4	CFC#4#block78_contig1	2193051222	66112
CFC#4	CFC#4#block112_contig1	2193117335	38513
CFC#4	CFC#4#block44_contig1	2193155849	42020
CFC#4	CFC#4#block1_contig1	2193197870	49018
CFC#4	CFC#4#block178_contig1	2193246889	47485
CFC#4	CFC#4#block115_contig2	2193294375	52727
CFC#4	CFC#4#block14_contig1	2193347103	90624
CFC#4	CFC#4#block147_contig1	2193437728	24135
CFC#4	CFC#4#block128_contig2	2193461864	24274
CFC#4	CFC#4#block118_contig1	2193486139	67953
CFC#4	CFC#4#block4_contig1	2193554093	45797
CFC#4	CFC#4#block122_contig1	2193599891	32559
CFC#4	CFC#4#block185_contig7	2193632451	31211
CFC#4	CFC#4#block174_contig2	2193663663	46521
CFC#4	CFC#4#block35_contig1	2193710185	48342
CFC#4	CFC#4#block155_contig1	2193758528	62923
CFC#4	CFC#4#block82_contig1	2193821452	18750
CFC#4	CFC#4#block152_contig3	2193840203	55341
CFC#4	CFC#4#block26_contig1	2193895545	47945
CFC#4	CFC#4#block8_contig1	2193943491	25348
CFC#4	CFC#4#block107_contig1	2193968840	54172
CFC#4	CFC#4#block157_contig1	2194023013	97283
CFC#4	CFC#4#block15_contig1	2194120297	47937
CFC#4	CFC#4#block173_contig3	2194168235	90046
CFC#4	CFC#4#block49_contig2	2194258282	46200
CFC#4	CFC#4#block37_contig1	2194304483	71001
CFC#4	CFC#4#block158_contig2	2194375485	26776
CFC#4	CFC#4#block85_contig2	2194402262	54931
CFC#4	CFC#4#block157_contig4	2194457194	43775
CFC#4	CFC#4#block80_contig1	2194500970	23783
CFC#4	CFC#4#block189_contig1	2194524754	44076
CFC#4	CFC#4#block7_contig1	2194568831	1833
CFC#4	CFC#4#block36_contig1	2194570665	42513
CFC#4	CFC#4#block43_contig2	2194613179	46702
CFC#4	CFC#4#block61_contig1	2194659882	39384
CFC#4	CFC#4#block169_contig1	2194699267	48326
CFC#4	CFC#4#block173_contig2	2194747594	36385
CFC#4	CFC#4#block104_contig2	2194783980	47137
CFC#4	CFC#4#block131_contig1	2194831118	49163
CFC#4	CFC#4#block35_contig2	2194880282	23898
CFC#4	CFC#4#block70_contig1	2194904181	17229
CFC#4	CFC#4#block13_contig1	2194921411	29687
CFC#4	CFC#4#block43_contig1	2194951099	47953
CFC#4	CFC#4#block23_contig1	2194999053	19709
CFC#4	CFC#4#block162_contig2	2195018763	33485
CFC#4	CFC#4#block45_contig1	2195052249	31434
CFC#4	CFC#4#block30_contig1	2195083684	30331
CFC#4	CFC#4#block39_contig1	2195114016	12446
CFC#4	CFC#4#block137_contig3	2195126463	51582
CFC#4	CFC#4#block111_contig1	2195178046	6519
CFC#4	CFC#4#block133_contig1	2195184566	16656
CFC#4	CFC#4#block13_contig2	2195201223	28093
CFC#4	CFC#4#block24_contig1	2195229317	17885
CFC#4	CFC#4#block163_contig3	2195247203	32191
CFC#4	CFC#4#block72_contig2	2195279395	14470
CFC#4	CFC#4#block174_contig3	2195293866	35121
CFC#4	CFC#4#block179_contig1	2195328988	24828
CFF#0	CFF#0#chrVIII	2195353817	541862
CFF#0	CFF#0#chrII	2195895680	822506
CFF#0	CFF#0#chrX	2196718187	742396
CFF#0	CFF#0#chrXII	2197460584	1097380
CFF#0	CFF#0#chrXI	2198557965	712003
CFF#0	CFF#0#chrVII	2199269969	1101824
CFF#0	CFF#0#chrXIII	2200371794	926442
CFF#0	CFF#0#chrIX	2201298237	433338
CFF#0	CFF#0#chrV	2201731576	594318
CFF#0	CFF#0#chrIV	2202325895	1497558
CFF#0	CFF#0#chrXV	2203823454	1099597
CFF#0	CFF#0#chrXIV	2204923052	780934
CFF#0	CFF#0#chrXVI	2205703987	917407
CFF#0	CFF#0#chrIII	2206621395	333285
CFF#0	CFF#0#chrVI	2206954681	281490
CFF#0	CFF#0#chrMT	2207236172	82208
CFF#0	CFF#0#chrI	2207318381	191282
CFF#1	CFF#1#chrI_3	2207509664	55372
CFF#1	CFF#1#chrI_2	2207565037	20466
CFF#1	CFF#1#chrII_10	2207585504	62194
CFF#1	CFF#1#chrII_2	2207647699	15030
CFF#1	CFF#1#chrIII_6	2207662730	38334
CFF#1	CFF#1#chrIII_8	2207701065	8375
CFF#1	CFF#1#chrIII_2	2207709441	36099
CFF#1	CFF#1#chrIV_14	2207745541	19593
CFF#1	CFF#1#chrIV_10	2207765135	109854
CFF#1	CFF#1#chrIV_15	2207874990	200667
CFF#1	CFF#1#chrV_1	2208075658	46555
CFF#1	CFF#1#chrV_6	2208122214	70540
CFF#1	CFF#1#chrV_4	2208192755	52688
CFF#1	CFF#1#chrV_10	2208245444	20372
CFF#1	CFF#1#chrVI_1	2208265817	18447
CFF#1	CFF#1#chrVII_10	2208284265	28234
CFF#1	CFF#1#chrVI_5	2208312500	141804
CFF#1	CFF#1#chrVII_1	2208454305	37312
CFF#1	CFF#1#chrVII_23	2208491618	56509
CFF#1	CFF#1#chrVII_16	2208548128	39763
CFF#1	CFF#1#chrVII_19	2208587892	20269
CFF#1	CFF#1#chrIV_16	2208608162	551375
CFF#1	CFF#1#chrVII_8	2209159538	12627
CFF#1	CFF#1#chrVIII_6	2209172166	31737
CFF#1	CFF#1#chrVII_22	2209203904	114630
CFF#1	CFF#1#chrVII_9	2209318535	154099
CFF#1	CFF#1#chrXI_2	2209472635	64540
CFF#1	CFF#1#chrVIII_8	2209537176	220560
CFF#1	CFF#1#chrX_1	2209757737	228321
CFF#1	CFF#1#chrXII_1	2209986059	19411
CFF#1	CFF#1#chrXI_3	2210005471	18451
CFF#1	CFF#1#chrXI_1	2210023923	52147
CFF#1	CFF#1#chrXIII_1	2210076071	8220
CFF#1	CFF#1#chrXII_4	2210084292	112922
CFF#1	CFF#1#chrXIII_17	2210197215	22794
CFF#1	CFF#1#chrXI_6	2210220010	126943
CFF#1	CFF#1#chrXVI_4	2210346954	45431
CFF#1	CFF#1#chrXIII_14	2210392386	88309
CFF#1	CFF#1#chrXV_6	2210480696	50710
CFF#1	CFF#1#chrXVI_1	2210531407	457763
CFF#1	CFF#1#chrXV_10	2210989171	768153
CFF#1	CFF#1#chrX_9	2211757325	79060
CFF#1	CFF#1#chrXII_5	2211836386	474312
CFF#1	CFF#1#chrXIV_8	2212310699	68232
CFF#1	CFF#1#chrII_4	2212378932	203334
CFF#1	CFF#1#chrVIII_5	2212582267	129990
CFF#1	CFF#1#chrXIII_12	2212712258	104060
CFF#1	CFF#1#chrVII_20	2212816319	41779
CFF#1	CFF#1#chrXVI_8	2212858099	118774
CFF#1	CFF#1#chrXVI_6	2212976874	76555
CFF#1	CFF#1#chrXII_2	2213053430	119036
CFF#1	CFF#1#chrXII_3	2213172467	279357
CFF#1	CFF#1#chrXI_9	2213451825	118251
CFF#1	CFF#1#chrV_11	2213570077	76335
CFF#1	CFF#1#chrXIII_2	2213646413	151694
CFF#1	CFF#1#chrIII_3	2213798108	26201
CFF#1	CFF#1#chrXIII_16	2213824310	42946
CFF#1	CFF#1#chrXIV_15	2213867257	31790
CFF#1	CFF#1#chrII_3	2213899048	18743
CFF#1	CFF#1#chrVII_11	2213917792	90079
CFF#1	CFF#1#chrXV_2	2214007872	25755
CFF#1	CFF#1#chrIV_11	2214033628	97877
CFF#1	CFF#1#chrIX_2	2214131506	282223
CFF#1	CFF#1#chrVII_12	2214413730	94561
CFF#1	CFF#1#chrII_1	2214508292	80378
CFF#1	CFF#1#chrXIII_10	2214588671	69216
CFF#1	CFF#1#chrXIV_20	2214657888	221330
CFF#1	CFF#1#chrX_2	2214879219	99424
CFF#1	CFF#1#chrX_10	2214978644	105277
CFF#1	CFF#1#chrX_8	2215083922	38792
CFF#1	CFF#1#chrXI_7	2215122715	111599
CFF#1	CFF#1#chrXIV_1	2215234315	89544
CFF#1	CFF#1#chrIII_1	2215323860	80954
CFF#1	CFF#1#chrXIII_7	2215404815	65274
CFF#1	CFF#1#chrXIII_11	2215470090	31316
CFF#1	CFF#1#chrVII_3	2215501407	26508
CFF#1	CFF#1#chrIV_12	2215527916	59023
CFF#1	CFF#1#chrIX_4	2215586940	128277
CFF#1	CFF#1#chrXIV_18	2215715218	14755
CFF#1	CFF#1#chrXV_5	2215729974	109112
CFF#1	CFF#1#chrX_7	2215839087	37218
CFF#1	CFF#1#chrV_5	2215876306	51515
CFF#1	CFF#1#chrXI_4	2215927822	68189
CFF#1	CFF#1#chrXIII_9	2215996012	115746
CFF#1	CFF#1#chrIV_7	2216111759	115967
CFF#1	CFF#1#chrII_5	2216227727	92863
CFF#1	CFF#1#chrXIV_5	2216320591	15630
CFF#1	CFF#1#chrIV_13	2216336222	85558
CFF#1	CFF#1#chrXIII_13	2216421781	64523
CFF#1	CFF#1#chrXIII_5	2216486305	14165
CFF#1	CFF#1#chrVIII_1	2216500471	64359
CFF#1	CFF#1#chrXIV_16	2216564831	31933
CFF#1	CFF#1#chrXVI_7	2216596765	29313
CFF#1	CFF#1#chrXV_9	2216626079	38907
CFF#1	CFF#1#chrV_2	2216664987	44691
CFF#1	CFF#1#chrVIII_2	2216709679	13340
CFF#1	CFF#1#chrI_1	2216723020	95172
CFF#1	CFF#1#chrV_7	2216818193	70010
CFF#1	CFF#1#chrXV_1	2216888204	24984
CFF#1	CFF#1#chrV_8	2216913189	68259
CFF#1	CFF#1#chrVII_15	2216981449	43298
CFF#1	CFF#1#chrVI_2	2217024748	49223
CFF#1	CFF#1#chrXIV_6	2217073972	44048
CFF#1	CFF#1#chrXVI_9	2217118021	60039
CFF#1	CFF#1#chrII_9	2217178061	185425
CFF#1	CFF#1#chrXVI_2	2217363487	20158
CFF#1	CFF#1#chrXIV_7	2217383646	25478
CFF#1	CFF#1#chrXVI_3	2217409125	47952
CFF#1	CFF#1#chrIV_5	2217457078	23078
CFF#1	CFF#1#chrX_3	2217480157	23354
CFF#1	CFF#1#chrXI_5	2217503512	37391
CFF#1	CFF#1#chrVII_18	2217540904	40748
CFF#1	CFF#1#chrVIII_4	2217581653	38798
CFF#1	CFF#1#chrXIV_4	2217620452	39500
CFF#1	CFF#1#chrX_11	2217659953	55097
CFF#1	CFF#1#chrIII_7	2217715051	28288
CFF#1	CFF#1#chrVII_2	2217743340	13569
CFF#1	CFF#1#chrVII_7	2217756910	51496
CFF#1	CFF#1#chrXIV_3	2217808407	25618
CFF#1	CFF#1#chrII_6	2217834026	27215
CFF#1	CFF#1#chrIV_4	2217861242	16416
CFF#1	CFF#1#chrVI_4	2217877659	3782
CFF#1	CFF#1#chrVII_13	2217881442	6301
CFF#1	CFF#1#chrVII_5	2217887744	6319
CFF#1	CFF#1#chrXIV_11	2217894064	3343
CFF#1	CFF#1#chrXIV_12	2217897408	5537
CFF#1	CFF#1#chrXIV_17	2217902946	3789
CFF#1	CFF#1#chrXV_8	2217906736	1165
CFF#1	CFF#1#chrXI_10	2217907902	44350
CFF#1	CFF#1#chrXIV_2	2217952253	41173
CFF#1	CFF#1#chrXVI_5	2217993427	24629
CFF#1	CFF#1#chrVI_3	2218018057	50843
CFF#1	CFF#1#chrIV_6	2218068901	19150
CFF#1	CFF#1#chrXIII_8	2218088052	28415
CFF#1	CFF#1#chrXIV_10	2218116468	24140
CFF#1	CFF#1#chrII_7	2218140609	36065
CFF#1	CFF#1#chrIV_3	2218176675	46641
CFF#1	CFF#1#chrX_4	2218223317	20996
CFF#1	CFF#1#chrVIII_3	2218244314	23131
CFF#1	CFF#1#chrVII_4	2218267446	15328
CFF#1	CFF#1#chrIV_1	2218282775	48188
CFF#1	CFF#1#chrVII_24	2218330964	26319
CFF#1	CFF#1#chrXIV_9	2218357284	14126
CFF#1	CFF#1#chrXV_7	2218371411	11775
CFF#1	CFF#1#chrXV_4	2218383187	11192
CFF#1	CFF#1#chrIV_9	2218394380	14975
CFF#1	CFF#1#chrIII_4	2218409356	31917
CFF#1	CFF#1#chrIV_8	2218441274	8135
CFF#1	CFF#1#chrIX_1	2218449410	32464
CFF#1	CFF#1#chrV_3	2218481875	23302
CFF#1	CFF#1#chrX_6	2218505178	5660
CFF#1	CFF#1#chrXI_8	2218510839	29439
CFF#1	CFF#1#chrIII_5	2218540279	17180
CFF#1	CFF#1#chrXIII_3	2218557460	21696
CFF#1	CFF#1#chrII_8	2218579157	15078
CFF#1	CFF#1#chrXIII_6	2218594236	22872
CFF#1	CFF#1#chrVII_14	2218617109	8296
CFF#1	CFF#1#chrXIII_4	2218625406	10535
CFF#1	CFF#1#chrIX_3	2218635942	10375
CFF#1	CFF#1#chrVII_17	2218646318	22436
CFF#1	CFF#1#chrXIV_19	2218668755	7145
CFF#1	CFF#1#chrIV_2	2218675901	31061
CFF#1	CFF#1#chrVIII_7	2218706963	12009
CFF#1	CFF#1#chrXIII_15	2218718973	10641
CFF#1	CFF#1#chrX_5	2218729615	10809
CFF#1	CFF#1#chrXIV_13	2218740425	36722
CFF#1	CFF#1#chrV_9	2218777148	23487
CFF#1	CFF#1#chrXV_3	2218800636	12946
CFF#1	CFF#1#chrXIV_14	2218813583	3644
CFF#1	CFF#1#chrVII_6	2218817228	6771
CFF#1	CFF#1#chrVII_21	2218824000	8041
CFF#2	CFF#2#chrIII_1	2218832042	19906
CFF#2	CFF#2#chrII_9	2218851949	27068
CFF#2	CFF#2#chrIV_11	2218879018	40016
CFF#2	CFF#2#chrIV_1	2218919035	16225
CFF#2	CFF#2#chrIV_10	2218935261	157967
CFF#2	CFF#2#chrII_1	2219093229	20240
CFF#2	CFF#2#chrV_6	2219113470	53065
CFF#2	CFF#2#chrVII_7	2219166536	50137
CFF#2	CFF#2#chrX_10	2219216674	10322
CFF#2	CFF#2#chrXI_12	2219226997	4807
CFF#2	CFF#2#chrXI_13	2219231805	12248
CFF#2	CFF#2#chrVII_4	2219244054	100834
CFF#2	CFF#2#chrXIII_13	2219344889	18190
CFF#2	CFF#2#chrXII_3	2219363080	28634
CFF#2	CFF#2#chrXII_1	2219391715	88544
CFF#2	CFF#2#chrXII_8	2219480260	79580
CFF#2	CFF#2#chrXII_4	2219559841	243628
CFF#2	CFF#2#chrXIII_7	2219803470	9932
CFF#2	CFF#2#chrXIV_11	2219813403	80573
CFF#2	CFF#2#chrXI_14	2219893977	262803
CFF#2	CFF#2#chrXIV_13	2220156781	11900
CFF#2	CFF#2#chrXIV_7	2220168682	12115
CFF#2	CFF#2#chrXVI_5	2220180798	4666
CFF#2	CFF#2#chrXV_9	2220185465	12070
CFF#2	CFF#2#chrX_8	2220197536	124273
CFF#2	CFF#2#chrXII_9	2220321810	300051
CFF#2	CFF#2#chrXVI_8	2220621862	20570
CFF#2	CFF#2#chrXV_11	2220642433	534498
CFF#2	CFF#2#chrV_7	2221176932	145483
CFF#2	CFF#2#chrXIV_5	2221322416	33543
CFF#2	CFF#2#chrVII_14	2221355960	163137
CFF#2	CFF#2#chrII_4	2221519098	81661
CFF#2	CFF#2#chrXII_11	2221600760	30198
CFF#2	CFF#2#chrVIII_2	2221630959	203128
CFF#2	CFF#2#chrVIII_3	2221834088	248600
CFF#2	CFF#2#chrXIII_11	2222082689	39366
CFF#2	CFF#2#chrVII_13	2222122056	158172
CFF#2	CFF#2#chrX_1	2222280229	171891
CFF#2	CFF#2#chrXVI_6	2222452121	114664
CFF#2	CFF#2#chrXIII_1	2222566786	25926
CFF#2	CFF#2#chrIV_22	2222592713	162566
CFF#2	CFF#2#chrXVI_1	2222755280	429070
CFF#2	CFF#2#chrIV_19	2223184351	74990
CFF#2	CFF#2#chrXIII_2	2223259342	169489
CFF#2	CFF#2#chrIV_21	2223428832	110087
CFF#2	CFF#2#chrIII_3	2223538920	61245
CFF#2	CFF#2#chrX_6	2223600166	63548
CFF#2	CFF#2#chrXIV_9	2223663715	23081
CFF#2	CFF#2#chrIV_18	2223686797	86783
CFF#2	CFF#2#chrXII_2	2223773581	31453
CFF#2	CFF#2#chrVII_6	2223805035	57414
CFF#2	CFF#2#chrXV_2	2223862450	13490
CFF#2	CFF#2#chrIX_2	2223875941	391067
CFF#2	CFF#2#chrVII_8	2224267009	64045
CFF#2	CFF#2#chrXIII_5	2224331055	77583
CFF#2	CFF#2#chrXV_6	2224408639	106885
CFF#2	CFF#2#chrII_3	2224515525	76165
CFF#2	CFF#2#chrII_5	2224591691	54216
CFF#2	CFF#2#chrXIII_8	2224645908	32393
CFF#2	CFF#2#chrXIV_12	2224678302	118474
CFF#2	CFF#2#chrX_12	2224796777	18182
CFF#2	CFF#2#chrXIV_1	2224814960	110597
CFF#2	CFF#2#chrVII_3	2224925558	123354
CFF#2	CFF#2#chrVI_1	2225048913	116540
CFF#2	CFF#2#chrX_5	2225165454	29341
CFF#2	CFF#2#chrXIII_12	2225194796	60643
CFF#2	CFF#2#chrX_13	2225255440	80844
CFF#2	CFF#2#chrX_4	2225336285	23572
CFF#2	CFF#2#chrIII_2	2225359858	50284
CFF#2	CFF#2#chrXIII_4	2225410143	37268
CFF#2	CFF#2#chrXIII_9	2225447412	21232
CFF#2	CFF#2#chrIV_20	2225468645	243206
CFF#2	CFF#2#chrV_4	2225711852	27260
CFF#2	CFF#2#chrIV_12	2225739113	22269
CFF#2	CFF#2#chrXIV_10	2225761383	45422
CFF#2	CFF#2#chrV_1	2225806806	174067
CFF#2	CFF#2#chrXVI_2	2225980874	175013
CFF#2	CFF#2#chrX_9	2226155888	28070
CFF#2	CFF#2#chrXV_10	2226183959	22914
CFF#2	CFF#2#chrIV_7	2226206874	81972
CFF#2	CFF#2#chrII_7	2226288847	70718
CFF#2	CFF#2#chrII_10	2226359566	40282
CFF#2	CFF#2#chrXIV_2	2226399849	91861
CFF#2	CFF#2#chrV_2	2226491711	26493
CFF#2	CFF#2#chrVII_5	2226518205	78780
CFF#2	CFF#2#chrXIII_3	2226596986	61559
CFF#2	CFF#2#chrIV_13	2226658546	65845
CFF#2	CFF#2#chrVIII_1	2226724392	42921
CFF#2	CFF#2#chrXIII_14	2226767314	40068
CFF#2	CFF#2#chrXVI_3	2226807383	62068
CFF#2	CFF#2#chrXVI_4	2226869452	22370
CFF#2	CFF#2#chrXV_8	2226891823	22989
CFF#2	CFF#2#chrII_11	2226914813	54280
CFF#2	CFF#2#chrI_1	2226969094	116305
CFF#2	CFF#2#chrVII_10	2227085400	59140
CFF#2	CFF#2#chrII_12	2227144541	36741
CFF#2	CFF#2#chrIII_5	2227181283	114716
CFF#2	CFF#2#chrV_5	2227296000	60568
CFF#2	CFF#2#chrXV_1	2227356569	55641
CFF#2	CFF#2#chrXV_4	2227412211	101509
CFF#2	CFF#2#chrX_3	2227513721	30894
CFF#2	CFF#2#chrVII_9	2227544616	27855
CFF#2	CFF#2#chrVI_2	2227572472	54454
CFF#2	CFF#2#chrXI_11	2227626927	21556
CFF#2	CFF#2#chrXIII_6	2227648484	96274
CFF#2	CFF#2#chrXIV_3	2227744759	13625
CFF#2	CFF#2#chrIV_16	2227758385	34991
CFF#2	CFF#2#chrXVI_7	2227793377	17303
CFF#2	CFF#2#chrXI_1	2227810681	95668
CFF#2	CFF#2#chrXI_2	2227906350	32155
CFF#2	CFF#2#chrII_16	2227938506	123957
CFF#2	CFF#2#chrXIV_4	2228062464	52779
CFF#2	CFF#2#chrIV_6	2228115244	72968
CFF#2	CFF#2#chrXIII_15	2228188213	71930
CFF#2	CFF#2#chrIV_9	2228260144	16991
CFF#2	CFF#2#chrXIV_6	2228277136	61264
CFF#2	CFF#2#chrXIII_16	2228338401	55383
CFF#2	CFF#2#chrII_8	2228393785	38476
CFF#2	CFF#2#chrIV_15	2228432262	37749
CFF#2	CFF#2#chrXI_7	2228470012	24794
CFF#2	CFF#2#chrI_2	2228494807	36235
CFF#2	CFF#2#chrXII_5	2228531043	34324
CFF#2	CFF#2#chrVI_3	2228565368	84369
CFF#2	CFF#2#chrVII_2	2228649738	42320
CFF#2	CFF#2#chrX_11	2228692059	40968
CFF#2	CFF#2#chrXV_13	2228733028	62407
CFF#2	CFF#2#chrIV_4	2228795436	43595
CFF#2	CFF#2#chrXII_6	2228839032	137681
CFF#2	CFF#2#chrXI_6	2228976714	25447
CFF#2	CFF#2#chrI_3	2229002162	25306
CFF#2	CFF#2#chrII_2	2229027469	10488
CFF#2	CFF#2#chrV_3	2229037958	14953
CFF#2	CFF#2#chrX_2	2229052912	2460
CFF#2	CFF#2#chrXI_10	2229055373	5557
CFF#2	CFF#2#chrXI_5	2229060931	17050
CFF#2	CFF#2#chrXI_15	2229077982	26452
CFF#2	CFF#2#chrIV_5	2229104435	51105
CFF#2	CFF#2#chrII_13	2229155541	24965
CFF#2	CFF#2#chrIV_3	2229180507	42688
CFF#2	CFF#2#chrXII_10	2229223196	18122
CFF#2	CFF#2#chrXIV_8	2229241319	45925
CFF#2	CFF#2#chrXV_7	2229287245	11443
CFF#2	CFF#2#chrII_14	2229298689	43262
CFF#2	CFF#2#chrXII_7	2229341952	6731
CFF#2	CFF#2#chrXV_3	2229348684	8953
CFF#2	CFF#2#chrVII_1	2229357638	33282
CFF#2	CFF#2#chrXI_4	2229390921	12611
CFF#2	CFF#2#chrIV_2	2229403533	7896
CFF#2	CFF#2#chrXV_5	2229411430	10792
CFF#2	CFF#2#chrIV_8	2229422223	14299
CFF#2	CFF#2#chrXI_9	2229436523	9605
CFF#2	CFF#2#chrXV_12	2229446129	8504
CFF#2	CFF#2#chrII_6	2229454634	10214
CFF#2	CFF#2#chrII_15	2229464849	13970
CFF#2	CFF#2#chrVII_11	2229478820	19982
CFF#2	CFF#2#chrVII_12	2229498803	21273
CFF#2	CFF#2#chrXI_3	2229520077	5759
CFF#2	CFF#2#chrXI_8	2229525837	13747
CFF#2	CFF#2#chrIV_17	2229539585	6803
CFF#2	CFF#2#chrIV_14	2229546389	15081
CFF#2	CFF#2#chrIX_1	2229561471	12251
CFF#2	CFF#2#chrIII_4	2229573723	5857
CFF#2	CFF#2#chrX_7	2229579581	14431
CFF#2	CFF#2#chrXIII_17	2229594013	14710
CFF#2	CFF#2#chrXIII_10	2229608724	11273
CFS#0	CFS#0#chrVI	2229619998	250933
CFS#0	CFS#0#chrIII	2229870932	324183
CFS#0	CFS#0#chrV	2230195116	570228
CFS#0	CFS#0#chrVIII	2230765345	534312
CFS#0	CFS#0#chrX	2231299658	730510
CFS#0	CFS#0#chrII	2232030169	789565
CFS#0	CFS#0#chrXIV	2232819735	766456
CFS#0	CFS#0#chrVII	2233586192	1070570
CFS#0	CFS#0#chrXVI	2234656763	914684
CFS#0	CFS#0#chrXI	2235571448	669492
CFS#0	CFS#0#chrXII	2236240941	1119595
CFS#0	CFS#0#chrXIII	2237360537	915019
CFS#0	CFS#0#chrXV	2238275557	1053032
CFS#0	CFS#0#chrIV	2239328590	1478913
CFS#0	CFS#0#chrIX	2240807504	438056
CFS#0	CFS#0#chrMT	2241245561	80021
CFS#0	CFS#0#chrI	2241325583	213190
CGH_1#0	CGH_1#0#chrI	2241538774	217740
CGH_1#0	CGH_1#0#chrV_chrXVI	2241756515	645330
CGH_1#0	CGH_1#0#chrVIII_chrVI	2242401846	233664
CGH_1#0	CGH_1#0#chrVI_chrVIII	2242635511	581644
CGH_1#0	CGH_1#0#chrII	2243217156	800273
CGH_1#0	CGH_1#0#chrXIII	2244017430	956121
CGH_1#0	CGH_1#0#chrVII	2244973552	1071490
CGH_1#0	CGH_1#0#chrXIV	2246045043	792011
CGH_1#0	CGH_1#0#chrX	2246837055	741262
CGH_1#0	CGH_1#0#chrIV	2247578318	1453391
CGH_1#0	CGH_1#0#chrXII	2249031710	1122752
CGH_1#0	CGH_1#0#chrXVI_chrV	2250154463	1003753
CGH_1#0	CGH_1#0#chrXI	2251158217	667949
CGH_1#0	CGH_1#0#chrXV	2251826167	1064049
CGH_1#0	CGH_1#0#chrIII	2252890217	329792
CGH_1#0	CGH_1#0#chrIX	2253220010	422537
CGH_1#0	CGH_1#0#chrMT	2253642548	81844
CGH_1#3	CGH_1#3#block10_contig1	2253724393	168573
CGH_1#3	CGH_1#3#block12_contig2	2253892967	147011
CGH_1#3	CGH_1#3#block11_contig1	2254039979	230152
CGH_1#3	CGH_1#3#block14_contig1	2254270132	140674
CGH_1#3	CGH_1#3#block15_contig1	2254410807	493254
CGH_1#3	CGH_1#3#block16_contig1	2254904062	373270
CGH_1#3	CGH_1#3#block30_contig2	2255277333	168796
CGH_1#3	CGH_1#3#block30_contig3	2255446130	127334
CGH_1#3	CGH_1#3#block25_contig1	2255573465	409600
CGH_1#3	CGH_1#3#block42_contig1	2255983066	291997
CGH_1#3	CGH_1#3#block30_contig1	2256275064	407138
CGH_1#3	CGH_1#3#block41_contig2	2256682203	96372
CGH_1#3	CGH_1#3#block29_contig1	2256778576	440830
CGH_1#3	CGH_1#3#block27_contig1	2257219407	472885
CGH_1#3	CGH_1#3#block47_contig1	2257692293	424799
CGH_1#3	CGH_1#3#block38_contig1	2258117093	392792
CGH_1#3	CGH_1#3#block49_contig1	2258509886	140211
CGH_1#3	CGH_1#3#block52_contig2	2258650098	177552
CGH_1#3	CGH_1#3#block4_contig1	2258827651	172487
CGH_1#3	CGH_1#3#block51_contig1	2259000139	376052
CGH_1#3	CGH_1#3#block59_contig1	2259376192	88906
CGH_1#3	CGH_1#3#block5_contig1	2259465099	158909
CGH_1#3	CGH_1#3#block69_contig2	2259624009	292576
CGH_1#3	CGH_1#3#block57_contig3	2259916586	187357
CGH_1#3	CGH_1#3#block70_contig1	2260103944	442695
CGH_1#3	CGH_1#3#block54_contig2	2260546640	177114
CGH_1#3	CGH_1#3#block39_contig1	2260723755	89853
CGH_1#3	CGH_1#3#block70_contig2	2260813609	154757
CGH_1#3	CGH_1#3#block75_contig1	2260968367	488065
CGH_1#3	CGH_1#3#block67_contig1	2261456433	819899
CGH_1#3	CGH_1#3#block48_contig1	2262276333	202545
CGH_1#3	CGH_1#3#block75_contig2	2262478879	220577
CGH_1#3	CGH_1#3#block8_contig1	2262699457	81523
CGH_1#3	CGH_1#3#block62_contig1	2262780981	235029
CGH_1#3	CGH_1#3#block79_contig1	2263016011	266804
CGH_1#3	CGH_1#3#block2_contig1	2263282816	116561
CGH_1#3	CGH_1#3#block74_contig1	2263399378	714538
CGH_1#3	CGH_1#3#block49_contig2	2264113917	460012
CGH_1#3	CGH_1#3#block65_contig1	2264573930	567274
CGH_1#3	CGH_1#3#block78_contig1	2265141205	392967
CGH_1#3	CGH_1#3#block7_contig1	2265534173	280955
CGH_1#3	CGH_1#3#block73_contig1	2265815129	624003
CGH_1#3	CGH_1#3#block22_contig1	2266439133	132980
CGH_1#3	CGH_1#3#block54_contig1	2266572114	669040
CGH_1#3	CGH_1#3#block69_contig1	2267241155	797514
CGH_1#3	CGH_1#3#block48_contig2	2268038670	75453
CGH_1#3	CGH_1#3#block81_contig1	2268114124	383022
CGH_1#3	CGH_1#3#block19_contig1	2268497147	123374
CGH_1#3	CGH_1#3#block17_contig1	2268620522	106924
CGH_1#3	CGH_1#3#block24_contig1	2268727447	157742
CGH_1#3	CGH_1#3#block37_contig1	2268885190	107157
CGH_1#3	CGH_1#3#block41_contig1	2268992348	109906
CGH_1#3	CGH_1#3#block43_contig1	2269102255	214991
CGH_1#3	CGH_1#3#block44_contig2	2269317247	350208
CGH_1#3	CGH_1#3#block45_contig1	2269667456	433094
CGH_1#3	CGH_1#3#block58_contig1	2270100551	184241
CGH_1#3	CGH_1#3#block60_contig1	2270284793	241338
CGH_1#3	CGH_1#3#block64_contig1	2270526132	123856
CGH_1#3	CGH_1#3#block80_contig1	2270649989	300650
CGH_1#3	CGH_1#3#block20_contig1	2270950640	586220
CGH_1#3	CGH_1#3#block28_contig1	2271536861	183068
CGH_1#3	CGH_1#3#block72_contig1	2271719930	268532
CGH_1#3	CGH_1#3#block63_contig1	2271988463	747635
CGH_1#3	CGH_1#3#block26_contig1	2272736099	175536
CGH_1#3	CGH_1#3#block57_contig1	2272911636	137363
CGH_1#3	CGH_1#3#block66_contig1	2273049000	374356
CGH_1#3	CGH_1#3#block23_contig1	2273423357	204912
CGH_1#3	CGH_1#3#block46_contig1	2273628270	224139
CGH_1#3	CGH_1#3#block3_contig1	2273852410	54099
CGH_1#3	CGH_1#3#block57_contig2	2273906510	285525
CGH_1#3	CGH_1#3#block77_contig1	2274192036	332978
CGH_1#3	CGH_1#3#block40_contig1	2274525015	550874
CGH_1#3	CGH_1#3#block18_contig1	2275075890	459869
CGH_1#3	CGH_1#3#block32_contig1	2275535760	545887
CGH_1#3	CGH_1#3#block68_contig1	2276081648	358128
CGH_1#3	CGH_1#3#block71_contig1	2276439777	56433
CGH_1#3	CGH_1#3#block72_contig2	2276496211	362016
CGH_1#3	CGH_1#3#block55_contig1	2276858228	237838
CGH_1#3	CGH_1#3#block56_contig1	2277096067	763696
CGH_1#3	CGH_1#3#block76_contig1	2277859764	110063
CGH_1#3	CGH_1#3#block7_contig3	2277969828	92728
CGH_1#3	CGH_1#3#block12_contig1	2278062557	453704
CGH_1#3	CGH_1#3#block13_contig1	2278516262	211057
CGH_1#3	CGH_1#3#block65_contig2	2278727320	202567
CGH_1#3	CGH_1#3#block19_contig2	2278929888	98969
CGH_1#3	CGH_1#3#block53_contig1	2279028858	164117
CGH_1#3	CGH_1#3#block52_contig1	2279192976	204034
CGH_1#3	CGH_1#3#block1_contig1	2279397011	119116
CGH_1#3	CGH_1#3#block31_contig1	2279516128	128476
CGH_1#3	CGH_1#3#block36_contig1	2279644605	144139
CGH_1#3	CGH_1#3#block9_contig1	2279788745	187076
CGH_1#3	CGH_1#3#block35_contig1	2279975822	218503
CGH_1#3	CGH_1#3#block50_contig1	2280194326	175518
CGH_1#3	CGH_1#3#block71_contig2	2280369845	287964
CGH_1#3	CGH_1#3#block7_contig2	2280657810	63805
CGH_1#3	CGH_1#3#block23_contig2	2280721616	116735
CGH_1#3	CGH_1#3#block53_contig2	2280838352	192152
CGH_1#3	CGH_1#3#block76_contig2	2281030505	143950
CGH_1#3	CGH_1#3#block34_contig1	2281174456	191703
CGH_1#3	CGH_1#3#block44_contig1	2281366160	129252
CGH_1#3	CGH_1#3#block6_contig1	2281495413	84736
CGH_1#3	CGH_1#3#block61_contig1	2281580150	160807
CGH_1#3	CGH_1#3#block33_contig1	2281740958	150400
CGH_1#3	CGH_1#3#block71_contig3	2281891359	48263
CGH_1#3	CGH_1#3#block21_contig1	2281939623	199877
CGH_1#3	CGH_1#3#block42_contig2	2282139501	67959
CGH_1#3	CGH_1#3#block67_contig2	2282207461	85061
CGH_1#3	CGH_1#3#block67_contig3	2282292523	65284
CGH_1#3	CGH_1#3#block77_contig2	2282357808	162753
CGH_1#4	CGH_1#4#block22_contig1	2282520562	132980
CGH_1#4	CGH_1#4#block11_contig1	2282653543	230152
CGH_1#4	CGH_1#4#block10_contig1	2282883696	168573
CGH_1#4	CGH_1#4#block30_contig2	2283052270	168796
CGH_1#4	CGH_1#4#block28_contig1	2283221067	183068
CGH_1#4	CGH_1#4#block20_contig1	2283404136	586220
CGH_1#4	CGH_1#4#block26_contig1	2283990357	175536
CGH_1#4	CGH_1#4#block25_contig1	2284165894	409600
CGH_1#4	CGH_1#4#block30_contig1	2284575495	407138
CGH_1#4	CGH_1#4#block48_contig1	2284982634	202545
CGH_1#4	CGH_1#4#block23_contig1	2285185180	204912
CGH_1#4	CGH_1#4#block44_contig2	2285390093	350208
CGH_1#4	CGH_1#4#block46_contig1	2285740302	224139
CGH_1#4	CGH_1#4#block3_contig1	2285964442	54099
CGH_1#4	CGH_1#4#block43_contig1	2286018542	214991
CGH_1#4	CGH_1#4#block27_contig1	2286233534	472885
CGH_1#4	CGH_1#4#block57_contig3	2286706420	187357
CGH_1#4	CGH_1#4#block40_contig1	2286893778	550874
CGH_1#4	CGH_1#4#block49_contig2	2287444653	460012
CGH_1#4	CGH_1#4#block54_contig1	2287904666	669040
CGH_1#4	CGH_1#4#block18_contig1	2288573707	459869
CGH_1#4	CGH_1#4#block32_contig1	2289033577	545887
CGH_1#4	CGH_1#4#block68_contig1	2289579465	358128
CGH_1#4	CGH_1#4#block51_contig1	2289937594	376052
CGH_1#4	CGH_1#4#block47_contig1	2290313647	424799
CGH_1#4	CGH_1#4#block45_contig1	2290738447	433094
CGH_1#4	CGH_1#4#block71_contig1	2291171542	56433
CGH_1#4	CGH_1#4#block72_contig1	2291227976	268532
CGH_1#4	CGH_1#4#block55_contig1	2291496509	237838
CGH_1#4	CGH_1#4#block56_contig1	2291734348	763696
CGH_1#4	CGH_1#4#block67_contig1	2292498045	819899
CGH_1#4	CGH_1#4#block72_contig2	2293317945	362016
CGH_1#4	CGH_1#4#block75_contig1	2293679962	488065
CGH_1#4	CGH_1#4#block58_contig1	2294168028	184241
CGH_1#4	CGH_1#4#block63_contig1	2294352270	747635
CGH_1#4	CGH_1#4#block42_contig1	2295099906	291997
CGH_1#4	CGH_1#4#block54_contig2	2295391904	177114
CGH_1#4	CGH_1#4#block69_contig2	2295569019	292576
CGH_1#4	CGH_1#4#block38_contig1	2295861596	392792
CGH_1#4	CGH_1#4#block77_contig1	2296254389	332978
CGH_1#4	CGH_1#4#block76_contig1	2296587368	110063
CGH_1#4	CGH_1#4#block57_contig1	2296697432	137363
CGH_1#4	CGH_1#4#block7_contig3	2296834796	92728
CGH_1#4	CGH_1#4#block73_contig1	2296927525	624003
CGH_1#4	CGH_1#4#block12_contig1	2297551529	453704
CGH_1#4	CGH_1#4#block15_contig1	2298005234	493254
CGH_1#4	CGH_1#4#block29_contig1	2298498489	440830
CGH_1#4	CGH_1#4#block13_contig1	2298939320	211057
CGH_1#4	CGH_1#4#block49_contig1	2299150378	140211
CGH_1#4	CGH_1#4#block65_contig2	2299290590	202567
CGH_1#4	CGH_1#4#block78_contig1	2299493158	392967
CGH_1#4	CGH_1#4#block19_contig2	2299886126	98969
CGH_1#4	CGH_1#4#block16_contig1	2299985096	373270
CGH_1#4	CGH_1#4#block53_contig1	2300358367	164117
CGH_1#4	CGH_1#4#block52_contig1	2300522485	204034
CGH_1#4	CGH_1#4#block24_contig1	2300726520	157742
CGH_1#4	CGH_1#4#block30_contig3	2300884263	127334
CGH_1#4	CGH_1#4#block80_contig1	2301011598	300650
CGH_1#4	CGH_1#4#block70_contig1	2301312249	442695
CGH_1#4	CGH_1#4#block74_contig1	2301754945	714538
CGH_1#4	CGH_1#4#block1_contig1	2302469484	119116
CGH_1#4	CGH_1#4#block65_contig1	2302588601	567274
CGH_1#4	CGH_1#4#block69_contig1	2303155876	797514
CGH_1#4	CGH_1#4#block31_contig1	2303953391	128476
CGH_1#4	CGH_1#4#block36_contig1	2304081868	144139
CGH_1#4	CGH_1#4#block37_contig1	2304226008	107157
CGH_1#4	CGH_1#4#block79_contig1	2304333166	266804
CGH_1#4	CGH_1#4#block9_contig1	2304599971	187076
CGH_1#4	CGH_1#4#block66_contig1	2304787048	374356
CGH_1#4	CGH_1#4#block35_contig1	2305161405	218503
CGH_1#4	CGH_1#4#block50_contig1	2305379909	175518
CGH_1#4	CGH_1#4#block14_contig1	2305555428	140674
CGH_1#4	CGH_1#4#block2_contig1	2305696103	116561
CGH_1#4	CGH_1#4#block71_contig2	2305812665	287964
CGH_1#4	CGH_1#4#block60_contig1	2306100630	241338
CGH_1#4	CGH_1#4#block81_contig1	2306341969	383022
CGH_1#4	CGH_1#4#block57_contig2	2306724992	285525
CGH_1#4	CGH_1#4#block7_contig2	2307010518	63805
CGH_1#4	CGH_1#4#block23_contig2	2307074324	116735
CGH_1#4	CGH_1#4#block19_contig1	2307191060	123374
CGH_1#4	CGH_1#4#block52_contig2	2307314435	177552
CGH_1#4	CGH_1#4#block53_contig2	2307491988	192152
CGH_1#4	CGH_1#4#block4_contig1	2307684141	172487
CGH_1#4	CGH_1#4#block76_contig2	2307856629	143950
CGH_1#4	CGH_1#4#block48_contig2	2308000580	75453
CGH_1#4	CGH_1#4#block34_contig1	2308076034	191703
CGH_1#4	CGH_1#4#block44_contig1	2308267738	129252
CGH_1#4	CGH_1#4#block6_contig1	2308396991	84736
CGH_1#4	CGH_1#4#block17_contig1	2308481728	106924
CGH_1#4	CGH_1#4#block61_contig1	2308588653	160807
CGH_1#4	CGH_1#4#block7_contig1	2308749461	280955
CGH_1#4	CGH_1#4#block62_contig1	2309030417	235029
CGH_1#4	CGH_1#4#block12_contig2	2309265447	147011
CGH_1#4	CGH_1#4#block33_contig1	2309412459	150400
CGH_1#4	CGH_1#4#block71_contig3	2309562860	48263
CGH_1#4	CGH_1#4#block70_contig2	2309611124	154757
CGH_1#4	CGH_1#4#block21_contig1	2309765882	199877
CGH_1#4	CGH_1#4#block41_contig1	2309965760	109906
CGH_1#4	CGH_1#4#block39_contig1	2310075667	89853
CGH_1#4	CGH_1#4#block42_contig2	2310165521	67959
CGH_1#4	CGH_1#4#block8_contig1	2310233481	81523
CGH_1#4	CGH_1#4#block75_contig2	2310315005	220577
CGH_1#4	CGH_1#4#block41_contig2	2310535583	96372
CGH_1#4	CGH_1#4#block67_contig2	2310631956	85061
CGH_1#4	CGH_1#4#block5_contig1	2310717018	158909
CGH_1#4	CGH_1#4#block67_contig3	2310875928	65284
CGH_1#4	CGH_1#4#block64_contig1	2310941213	123856
CGH_1#4	CGH_1#4#block59_contig1	2311065070	88906
CGH_1#4	CGH_1#4#block77_contig2	2311153977	162753
CGH_3#0	CGH_3#0#chrMT	2311316731	81871
CGH_3#0	CGH_3#0#chrXI	2311398603	693608
CGH_3#0	CGH_3#0#chrII	2312092212	808137
CGH_3#0	CGH_3#0#chrXVI	2312900350	912052
CGH_3#0	CGH_3#0#chrXIV	2313812403	784673
CGH_3#0	CGH_3#0#chrXIII	2314597077	908750
CGH_3#0	CGH_3#0#chrXV	2315505828	1029716
CGH_3#0	CGH_3#0#chrXII	2316535545	1049579
CGH_3#0	CGH_3#0#chrVIII	2317585125	557351
CGH_3#0	CGH_3#0#chrX	2318142477	748816
CGH_3#0	CGH_3#0#chrVII	2318891294	1095318
CGH_3#0	CGH_3#0#chrV	2319986613	578766
CGH_3#0	CGH_3#0#chrVI	2320565380	264909
CGH_3#0	CGH_3#0#chrIII	2320830290	306923
CGH_3#0	CGH_3#0#chrIV	2321137214	1459704
CGH_3#0	CGH_3#0#chrIX	2322596919	422708
CGH_3#0	CGH_3#0#chrI	2323019628	179558
CGH_3#3	CGH_3#3#block10_contig1	2323199187	476345
CGH_3#3	CGH_3#3#block14_contig1	2323675533	313213
CGH_3#3	CGH_3#3#block22_contig1	2323988747	159896
CGH_3#3	CGH_3#3#block5_contig2	2324148644	24729
CGH_3#3	CGH_3#3#block15_contig1	2324173374	713947
CGH_3#3	CGH_3#3#block13_contig1	2324887322	766571
CGH_3#3	CGH_3#3#block2_contig1	2325653894	175783
CGH_3#3	CGH_3#3#block22_contig2	2325829678	212228
CGH_3#3	CGH_3#3#block18_contig1	2326041907	737674
CGH_3#3	CGH_3#3#block14_contig2	2326779582	109311
CGH_3#3	CGH_3#3#block9_contig1	2326888894	458025
CGH_3#3	CGH_3#3#block8_contig1	2327346920	737785
CGH_3#3	CGH_3#3#block19_contig1	2328084706	619339
CGH_3#3	CGH_3#3#block20_contig1	2328704046	950247
CGH_3#3	CGH_3#3#block16_contig1	2329654294	226691
CGH_3#3	CGH_3#3#block21_contig1	2329880986	987938
CGH_3#3	CGH_3#3#block6_contig1	2330868925	273112
CGH_3#3	CGH_3#3#block4_contig1	2331142038	228481
CGH_3#3	CGH_3#3#block7_contig1	2331370520	847655
CGH_3#3	CGH_3#3#block17_contig1	2332218176	430445
CGH_3#3	CGH_3#3#block12_contig1	2332648622	116214
CGH_3#3	CGH_3#3#block3_contig1	2332764837	168094
CGH_3#3	CGH_3#3#block1_contig1	2332932932	106249
CGH_3#3	CGH_3#3#block11_contig1	2333039182	118995
CGH_3#3	CGH_3#3#block17_contig2	2333158178	38634
CGH_3#3	CGH_3#3#block5_contig1	2333196813	84762
CGH_3#4	CGH_3#4#block10_contig1	2333281576	476345
CGH_3#4	CGH_3#4#block14_contig2	2333757922	109311
CGH_3#4	CGH_3#4#block19_contig1	2333867234	619339
CGH_3#4	CGH_3#4#block15_contig1	2334486574	713947
CGH_3#4	CGH_3#4#block20_contig1	2335200522	950247
CGH_3#4	CGH_3#4#block16_contig1	2336150770	226691
CGH_3#4	CGH_3#4#block21_contig1	2336377462	987938
CGH_3#4	CGH_3#4#block9_contig1	2337365401	458025
CGH_3#4	CGH_3#4#block6_contig1	2337823427	273112
CGH_3#4	CGH_3#4#block8_contig1	2338096540	737785
CGH_3#4	CGH_3#4#block13_contig1	2338834326	766571
CGH_3#4	CGH_3#4#block4_contig1	2339600898	228481
CGH_3#4	CGH_3#4#block22_contig2	2339829380	212228
CGH_3#4	CGH_3#4#block7_contig1	2340041609	847655
CGH_3#4	CGH_3#4#block14_contig1	2340889265	313213
CGH_3#4	CGH_3#4#block18_contig1	2341202479	737674
CGH_3#4	CGH_3#4#block17_contig1	2341940154	430445
CGH_3#4	CGH_3#4#block12_contig1	2342370600	116214
CGH_3#4	CGH_3#4#block3_contig1	2342486815	168094
CGH_3#4	CGH_3#4#block22_contig1	2342654910	159896
CGH_3#4	CGH_3#4#block1_contig1	2342814807	106249
CGH_3#4	CGH_3#4#block11_contig1	2342921057	118995
CGH_3#4	CGH_3#4#block5_contig2	2343040053	24729
CGH_3#4	CGH_3#4#block17_contig2	2343064783	38634
CGH_3#4	CGH_3#4#block2_contig1	2343103418	175783
CGH_3#4	CGH_3#4#block5_contig1	2343279202	84762
CHS_3a#0	CHS_3a#0#chrIX	2343363965	452457
CHS_3a#0	CHS_3a#0#chrVI	2343816423	295007
CHS_3a#0	CHS_3a#0#chrIII	2344111431	316014
CHS_3a#0	CHS_3a#0#chrV	2344427446	584472
CHS_3a#0	CHS_3a#0#chrX	2345011919	738952
CHS_3a#0	CHS_3a#0#chrVIII	2345750872	555469
CHS_3a#0	CHS_3a#0#chrIV	2346306342	1532114
CHS_3a#0	CHS_3a#0#chrXIII	2347838457	940285
CHS_3a#0	CHS_3a#0#chrVII_chrXIV	2348778743	976425
CHS_3a#0	CHS_3a#0#chrXIV_chrVII	2349755169	909782
CHS_3a#0	CHS_3a#0#chrXVI	2350664952	921767
CHS_3a#0	CHS_3a#0#chrMT	2351586720	81501
CHS_3a#0	CHS_3a#0#chrXII	2351668222	1069561
CHS_3a#0	CHS_3a#0#chrII	2352737784	805838
CHS_3a#0	CHS_3a#0#chrXV	2353543623	1067531
CHS_3a#0	CHS_3a#0#chrXI	2354611155	681701
CHS_3a#0	CHS_3a#0#chrI	2355292857	200573
CIC#0	CIC#0#chrIII	2355493431	295111
CIC#0	CIC#0#chrIX	2355788543	462240
CIC#0	CIC#0#chrVI	2356250784	287670
CIC#0	CIC#0#chrVII	2356538455	1072248
CIC#0	CIC#0#chrVIII	2357610704	573090
CIC#0	CIC#0#chrXI	2358183795	698398
CIC#0	CIC#0#chrV	2358882194	589802
CIC#0	CIC#0#chrII	2359471997	838726
CIC#0	CIC#0#chrIV	2360310724	1487149
CIC#0	CIC#0#chrXII	2361797874	1060162
CIC#0	CIC#0#chrXIV	2362858037	787228
CIC#0	CIC#0#chrXIII	2363645266	914041
CIC#0	CIC#0#chrXVI	2364559308	915453
CIC#0	CIC#0#chrXV	2365474762	1064052
CIC#0	CIC#0#chrX	2366538815	731469
CIC#0	CIC#0#chrMT	2367270285	81417
CIC#0	CIC#0#chrI	2367351703	185730
CIC#1	CIC#1#chrII_7	2367537434	175623
CIC#1	CIC#1#chrIII_2	2367713058	55786
CIC#1	CIC#1#chrIII_5	2367768845	24725
CIC#1	CIC#1#chrIV_10	2367793571	46379
CIC#1	CIC#1#chrIV_25	2367839951	10859
CIC#1	CIC#1#chrIV_27	2367850811	25273
CIC#1	CIC#1#chrIV_11	2367876085	25056
CIC#1	CIC#1#chrIV_12	2367901142	20762
CIC#1	CIC#1#chrIV_5	2367921905	29136
CIC#1	CIC#1#chrIX_2	2367951042	13201
CIC#1	CIC#1#chrIV_24	2367964244	10370
CIC#1	CIC#1#chrV_7	2367974615	60630
CIC#1	CIC#1#chrIX_1	2368035246	47702
CIC#1	CIC#1#chrXII_10	2368082949	8029
CIC#1	CIC#1#chrVII_1	2368090979	350448
CIC#1	CIC#1#chrVIII_4	2368441428	224050
CIC#1	CIC#1#chrXI_7	2368665479	31844
CIC#1	CIC#1#chrV_3	2368697324	43553
CIC#1	CIC#1#chrXII_11	2368740878	296857
CIC#1	CIC#1#chrX_6	2369037736	58475
CIC#1	CIC#1#chrXIV_2	2369096212	43755
CIC#1	CIC#1#chrXV_3	2369139968	68246
CIC#1	CIC#1#chrXV_5	2369208215	14412
CIC#1	CIC#1#chrXVI_13	2369222628	18266
CIC#1	CIC#1#chrXVI_11	2369240895	52532
CIC#1	CIC#1#chrXIV_12	2369293428	89376
CIC#1	CIC#1#chrVII_9	2369382805	475577
CIC#1	CIC#1#chrXVI_2	2369858383	31722
CIC#1	CIC#1#chrXVI_18	2369890106	37602
CIC#1	CIC#1#chrXVI_7	2369927709	7330
CIC#1	CIC#1#chrXV_7	2369935040	30691
CIC#1	CIC#1#chrXI_1	2369965732	261666
CIC#1	CIC#1#chrXVI_4	2370227399	17266
CIC#1	CIC#1#chrXV_20	2370244666	294073
CIC#1	CIC#1#chrIV_17	2370538740	59242
CIC#1	CIC#1#chrVI_3	2370597983	188713
CIC#1	CIC#1#chrX_5	2370786697	136121
CIC#1	CIC#1#chrXIV_11	2370922819	27821
CIC#1	CIC#1#chrXIII_5	2370950641	21836
CIC#1	CIC#1#chrX_1	2370972478	260653
CIC#1	CIC#1#chrXIII_15	2371233132	350974
CIC#1	CIC#1#chrIV_2	2371584107	153241
CIC#1	CIC#1#chrII_3	2371737349	73129
CIC#1	CIC#1#chrII_4	2371810479	84939
CIC#1	CIC#1#chrXII_12	2371895419	288661
CIC#1	CIC#1#chrII_6	2372184081	266863
CIC#1	CIC#1#chrIV_7	2372450945	18152
CIC#1	CIC#1#chrXIV_4	2372469098	264193
CIC#1	CIC#1#chrIV_14	2372733292	49036
CIC#1	CIC#1#chrXIII_12	2372782329	45857
CIC#1	CIC#1#chrVII_3	2372828187	51635
CIC#1	CIC#1#chrXVI_21	2372879823	37023
CIC#1	CIC#1#chrVIII_6	2372916847	54116
CIC#1	CIC#1#chrXII_1	2372970964	129694
CIC#1	CIC#1#chrXII_5	2373100659	30395
CIC#1	CIC#1#chrVIII_1	2373131055	67804
CIC#1	CIC#1#chrXII_4	2373198860	27488
CIC#1	CIC#1#chrXIV_7	2373226349	16153
CIC#1	CIC#1#chrXVI_23	2373242503	332585
CIC#1	CIC#1#chrIX_10	2373575089	82964
CIC#1	CIC#1#chrXV_4	2373658054	38568
CIC#1	CIC#1#chrV_1	2373696623	86116
CIC#1	CIC#1#chrXIII_1	2373782740	214318
CIC#1	CIC#1#chrIX_8	2373997059	35310
CIC#1	CIC#1#chrIII_3	2374032370	40177
CIC#1	CIC#1#chrXV_1	2374072548	228815
CIC#1	CIC#1#chrV_6	2374301364	244463
CIC#1	CIC#1#chrXIV_13	2374545828	126498
CIC#1	CIC#1#chrVI_1	2374672327	88023
CIC#1	CIC#1#chrIV_15	2374760351	40627
CIC#1	CIC#1#chrXI_10	2374800979	83506
CIC#1	CIC#1#chrXVI_14	2374884486	31599
CIC#1	CIC#1#chrX_9	2374916086	63990
CIC#1	CIC#1#chrXV_19	2374980077	36214
CIC#1	CIC#1#chrXIII_4	2375016292	32446
CIC#1	CIC#1#chrIV_16	2375048739	31435
CIC#1	CIC#1#chrIV_28	2375080175	22200
CIC#1	CIC#1#chrXII_8	2375102376	72835
CIC#1	CIC#1#chrXII_7	2375175212	32494
CIC#1	CIC#1#chrII_2	2375207707	34068
CIC#1	CIC#1#chrIV_22	2375241776	68534
CIC#1	CIC#1#chrXIII_9	2375310311	51369
CIC#1	CIC#1#chrI_1	2375361681	58478
CIC#1	CIC#1#chrXVI_10	2375420160	47687
CIC#1	CIC#1#chrII_1	2375467848	142981
CIC#1	CIC#1#chrIV_18	2375610830	24239
CIC#1	CIC#1#chrII_5	2375635070	14998
CIC#1	CIC#1#chrXI_3	2375650069	38089
CIC#1	CIC#1#chrXIII_3	2375688159	52307
CIC#1	CIC#1#chrIII_1	2375740467	159045
CIC#1	CIC#1#chrXI_12	2375899513	42726
CIC#1	CIC#1#chrIV_30	2375942240	40071
CIC#1	CIC#1#chrIX_9	2375982312	61598
CIC#1	CIC#1#chrXIV_1	2376043911	40807
CIC#1	CIC#1#chrXV_13	2376084719	43550
CIC#1	CIC#1#chrIX_3	2376128270	69597
CIC#1	CIC#1#chrIV_20	2376197868	39330
CIC#1	CIC#1#chrIV_26	2376237199	21956
CIC#1	CIC#1#chrIV_31	2376259156	49941
CIC#1	CIC#1#chrI_2	2376309098	41836
CIC#1	CIC#1#chrXVI_17	2376350935	21416
CIC#1	CIC#1#chrVIII_7	2376372352	70484
CIC#1	CIC#1#chrXI_11	2376442837	58745
CIC#1	CIC#1#chrVIII_5	2376501583	84142
CIC#1	CIC#1#chrIV_4	2376585726	34259
CIC#1	CIC#1#chrIV_32	2376619986	229961
CIC#1	CIC#1#chrX_10	2376849948	63233
CIC#1	CIC#1#chrVII_4	2376913182	61441
CIC#1	CIC#1#chrVII_5	2376974624	14342
CIC#1	CIC#1#chrX_8	2376988967	22021
CIC#1	CIC#1#chrXII_9	2377010989	35148
CIC#1	CIC#1#chrXVI_22	2377046138	31521
CIC#1	CIC#1#chrV_4	2377077660	36447
CIC#1	CIC#1#chrIV_13	2377114108	29724
CIC#1	CIC#1#chrIV_1	2377143833	185440
CIC#1	CIC#1#chrX_3	2377329274	39348
CIC#1	CIC#1#chrVII_8	2377368623	43115
CIC#1	CIC#1#chrXII_2	2377411739	24229
CIC#1	CIC#1#chrIX_7	2377435969	47267
CIC#1	CIC#1#chrXV_16	2377483237	31972
CIC#1	CIC#1#chrX_4	2377515210	31118
CIC#1	CIC#1#chrIV_29	2377546329	4087
CIC#1	CIC#1#chrIV_3	2377550417	6736
CIC#1	CIC#1#chrIX_4	2377557154	9230
CIC#1	CIC#1#chrIX_6	2377566385	7450
CIC#1	CIC#1#chrVII_6	2377573836	10000
CIC#1	CIC#1#chrVIII_2	2377583837	9630
CIC#1	CIC#1#chrXI_5	2377593468	6199
CIC#1	CIC#1#chrXI_9	2377599668	4447
CIC#1	CIC#1#chrXIII_10	2377604116	9109
CIC#1	CIC#1#chrXIII_13	2377613226	9274
CIC#1	CIC#1#chrXIII_7	2377622501	7645
CIC#1	CIC#1#chrXIV_10	2377630147	3627
CIC#1	CIC#1#chrXIV_6	2377633775	8735
CIC#1	CIC#1#chrXIV_8	2377642511	4430
CIC#1	CIC#1#chrXV_8	2377646942	14956
CIC#1	CIC#1#chrXVI_20	2377661899	13564
CIC#1	CIC#1#chrXVI_6	2377675464	3950
CIC#1	CIC#1#chrXVI_9	2377679415	16661
CIC#1	CIC#1#chrI_3	2377696077	58895
CIC#1	CIC#1#chrXI_6	2377754973	78956
CIC#1	CIC#1#chrXIV_3	2377833930	30441
CIC#1	CIC#1#chrXV_14	2377864372	21365
CIC#1	CIC#1#chrXVI_16	2377885738	32359
CIC#1	CIC#1#chrXVI_5	2377918098	51847
CIC#1	CIC#1#chrXV_15	2377969946	15861
CIC#1	CIC#1#chrIX_5	2377985808	33654
CIC#1	CIC#1#chrVII_7	2378019463	25155
CIC#1	CIC#1#chrXVI_1	2378044619	45952
CIC#1	CIC#1#chrVII_2	2378090572	27018
CIC#1	CIC#1#chrIV_9	2378117591	26813
CIC#1	CIC#1#chrXIV_9	2378144405	27614
CIC#1	CIC#1#chrXV_2	2378172020	33302
CIC#1	CIC#1#chrV_5	2378205323	23679
CIC#1	CIC#1#chrX_2	2378229003	33390
CIC#1	CIC#1#chrXV_17	2378262394	25048
CIC#1	CIC#1#chrXII_3	2378287443	17918
CIC#1	CIC#1#chrXIV_5	2378305362	25064
CIC#1	CIC#1#chrXIII_2	2378330427	26355
CIC#1	CIC#1#chrXVI_3	2378356783	14467
CIC#1	CIC#1#chrXIII_6	2378371251	10855
CIC#1	CIC#1#chrIV_23	2378382107	4476
CIC#1	CIC#1#chrXVI_8	2378386584	6429
CIC#1	CIC#1#chrXVI_12	2378393014	13840
CIC#1	CIC#1#chrXII_6	2378406855	13723
CIC#1	CIC#1#chrIV_6	2378420579	6999
CIC#1	CIC#1#chrVI_2	2378427579	6548
CIC#1	CIC#1#chrXI_2	2378434128	7614
CIC#1	CIC#1#chrIV_21	2378441743	21484
CIC#1	CIC#1#chrVIII_3	2378463228	3843
CIC#1	CIC#1#chrV_2	2378467072	53568
CIC#1	CIC#1#chrXV_11	2378520641	7284
CIC#1	CIC#1#chrXVI_19	2378527926	2264
CIC#1	CIC#1#chrXI_4	2378530191	13512
CIC#1	CIC#1#chrXIII_11	2378543704	18913
CIC#1	CIC#1#chrXI_8	2378562618	22180
CIC#1	CIC#1#chrXV_9	2378584799	8666
CIC#1	CIC#1#chrXV_6	2378593466	12264
CIC#1	CIC#1#chrIV_19	2378605731	11388
CIC#1	CIC#1#chrXIII_8	2378617120	9841
CIC#1	CIC#1#chrXV_18	2378626962	32391
CIC#1	CIC#1#chrXV_12	2378659354	20338
CIC#1	CIC#1#chrIII_4	2378679693	4442
CIC#1	CIC#1#chrIV_8	2378684136	13284
CIC#1	CIC#1#chrXV_10	2378697421	13742
CIC#1	CIC#1#chrXVI_15	2378711164	10851
CIC#1	CIC#1#chrXIII_14	2378722016	8610
CIC#1	CIC#1#chrX_7	2378730627	9544
CIC#2	CIC#2#chrI_1	2378740172	30518
CIC#2	CIC#2#chrIV_22	2378770691	3913
CIC#2	CIC#2#chrIV_17	2378774605	54960
CIC#2	CIC#2#chrIV_19	2378829566	21973
CIC#2	CIC#2#chrIV_18	2378851540	43822
CIC#2	CIC#2#chrIV_23	2378895363	120947
CIC#2	CIC#2#chrIV_20	2379016311	62276
CIC#2	CIC#2#chrV_7	2379078588	25171
CIC#2	CIC#2#chrIV_7	2379103760	12723
CIC#2	CIC#2#chrVII_13	2379116484	7486
CIC#2	CIC#2#chrIX_8	2379123971	12470
CIC#2	CIC#2#chrIV_15	2379136442	23049
CIC#2	CIC#2#chrVI_2	2379159492	69197
CIC#2	CIC#2#chrX_3	2379228690	13838
CIC#2	CIC#2#chrX_4	2379242529	18173
CIC#2	CIC#2#chrXI_1	2379260703	50300
CIC#2	CIC#2#chrXII_7	2379311004	27059
CIC#2	CIC#2#chrXI_3	2379338064	11189
CIC#2	CIC#2#chrX_8	2379349254	62854
CIC#2	CIC#2#chrXIV_1	2379412109	8355
CIC#2	CIC#2#chrXIV_17	2379420465	18713
CIC#2	CIC#2#chrX_1	2379439179	220319
CIC#2	CIC#2#chrX_9	2379659499	59778
CIC#2	CIC#2#chrXV_15	2379719278	17892
CIC#2	CIC#2#chrXII_14	2379737171	82453
CIC#2	CIC#2#chrXV_9	2379819625	31538
CIC#2	CIC#2#chrXII_12	2379851164	186504
CIC#2	CIC#2#chrXIV_13	2380037669	164441
CIC#2	CIC#2#chrXIII_4	2380202111	98613
CIC#2	CIC#2#chrXVI_1	2380300725	117754
CIC#2	CIC#2#chrXIII_8	2380418480	346424
CIC#2	CIC#2#chrIV_2	2380764905	121511
CIC#2	CIC#2#chrII_2	2380886417	124917
CIC#2	CIC#2#chrXII_16	2381011335	196230
CIC#2	CIC#2#chrII_8	2381207566	209930
CIC#2	CIC#2#chrIV_8	2381417497	70677
CIC#2	CIC#2#chrXIV_7	2381488175	179791
CIC#2	CIC#2#chrII_3	2381667967	49241
CIC#2	CIC#2#chrVII_1	2381717209	61195
CIC#2	CIC#2#chrXIII_6	2381778405	48979
CIC#2	CIC#2#chrX_12	2381827385	56388
CIC#2	CIC#2#chrVII_4	2381883774	50674
CIC#2	CIC#2#chrXVI_13	2381934449	101387
CIC#2	CIC#2#chrVII_17	2382035837	190133
CIC#2	CIC#2#chrVIII_8	2382225971	59544
CIC#2	CIC#2#chrXIII_2	2382285516	94903
CIC#2	CIC#2#chrIV_11	2382380420	78806
CIC#2	CIC#2#chrXII_8	2382459227	40919
CIC#2	CIC#2#chrV_3	2382500147	49947
CIC#2	CIC#2#chrVIII_1	2382550095	78428
CIC#2	CIC#2#chrIV_6	2382628524	28121
CIC#2	CIC#2#chrIV_10	2382656646	40311
CIC#2	CIC#2#chrXV_10	2382696958	28549
CIC#2	CIC#2#chrXVI_14	2382725508	163423
CIC#2	CIC#2#chrIX_9	2382888932	26411
CIC#2	CIC#2#chrV_1	2382915344	106343
CIC#2	CIC#2#chrXV_7	2383021688	42941
CIC#2	CIC#2#chrXVI_15	2383064630	32639
CIC#2	CIC#2#chrI_2	2383097270	45291
CIC#2	CIC#2#chrVII_16	2383142562	182525
CIC#2	CIC#2#chrXIII_1	2383325088	218658
CIC#2	CIC#2#chrXIV_10	2383543747	66291
CIC#2	CIC#2#chrIX_7	2383610039	77851
CIC#2	CIC#2#chrIII_4	2383687891	153934
CIC#2	CIC#2#chrV_6	2383841826	24789
CIC#2	CIC#2#chrXV_2	2383866616	151483
CIC#2	CIC#2#chrV_9	2384018100	141825
CIC#2	CIC#2#chrXV_1	2384159926	25703
CIC#2	CIC#2#chrXIV_15	2384185630	60391
CIC#2	CIC#2#chrXII_2	2384246022	59674
CIC#2	CIC#2#chrX_2	2384305697	40557
CIC#2	CIC#2#chrXV_5	2384346255	49916
CIC#2	CIC#2#chrXVI_16	2384396172	61255
CIC#2	CIC#2#chrXI_13	2384457428	30596
CIC#2	CIC#2#chrXVI_5	2384488025	63174
CIC#2	CIC#2#chrVI_1	2384551200	102528
CIC#2	CIC#2#chrVII_3	2384653729	208066
CIC#2	CIC#2#chrIV_13	2384861796	65009
CIC#2	CIC#2#chrXV_21	2384926806	67229
CIC#2	CIC#2#chrXVI_9	2384994036	19982
CIC#2	CIC#2#chrXV_6	2385014019	45361
CIC#2	CIC#2#chrXII_6	2385059381	13220
CIC#2	CIC#2#chrX_14	2385072602	130022
CIC#2	CIC#2#chrXV_18	2385202625	22009
CIC#2	CIC#2#chrXVI_17	2385224635	35878
CIC#2	CIC#2#chrXII_9	2385260514	53350
CIC#2	CIC#2#chrXI_2	2385313865	167738
CIC#2	CIC#2#chrII_9	2385481604	161024
CIC#2	CIC#2#chrXVI_12	2385642629	37417
CIC#2	CIC#2#chrXVI_10	2385680047	31028
CIC#2	CIC#2#chrVIII_5	2385711076	94828
CIC#2	CIC#2#chrXV_22	2385805905	159889
CIC#2	CIC#2#chrII_1	2385965795	147078
CIC#2	CIC#2#chrXIII_5	2386112874	39751
CIC#2	CIC#2#chrIV_16	2386152626	58661
CIC#2	CIC#2#chrX_11	2386211288	31572
CIC#2	CIC#2#chrVII_15	2386242861	65169
CIC#2	CIC#2#chrVIII_4	2386308031	76017
CIC#2	CIC#2#chrIV_24	2386384049	76026
CIC#2	CIC#2#chrXVI_7	2386460076	19754
CIC#2	CIC#2#chrXIV_2	2386479831	22949
CIC#2	CIC#2#chrXV_11	2386502781	38959
CIC#2	CIC#2#chrXIV_3	2386541741	31106
CIC#2	CIC#2#chrVII_10	2386572848	33172
CIC#2	CIC#2#chrIX_2	2386606021	81099
CIC#2	CIC#2#chrI_3	2386687121	67393
CIC#2	CIC#2#chrVIII_9	2386754515	57580
CIC#2	CIC#2#chrVIII_2	2386812096	39730
CIC#2	CIC#2#chrXI_9	2386851827	20797
CIC#2	CIC#2#chrXI_17	2386872625	56329
CIC#2	CIC#2#chrVIII_7	2386928955	71725
CIC#2	CIC#2#chrIV_5	2387000681	15981
CIC#2	CIC#2#chrXV_20	2387016663	23494
CIC#2	CIC#2#chrVI_4	2387040158	68699
CIC#2	CIC#2#chrIV_26	2387108858	167272
CIC#2	CIC#2#chrVII_2	2387276131	38285
CIC#2	CIC#2#chrXI_15	2387314417	30961
CIC#2	CIC#2#chrXII_11	2387345379	85394
CIC#2	CIC#2#chrXVI_3	2387430774	34369
CIC#2	CIC#2#chrXV_14	2387465144	48530
CIC#2	CIC#2#chrIV_1	2387513675	169941
CIC#2	CIC#2#chrX_6	2387683617	33753
CIC#2	CIC#2#chrVII_9	2387717371	21139
CIC#2	CIC#2#chrXIV_16	2387738511	31227
CIC#2	CIC#2#chrIX_10	2387769739	37094
CIC#2	CIC#2#chrIX_6	2387806834	39774
CIC#2	CIC#2#chrV_10	2387846609	117117
CIC#2	CIC#2#chrXIV_6	2387963727	36966
CIC#2	CIC#2#chrXV_17	2388000694	27576
CIC#2	CIC#2#chrIV_21	2388028271	1757
CIC#2	CIC#2#chrIV_3	2388030029	7403
CIC#2	CIC#2#chrIX_5	2388037433	10117
CIC#2	CIC#2#chrVI_3	2388047551	21926
CIC#2	CIC#2#chrVII_14	2388069478	10182
CIC#2	CIC#2#chrVII_6	2388079661	10776
CIC#2	CIC#2#chrX_10	2388090438	3812
CIC#2	CIC#2#chrXI_4	2388094251	3968
CIC#2	CIC#2#chrXII_17	2388098220	12458
CIC#2	CIC#2#chrXIII_3	2388110679	2805
CIC#2	CIC#2#chrXVI_4	2388113485	9593
CIC#2	CIC#2#chrXI_12	2388123079	37415
CIC#2	CIC#2#chrXI_10	2388160495	50968
CIC#2	CIC#2#chrXI_18	2388211464	32487
CIC#2	CIC#2#chrXV_13	2388243952	31063
CIC#2	CIC#2#chrXVI_11	2388275016	23733
CIC#2	CIC#2#chrIII_3	2388298750	30260
CIC#2	CIC#2#chrIV_9	2388329011	26038
CIC#2	CIC#2#chrIX_1	2388355050	36455
CIC#2	CIC#2#chrIV_25	2388391506	40527
CIC#2	CIC#2#chrXVI_6	2388432034	15332
CIC#2	CIC#2#chrXII_3	2388447367	34684
CIC#2	CIC#2#chrVII_8	2388482052	24453
CIC#2	CIC#2#chrXII_18	2388506506	16514
CIC#2	CIC#2#chrXII_10	2388523021	18491
CIC#2	CIC#2#chrXIV_9	2388541513	28662
CIC#2	CIC#2#chrV_8	2388570176	19124
CIC#2	CIC#2#chrXV_16	2388589301	30836
CIC#2	CIC#2#chrXVI_8	2388620138	28395
CIC#2	CIC#2#chrXII_19	2388648534	28352
CIC#2	CIC#2#chrIII_1	2388676887	49453
CIC#2	CIC#2#chrXIII_7	2388726341	27980
CIC#2	CIC#2#chrXI_11	2388754322	31328
CIC#2	CIC#2#chrXII_5	2388785651	19397
CIC#2	CIC#2#chrVII_7	2388805049	17016
CIC#2	CIC#2#chrXIV_5	2388822066	17422
CIC#2	CIC#2#chrVII_5	2388839489	9806
CIC#2	CIC#2#chrXIV_8	2388849296	12107
CIC#2	CIC#2#chrI_4	2388861404	33155
CIC#2	CIC#2#chrXI_16	2388894560	12709
CIC#2	CIC#2#chrXI_8	2388907270	7449
CIC#2	CIC#2#chrXIV_4	2388914720	15808
CIC#2	CIC#2#chrXIV_12	2388930529	9401
CIC#2	CIC#2#chrVIII_6	2388939931	9369
CIC#2	CIC#2#chrXV_8	2388949301	14222
CIC#2	CIC#2#chrV_2	2388963524	18638
CIC#2	CIC#2#chrX_5	2388982163	9588
CIC#2	CIC#2#chrX_13	2388991752	20837
CIC#2	CIC#2#chrII_7	2389012590	25714
CIC#2	CIC#2#chrXV_3	2389038305	13355
CIC#2	CIC#2#chrXII_13	2389051661	9627
CIC#2	CIC#2#chrVII_12	2389061289	12730
CIC#2	CIC#2#chrXVI_2	2389074020	10218
CIC#2	CIC#2#chrXI_6	2389084239	3550
CIC#2	CIC#2#chrXII_1	2389087790	40353
CIC#2	CIC#2#chrII_6	2389128144	11681
CIC#2	CIC#2#chrXV_4	2389139826	34525
CIC#2	CIC#2#chrXV_19	2389174352	10794
CIC#2	CIC#2#chrIV_12	2389185147	17566
CIC#2	CIC#2#chrIX_4	2389202714	12305
CIC#2	CIC#2#chrXI_14	2389215020	25822
CIC#2	CIC#2#chrXI_5	2389240843	9240
CIC#2	CIC#2#chrXIV_14	2389250084	8325
CIC#2	CIC#2#chrXI_7	2389258410	9214
CIC#2	CIC#2#chrIX_3	2389267625	17002
CIC#2	CIC#2#chrIV_4	2389284628	13996
CIC#2	CIC#2#chrIII_2	2389298625	22075
CIC#2	CIC#2#chrX_7	2389320701	9300
CIC#2	CIC#2#chrV_5	2389330002	12420
CIC#2	CIC#2#chrII_5	2389342423	13459
CIC#2	CIC#2#chrXII_15	2389355883	6165
CIC#2	CIC#2#chrXIV_11	2389362049	16960
CIC#2	CIC#2#chrVIII_3	2389379010	22728
CIC#2	CIC#2#chrV_4	2389401739	14930
CIC#2	CIC#2#chrIV_14	2389416670	9338
CIC#2	CIC#2#chrXV_12	2389426009	12727
CIC#2	CIC#2#chrII_4	2389438737	10005
CIC#2	CIC#2#chrXII_4	2389448743	15665
CIC#2	CIC#2#chrVII_11	2389464409	12610
CIH#0	CIH#0#chrVIII	2389477020	558975
CIH#0	CIH#0#chrIII	2390035996	318177
CIH#0	CIH#0#chrIV	2390354174	866846
CIH#0	CIH#0#chrII	2391221021	793139
CIH#0	CIH#0#chrXI	2392014161	680100
CIH#0	CIH#0#chrXIV	2392694262	798708
CIH#0	CIH#0#chrV	2393492971	578532
CIH#0	CIH#0#chrVII	2394071504	1072585
CIH#0	CIH#0#chrXIII	2395144090	928113
CIH#0	CIH#0#chrX	2396072204	736373
CIH#0	CIH#0#chrXVI	2396808578	893274
CIH#0	CIH#0#chrXII	2397701853	91198
CIH#0	CIH#0#chrXV	2397793052	1044135
CIH#0	CIH#0#chrXII_chrIV	2398837188	1619062
CIH#0	CIH#0#chrIX	2400456251	421451
CIH#0	CIH#0#chrI	2400877703	243124
CIH#0	CIH#0#chrVI	2401120828	273730
CIH#0	CIH#0#chrMT	2401394559	78582
CIH#1	CIH#1#chrI_1	2401473142	170624
CIH#1	CIH#1#chrII_2	2401643767	478678
CIH#1	CIH#1#chrII_1	2402122446	315192
CIH#1	CIH#1#chrIV_3	2402437639	133494
CIH#1	CIH#1#chrIV_2	2402571134	440534
CIH#1	CIH#1#chrIII	2403011669	316661
CIH#1	CIH#1#chrVI_2	2403328331	118406
CIH#1	CIH#1#chrIX	2403446738	435185
CIH#1	CIH#1#chrVII_7	2403881924	311901
CIH#1	CIH#1#chrXI_2	2404193826	65648
CIH#1	CIH#1#chrV_1	2404259475	153444
CIH#1	CIH#1#chrXII_4	2404412920	6208
CIH#1	CIH#1#chrVIII_chrXII	2404419129	340885
CIH#1	CIH#1#chrXIII_2	2404760015	86823
CIH#1	CIH#1#chrXII_6	2404846839	273515
CIH#1	CIH#1#chrXIII_1	2405120355	375479
CIH#1	CIH#1#chrXII_2	2405495835	220282
CIH#1	CIH#1#chrX_2	2405716118	695237
CIH#1	CIH#1#chrIV_4	2406411356	514693
CIH#1	CIH#1#chrXII_1	2406926050	61380
CIH#1	CIH#1#chrXII_5	2406987431	303786
CIH#1	CIH#1#chrV_2	2407291218	319052
CIH#1	CIH#1#chrVIII_1	2407610271	129633
CIH#1	CIH#1#chrIV_1	2407739905	419543
CIH#1	CIH#1#chrXIII_3	2408159449	452362
CIH#1	CIH#1#chrXIV_4	2408611812	73081
CIH#1	CIH#1#chrXIV_2	2408684894	429376
CIH#1	CIH#1#chrXVI	2409114271	900969
CIH#1	CIH#1#chrXV	2410015241	1054486
CIH#1	CIH#1#chrVII_8	2411069728	96277
CIH#1	CIH#1#chrXIV_5	2411166006	156182
CIH#1	CIH#1#chrVII_6	2411322189	96046
CIH#1	CIH#1#chrXI_3	2411418236	216692
CIH#1	CIH#1#chrVI_1	2411634929	147910
CIH#1	CIH#1#chrVII_2	2411782840	93340
CIH#1	CIH#1#chrXI_1	2411876181	404077
CIH#1	CIH#1#chrVII_3	2412280259	120768
CIH#1	CIH#1#chrVIII_2	2412401028	110602
CIH#1	CIH#1#chrXIV_1	2412511631	84488
CIH#1	CIH#1#chrVII_5	2412596120	130773
CIH#1	CIH#1#chrVIII_3	2412726894	58550
CIH#1	CIH#1#chrVII_4	2412785445	31353
CIH#1	CIH#1#chrVII_1	2412816799	199717
CIH#1	CIH#1#chrXII_3	2413016517	97568
CIH#1	CIH#1#chrV_3	2413114086	131691
CIH#1	CIH#1#chrI_2	2413245778	5327
CIH#1	CIH#1#chrX_1	2413251106	53071
CIH#1	CIH#1#chrXIV_3	2413304178	46685
CIH#1	CIH#1#chrI_3	2413350864	50555
CIH#2	CIH#2#chrII_2	2413401420	31580
CIH#2	CIH#2#chrIV_11	2413433001	32686
CIH#2	CIH#2#chrIV_4	2413465688	53695
CIH#2	CIH#2#chrIV_8	2413519384	14823
CIH#2	CIH#2#chrV_4	2413534208	60442
CIH#2	CIH#2#chrII_3	2413594651	275028
CIH#2	CIH#2#chrIV_6	2413869680	135350
CIH#2	CIH#2#chrIX_2	2414005031	13318
CIH#2	CIH#2#chrIV_2	2414018350	337238
CIH#2	CIH#2#chrV_2	2414355589	185122
CIH#2	CIH#2#chrVII_3	2414540712	43892
CIH#2	CIH#2#chrVII_5	2414584605	161692
CIH#2	CIH#2#chrVIII_7	2414746298	23461
CIH#2	CIH#2#chrVIII_1	2414769760	34217
CIH#2	CIH#2#chrIV_1	2414803978	634530
CIH#2	CIH#2#chrXII_11	2415438509	23999
CIH#2	CIH#2#chrX_1	2415462509	224260
CIH#2	CIH#2#chrXII_3	2415686770	197580
CIH#2	CIH#2#chrXII_7	2415884351	77892
CIH#2	CIH#2#chrXIII_3	2415962244	290731
CIH#2	CIH#2#chrXIV_5	2416252976	77059
CIH#2	CIH#2#chrXIV_2	2416330036	432171
CIH#2	CIH#2#chrXV_4	2416762208	334929
CIH#2	CIH#2#chrXVI_5	2417097138	86778
CIH#2	CIH#2#chrXVI_6	2417183917	206749
CIH#2	CIH#2#chrXIII_1	2417390667	347863
CIH#2	CIH#2#chrIX_3	2417738531	393619
CIH#2	CIH#2#chrX_4	2418132151	201246
CIH#2	CIH#2#chrV_1	2418333398	135401
CIH#2	CIH#2#chrVIII_2	2418468800	110276
CIH#2	CIH#2#chrII_4	2418579077	333159
CIH#2	CIH#2#chrX_2	2418912237	113120
CIH#2	CIH#2#chrI_1	2419025358	168987
CIH#2	CIH#2#chrX_3	2419194346	177066
CIH#2	CIH#2#chrXII_1	2419371413	82022
CIH#2	CIH#2#chrVIII_5	2419453436	252022
CIH#2	CIH#2#chrXIII_2	2419705459	116022
CIH#2	CIH#2#chrIII	2419821482	304321
CIH#2	CIH#2#chrXV_2	2420125804	141097
CIH#2	CIH#2#chrXV_1	2420266902	56999
CIH#2	CIH#2#chrXIV_6	2420323902	91634
CIH#2	CIH#2#chrXV_3	2420415537	143901
CIH#2	CIH#2#chrV_5	2420559439	43394
CIH#2	CIH#2#chrXVI_10	2420602834	92292
CIH#2	CIH#2#chrIV_3	2420695127	179991
CIH#2	CIH#2#chrXI_4	2420875119	438838
CIH#2	CIH#2#chrXVI_2	2421313958	135799
CIH#2	CIH#2#chrVI_2	2421449758	116147
CIH#2	CIH#2#chrVI_1	2421565906	149810
CIH#2	CIH#2#chrVII_2	2421715717	202404
CIH#2	CIH#2#chrXV_5	2421918122	144672
CIH#2	CIH#2#chrXVI_3	2422062795	86417
CIH#2	CIH#2#chrXII_10	2422149213	239076
CIH#2	CIH#2#chrXII_8	2422388290	123764
CIH#2	CIH#2#chrXI_1	2422512055	177793
CIH#2	CIH#2#chrXVI_4	2422689849	100529
CIH#2	CIH#2#chrXVI_9	2422790379	67092
CIH#2	CIH#2#chrXV_6	2422857472	79399
CIH#2	CIH#2#chrXIII_5	2422936872	128515
CIH#2	CIH#2#chrXV_7	2423065388	29820
CIH#2	CIH#2#chrII_1	2423095209	164148
CIH#2	CIH#2#chrVIII_3	2423259358	102028
CIH#2	CIH#2#chrXVI_1	2423361387	135967
CIH#2	CIH#2#chrXIV_7	2423497355	56284
CIH#2	CIH#2#chrVII_1	2423553640	209697
CIH#2	CIH#2#chrVII_7	2423763338	186583
CIH#2	CIH#2#chrXIV_1	2423949922	93000
CIH#2	CIH#2#chrVII_4	2424042923	163409
CIH#2	CIH#2#chrXIII_4	2424206333	23910
CIH#2	CIH#2#chrIV_5	2424230244	74610
CIH#2	CIH#2#chrXI_2	2424304855	38560
CIH#2	CIH#2#chrVIII_6	2424343416	28480
CIH#2	CIH#2#chrXV_10	2424371897	65824
CIH#2	CIH#2#chrXII_4	2424437722	70091
CIH#2	CIH#2#chrVII_6	2424507814	100424
CIH#2	CIH#2#chrV_8	2424608239	94088
CIH#2	CIH#2#chrIV_7	2424702328	16576
CIH#2	CIH#2#chrXII_5	2424718905	30592
CIH#2	CIH#2#chrXII_9	2424749498	94048
CIH#2	CIH#2#chrV_7	2424843547	24315
CIH#2	CIH#2#chrXII_2	2424867863	84233
CIH#2	CIH#2#chrXIV_3	2424952097	33063
CIH#2	CIH#2#chrXIV_4	2424985161	22692
CIH#2	CIH#2#chrI_2	2425007854	23554
CIH#2	CIH#2#chrVIII_4	2425031409	13114
CIH#2	CIH#2#chrV_3	2425044524	5885
CIH#2	CIH#2#chrXII_6	2425050410	36227
CIH#2	CIH#2#chrIV_9	2425086638	4419
CIH#2	CIH#2#chrIX_1	2425091058	17378
CIH#2	CIH#2#chrIV_10	2425108437	8219
CIH#2	CIH#2#chrXI_3	2425116657	3618
CIH#2	CIH#2#chrV_6	2425120276	12578
CIH#2	CIH#2#chrXVI_7	2425132855	8628
CIH#2	CIH#2#chrXV_8	2425141484	31956
CIH#2	CIH#2#chrVII_8	2425173441	8055
CIH#2	CIH#2#chrXV_9	2425181497	3178
CIH#2	CIH#2#chrXVI_8	2425184676	3840
CKB#0	CKB#0#chrVI	2425188517	245427
CKB#0	CKB#0#chrV	2425433945	565129
CKB#0	CKB#0#chrVIII	2425999075	523476
CKB#0	CKB#0#chrII	2426522552	793264
CKB#0	CKB#0#chrI	2427315817	200413
CKB#0	CKB#0#chrX	2427516231	731213
CKB#0	CKB#0#chrIII	2428247445	316745
CKB#0	CKB#0#chrIX	2428564191	420383
CKB#0	CKB#0#chrVII	2428984575	1058784
CKB#0	CKB#0#chrXIII	2430043360	909873
CKB#0	CKB#0#chrXII	2430953234	1106452
CKB#0	CKB#0#chrXIV	2432059687	790645
CKB#0	CKB#0#chrXI	2432850333	668885
CKB#0	CKB#0#chrXV	2433519219	1054815
CKB#0	CKB#0#chrXVI	2434574035	937385
CKB#0	CKB#0#chrIV	2435511421	1515694
CKB#0	CKB#0#chrMT	2437027116	84009
CKB#1	CKB#1#chrI	2437111126	200311
CKB#1	CKB#1#chrVI	2437311438	245341
CKB#1	CKB#1#chrII	2437556780	793284
CKB#1	CKB#1#chrIII	2438350065	308738
CKB#1	CKB#1#chrIX	2438658804	425740
CKB#1	CKB#1#chrV	2439084545	474274
CKB#1	CKB#1#chrX	2439558820	609853
CKB#1	CKB#1#chrXIV	2440168674	758875
CKB#1	CKB#1#chrXII	2440927550	1133672
CKB#1	CKB#1#chrXIII	2442061223	909666
CKB#1	CKB#1#chrVII	2442970890	1051745
CKB#1	CKB#1#chrIV	2444022636	1515635
CKB#1	CKB#1#chrXV	2445538272	1054869
CKB#1	CKB#1#chrXI	2446593142	660389
CKB#1	CKB#1#chrXVI	2447253532	931416
CKB#1	CKB#1#chrVIII_2	2448184949	289076
CKB#1	CKB#1#chrVIII_1	2448474026	149687
CKB#2	CKB#2#chrIV_2	2448623714	450548
CKB#2	CKB#2#chrVII_3	2449074263	63418
CKB#2	CKB#2#chrIV_1	2449137682	816308
CKB#2	CKB#2#chrVI	2449953991	245310
CKB#2	CKB#2#chrVII_2	2450199302	335308
CKB#2	CKB#2#chrVII_4	2450534611	123540
CKB#2	CKB#2#chrII	2450658152	753402
CKB#2	CKB#2#chrVIII	2451411555	480103
CKB#2	CKB#2#chrXV_2	2451891659	204690
CKB#2	CKB#2#chrXI_2	2452096350	112872
CKB#2	CKB#2#chrXI_3	2452209223	229272
CKB#2	CKB#2#chrXIV_2	2452438496	597330
CKB#2	CKB#2#chrXVI_2	2453035827	485796
CKB#2	CKB#2#chrXV_1	2453521624	538872
CKB#2	CKB#2#chrXII	2454060497	1079028
CKB#2	CKB#2#chrXIII	2455139526	909738
CKB#2	CKB#2#chrX	2456049265	730227
CKB#2	CKB#2#chrIII	2456779493	317083
CKB#2	CKB#2#chrIX	2457096577	391465
CKB#2	CKB#2#chrXVI_3	2457488043	139522
CKB#2	CKB#2#chrV	2457627566	500825
CKB#2	CKB#2#chrXI_1	2458128392	174858
CKB#2	CKB#2#chrXVI_4	2458303251	78616
CKB#2	CKB#2#chrI	2458381868	179166
CKB#2	CKB#2#chrXVI_1	2458561035	159460
CKB#2	CKB#2#chrVII_5	2458720496	259799
CKB#2	CKB#2#chrXIV_1	2458980296	169388
CKB#2	CKB#2#chrIV_3	2459149685	155115
CKB#2	CKB#2#chrVII_1	2459304801	200364
CL216#0	CL216#0#chrI	2459505166	213129
CL216#0	CL216#0#chrMT	2459718296	64362
CL216#0	CL216#0#chrVI	2459782659	263328
CL216#0	CL216#0#chrVII	2460045988	1048305
CL216#0	CL216#0#chrV	2461094294	576311
CL216#0	CL216#0#chrIV	2461670606	985514
CL216#0	CL216#0#chrXIV	2462656121	767467
CL216#0	CL216#0#chrXV	2463423589	745113
CL216#0	CL216#0#chrXII	2464168703	1048621
CL216#0	CL216#0#chrXVI	2465217325	909444
CL216#0	CL216#0#chrX	2466126770	759789
CL216#0	CL216#0#chrII	2466886560	1275346
CL216#0	CL216#0#chrXIII	2468161907	959464
CL216#0	CL216#0#chrIII	2469121372	307142
CL216#0	CL216#0#chrVIII	2469428515	829951
CL216#0	CL216#0#chrIX	2470258467	412852
CL216#0	CL216#0#chrXI	2470671320	645726
CL450#0	CL450#0#chrI	2471317047	218241
CL450#0	CL450#0#chrII	2471535289	1291268
CL450#0	CL450#0#chrVIII	2472826558	839930
CL450#0	CL450#0#chrXII	2473666489	1066658
CL450#0	CL450#0#chrXVI	2474733148	923842
CL450#0	CL450#0#chrXIV	2475656991	772198
CL450#0	CL450#0#chrVII	2476429190	1047924
CL450#0	CL450#0#chrIII	2477477115	307681
CL450#0	CL450#0#chrVI	2477784797	264996
CL450#0	CL450#0#chrXI	2478049794	644390
CL450#0	CL450#0#chrIV	2478694185	987619
CL450#0	CL450#0#chrX	2479681805	751465
CL450#0	CL450#0#chrV	2480433271	591934
CL450#0	CL450#0#chrMT	2481025206	65766
CL450#0	CL450#0#chrXV	2481090973	745138
CL450#0	CL450#0#chrIX	2481836112	426941
CL450#0	CL450#0#chrXIII	2482263054	959766
CLL#0	CLL#0#chrI	2483222821	227473
CLL#0	CLL#0#chrIV	2483450295	1417652
CLL#0	CLL#0#chrVIII	2484867948	530418
CLL#0	CLL#0#chrVII_chrIV	2485398367	1169387
CLL#0	CLL#0#chrIII	2486567755	320635
CLL#0	CLL#0#chrXIII	2486888391	934748
CLL#0	CLL#0#chrX	2487823140	726082
CLL#0	CLL#0#chrXII	2488549223	1044232
CLL#0	CLL#0#chrXIV	2489593456	788784
CLL#0	CLL#0#chrII	2490382241	758966
CLL#0	CLL#0#chrXV	2491141208	1061646
CLL#0	CLL#0#chrIX	2492202855	443474
CLL#0	CLL#0#chrXVI	2492646330	913377
CLL#0	CLL#0#chrV	2493559708	605936
CLL#0	CLL#0#chrXI	2494165645	675264
CLL#0	CLL#0#chrVI	2494840910	296851
CLL#0	CLL#0#chrMT	2495137762	81911
CLL#1	CLL#1#chrII_1	2495219674	220743
CLL#1	CLL#1#chrIII	2495440418	269560
CLL#1	CLL#1#chrIV	2495709979	1417640
CLL#1	CLL#1#chrIX	2497127620	443480
CLL#1	CLL#1#chrVII_1	2497571101	403658
CLL#1	CLL#1#chrXII_1	2497974760	477731
CLL#1	CLL#1#chrXI	2498452492	673889
CLL#1	CLL#1#chrX	2499126382	729188
CLL#1	CLL#1#chrV	2499855571	605850
CLL#1	CLL#1#chrVIII	2500461422	540951
CLL#1	CLL#1#chrXIII_2	2501002374	545747
CLL#1	CLL#1#chrII_7	2501548122	100009
CLL#1	CLL#1#chrXIII_1	2501648132	374214
CLL#1	CLL#1#chrXVI_3	2502022347	479765
CLL#1	CLL#1#chrXVI_2	2502502113	315885
CLL#1	CLL#1#chrXIV	2502817999	788791
CLL#1	CLL#1#chrI	2503606791	219308
CLL#1	CLL#1#chrXV	2503826100	988942
CLL#1	CLL#1#chrXVI_1	2504815043	114843
CLL#1	CLL#1#chrVI	2504929887	296951
CLL#1	CLL#1#chrII_4	2505226839	54639
CLL#1	CLL#1#chrXII_2	2505281479	591325
CLL#1	CLL#1#chrII_6	2505872805	124705
CLL#1	CLL#1#chrVII_chrIV	2505997511	660295
CLL#1	CLL#1#chrII_2	2506657807	87617
CLL#1	CLL#1#chrVII_2	2506745425	100590
CLL#1	CLL#1#chrII_5	2506846016	118746
CLL#1	CLL#1#chrII_8	2506964763	54313
CLL#1	CLL#1#chrII_3	2507019077	16965
CLL#2	CLL#2#chrII_2	2507036043	33680
CLL#2	CLL#2#chrIV_11	2507069724	139455
CLL#2	CLL#2#chrII_4	2507209180	119013
CLL#2	CLL#2#chrIV_2	2507328194	165890
CLL#2	CLL#2#chrIV_1	2507494085	40651
CLL#2	CLL#2#chrIV_12	2507534737	91347
CLL#2	CLL#2#chrV_7	2507626085	40757
CLL#2	CLL#2#chrIV_9	2507666843	124314
CLL#2	CLL#2#chrI_1	2507791158	115283
CLL#2	CLL#2#chrVI_3	2507906442	60802
CLL#2	CLL#2#chrVII_1	2507967245	56573
CLL#2	CLL#2#chrVIII_3	2508023819	173155
CLL#2	CLL#2#chrXII_1	2508196975	39475
CLL#2	CLL#2#chrVIII_2	2508236451	236858
CLL#2	CLL#2#chrXII_7	2508473310	87332
CLL#2	CLL#2#chrXII_2	2508560643	87165
CLL#2	CLL#2#chrXII_8	2508647809	48162
CLL#2	CLL#2#chrX_2	2508695972	618925
CLL#2	CLL#2#chrXII_9	2509314898	332066
CLL#2	CLL#2#chrXII_4	2509646965	211122
CLL#2	CLL#2#chrXIII_3	2509858088	70688
CLL#2	CLL#2#chrVII_2	2509928777	445433
CLL#2	CLL#2#chrXV_2	2510374211	92910
CLL#2	CLL#2#chrXV_7	2510467122	262245
CLL#2	CLL#2#chrXVI_2	2510729368	325782
CLL#2	CLL#2#chrXIII_1	2511055151	590535
CLL#2	CLL#2#chrIII	2511645687	309288
CLL#2	CLL#2#chrXIV_4	2511954976	227735
CLL#2	CLL#2#chrII_1	2512182712	132756
CLL#2	CLL#2#chrII_3	2512315469	430611
CLL#2	CLL#2#chrV_3	2512746081	221257
CLL#2	CLL#2#chrIV_4	2512967339	64132
CLL#2	CLL#2#chrXVI_1	2513031472	181896
CLL#2	CLL#2#chrVI_2	2513213369	53013
CLL#2	CLL#2#chrXIV_2	2513266383	409781
CLL#2	CLL#2#chrXIII_2	2513676165	187020
CLL#2	CLL#2#chrV_4	2513863186	68165
CLL#2	CLL#2#chrXI_9	2513931352	157721
CLL#2	CLL#2#chrV_1	2514089074	47353
CLL#2	CLL#2#chrXI_6	2514136428	60188
CLL#2	CLL#2#chrIV_7	2514196617	60911
CLL#2	CLL#2#chrIV_8	2514257529	17269
CLL#2	CLL#2#chrIX_6	2514274799	48099
CLL#2	CLL#2#chrVII_3	2514322899	80059
CLL#2	CLL#2#chrIV_6	2514402959	66464
CLL#2	CLL#2#chrXI_5	2514469424	24828
CLL#2	CLL#2#chrVII_6	2514494253	173024
CLL#2	CLL#2#chrVI_1	2514667278	91854
CLL#2	CLL#2#chrIV_5	2514759133	107512
CLL#2	CLL#2#chrXI_1	2514866646	27423
CLL#2	CLL#2#chrXIV_1	2514894070	90295
CLL#2	CLL#2#chrIX_5	2514984366	105050
CLL#2	CLL#2#chrXV_4	2515089417	241187
CLL#2	CLL#2#chrXVI_5	2515330605	31737
CLL#2	CLL#2#chrIV_10	2515362343	83339
CLL#2	CLL#2#chrVIII_1	2515445683	55726
CLL#2	CLL#2#chrIV_13	2515501410	43805
CLL#2	CLL#2#chrXI_4	2515545216	102652
CLL#2	CLL#2#chrI_2	2515647869	105385
CLL#2	CLL#2#chrXV_6	2515753255	99616
CLL#2	CLL#2#chrIV_14	2515852872	127769
CLL#2	CLL#2#chrIX_4	2515980642	140216
CLL#2	CLL#2#chrXI_2	2516120859	39626
CLL#2	CLL#2#chrXVI_4	2516160486	118607
CLL#2	CLL#2#chrIV_3	2516279094	128831
CLL#2	CLL#2#chrXV_5	2516407926	121000
CLL#2	CLL#2#chrVII_4	2516528927	168188
CLL#2	CLL#2#chrXVI_7	2516697116	17566
CLL#2	CLL#2#chrXVI_8	2516714683	98571
CLL#2	CLL#2#chrXI_10	2516813255	13078
CLL#2	CLL#2#chrV_5	2516826334	41125
CLL#2	CLL#2#chrXI_8	2516867460	53387
CLL#2	CLL#2#chrXV_1	2516920848	66837
CLL#2	CLL#2#chrXI_7	2516987686	29565
CLL#2	CLL#2#chrXII_5	2517017252	98283
CLL#2	CLL#2#chrIV_15	2517115536	60446
CLL#2	CLL#2#chrX_1	2517175983	63745
CLL#2	CLL#2#chrXI_3	2517239729	46004
CLL#2	CLL#2#chrV_2	2517285734	45452
CLL#2	CLL#2#chrXV_3	2517331187	74855
CLL#2	CLL#2#chrV_6	2517406043	52106
CLL#2	CLL#2#chrXVI_6	2517458150	52731
CLL#2	CLL#2#chrXII_6	2517510882	21486
CLL#2	CLL#2#chrXIV_3	2517532369	26022
CLL#2	CLL#2#chrXVI_3	2517558392	23319
CLL#2	CLL#2#chrIX_1	2517581712	15350
CLL#2	CLL#2#chrIX_3	2517597063	18320
CLL#2	CLL#2#chrIX_2	2517615384	26100
CLL#2	CLL#2#chrVII_5	2517641485	8495
CLL#2	CLL#2#chrXII_3	2517649981	14684
CLN#0	CLN#0#chrIII	2517664666	310252
CLN#0	CLN#0#chrI	2517974919	220463
CLN#0	CLN#0#chrVIII	2518195383	534008
CLN#0	CLN#0#chrII	2518729392	819145
CLN#0	CLN#0#chrVI	2519548538	281026
CLN#0	CLN#0#chrXVI	2519829565	913427
CLN#0	CLN#0#chrX	2520742993	717371
CLN#0	CLN#0#chrXI	2521460365	681661
CLN#0	CLN#0#chrV	2522142027	586288
CLN#0	CLN#0#chrIV	2522728316	1487340
CLN#0	CLN#0#chrVII	2524215657	1090071
CLN#0	CLN#0#chrXIV	2525305729	786343
CLN#0	CLN#0#chrXIII	2526092073	902452
CLN#0	CLN#0#chrXII	2526994526	1121019
CLN#0	CLN#0#chrXV	2528115546	1072951
CLN#0	CLN#0#chrMT	2529188498	74182
CLN#0	CLN#0#chrIX	2529262681	459951
CMF#0	CMF#0#chrII	2529722633	801755
CMF#0	CMF#0#chrVI	2530524389	278379
CMF#0	CMF#0#chrV	2530802769	571429
CMF#0	CMF#0#chrVIII	2531374199	542146
CMF#0	CMF#0#chrX	2531916346	711349
CMF#0	CMF#0#chrXI	2532627696	686680
CMF#0	CMF#0#chrVII	2533314377	1100666
CMF#0	CMF#0#chrXVI	2534415044	915236
CMF#0	CMF#0#chrXIII	2535330281	904835
CMF#0	CMF#0#chrXII	2536235117	1098226
CMF#0	CMF#0#chrIV_chrXIV	2537333344	1705418
CMF#0	CMF#0#chrXV	2539038763	1071294
CMF#0	CMF#0#chrXIV	2540110058	599735
CMF#0	CMF#0#chrIII	2540709794	314912
CMF#0	CMF#0#chrIX	2541024707	435834
CMF#0	CMF#0#chrI	2541460542	240445
CMF#0	CMF#0#chrMT	2541700988	77440
CMF#1	CMF#1#chrV	2541778429	569596
CMF#1	CMF#1#chrIV	2542348026	1502447
CMF#1	CMF#1#chrXIV	2543850474	146749
CMF#1	CMF#1#chrVIII	2543997224	547950
CMF#1	CMF#1#chrX	2544545175	711234
CMF#1	CMF#1#chrVII	2545256410	1014098
CMF#1	CMF#1#chrII	2546270509	820521
CMF#1	CMF#1#chrXIII	2547091031	600309
CMF#1	CMF#1#chrXI	2547691341	686710
CMF#1	CMF#1#chrIX	2548378052	435829
CMF#1	CMF#1#chrXIV_chrXIII	2548813882	1082011
CMF#1	CMF#1#chrVI	2549895894	295892
CMF#1	CMF#1#chrXVI	2550191787	912731
CMF#1	CMF#1#chrI	2551104519	206475
CMF#1	CMF#1#chrXV	2551310995	1057179
CMF#1	CMF#1#chrIII	2552368175	314915
CMF#1	CMF#1#chrXII	2552683091	1088916
CMF#2	CMF#2#chrVIII	2553772008	428035
CMF#2	CMF#2#chrIX	2554200044	274665
CMF#2	CMF#2#chrII	2554474710	815470
CMF#2	CMF#2#chrVI	2555290181	278336
CMF#2	CMF#2#chrI	2555568518	212509
CMF#2	CMF#2#chrV	2555781028	550758
CMF#2	CMF#2#chrIV	2556331787	1431135
CMF#2	CMF#2#chrVII	2557762923	898940
CMF#2	CMF#2#chrXI	2558661864	686331
CMF#2	CMF#2#chrXII	2559348196	1009930
CMF#2	CMF#2#chrX	2560358127	684611
CMF#2	CMF#2#chrXV	2561042739	1029313
CMF#2	CMF#2#chrXIV	2562072053	744430
CMF#2	CMF#2#chrIII	2562816484	314677
CMF#2	CMF#2#chrXVI	2563131162	895464
CMF#2	CMF#2#chrXIII	2564026627	881307
CNB_1a#0	CNB_1a#0#chrI	2564907935	221803
CNB_1a#0	CNB_1a#0#chrIII	2565129739	333586
CNB_1a#0	CNB_1a#0#chrIX	2565463326	462470
CNB_1a#0	CNB_1a#0#chrV	2565925797	554266
CNB_1a#0	CNB_1a#0#chrII	2566480064	811834
CNB_1a#0	CNB_1a#0#chrVII	2567291899	1095167
CNB_1a#0	CNB_1a#0#chrIV	2568387067	1511681
CNB_1a#0	CNB_1a#0#chrVIII	2569898749	549292
CNB_1a#0	CNB_1a#0#chrX	2570448042	729471
CNB_1a#0	CNB_1a#0#chrXVI	2571177514	959172
CNB_1a#0	CNB_1a#0#chrXI	2572136687	704392
CNB_1a#0	CNB_1a#0#chrXIV	2572841080	795841
CNB_1a#0	CNB_1a#0#chrXIII	2573636922	936556
CNB_1a#0	CNB_1a#0#chrXII	2574573479	1130582
CNB_1a#0	CNB_1a#0#chrXV	2575704062	1071640
CNB_1a#0	CNB_1a#0#chrVI	2576775703	251831
CNB_1a#0	CNB_1a#0#chrMT	2577027535	82556
CNT#0	CNT#0#chrI	2577110092	219440
CNT#0	CNT#0#chrV	2577329533	229922
CNT#0	CNT#0#chrVI	2577559456	350352
CNT#0	CNT#0#chrX	2577909809	339165
CNT#0	CNT#0#chrXI	2578248975	703119
CNT#0	CNT#0#chrV_chrX	2578952095	778270
CNT#0	CNT#0#chrXVI	2579730366	960643
CNT#0	CNT#0#chrVIII	2580691010	556458
CNT#0	CNT#0#chrXIII	2581247469	929567
CNT#0	CNT#0#chrXIV	2582177037	801711
CNT#0	CNT#0#chrIII	2582978749	337677
CNT#0	CNT#0#chrXV_chrIX	2583316427	1368237
CNT#0	CNT#0#chrIV	2584684665	1512627
CNT#0	CNT#0#chrVII	2586197293	1078591
CNT#0	CNT#0#chrIX	2587275885	154307
CNT#0	CNT#0#chrII	2587430193	803916
CNT#0	CNT#0#chrXII	2588234110	1120550
CNT#0	CNT#0#chrMT	2589354661	82494
CNT#1	CNT#1#chrIII	2589437156	316961
CNT#1	CNT#1#chrVI_2	2589754118	93368
CNT#1	CNT#1#chrIX	2589847487	446078
CNT#1	CNT#1#chrV_2	2590293566	357148
CNT#1	CNT#1#chrIV_4	2590650715	276870
CNT#1	CNT#1#chrXII_2	2590927586	647204
CNT#1	CNT#1#chrXIII_1	2591574791	57463
CNT#1	CNT#1#chrXIII_2	2591632255	361797
CNT#1	CNT#1#chrXVI_1	2591994053	700379
CNT#1	CNT#1#chrX	2592694433	735257
CNT#1	CNT#1#chrI	2593429691	215506
CNT#1	CNT#1#chrXI	2593645198	723977
CNT#1	CNT#1#chrVII	2594369176	1078565
CNT#1	CNT#1#chrII_1	2595447742	370577
CNT#1	CNT#1#chrIV_2	2595818320	618874
CNT#1	CNT#1#chrXIV	2596437195	808655
CNT#1	CNT#1#chrVIII_2	2597245851	101305
CNT#1	CNT#1#chrXV_chrIV	2597347157	1341966
CNT#1	CNT#1#chrVI_1	2598689124	201515
CNT#1	CNT#1#chrXVI_2	2598890640	235657
CNT#1	CNT#1#chrXIII_3	2599126298	480547
CNT#1	CNT#1#chrXII_1	2599606846	503702
CNT#1	CNT#1#chrVIII_1	2600110549	406976
CNT#1	CNT#1#chrV_1	2600517526	226734
CNT#1	CNT#1#chrIV_1	2600744261	176539
CNT#1	CNT#1#chrII_2	2600920801	437804
CNT#1	CNT#1#chrIV_3	2601358606	165358
CNT#1	CNT#1#chrVIII_3	2601523965	40159
CNT#2	CNT#2#chrV_1	2601564125	219907
CNT#2	CNT#2#chrI	2601784033	213883
CNT#2	CNT#2#chrVII_3	2601997917	150215
CNT#2	CNT#2#chrII	2602148133	789727
CNT#2	CNT#2#chrVII_1	2602937861	196911
CNT#2	CNT#2#chrVI_chrXI	2603134773	390987
CNT#2	CNT#2#chrIX_1	2603525761	307802
CNT#2	CNT#2#chrX_1	2603833564	266251
CNT#2	CNT#2#chrIV_1	2604099816	465350
CNT#2	CNT#2#chrXII_4	2604565167	150267
CNT#2	CNT#2#chrXV_3	2604715435	49775
CNT#2	CNT#2#chrXI	2604765211	364516
CNT#2	CNT#2#chrX_3	2605129728	305968
CNT#2	CNT#2#chrXIV_1	2605435697	226345
CNT#2	CNT#2#chrVIII	2605662043	522644
CNT#2	CNT#2#chrXV_5	2606184688	54540
CNT#2	CNT#2#chrXIV_2	2606239229	510915
CNT#2	CNT#2#chrXV_4	2606750145	401816
CNT#2	CNT#2#chrVI_1	2607151962	84900
CNT#2	CNT#2#chrIII_1	2607236863	270062
CNT#2	CNT#2#chrVI_2	2607506926	82080
CNT#2	CNT#2#chrXIII	2607589007	881460
CNT#2	CNT#2#chrXVI_2	2608470468	737599
CNT#2	CNT#2#chrV_2	2609208068	367565
CNT#2	CNT#2#chrXII_1	2609575634	328384
CNT#2	CNT#2#chrXII_2	2609904019	125133
CNT#2	CNT#2#chrXVI_1	2610029153	162152
CNT#2	CNT#2#chrIV_4	2610191306	161956
CNT#2	CNT#2#chrIV_5	2610353263	522225
CNT#2	CNT#2#chrVII_6	2610875489	324547
CNT#2	CNT#2#chrX_2	2611200037	142722
CNT#2	CNT#2#chrXII_3	2611342760	97909
CNT#2	CNT#2#chrXV_2	2611440670	336712
CNT#2	CNT#2#chrVII_4	2611777383	154476
CNT#2	CNT#2#chrXV_1	2611931860	192523
CNT#2	CNT#2#chrVII_2	2612124384	194036
CNT#2	CNT#2#chrXII_7	2612318421	173257
CNT#2	CNT#2#chrIV_2	2612491679	193653
CNT#2	CNT#2#chrIV_3	2612685333	149004
CNT#2	CNT#2#chrXII_5	2612834338	49782
CNT#2	CNT#2#chrXII_8	2612884121	55274
CNT#2	CNT#2#chrXII_6	2612939396	35970
CNT#2	CNT#2#chrIX_2	2612975367	105220
CNT#2	CNT#2#chrVII_5	2613080588	23542
CNT#2	CNT#2#chrIII_2	2613104131	19343
CPA_1a#0	CPA_1a#0#chrI	2613123475	216203
CPA_1a#0	CPA_1a#0#chrIII	2613339679	327450
CPA_1a#0	CPA_1a#0#chrVI	2613667130	299204
CPA_1a#0	CPA_1a#0#chrIX	2613966335	447308
CPA_1a#0	CPA_1a#0#chrVII	2614413644	1099349
CPA_1a#0	CPA_1a#0#chrV	2615512994	577695
CPA_1a#0	CPA_1a#0#chrXI	2616090690	699286
CPA_1a#0	CPA_1a#0#chrII	2616789977	815786
CPA_1a#0	CPA_1a#0#chrXIV	2617605764	803667
CPA_1a#0	CPA_1a#0#chrXIII	2618409432	923451
CPA_1a#0	CPA_1a#0#chrIV	2619332884	1506937
CPA_1a#0	CPA_1a#0#chrX	2620839822	739085
CPA_1a#0	CPA_1a#0#chrXII	2621578908	1312236
CPA_1a#0	CPA_1a#0#chrVIII	2622891145	543672
CPA_1a#0	CPA_1a#0#chrXVI	2623434818	916132
CPA_1a#0	CPA_1a#0#chrXV	2624350951	1082713
CPA_1a#0	CPA_1a#0#chrMT	2625433665	84509
CPG_1a#0	CPG_1a#0#chrVI	2625518175	292299
CPG_1a#0	CPG_1a#0#chrII	2625810475	799664
CPG_1a#0	CPG_1a#0#chrIII	2626610140	338145
CPG_1a#0	CPG_1a#0#chrV	2626948286	569561
CPG_1a#0	CPG_1a#0#chrXI	2627517848	705058
CPG_1a#0	CPG_1a#0#chrXIII	2628222907	944271
CPG_1a#0	CPG_1a#0#chrIV	2629167179	1532627
CPG_1a#0	CPG_1a#0#chrVIII	2630699807	537103
CPG_1a#0	CPG_1a#0#chrI	2631236911	215708
CPG_1a#0	CPG_1a#0#chrXII	2631452620	1129312
CPG_1a#0	CPG_1a#0#chrXVI	2632581933	959662
CPG_1a#0	CPG_1a#0#chrVII	2633541596	1061120
CPG_1a#0	CPG_1a#0#chrXV	2634602717	1044750
CPG_1a#0	CPG_1a#0#chrXIV	2635647468	775925
CPG_1a#0	CPG_1a#0#chrX	2636423394	739061
CPG_1a#0	CPG_1a#0#chrMT	2637162456	87573
CPG_1a#0	CPG_1a#0#chrIX	2637250030	447505
CPI_1c#0	CPI_1c#0#chrIII	2637697536	357928
CPI_1c#0	CPI_1c#0#chrI	2638055465	225103
CPI_1c#0	CPI_1c#0#chrII	2638280569	804651
CPI_1c#0	CPI_1c#0#chrV	2639085221	590203
CPI_1c#0	CPI_1c#0#chrIX	2639675425	419150
CPI_1c#0	CPI_1c#0#chrVII	2640094576	1056594
CPI_1c#0	CPI_1c#0#chrX	2641151171	738864
CPI_1c#0	CPI_1c#0#chrXV	2641890036	1067372
CPI_1c#0	CPI_1c#0#chrIV	2642957409	1502356
CPI_1c#0	CPI_1c#0#chrVI	2644459766	283157
CPI_1c#0	CPI_1c#0#chrXVI	2644742924	976975
CPI_1c#0	CPI_1c#0#chrXIII	2645719900	940046
CPI_1c#0	CPI_1c#0#chrXII	2646659947	1089979
CPI_1c#0	CPI_1c#0#chrXI	2647749927	682871
CPI_1c#0	CPI_1c#0#chrXIV	2648432799	779789
CPI_1c#0	CPI_1c#0#chrVIII	2649212589	520445
CPI_1c#0	CPI_1c#0#chrMT	2649733035	86719
CPS#0	CPS#0#chrI	2649819755	209606
CPS#0	CPS#0#chrIII	2650029362	321724
CPS#0	CPS#0#chrII	2650351087	906665
CPS#0	CPS#0#chrVI	2651257753	174834
CPS#0	CPS#0#chrV	2651432588	582495
CPS#0	CPS#0#chrVII	2652015084	1111795
CPS#0	CPS#0#chrIV	2653126880	1487209
CPS#0	CPS#0#chrVIII	2654614090	537482
CPS#0	CPS#0#chrX	2655151573	751910
CPS#0	CPS#0#chrXII	2655903484	1123619
CPS#0	CPS#0#chrXI_chrVI	2657027104	743720
CPS#0	CPS#0#chrXIV	2657770825	784507
CPS#0	CPS#0#chrXVI	2658555333	938742
CPS#0	CPS#0#chrXV	2659494076	1082321
CPS#0	CPS#0#chrIX	2660576398	437672
CPS#0	CPS#0#chrXIII	2661014071	930076
CPS#0	CPS#0#chrMT	2661944148	81985
CPS#0	CPS#0#chrXI	2662026134	114250
CPS#3	CPS#3#block10_contig1	2662140385	136257
CPS#3	CPS#3#block13_contig1	2662276643	345565
CPS#3	CPS#3#block12_contig2	2662622209	267882
CPS#3	CPS#3#block19_contig3	2662890092	65781
CPS#3	CPS#3#block16_contig1	2662955874	285624
CPS#3	CPS#3#block15_contig1	2663241499	218679
CPS#3	CPS#3#block12_contig1	2663460179	184083
CPS#3	CPS#3#block20_contig1	2663644263	114757
CPS#3	CPS#3#block24_contig3	2663759021	91155
CPS#3	CPS#3#block29_contig2	2663850177	87046
CPS#3	CPS#3#block18_contig1	2663937224	218624
CPS#3	CPS#3#block22_contig1	2664155849	215907
CPS#3	CPS#3#block28_contig1	2664371757	386621
CPS#3	CPS#3#block39_contig1	2664758379	219441
CPS#3	CPS#3#block2_contig1	2664977821	196813
CPS#3	CPS#3#block48_contig1	2665174635	399539
CPS#3	CPS#3#block19_contig2	2665574175	146325
CPS#3	CPS#3#block41_contig1	2665720501	259048
CPS#3	CPS#3#block43_contig2	2665979550	196601
CPS#3	CPS#3#block37_contig1	2666176152	80760
CPS#3	CPS#3#block36_contig1	2666256913	105047
CPS#3	CPS#3#block51_contig1	2666361961	132198
CPS#3	CPS#3#block37_contig3	2666494160	511852
CPS#3	CPS#3#block23_contig1	2667006013	354983
CPS#3	CPS#3#block21_contig1	2667360997	127482
CPS#3	CPS#3#block49_contig2	2667488480	236905
CPS#3	CPS#3#block53_contig1	2667725386	286333
CPS#3	CPS#3#block40_contig1	2668011720	425144
CPS#3	CPS#3#block1_contig1	2668436865	165951
CPS#3	CPS#3#block31_contig1	2668602817	366002
CPS#3	CPS#3#block59_contig3	2668968820	135497
CPS#3	CPS#3#block58_contig1	2669104318	134180
CPS#3	CPS#3#block56_contig1	2669238499	321316
CPS#3	CPS#3#block71_contig1	2669559816	471552
CPS#3	CPS#3#block65_contig1	2670031369	280195
CPS#3	CPS#3#block72_contig3	2670311565	102374
CPS#3	CPS#3#block37_contig2	2670413940	102127
CPS#3	CPS#3#block67_contig1	2670516068	127635
CPS#3	CPS#3#block47_contig1	2670643704	371102
CPS#3	CPS#3#block68_contig1	2671014807	317981
CPS#3	CPS#3#block49_contig1	2671332789	293225
CPS#3	CPS#3#block72_contig1	2671626015	66216
CPS#3	CPS#3#block60_contig1	2671692232	487347
CPS#3	CPS#3#block29_contig1	2672179580	325507
CPS#3	CPS#3#block43_contig1	2672505088	274030
CPS#3	CPS#3#block72_contig2	2672779119	349343
CPS#3	CPS#3#block80_contig2	2673128463	48541
CPS#3	CPS#3#block76_contig1	2673177005	209484
CPS#3	CPS#3#block63_contig1	2673386490	804450
CPS#3	CPS#3#block77_contig1	2674190941	137029
CPS#3	CPS#3#block33_contig1	2674327971	238639
CPS#3	CPS#3#block88_contig3	2674566611	88217
CPS#3	CPS#3#block35_contig1	2674654829	393691
CPS#3	CPS#3#block73_contig1	2675048521	400272
CPS#3	CPS#3#block83_contig1	2675448794	397529
CPS#3	CPS#3#block85_contig2	2675846324	651516
CPS#3	CPS#3#block86_contig1	2676497841	449729
CPS#3	CPS#3#block86_contig2	2676947571	135197
CPS#3	CPS#3#block11_contig1	2677082769	219105
CPS#3	CPS#3#block74_contig1	2677301875	596128
CPS#3	CPS#3#block24_contig2	2677898004	120209
CPS#3	CPS#3#block38_contig1	2678018214	330654
CPS#3	CPS#3#block74_contig2	2678348869	352538
CPS#3	CPS#3#block8_contig1	2678701408	218803
CPS#3	CPS#3#block17_contig1	2678920212	125502
CPS#3	CPS#3#block30_contig1	2679045715	566404
CPS#3	CPS#3#block61_contig1	2679612120	686298
CPS#3	CPS#3#block82_contig1	2680298419	741173
CPS#3	CPS#3#block64_contig1	2681039593	433176
CPS#3	CPS#3#block85_contig1	2681472770	444057
CPS#3	CPS#3#block87_contig1	2681916828	129839
CPS#3	CPS#3#block19_contig1	2682046668	243014
CPS#3	CPS#3#block50_contig1	2682289683	178628
CPS#3	CPS#3#block84_contig2	2682468312	128225
CPS#3	CPS#3#block24_contig1	2682596538	323103
CPS#3	CPS#3#block80_contig1	2682919642	27519
CPS#3	CPS#3#block69_contig2	2682947162	92007
CPS#3	CPS#3#block52_contig1	2683039170	361661
CPS#3	CPS#3#block54_contig1	2683400832	937511
CPS#3	CPS#3#block81_contig1	2684338344	464449
CPS#3	CPS#3#block25_contig1	2684802794	122643
CPS#3	CPS#3#block45_contig1	2684925438	455966
CPS#3	CPS#3#block27_contig2	2685381405	62677
CPS#3	CPS#3#block46_contig1	2685444083	212967
CPS#3	CPS#3#block76_contig2	2685657051	86171
CPS#3	CPS#3#block77_contig2	2685743223	386868
CPS#3	CPS#3#block78_contig1	2686130092	250130
CPS#3	CPS#3#block66_contig2	2686380223	70186
CPS#3	CPS#3#block3_contig1	2686450410	123985
CPS#3	CPS#3#block88_contig2	2686574396	208660
CPS#3	CPS#3#block75_contig4	2686783057	88633
CPS#3	CPS#3#block63_contig2	2686871691	92975
CPS#3	CPS#3#block44_contig1	2686964667	422406
CPS#3	CPS#3#block9_contig1	2687387074	242942
CPS#3	CPS#3#block34_contig2	2687630017	47728
CPS#3	CPS#3#block26_contig1	2687677746	121279
CPS#3	CPS#3#block7_contig1	2687799026	144679
CPS#3	CPS#3#block4_contig1	2687943706	75325
CPS#3	CPS#3#block55_contig1	2688019032	209613
CPS#3	CPS#3#block62_contig1	2688228646	162807
CPS#3	CPS#3#block79_contig1	2688391454	154876
CPS#3	CPS#3#block6_contig1	2688546331	203035
CPS#3	CPS#3#block84_contig1	2688749367	682166
CPS#3	CPS#3#block69_contig1	2689431534	142086
CPS#3	CPS#3#block66_contig1	2689573621	380085
CPS#3	CPS#3#block75_contig1	2689953707	141563
CPS#3	CPS#3#block36_contig2	2690095271	111902
CPS#3	CPS#3#block70_contig1	2690207174	122002
CPS#3	CPS#3#block74_contig3	2690329177	186261
CPS#3	CPS#3#block78_contig2	2690515439	155563
CPS#3	CPS#3#block27_contig1	2690671003	288361
CPS#3	CPS#3#block59_contig1	2690959365	231409
CPS#3	CPS#3#block88_contig4	2691190775	137725
CPS#3	CPS#3#block42_contig1	2691328501	169591
CPS#3	CPS#3#block51_contig2	2691498093	82621
CPS#3	CPS#3#block34_contig1	2691580715	368668
CPS#3	CPS#3#block5_contig1	2691949384	311769
CPS#3	CPS#3#block9_contig2	2692261154	119628
CPS#3	CPS#3#block75_contig3	2692380783	96108
CPS#3	CPS#3#block57_contig1	2692476892	54776
CPS#3	CPS#3#block14_contig1	2692531669	117635
CPS#3	CPS#3#block59_contig2	2692649305	38519
CPS#3	CPS#3#block12_contig3	2692687825	141858
CPS#3	CPS#3#block75_contig5	2692829684	136228
CPS#3	CPS#3#block32_contig1	2692965913	119620
CPS#3	CPS#3#block59_contig4	2693085534	33779
CPS#3	CPS#3#block88_contig1	2693119314	40013
CPS#3	CPS#3#block1_contig2	2693159328	139888
CPS#3	CPS#3#block87_contig2	2693299217	98254
CPS#3	CPS#3#block85_contig3	2693397472	31123
CPS#3	CPS#3#block87_contig3	2693428596	35138
CPS#3	CPS#3#block75_contig2	2693463735	32764
CPS#3	CPS#3#block80_contig3	2693496500	130073
CPS#4	CPS#4#block11_contig1	2693626574	219105
CPS#4	CPS#4#block19_contig3	2693845680	65781
CPS#4	CPS#4#block15_contig1	2693911462	218679
CPS#4	CPS#4#block17_contig1	2694130142	125502
CPS#4	CPS#4#block12_contig2	2694255645	267882
CPS#4	CPS#4#block19_contig2	2694523528	146325
CPS#4	CPS#4#block13_contig1	2694669854	345565
CPS#4	CPS#4#block24_contig3	2695015420	91155
CPS#4	CPS#4#block31_contig1	2695106576	366002
CPS#4	CPS#4#block19_contig1	2695472579	243014
CPS#4	CPS#4#block29_contig1	2695715594	325507
CPS#4	CPS#4#block37_contig2	2696041102	102127
CPS#4	CPS#4#block24_contig1	2696143230	323103
CPS#4	CPS#4#block38_contig1	2696466334	330654
CPS#4	CPS#4#block39_contig1	2696796989	219441
CPS#4	CPS#4#block43_contig2	2697016431	196601
CPS#4	CPS#4#block49_contig1	2697213033	293225
CPS#4	CPS#4#block30_contig1	2697506259	566404
CPS#4	CPS#4#block47_contig1	2698072664	371102
CPS#4	CPS#4#block52_contig1	2698443767	361661
CPS#4	CPS#4#block25_contig1	2698805429	122643
CPS#4	CPS#4#block27_contig2	2698928073	62677
CPS#4	CPS#4#block46_contig1	2698990751	212967
CPS#4	CPS#4#block45_contig1	2699203719	455966
CPS#4	CPS#4#block66_contig2	2699659686	70186
CPS#4	CPS#4#block67_contig1	2699729873	127635
CPS#4	CPS#4#block3_contig1	2699857509	123985
CPS#4	CPS#4#block61_contig1	2699981495	686298
CPS#4	CPS#4#block1_contig1	2700667794	165951
CPS#4	CPS#4#block59_contig3	2700833746	135497
CPS#4	CPS#4#block68_contig1	2700969244	317981
CPS#4	CPS#4#block75_contig4	2701287226	88633
CPS#4	CPS#4#block54_contig1	2701375860	937511
CPS#4	CPS#4#block21_contig1	2702313372	127482
CPS#4	CPS#4#block49_contig2	2702440855	236905
CPS#4	CPS#4#block72_contig2	2702677761	349343
CPS#4	CPS#4#block20_contig1	2703027105	114757
CPS#4	CPS#4#block74_contig2	2703141863	352538
CPS#4	CPS#4#block63_contig2	2703494402	92975
CPS#4	CPS#4#block78_contig1	2703587378	250130
CPS#4	CPS#4#block77_contig2	2703837509	386868
CPS#4	CPS#4#block60_contig1	2704224378	487347
CPS#4	CPS#4#block40_contig1	2704711726	425144
CPS#4	CPS#4#block44_contig1	2705136871	422406
CPS#4	CPS#4#block9_contig1	2705559278	242942
CPS#4	CPS#4#block35_contig1	2705802221	393691
CPS#4	CPS#4#block73_contig1	2706195913	400272
CPS#4	CPS#4#block83_contig1	2706596186	397529
CPS#4	CPS#4#block71_contig1	2706993716	471552
CPS#4	CPS#4#block34_contig2	2707465269	47728
CPS#4	CPS#4#block82_contig1	2707512998	741173
CPS#4	CPS#4#block74_contig1	2708254172	596128
CPS#4	CPS#4#block85_contig2	2708850301	651516
CPS#4	CPS#4#block33_contig1	2709501818	238639
CPS#4	CPS#4#block63_contig1	2709740458	804450
CPS#4	CPS#4#block26_contig1	2710544909	121279
CPS#4	CPS#4#block7_contig1	2710666189	144679
CPS#4	CPS#4#block4_contig1	2710810869	75325
CPS#4	CPS#4#block55_contig1	2710886195	209613
CPS#4	CPS#4#block62_contig1	2711095809	162807
CPS#4	CPS#4#block79_contig1	2711258617	154876
CPS#4	CPS#4#block6_contig1	2711413494	203035
CPS#4	CPS#4#block84_contig1	2711616530	682166
CPS#4	CPS#4#block65_contig1	2712298697	280195
CPS#4	CPS#4#block81_contig1	2712578893	464449
CPS#4	CPS#4#block69_contig1	2713043343	142086
CPS#4	CPS#4#block16_contig1	2713185430	285624
CPS#4	CPS#4#block64_contig1	2713471055	433176
CPS#4	CPS#4#block85_contig1	2713904232	444057
CPS#4	CPS#4#block48_contig1	2714348290	399539
CPS#4	CPS#4#block88_contig3	2714747830	88217
CPS#4	CPS#4#block86_contig1	2714836048	449729
CPS#4	CPS#4#block24_contig2	2715285778	120209
CPS#4	CPS#4#block66_contig1	2715405988	380085
CPS#4	CPS#4#block75_contig1	2715786074	141563
CPS#4	CPS#4#block43_contig1	2715927638	274030
CPS#4	CPS#4#block12_contig1	2716201669	184083
CPS#4	CPS#4#block8_contig1	2716385753	218803
CPS#4	CPS#4#block23_contig1	2716604557	354983
CPS#4	CPS#4#block37_contig3	2716959541	511852
CPS#4	CPS#4#block36_contig2	2717471394	111902
CPS#4	CPS#4#block70_contig1	2717583297	122002
CPS#4	CPS#4#block10_contig1	2717705300	136257
CPS#4	CPS#4#block56_contig1	2717841558	321316
CPS#4	CPS#4#block80_contig2	2718162875	48541
CPS#4	CPS#4#block88_contig2	2718211417	208660
CPS#4	CPS#4#block74_contig3	2718420078	186261
CPS#4	CPS#4#block78_contig2	2718606340	155563
CPS#4	CPS#4#block41_contig1	2718761904	259048
CPS#4	CPS#4#block53_contig1	2719020953	286333
CPS#4	CPS#4#block76_contig1	2719307287	209484
CPS#4	CPS#4#block77_contig1	2719516772	137029
CPS#4	CPS#4#block18_contig1	2719653802	218624
CPS#4	CPS#4#block28_contig1	2719872427	386621
CPS#4	CPS#4#block22_contig1	2720259049	215907
CPS#4	CPS#4#block29_contig2	2720474957	87046
CPS#4	CPS#4#block27_contig1	2720562004	288361
CPS#4	CPS#4#block59_contig1	2720850366	231409
CPS#4	CPS#4#block88_contig4	2721081776	137725
CPS#4	CPS#4#block42_contig1	2721219502	169591
CPS#4	CPS#4#block51_contig2	2721389094	82621
CPS#4	CPS#4#block58_contig1	2721471716	134180
CPS#4	CPS#4#block34_contig1	2721605897	368668
CPS#4	CPS#4#block5_contig1	2721974566	311769
CPS#4	CPS#4#block76_contig2	2722286336	86171
CPS#4	CPS#4#block2_contig1	2722372508	196813
CPS#4	CPS#4#block9_contig2	2722569322	119628
CPS#4	CPS#4#block72_contig3	2722688951	102374
CPS#4	CPS#4#block75_contig3	2722791326	96108
CPS#4	CPS#4#block87_contig1	2722887435	129839
CPS#4	CPS#4#block69_contig2	2723017275	92007
CPS#4	CPS#4#block84_contig2	2723109283	128225
CPS#4	CPS#4#block36_contig1	2723237509	105047
CPS#4	CPS#4#block51_contig1	2723342557	132198
CPS#4	CPS#4#block57_contig1	2723474756	54776
CPS#4	CPS#4#block72_contig1	2723529533	66216
CPS#4	CPS#4#block14_contig1	2723595750	117635
CPS#4	CPS#4#block59_contig2	2723713386	38519
CPS#4	CPS#4#block12_contig3	2723751906	141858
CPS#4	CPS#4#block75_contig5	2723893765	136228
CPS#4	CPS#4#block32_contig1	2724029994	119620
CPS#4	CPS#4#block59_contig4	2724149615	33779
CPS#4	CPS#4#block88_contig1	2724183395	40013
CPS#4	CPS#4#block1_contig2	2724223409	139888
CPS#4	CPS#4#block50_contig1	2724363298	178628
CPS#4	CPS#4#block86_contig2	2724541927	135197
CPS#4	CPS#4#block87_contig2	2724677125	98254
CPS#4	CPS#4#block85_contig3	2724775380	31123
CPS#4	CPS#4#block37_contig1	2724806504	80760
CPS#4	CPS#4#block87_contig3	2724887265	35138
CPS#4	CPS#4#block75_contig2	2724922404	32764
CPS#4	CPS#4#block80_contig1	2724955169	27519
CPS#4	CPS#4#block80_contig3	2724982689	130073
CQI_4a#0	CQI_4a#0#chrI	2725112763	228844
CQI_4a#0	CQI_4a#0#chrV	2725341608	568176
CQI_4a#0	CQI_4a#0#chrX	2725909785	725423
CQI_4a#0	CQI_4a#0#chrII	2726635209	821299
CQI_4a#0	CQI_4a#0#chrXIV	2727456509	759897
CQI_4a#0	CQI_4a#0#chrXIII	2728216407	941982
CQI_4a#0	CQI_4a#0#chrXI	2729158390	667693
CQI_4a#0	CQI_4a#0#chrXV	2729826084	1063725
CQI_4a#0	CQI_4a#0#chrVI	2730889810	256847
CQI_4a#0	CQI_4a#0#chrXII	2731146658	1013349
CQI_4a#0	CQI_4a#0#chrVII	2732160008	1063672
CQI_4a#0	CQI_4a#0#chrXVI	2733223681	904231
CQI_4a#0	CQI_4a#0#chrVIII	2734127913	535154
CQI_4a#0	CQI_4a#0#chrIV	2734663068	1492158
CQI_4a#0	CQI_4a#0#chrMT	2736155227	78426
CQI_4a#0	CQI_4a#0#chrIII	2736233654	304222
CQI_4a#0	CQI_4a#0#chrIX	2736537877	419213
CQS_1a#0	CQS_1a#0#chrI	2736957091	219764
CQS_1a#0	CQS_1a#0#chrIX	2737176856	464811
CQS_1a#0	CQS_1a#0#chrII	2737641668	806466
CQS_1a#0	CQS_1a#0#chrXI	2738448135	671314
CQS_1a#0	CQS_1a#0#chrV	2739119450	561798
CQS_1a#0	CQS_1a#0#chrVIII	2739681249	551077
CQS_1a#0	CQS_1a#0#chrVII	2740232327	1099276
CQS_1a#0	CQS_1a#0#chrIV_chrXIII	2741331604	1292233
CQS_1a#0	CQS_1a#0#chrXIV	2742623838	790601
CQS_1a#0	CQS_1a#0#chrX	2743414440	748834
CQS_1a#0	CQS_1a#0#chrXV	2744163275	1053504
CQS_1a#0	CQS_1a#0#chrXVI	2745216780	958573
CQS_1a#0	CQS_1a#0#chrXII	2746175354	1148531
CQS_1a#0	CQS_1a#0#chrXIII_chrIV	2747323886	1116267
CQS_1a#0	CQS_1a#0#chrVI	2748440154	288770
CQS_1a#0	CQS_1a#0#chrIII	2748728925	301907
CQS_1a#0	CQS_1a#0#chrMT	2749030833	83008
CR85#0	CR85#0#chrMT	2749113842	92142
CR85#0	CR85#0#chrXI	2749205985	667945
CR85#0	CR85#0#chrII	2749873931	809781
CR85#0	CR85#0#chrV	2750683713	551176
CR85#0	CR85#0#chrIV	2751234890	1454222
CR85#0	CR85#0#chrVIII	2752689113	520371
CR85#0	CR85#0#chrXII	2753209485	1030200
CR85#0	CR85#0#chrXIII	2754239686	919067
CR85#0	CR85#0#chrXV	2755158754	1045568
CR85#0	CR85#0#chrVII	2756204323	1093531
CR85#0	CR85#0#chrVI	2757297855	288155
CR85#0	CR85#0#chrX	2757586011	703999
CR85#0	CR85#0#chrXVI	2758290011	896113
CR85#0	CR85#0#chrIII	2759186125	348016
CR85#0	CR85#0#chrI	2759534142	199211
CR85#0	CR85#0#chrIX	2759733354	454101
CR85#0	CR85#0#chrXIV	2760187456	777823
CRB_1a#0	CRB_1a#0#chrII	2760965280	814853
CRB_1a#0	CRB_1a#0#chrV	2761780134	562054
CRB_1a#0	CRB_1a#0#chrI	2762342189	205177
CRB_1a#0	CRB_1a#0#chrVI	2762547367	251606
CRB_1a#0	CRB_1a#0#chrVIII_chrXVI	2762798974	892990
CRB_1a#0	CRB_1a#0#chrXI	2763691965	676428
CRB_1a#0	CRB_1a#0#chrIX	2764368394	431146
CRB_1a#0	CRB_1a#0#chrIV	2764799541	1487573
CRB_1a#0	CRB_1a#0#chrX	2766287115	724570
CRB_1a#0	CRB_1a#0#chrIII	2767011686	310843
CRB_1a#0	CRB_1a#0#chrXIII	2767322530	910329
CRB_1a#0	CRB_1a#0#chrXII	2768232860	1067572
CRB_1a#0	CRB_1a#0#chrXIV	2769300433	775400
CRB_1a#0	CRB_1a#0#chrXVI	2770075834	632232
CRB_1a#0	CRB_1a#0#chrVII	2770708067	1061250
CRB_1a#0	CRB_1a#0#chrXV	2771769318	1065587
CRB_1a#0	CRB_1a#0#chrMT	2772834906	80829
CRE#0	CRE#0#chrV	2772915736	449639
CRE#0	CRE#0#chrIII	2773365376	328203
CRE#0	CRE#0#chrIX	2773693580	446450
CRE#0	CRE#0#chrVI	2774140031	292290
CRE#0	CRE#0#chrII	2774432322	804190
CRE#0	CRE#0#chrVIII	2775236513	530993
CRE#0	CRE#0#chrXI	2775767507	670939
CRE#0	CRE#0#chrVII	2776438447	1076997
CRE#0	CRE#0#chrX	2777515445	236540
CRE#0	CRE#0#chrXII	2777751986	1086631
CRE#0	CRE#0#chrIV	2778838618	1470862
CRE#0	CRE#0#chrI	2780309481	217081
CRE#0	CRE#0#chrXVI	2780526563	908668
CRE#0	CRE#0#chrX_chrV	2781435232	757517
CRE#0	CRE#0#chrXIII	2782192750	880872
CRE#0	CRE#0#chrXIV	2783073623	824655
CRE#0	CRE#0#chrXV	2783898279	1066604
CRE#0	CRE#0#chrMT	2784964884	87340
CRE#3	CRE#3#block17_contig1	2785052225	173438
CRE#3	CRE#3#block13_contig1	2785225664	173354
CRE#3	CRE#3#block14_contig1	2785399019	210671
CRE#3	CRE#3#block1_contig1	2785609691	68227
CRE#3	CRE#3#block15_contig2	2785677919	76068
CRE#3	CRE#3#block20_contig2	2785753988	127176
CRE#3	CRE#3#block18_contig1	2785881165	474516
CRE#3	CRE#3#block20_contig1	2786355682	63942
CRE#3	CRE#3#block21_contig1	2786419625	294270
CRE#3	CRE#3#block24_contig1	2786713896	120352
CRE#3	CRE#3#block28_contig1	2786834249	206353
CRE#3	CRE#3#block29_contig1	2787040603	228782
CRE#3	CRE#3#block33_contig1	2787269386	160019
CRE#3	CRE#3#block25_contig1	2787429406	291784
CRE#3	CRE#3#block41_contig1	2787721191	108560
CRE#3	CRE#3#block32_contig1	2787829752	266570
CRE#3	CRE#3#block31_contig1	2788096323	387675
CRE#3	CRE#3#block35_contig1	2788483999	174596
CRE#3	CRE#3#block37_contig1	2788658596	316840
CRE#3	CRE#3#block40_contig1	2788975437	667787
CRE#3	CRE#3#block4_contig1	2789643225	105567
CRE#3	CRE#3#block47_contig1	2789748793	152164
CRE#3	CRE#3#block2_contig1	2789900958	188050
CRE#3	CRE#3#block34_contig1	2790089009	243219
CRE#3	CRE#3#block49_contig1	2790332229	341202
CRE#3	CRE#3#block44_contig1	2790673432	388430
CRE#3	CRE#3#block36_contig1	2791061863	807931
CRE#3	CRE#3#block52_contig1	2791869795	309570
CRE#3	CRE#3#block53_contig2	2792179366	172242
CRE#3	CRE#3#block45_contig1	2792351609	364129
CRE#3	CRE#3#block58_contig2	2792715739	204407
CRE#3	CRE#3#block61_contig2	2792920147	73495
CRE#3	CRE#3#block15_contig1	2792993643	231020
CRE#3	CRE#3#block42_contig1	2793224664	923486
CRE#3	CRE#3#block56_contig2	2794148151	326699
CRE#3	CRE#3#block55_contig1	2794474851	417715
CRE#3	CRE#3#block50_contig1	2794892567	281040
CRE#3	CRE#3#block54_contig1	2795173608	398926
CRE#3	CRE#3#block64_contig2	2795572535	130729
CRE#3	CRE#3#block63_contig1	2795703265	486395
CRE#3	CRE#3#block66_contig2	2796189661	162242
CRE#3	CRE#3#block62_contig3	2796351904	358423
CRE#3	CRE#3#block68_contig1	2796710328	157184
CRE#3	CRE#3#block38_contig1	2796867513	477045
CRE#3	CRE#3#block48_contig1	2797344559	741749
CRE#3	CRE#3#block68_contig3	2798086309	163004
CRE#3	CRE#3#block62_contig1	2798249314	748025
CRE#3	CRE#3#block6_contig1	2798997340	301296
CRE#3	CRE#3#block64_contig1	2799298637	749669
CRE#3	CRE#3#block66_contig1	2800048307	538252
CRE#3	CRE#3#block22_contig1	2800586560	407266
CRE#3	CRE#3#block51_contig1	2800993827	502330
CRE#3	CRE#3#block71_contig1	2801496158	694596
CRE#3	CRE#3#block67_contig1	2802190755	384420
CRE#3	CRE#3#block19_contig1	2802575176	209647
CRE#3	CRE#3#block69_contig1	2802784824	995576
CRE#3	CRE#3#block76_contig4	2803780401	169690
CRE#3	CRE#3#block57_contig1	2803950092	1517482
CRE#3	CRE#3#block27_contig1	2805467575	310537
CRE#3	CRE#3#block77_contig1	2805778113	169952
CRE#3	CRE#3#block74_contig1	2805948066	882886
CRE#3	CRE#3#block12_contig1	2806830953	378758
CRE#3	CRE#3#block56_contig1	2807209712	475148
CRE#3	CRE#3#block16_contig1	2807684861	152755
CRE#3	CRE#3#block63_contig2	2807837617	313920
CRE#3	CRE#3#block46_contig1	2808151538	400614
CRE#3	CRE#3#block10_contig1	2808552153	130609
CRE#3	CRE#3#block5_contig1	2808682763	96660
CRE#3	CRE#3#block43_contig1	2808779424	425119
CRE#3	CRE#3#block75_contig1	2809204544	664605
CRE#3	CRE#3#block76_contig3	2809869150	200404
CRE#3	CRE#3#block72_contig1	2810069555	488870
CRE#3	CRE#3#block21_contig2	2810558426	45171
CRE#3	CRE#3#block59_contig1	2810603598	336325
CRE#3	CRE#3#block76_contig2	2810939924	174389
CRE#3	CRE#3#block77_contig2	2811114314	449585
CRE#3	CRE#3#block65_contig1	2811563900	465122
CRE#3	CRE#3#block76_contig1	2812029023	202863
CRE#3	CRE#3#block8_contig1	2812231887	155199
CRE#3	CRE#3#block77_contig3	2812387087	469324
CRE#3	CRE#3#block1_contig2	2812856412	95770
CRE#3	CRE#3#block62_contig2	2812952183	79860
CRE#3	CRE#3#block7_contig1	2813032044	92539
CRE#3	CRE#3#block58_contig1	2813124584	303352
CRE#3	CRE#3#block35_contig2	2813427937	66065
CRE#3	CRE#3#block53_contig1	2813494003	145419
CRE#3	CRE#3#block23_contig1	2813639423	254878
CRE#3	CRE#3#block60_contig1	2813894302	360325
CRE#3	CRE#3#block58_contig3	2814254628	56682
CRE#3	CRE#3#block39_contig1	2814311311	320837
CRE#3	CRE#3#block22_contig2	2814632149	62870
CRE#3	CRE#3#block61_contig1	2814695020	232610
CRE#3	CRE#3#block26_contig1	2814927631	160764
CRE#3	CRE#3#block11_contig1	2815088396	112143
CRE#3	CRE#3#block70_contig1	2815200540	570106
CRE#3	CRE#3#block30_contig1	2815770647	141696
CRE#3	CRE#3#block73_contig1	2815912344	237475
CRE#3	CRE#3#block3_contig1	2816149820	114141
CRE#3	CRE#3#block61_contig3	2816263962	108930
CRE#3	CRE#3#block9_contig1	2816372893	205725
CRE#3	CRE#3#block51_contig2	2816578619	173291
CRE#3	CRE#3#block68_contig2	2816751911	38518
CRE#3	CRE#3#block18_contig2	2816790430	88218
CRE#3	CRE#3#block51_contig3	2816878649	83746
CRE#4	CRE#4#block12_contig1	2816962396	378758
CRE#4	CRE#4#block13_contig1	2817341155	173354
CRE#4	CRE#4#block16_contig1	2817514510	152755
CRE#4	CRE#4#block17_contig1	2817667266	173438
CRE#4	CRE#4#block18_contig1	2817840705	474516
CRE#4	CRE#4#block25_contig1	2818315222	291784
CRE#4	CRE#4#block32_contig1	2818607007	266570
CRE#4	CRE#4#block27_contig1	2818873578	310537
CRE#4	CRE#4#block44_contig1	2819184116	388430
CRE#4	CRE#4#block38_contig1	2819572547	477045
CRE#4	CRE#4#block45_contig1	2820049593	364129
CRE#4	CRE#4#block36_contig1	2820413723	807931
CRE#4	CRE#4#block46_contig1	2821221655	400614
CRE#4	CRE#4#block15_contig1	2821622270	231020
CRE#4	CRE#4#block52_contig1	2821853291	309570
CRE#4	CRE#4#block10_contig1	2822162862	130609
CRE#4	CRE#4#block15_contig2	2822293472	76068
CRE#4	CRE#4#block42_contig1	2822369541	923486
CRE#4	CRE#4#block5_contig1	2823293028	96660
CRE#4	CRE#4#block56_contig1	2823389689	475148
CRE#4	CRE#4#block40_contig1	2823864838	667787
CRE#4	CRE#4#block43_contig1	2824532626	425119
CRE#4	CRE#4#block56_contig2	2824957746	326699
CRE#4	CRE#4#block19_contig1	2825284446	209647
CRE#4	CRE#4#block34_contig1	2825494094	243219
CRE#4	CRE#4#block55_contig1	2825737314	417715
CRE#4	CRE#4#block64_contig2	2826155030	130729
CRE#4	CRE#4#block63_contig1	2826285760	486395
CRE#4	CRE#4#block21_contig2	2826772156	45171
CRE#4	CRE#4#block21_contig1	2826817328	294270
CRE#4	CRE#4#block59_contig1	2827111599	336325
CRE#4	CRE#4#block6_contig1	2827447925	301296
CRE#4	CRE#4#block67_contig1	2827749222	384420
CRE#4	CRE#4#block66_contig2	2828133643	162242
CRE#4	CRE#4#block64_contig1	2828295886	749669
CRE#4	CRE#4#block72_contig1	2829045556	488870
CRE#4	CRE#4#block62_contig1	2829534427	748025
CRE#4	CRE#4#block77_contig1	2830282453	169952
CRE#4	CRE#4#block62_contig3	2830452406	358423
CRE#4	CRE#4#block77_contig2	2830810830	449585
CRE#4	CRE#4#block57_contig1	2831260416	1517482
CRE#4	CRE#4#block33_contig1	2832777899	160019
CRE#4	CRE#4#block65_contig1	2832937919	465122
CRE#4	CRE#4#block66_contig1	2833403042	538252
CRE#4	CRE#4#block76_contig1	2833941295	202863
CRE#4	CRE#4#block58_contig2	2834144159	204407
CRE#4	CRE#4#block69_contig1	2834348567	995576
CRE#4	CRE#4#block77_contig3	2835344144	469324
CRE#4	CRE#4#block22_contig1	2835813469	407266
CRE#4	CRE#4#block51_contig1	2836220736	502330
CRE#4	CRE#4#block71_contig1	2836723067	694596
CRE#4	CRE#4#block1_contig2	2837417664	95770
CRE#4	CRE#4#block62_contig2	2837513435	79860
CRE#4	CRE#4#block37_contig1	2837593296	316840
CRE#4	CRE#4#block7_contig1	2837910137	92539
CRE#4	CRE#4#block54_contig1	2838002677	398926
CRE#4	CRE#4#block58_contig1	2838401604	303352
CRE#4	CRE#4#block63_contig2	2838704957	313920
CRE#4	CRE#4#block35_contig2	2839018878	66065
CRE#4	CRE#4#block53_contig1	2839084944	145419
CRE#4	CRE#4#block74_contig1	2839230364	882886
CRE#4	CRE#4#block23_contig1	2840113251	254878
CRE#4	CRE#4#block75_contig1	2840368130	664605
CRE#4	CRE#4#block49_contig1	2841032736	341202
CRE#4	CRE#4#block60_contig1	2841373939	360325
CRE#4	CRE#4#block58_contig3	2841734265	56682
CRE#4	CRE#4#block39_contig1	2841790948	320837
CRE#4	CRE#4#block22_contig2	2842111786	62870
CRE#4	CRE#4#block61_contig1	2842174657	232610
CRE#4	CRE#4#block26_contig1	2842407268	160764
CRE#4	CRE#4#block11_contig1	2842568033	112143
CRE#4	CRE#4#block31_contig1	2842680177	387675
CRE#4	CRE#4#block70_contig1	2843067853	570106
CRE#4	CRE#4#block14_contig1	2843637960	210671
CRE#4	CRE#4#block30_contig1	2843848632	141696
CRE#4	CRE#4#block47_contig1	2843990329	152164
CRE#4	CRE#4#block24_contig1	2844142494	120352
CRE#4	CRE#4#block50_contig1	2844262847	281040
CRE#4	CRE#4#block73_contig1	2844543888	237475
CRE#4	CRE#4#block76_contig2	2844781364	174389
CRE#4	CRE#4#block3_contig1	2844955754	114141
CRE#4	CRE#4#block61_contig3	2845069896	108930
CRE#4	CRE#4#block68_contig1	2845178827	157184
CRE#4	CRE#4#block2_contig1	2845336012	188050
CRE#4	CRE#4#block29_contig1	2845524063	228782
CRE#4	CRE#4#block9_contig1	2845752846	205725
CRE#4	CRE#4#block51_contig2	2845958572	173291
CRE#4	CRE#4#block48_contig1	2846131864	741749
CRE#4	CRE#4#block68_contig2	2846873614	38518
CRE#4	CRE#4#block28_contig1	2846912133	206353
CRE#4	CRE#4#block76_contig4	2847118487	169690
CRE#4	CRE#4#block76_contig3	2847288178	200404
CRE#4	CRE#4#block8_contig1	2847488583	155199
CRE#4	CRE#4#block1_contig1	2847643783	68227
CRE#4	CRE#4#block53_contig2	2847712011	172242
CRE#4	CRE#4#block68_contig3	2847884254	163004
CRE#4	CRE#4#block35_contig1	2848047259	174596
CRE#4	CRE#4#block4_contig1	2848221856	105567
CRE#4	CRE#4#block20_contig1	2848327424	63942
CRE#4	CRE#4#block18_contig2	2848391367	88218
CRE#4	CRE#4#block51_contig3	2848479586	83746
CRE#4	CRE#4#block41_contig1	2848563333	108560
CRE#4	CRE#4#block20_contig2	2848671894	127176
CRE#4	CRE#4#block61_contig2	2848799071	73495
CRL#0	CRL#0#chrI	2848872567	221699
CRL#0	CRL#0#chrIII	2849094267	317339
CRL#0	CRL#0#chrVI	2849411607	245468
CRL#0	CRL#0#chrIX	2849657076	435491
CRL#0	CRL#0#chrII	2850092568	801546
CRL#0	CRL#0#chrXVI	2850894115	573366
CRL#0	CRL#0#chrXI	2851467482	686292
CRL#0	CRL#0#chrX	2852153775	743860
CRL#0	CRL#0#chrXIV	2852897636	786088
CRL#0	CRL#0#chrV	2853683725	570019
CRL#0	CRL#0#chrXV	2854253745	1041002
CRL#0	CRL#0#chrIV	2855294748	1499978
CRL#0	CRL#0#chrVII	2856794727	1060467
CRL#0	CRL#0#chrXII	2857855195	1135203
CRL#0	CRL#0#chrVIII_chrXVI	2858990399	908177
CRL#0	CRL#0#chrMT	2859898577	84490
CRL#0	CRL#0#chrXIII	2859983068	928728
DBVPG6044#0	DBVPG6044#0#chrIII	2860911797	332771
DBVPG6044#0	DBVPG6044#0#chrIX	2861244569	443501
DBVPG6044#0	DBVPG6044#0#chrII	2861688071	815565
DBVPG6044#0	DBVPG6044#0#chrV	2862503637	572248
DBVPG6044#0	DBVPG6044#0#chrMT	2863075886	81093
DBVPG6044#0	DBVPG6044#0#chrXII	2863156980	1035507
DBVPG6044#0	DBVPG6044#0#chrXIII	2864192488	930256
DBVPG6044#0	DBVPG6044#0#chrXIV	2865122745	784343
DBVPG6044#0	DBVPG6044#0#chrXI	2865907089	695907
DBVPG6044#0	DBVPG6044#0#chrVII	2866602997	1078455
DBVPG6044#0	DBVPG6044#0#chrXV	2867681453	1062383
DBVPG6044#0	DBVPG6044#0#chrVIII	2868743837	535633
DBVPG6044#0	DBVPG6044#0#chrXVI	2869279471	939911
DBVPG6044#0	DBVPG6044#0#chrX	2870219383	728645
DBVPG6044#0	DBVPG6044#0#chrIV	2870948029	1486873
DBVPG6044#0	DBVPG6044#0#chrVI	2872434903	298678
DBVPG6044#0	DBVPG6044#0#chrI	2872733582	217365
DBVPG6765#0	DBVPG6765#0#chrMT	2872950948	81722
DBVPG6765#0	DBVPG6765#0#chrIII	2873032671	327289
DBVPG6765#0	DBVPG6765#0#chrV	2873359961	576784
DBVPG6765#0	DBVPG6765#0#chrIV	2873936746	1488087
DBVPG6765#0	DBVPG6765#0#chrII	2875424834	795659
DBVPG6765#0	DBVPG6765#0#chrVIII	2876220494	533397
DBVPG6765#0	DBVPG6765#0#chrX	2876753892	730957
DBVPG6765#0	DBVPG6765#0#chrXVI	2877484850	920208
DBVPG6765#0	DBVPG6765#0#chrXII	2878405059	1022186
DBVPG6765#0	DBVPG6765#0#chrXV	2879427246	1120088
DBVPG6765#0	DBVPG6765#0#chrVII	2880547335	1070236
DBVPG6765#0	DBVPG6765#0#chrXIII	2881617572	913017
DBVPG6765#0	DBVPG6765#0#chrI	2882530590	215496
DBVPG6765#0	DBVPG6765#0#chrVI	2882746087	257436
DBVPG6765#0	DBVPG6765#0#chrIX	2883003524	419821
DBVPG6765#0	DBVPG6765#0#chrXIV	2883423346	765110
DBVPG6765#0	DBVPG6765#0#chrXI	2884188457	657417
DG1768#0	DG1768#0#chrIII	2884845875	323094
DG1768#0	DG1768#0#chrIV	2885168970	1480256
DG1768#0	DG1768#0#chrI	2886649227	240865
DG1768#0	DG1768#0#chrIX	2886890093	430974
DG1768#0	DG1768#0#chrII	2887321068	789985
DG1768#0	DG1768#0#chrVII	2888111054	1063806
DG1768#0	DG1768#0#chrVI	2889174861	303938
DG1768#0	DG1768#0#chrVIII	2889478800	523049
DG1768#0	DG1768#0#chrV	2890001850	561018
DG1768#0	DG1768#0#chrX	2890562869	725619
DG1768#0	DG1768#0#chrXI	2891288489	680894
DG1768#0	DG1768#0#chrXIV	2891969384	760841
DG1768#0	DG1768#0#chrXII	2892730226	1079875
DG1768#0	DG1768#0#chrXVI	2893810102	917222
DG1768#0	DG1768#0#chrXV	2894727325	1054675
DG1768#0	DG1768#0#chrXIII	2895782001	939843
DG1768#0	DG1768#0#chrMT	2896721845	56097
EM14S013B#0	EM14S013B#0#chrIV	2896777943	1470812
EM14S013B#0	EM14S013B#0#chrII	2898248756	800904
EM14S013B#0	EM14S013B#0#chrVIII	2899049661	558122
EM14S013B#0	EM14S013B#0#chrV	2899607784	571671
EM14S013B#0	EM14S013B#0#chrX	2900179456	743119
EM14S013B#0	EM14S013B#0#chrXI	2900922576	589806
EM14S013B#0	EM14S013B#0#chrVI	2901512383	274270
EM14S013B#0	EM14S013B#0#chrXVI	2901786654	897577
EM14S013B#0	EM14S013B#0#chrXII_chrXI	2902684232	1090989
EM14S013B#0	EM14S013B#0#chrXV	2903775222	1064504
EM14S013B#0	EM14S013B#0#chrIII	2904839727	319827
EM14S013B#0	EM14S013B#0#chrXIV	2905159555	767303
EM14S013B#0	EM14S013B#0#chrI	2905926859	209147
EM14S013B#0	EM14S013B#0#chrVII	2906136007	1075794
EM14S013B#0	EM14S013B#0#chrXIII	2907211802	925503
EM14S013B#0	EM14S013B#0#chrMT	2908137306	86742
EM14S013B#0	EM14S013B#0#chrIX	2908224049	444590
FM1318#0	FM1318#0#chrXIV	2908668640	767356
FM1318#0	FM1318#0#chrIV	2909435997	985108
FM1318#0	FM1318#0#chrVII	2910421106	1057760
FM1318#0	FM1318#0#chrX	2911478867	752744
FM1318#0	FM1318#0#chrV	2912231612	586080
FM1318#0	FM1318#0#chrVI	2912817693	263164
FM1318#0	FM1318#0#chrII	2913080858	1276473
FM1318#0	FM1318#0#chrMT	2914357332	63999
FM1318#0	FM1318#0#chrVIII	2914421332	834776
FM1318#0	FM1318#0#chrXV	2915256109	742518
FM1318#0	FM1318#0#chrXII	2915998628	1150293
FM1318#0	FM1318#0#chrXVI	2917148922	914559
FM1318#0	FM1318#0#chrI	2918063482	210599
FM1318#0	FM1318#0#chrIII	2918274082	308584
FM1318#0	FM1318#0#chrIX	2918582667	411897
FM1318#0	FM1318#0#chrXI	2918994565	643305
FM1318#0	FM1318#0#chrXIII	2919637871	958629
H6#0	H6#0#chrII	2920596501	782499
H6#0	H6#0#chrV	2921379001	531626
H6#0	H6#0#chrVII	2921910628	1053431
H6#0	H6#0#chrXVI	2922964060	879294
H6#0	H6#0#chrXII	2923843355	984206
H6#0	H6#0#chrXIV	2924827562	771513
H6#0	H6#0#chrXV	2925599076	1023324
H6#0	H6#0#chrXI	2926622401	650640
H6#0	H6#0#chrIV	2927273042	1141293
H6#0	H6#0#chrIX	2928414336	407361
H6#0	H6#0#chrVIII	2928821698	527949
H6#0	H6#0#chrI	2929349648	194368
H6#0	H6#0#chrIII	2929544017	298424
H6#0	H6#0#chrMT	2929842442	72147
H6#0	H6#0#chrVI	2929914590	272605
H6#0	H6#0#chrX	2930187196	721635
H6#0	H6#0#chrXIII	2930908832	1246548
HLJ1#0	HLJ1#0#chrI	2932155381	229169
HLJ1#0	HLJ1#0#chrII	2932384551	797722
HLJ1#0	HLJ1#0#chrVI	2933182274	273789
HLJ1#0	HLJ1#0#chrIV	2933456064	1458639
HLJ1#0	HLJ1#0#chrV	2934914704	560417
HLJ1#0	HLJ1#0#chrXII	2935475122	1031746
HLJ1#0	HLJ1#0#chrVII	2936506869	1066793
HLJ1#0	HLJ1#0#chrXVI	2937573663	919881
HLJ1#0	HLJ1#0#chrX	2938493545	709184
HLJ1#0	HLJ1#0#chrXIII	2939202730	895159
HLJ1#0	HLJ1#0#chrIX	2940097890	433662
HLJ1#0	HLJ1#0#chrVIII	2940531553	531779
HLJ1#0	HLJ1#0#chrXV	2941063333	1070054
HLJ1#0	HLJ1#0#chrXIV	2942133388	774029
HLJ1#0	HLJ1#0#chrMT	2942907418	78451
HLJ1#0	HLJ1#0#chrXI	2942985870	660306
HLJ1#0	HLJ1#0#chrIII	2943646177	290009
HN1#0	HN1#0#chrII	2943936187	802001
HN1#0	HN1#0#chrIII	2944738189	304802
HN1#0	HN1#0#chrIX	2945042992	434566
HN1#0	HN1#0#chrVII	2945477559	1075345
HN1#0	HN1#0#chrXI	2946552905	702167
HN1#0	HN1#0#chrVIII	2947255073	530524
HN1#0	HN1#0#chrIV	2947785598	1481187
HN1#0	HN1#0#chrX	2949266786	737633
HN1#0	HN1#0#chrXIII	2950004420	913524
HN1#0	HN1#0#chrXIV	2950917945	780011
HN1#0	HN1#0#chrXII	2951697957	1007354
HN1#0	HN1#0#chrXVI	2952705312	915789
HN1#0	HN1#0#chrXV	2953621102	1079300
HN1#0	HN1#0#chrI	2954700403	236734
HN1#0	HN1#0#chrV	2954937138	537821
HN1#0	HN1#0#chrVI	2955474960	281379
HN1#0	HN1#0#chrMT	2955756340	78573
IFO1802#0	IFO1802#0#chrV	2955834914	548915
IFO1802#0	IFO1802#0#chrII	2956383830	772416
IFO1802#0	IFO1802#0#chrVI	2957156247	253885
IFO1802#0	IFO1802#0#chrVII	2957410133	1079500
IFO1802#0	IFO1802#0#chrVIII	2958489634	495894
IFO1802#0	IFO1802#0#chrXI	2958985529	629252
IFO1802#0	IFO1802#0#chrXIII	2959614782	890737
IFO1802#0	IFO1802#0#chrX	2960505520	685684
IFO1802#0	IFO1802#0#chrIV	2961191205	1436357
IFO1802#0	IFO1802#0#chrXII	2962627563	998210
IFO1802#0	IFO1802#0#chrXVI	2963625774	883140
IFO1802#0	IFO1802#0#chrI	2964508915	170892
IFO1802#0	IFO1802#0#chrIII	2964679808	299440
IFO1802#0	IFO1802#0#chrIX	2964979249	402792
IFO1802#0	IFO1802#0#chrXIV	2965382042	742291
IFO1802#0	IFO1802#0#chrXV	2966124334	1015797
IFO1815#0	IFO1815#0#chrIII	2967140132	311108
IFO1815#0	IFO1815#0#chrXI	2967451241	654555
IFO1815#0	IFO1815#0#chrII	2968105797	788170
IFO1815#0	IFO1815#0#chrIX	2968893968	418555
IFO1815#0	IFO1815#0#chrXII	2969312524	998246
IFO1815#0	IFO1815#0#chrV	2970310771	567059
IFO1815#0	IFO1815#0#chrXIV	2970877831	731595
IFO1815#0	IFO1815#0#chrIV	2971609427	1444590
IFO1815#0	IFO1815#0#chrX	2973054018	702533
IFO1815#0	IFO1815#0#chrXVI	2973756552	800826
IFO1815#0	IFO1815#0#chrXV	2974557379	1013536
IFO1815#0	IFO1815#0#chrVIII	2975570916	500793
IFO1815#0	IFO1815#0#chrXIII	2976071710	899821
IFO1815#0	IFO1815#0#chrVII	2976971532	628517
IFO1815#0	IFO1815#0#chrI	2977600050	188471
IFO1815#0	IFO1815#0#chrVI	2977788522	801748
JXXY161#0	JXXY161#0#chrI	2978590271	223390
JXXY161#0	JXXY161#0#chrMT	2978813662	71832
JXXY161#0	JXXY161#0#chrIV	2978885495	1471675
JXXY161#0	JXXY161#0#chrVIII	2980357171	539584
JXXY161#0	JXXY161#0#chrVII	2980896756	1075261
JXXY161#0	JXXY161#0#chrX	2981972018	721405
JXXY161#0	JXXY161#0#chrXIII	2982693424	922118
JXXY161#0	JXXY161#0#chrXV	2983615543	1058451
JXXY161#0	JXXY161#0#chrXVI	2984673995	902407
JXXY161#0	JXXY161#0#chrII	2985576403	784305
JXXY161#0	JXXY161#0#chrV	2986360709	560203
JXXY161#0	JXXY161#0#chrIII	2986920913	309758
JXXY161#0	JXXY161#0#chrXIV	2987230672	761002
JXXY161#0	JXXY161#0#chrXII_chrXI	2987991675	1080135
JXXY161#0	JXXY161#0#chrIX	2989071811	425488
JXXY161#0	JXXY161#0#chrVI	2989497300	269867
JXXY161#0	JXXY161#0#chrXI	2989767168	587331
L1374#0	L1374#0#chrII	2990354500	789090
L1374#0	L1374#0#chrIX	2991143591	437758
L1374#0	L1374#0#chrX	2991581350	756279
L1374#0	L1374#0#chrIV	2992337630	1496822
L1374#0	L1374#0#chrVII	2993834453	1070551
L1374#0	L1374#0#chrXI	2994905005	698277
L1374#0	L1374#0#chrXIII	2995603283	922212
L1374#0	L1374#0#chrXVI	2996525496	922718
L1374#0	L1374#0#chrXV	2997448215	1098108
L1374#0	L1374#0#chrMT	2998546324	82818
L1374#0	L1374#0#chrXII	2998629143	1071542
L1374#0	L1374#0#chrXIV	2999700686	813136
L1374#0	L1374#0#chrIII	3000513823	310410
L1374#0	L1374#0#chrVIII	3000824234	534438
L1374#0	L1374#0#chrVI	3001358673	278769
L1374#0	L1374#0#chrV	3001637443	564648
L1374#0	L1374#0#chrI	3002202092	209120
LL2011_012#0	LL2011_012#0#chrIX	3002411213	438196
LL2011_012#0	LL2011_012#0#chrI	3002849410	246692
LL2011_012#0	LL2011_012#0#chrV	3003096103	570100
LL2011_012#0	LL2011_012#0#chrIII	3003666204	313858
LL2011_012#0	LL2011_012#0#chrVIII	3003980063	534070
LL2011_012#0	LL2011_012#0#chrIV	3004514134	1482181
LL2011_012#0	LL2011_012#0#chrII	3005996316	684142
LL2011_012#0	LL2011_012#0#chrVII	3006680459	1080617
LL2011_012#0	LL2011_012#0#chrXI	3007761077	699653
LL2011_012#0	LL2011_012#0#chrXIV	3008460731	762021
LL2011_012#0	LL2011_012#0#chrXV	3009222753	1059543
LL2011_012#0	LL2011_012#0#chrXIII	3010282297	956352
LL2011_012#0	LL2011_012#0#chrXII	3011238650	1064195
LL2011_012#0	LL2011_012#0#chrX	3012302846	879998
LL2011_012#0	LL2011_012#0#chrVI	3013182845	288039
LL2011_012#0	LL2011_012#0#chrXVI	3013470885	914959
LL2012_001#0	LL2012_001#0#chrI	3014385845	235675
LL2012_001#0	LL2012_001#0#chrIV	3014621521	1474420
LL2012_001#0	LL2012_001#0#chrVI	3016095942	289309
LL2012_001#0	LL2012_001#0#chrII	3016385252	821342
LL2012_001#0	LL2012_001#0#chrIII	3017206595	313651
LL2012_001#0	LL2012_001#0#chrV	3017520247	566433
LL2012_001#0	LL2012_001#0#chrVII	3018086681	1083014
LL2012_001#0	LL2012_001#0#chrXIII	3019169696	934282
LL2012_001#0	LL2012_001#0#chrVIII	3020103979	526321
LL2012_001#0	LL2012_001#0#chrXII	3020630301	1045485
LL2012_001#0	LL2012_001#0#chrXVI	3021675787	909885
LL2012_001#0	LL2012_001#0#chrX	3022585673	735654
LL2012_001#0	LL2012_001#0#chrXI	3023321328	679394
LL2012_001#0	LL2012_001#0#chrXIV	3024000723	770592
LL2012_001#0	LL2012_001#0#chrXV	3024771316	1063852
LL2012_001#0	LL2012_001#0#chrIX	3025835169	422640
LL2012_016#0	LL2012_016#0#chrI	3026257810	232964
LL2012_016#0	LL2012_016#0#chrIII	3026490775	339243
LL2012_016#0	LL2012_016#0#chrIX	3026830019	425474
LL2012_016#0	LL2012_016#0#chrIV	3027255494	1491343
LL2012_016#0	LL2012_016#0#chrX	3028746838	744694
LL2012_016#0	LL2012_016#0#chrII	3029491533	813619
LL2012_016#0	LL2012_016#0#chrXII	3030305153	1035049
LL2012_016#0	LL2012_016#0#chrXI	3031340203	686202
LL2012_016#0	LL2012_016#0#chrXIII	3032026406	692440
LL2012_016#0	LL2012_016#0#chrXVI	3032718847	929887
LL2012_016#0	LL2012_016#0#chrXIV	3033648735	793749
LL2012_016#0	LL2012_016#0#chrXV	3034442485	1061920
LL2012_016#0	LL2012_016#0#chrVI	3035504406	605277
LL2012_016#0	LL2012_016#0#chrVII	3036109684	1077510
LL2012_016#0	LL2012_016#0#chrVIII	3037187195	539924
LL2012_016#0	LL2012_016#0#chrV	3037727120	560322
MSH604#0	MSH604#0#chrI	3038287443	230026
MSH604#0	MSH604#0#chrIV	3038517470	1475751
MSH604#0	MSH604#0#chrII	3039993222	803999
MSH604#0	MSH604#0#chrVIII	3040797222	524347
MSH604#0	MSH604#0#chrIX	3041321570	445397
MSH604#0	MSH604#0#chrXII	3041766968	1041053
MSH604#0	MSH604#0#chrXI	3042808022	680352
MSH604#0	MSH604#0#chrX	3043488375	732585
MSH604#0	MSH604#0#chrXIII	3044220961	940323
MSH604#0	MSH604#0#chrXVI	3045161285	906053
MSH604#0	MSH604#0#chrIII	3046067339	315951
MSH604#0	MSH604#0#chrXV	3046383291	1071021
MSH604#0	MSH604#0#chrV	3047454313	575581
MSH604#0	MSH604#0#chrVII	3048029895	1057439
MSH604#0	MSH604#0#chrXIV	3049087335	763954
MSH604#0	MSH604#0#chrVI	3049851290	281460
N44#0	N44#0#chrIII	3050132751	312241
N44#0	N44#0#chrII	3050444993	800085
N44#0	N44#0#chrIX	3051245079	442403
N44#0	N44#0#chrV	3051687483	553973
N44#0	N44#0#chrVIII	3052241457	529296
N44#0	N44#0#chrIV	3052770754	1466838
N44#0	N44#0#chrI	3054237593	224181
N44#0	N44#0#chrXIV	3054461775	776644
N44#0	N44#0#chrX	3055238420	729272
N44#0	N44#0#chrVII	3055967693	1082435
N44#0	N44#0#chrXII	3057050129	1026045
N44#0	N44#0#chrXIII	3058076175	926729
N44#0	N44#0#chrXVI	3059002905	904322
N44#0	N44#0#chrXV	3059907228	1061158
N44#0	N44#0#chrXI	3060968387	679893
N44#0	N44#0#chrVI	3061648281	296174
N44#0	N44#0#chrMT	3061944456	69948
NCYC3947#0	NCYC3947#0#chrMT	3062014405	79356
NCYC3947#0	NCYC3947#0#chrV	3062093762	584553
NCYC3947#0	NCYC3947#0#chrIX	3062678316	434517
NCYC3947#0	NCYC3947#0#chrVIII	3063112834	534462
NCYC3947#0	NCYC3947#0#chrX	3063647297	738741
NCYC3947#0	NCYC3947#0#chrIV	3064386039	1474466
NCYC3947#0	NCYC3947#0#chrIII	3065860506	308350
NCYC3947#0	NCYC3947#0#chrXIV	3066168857	749072
NCYC3947#0	NCYC3947#0#chrVI	3066917930	730011
NCYC3947#0	NCYC3947#0#chrXVI	3067647942	920427
NCYC3947#0	NCYC3947#0#chrXV	3068568370	1068672
NCYC3947#0	NCYC3947#0#chrXIII	3069637043	334136
NCYC3947#0	NCYC3947#0#chrVII	3069971180	638210
NCYC3947#0	NCYC3947#0#chrXI	3070609391	671067
NCYC3947#0	NCYC3947#0#chrXII	3071280459	1032490
NCYC3947#0	NCYC3947#0#chrII	3072312950	809280
NCYC3947#0	NCYC3947#0#chrI	3073122231	809572
NCYC3962#0	NCYC3962#0#chrIX	3073931804	439662
NCYC3962#0	NCYC3962#0#chrII	3074371467	814183
NCYC3962#0	NCYC3962#0#chrVII	3075185651	652030
NCYC3962#0	NCYC3962#0#chrXV	3075837682	1081463
NCYC3962#0	NCYC3962#0#chrV	3076919146	570437
NCYC3962#0	NCYC3962#0#chrXII	3077489584	1052060
NCYC3962#0	NCYC3962#0#chrXI	3078541645	676065
NCYC3962#0	NCYC3962#0#chrXVI	3079217711	806586
NCYC3962#0	NCYC3962#0#chrVIII	3080024298	536516
NCYC3962#0	NCYC3962#0#chrVI	3080560815	723619
NCYC3962#0	NCYC3962#0#chrXIV	3081284435	790124
NCYC3962#0	NCYC3962#0#chrMT	3082074560	79149
NCYC3962#0	NCYC3962#0#chrIII	3082153710	329028
NCYC3962#0	NCYC3962#0#chrIV	3082482739	1470125
NCYC3962#0	NCYC3962#0#chrX	3083952865	751020
NCYC3962#0	NCYC3962#0#chrXIII	3084703886	334998
NCYC3962#0	NCYC3962#0#chrI	3085038885	756315
R23#0	R23#0#chrVIII	3085795201	529631
R23#0	R23#0#chrX	3086324833	737332
R23#0	R23#0#chrXII	3087062166	1028603
R23#0	R23#0#chrII	3088090770	798356
R23#0	R23#0#chrXIV	3088889127	778202
R23#0	R23#0#chrXI	3089667330	676976
R23#0	R23#0#chrIX	3090344307	455997
R23#0	R23#0#chrIII	3090800305	331490
R23#0	R23#0#chrXVI	3091131796	916761
R23#0	R23#0#chrIV	3092048558	1491775
R23#0	R23#0#chrVII	3093540334	1069859
R23#0	R23#0#chrXIII	3094610194	941320
R23#0	R23#0#chrXV	3095551515	1044804
R23#0	R23#0#chrI	3096596320	226872
R23#0	R23#0#chrV	3096823193	579551
R23#0	R23#0#chrVI	3097402745	289112
RM11#0	RM11#0#chrII	3097691858	801060
RM11#0	RM11#0#chrVIII	3098492919	534885
RM11#0	RM11#0#chrVI	3099027805	256308
RM11#0	RM11#0#chrIV	3099284114	1487882
RM11#0	RM11#0#chrXI	3100771997	669304
RM11#0	RM11#0#chrXII	3101441302	1024423
RM11#0	RM11#0#chrVII	3102465726	1075814
RM11#0	RM11#0#chrXV	3103541541	1056886
RM11#0	RM11#0#chrXIV	3104598428	788098
RM11#0	RM11#0#chrXVI	3105386527	919793
RM11#0	RM11#0#chrX	3106306321	730198
RM11#0	RM11#0#chrV	3107036520	552808
RM11#0	RM11#0#chrXIII	3107589329	920235
RM11#0	RM11#0#chrIII	3108509565	311180
RM11#0	RM11#0#chrIX	3108820746	431223
RM11#0	RM11#0#chrI	3109251970	207699
S288C#0	S288C#0#chrIII	3109459670	341580
S288C#0	S288C#0#chrV	3109801251	583092
S288C#0	S288C#0#chrVIII	3110384344	581049
S288C#0	S288C#0#chrX	3110965394	751611
S288C#0	S288C#0#chrXII	3111717006	1075542
S288C#0	S288C#0#chrIX	3112792549	440036
S288C#0	S288C#0#chrXIV	3113232586	777615
S288C#0	S288C#0#chrXIII	3114010202	930506
S288C#0	S288C#0#chrVI	3114940709	271539
S288C#0	S288C#0#chrIV	3115212249	1566853
S288C#0	S288C#0#chrXV	3116779103	1091343
S288C#0	S288C#0#chrXVI	3117870447	954457
S288C#0	S288C#0#chrXI	3118824905	666862
S288C#0	S288C#0#chrII	3119491768	813597
S288C#0	S288C#0#chrVII	3120305366	1091538
S288C#0	S288C#0#chrI	3121396905	219929
S288C#0	S288C#0#chrMT	3121616835	85793
SGDref#0	SGDref#0#chrV	3121702629	576874
SGDref#0	SGDref#0#chrVIII	3122279504	562643
SGDref#0	SGDref#0#chrVII	3122842148	1090940
SGDref#0	SGDref#0#chrIV	3123933089	1531933
SGDref#0	SGDref#0#chrX	3125465023	745751
SGDref#0	SGDref#0#chrXI	3126210775	666816
SGDref#0	SGDref#0#chrXIV	3126877592	784333
SGDref#0	SGDref#0#chrXII	3127661926	1078177
SGDref#0	SGDref#0#chrXVI	3128740104	948066
SGDref#0	SGDref#0#chrXV	3129688171	1091291
SGDref#0	SGDref#0#chrIX	3130779463	439888
SGDref#0	SGDref#0#chrII	3131219352	813184
SGDref#0	SGDref#0#chrIII	3132032537	316620
SGDref#0	SGDref#0#chrXIII	3132349158	924431
SGDref#0	SGDref#0#chrVI	3133273590	270161
SGDref#0	SGDref#0#chrI	3133543752	230218
SGDref#0	SGDref#0#chrMT	3133773971	85779
SK1#0	SK1#0#chrV	3133859751	589812
SK1#0	SK1#0#chrIX	3134449564	449612
SK1#0	SK1#0#chrII	3134899177	829469
SK1#0	SK1#0#chrVIII	3135728647	542723
SK1#0	SK1#0#chrIII	3136271371	340914
SK1#0	SK1#0#chrX	3136612286	753937
SK1#0	SK1#0#chrIV	3137366224	1486921
SK1#0	SK1#0#chrXIII	3138853146	923535
SK1#0	SK1#0#chrXII	3139776682	1054145
SK1#0	SK1#0#chrXIV	3140830828	791982
SK1#0	SK1#0#chrXV	3141622811	1053869
SK1#0	SK1#0#chrVII	3142676681	1080440
SK1#0	SK1#0#chrXVI	3143757122	946846
SK1#0	SK1#0#chrVI	3144703969	299318
SK1#0	SK1#0#chrXI	3145003288	690901
SK1#0	SK1#0#chrI	3145694190	228861
SK1#0	SK1#0#chrMT	3145923052	84638
SX2#0	SX2#0#chrIII	3146007691	316486
SX2#0	SX2#0#chrIX	3146324178	433099
SX2#0	SX2#0#chrVIII	3146757278	538859
SX2#0	SX2#0#chrIV	3147296138	1479650
SX2#0	SX2#0#chrX	3148775789	709085
SX2#0	SX2#0#chrXV	3149484875	1077723
SX2#0	SX2#0#chrXIV	3150562599	788074
SX2#0	SX2#0#chrVII	3151350674	1110715
SX2#0	SX2#0#chrII	3152461390	816575
SX2#0	SX2#0#chrV	3153277966	572520
SX2#0	SX2#0#chrXIII	3153850487	936897
SX2#0	SX2#0#chrVI	3154787385	281117
SX2#0	SX2#0#chrXVI	3155068503	928563
SX2#0	SX2#0#chrXII	3155997067	1036354
SX2#0	SX2#0#chrXI	3157033422	666658
SX2#0	SX2#0#chrI	3157700081	226383
SX2#0	SX2#0#chrMT	3157926465	78327
UFRJ50816#0	UFRJ50816#0#chrI	3158004793	220177
UFRJ50816#0	UFRJ50816#0#chrII	3158224971	731301
UFRJ50816#0	UFRJ50816#0#chrIX	3158956273	374625
UFRJ50816#0	UFRJ50816#0#chrX	3159330899	751133
UFRJ50816#0	UFRJ50816#0#chrXIII	3160082033	869764
UFRJ50816#0	UFRJ50816#0#chrIV	3160951798	1391618
UFRJ50816#0	UFRJ50816#0#chrXI	3162343417	805821
UFRJ50816#0	UFRJ50816#0#chrXIV	3163149239	872155
UFRJ50816#0	UFRJ50816#0#chrXII	3164021395	1068413
UFRJ50816#0	UFRJ50816#0#chrXVI	3165089809	1029411
UFRJ50816#0	UFRJ50816#0#chrXV	3166119221	1201643
UFRJ50816#0	UFRJ50816#0#chrIII	3167320865	308064
UFRJ50816#0	UFRJ50816#0#chrV	3167628930	577572
UFRJ50816#0	UFRJ50816#0#chrVIII	3168206503	546662
UFRJ50816#0	UFRJ50816#0#chrVII	3168753166	1105967
UFRJ50816#0	UFRJ50816#0#chrMT	3169859134	77386
UFRJ50816#0	UFRJ50816#0#chrVI	3169936521	282957
UWOPS034614#0	UWOPS034614#0#chrII	3170219479	815151
UWOPS034614#0	UWOPS034614#0#chrV	3171034631	555692
UWOPS034614#0	UWOPS034614#0#chrXIII	3171590324	662343
UWOPS034614#0	UWOPS034614#0#chrXIV	3172252668	765143
UWOPS034614#0	UWOPS034614#0#chrX	3173017812	1092164
UWOPS034614#0	UWOPS034614#0#chrXV	3174109977	1062502
UWOPS034614#0	UWOPS034614#0#chrXI	3175172480	792116
UWOPS034614#0	UWOPS034614#0#chrXVI	3175964597	909189
UWOPS034614#0	UWOPS034614#0#chrIII	3176873787	309137
UWOPS034614#0	UWOPS034614#0#chrVI	3177182925	290867
UWOPS034614#0	UWOPS034614#0#chrIX	3177473793	428968
UWOPS034614#0	UWOPS034614#0#chrIV	3177902762	1468232
UWOPS034614#0	UWOPS034614#0#chrVII	3179370995	632616
UWOPS034614#0	UWOPS034614#0#chrVIII	3180003612	738767
UWOPS034614#0	UWOPS034614#0#chrXII	3180742380	1010127
UWOPS034614#0	UWOPS034614#0#chrI	3181752508	214332
UWOPS034614#0	UWOPS034614#0#chrMT	3181966841	74179
UWOPS052272#0	UWOPS052272#0#chrII	3182041021	815240
UWOPS052272#0	UWOPS052272#0#chrVI	3182856262	290976
UWOPS052272#0	UWOPS052272#0#chrIII	3183147239	315037
UWOPS052272#0	UWOPS052272#0#chrV	3183462277	556375
UWOPS052272#0	UWOPS052272#0#chrIX	3184018653	428952
UWOPS052272#0	UWOPS052272#0#chrVIII	3184447606	743232
UWOPS052272#0	UWOPS052272#0#chrIV	3185190839	1470266
UWOPS052272#0	UWOPS052272#0#chrVII	3186661106	638500
UWOPS052272#0	UWOPS052272#0#chrXIII	3187299607	662280
UWOPS052272#0	UWOPS052272#0#chrX	3187961888	1092091
UWOPS052272#0	UWOPS052272#0#chrXIV	3189053980	772496
UWOPS052272#0	UWOPS052272#0#chrXVI	3189826477	912642
UWOPS052272#0	UWOPS052272#0#chrXV	3190739120	1062691
UWOPS052272#0	UWOPS052272#0#chrXII	3191801812	1037151
UWOPS052272#0	UWOPS052272#0#chrXI	3192838964	797958
UWOPS052272#0	UWOPS052272#0#chrI	3193636923	222259
UWOPS052272#0	UWOPS052272#0#chrMT	3193859183	74178
UWOPS837873#0	UWOPS837873#0#chrII	3193933362	802384
UWOPS837873#0	UWOPS837873#0#chrIX	3194735747	434853
UWOPS837873#0	UWOPS837873#0#chrV	3195170601	564002
UWOPS837873#0	UWOPS837873#0#chrX	3195734604	734140
UWOPS837873#0	UWOPS837873#0#chrXIII	3196468745	915792
UWOPS837873#0	UWOPS837873#0#chrVIII	3197384538	792519
UWOPS837873#0	UWOPS837873#0#chrXVI	3198177058	677069
UWOPS837873#0	UWOPS837873#0#chrXIV	3198854128	785686
UWOPS837873#0	UWOPS837873#0#chrXV	3199639815	1061273
UWOPS837873#0	UWOPS837873#0#chrXII	3200701089	1083269
UWOPS837873#0	UWOPS837873#0#chrXI	3201784359	673565
UWOPS837873#0	UWOPS837873#0#chrIV	3202457925	1469092
UWOPS837873#0	UWOPS837873#0#chrIII	3203927018	323639
UWOPS837873#0	UWOPS837873#0#chrVII	3204250658	1089776
UWOPS837873#0	UWOPS837873#0#chrVI	3205340435	293811
UWOPS837873#0	UWOPS837873#0#chrI	3205634247	237924
UWOPS837873#0	UWOPS837873#0#chrMT	3205872172	77950
UWOPS919171#0	UWOPS919171#0#chrVI	3205950123	306036
UWOPS919171#0	UWOPS919171#0#chrIV	3206256160	1513677
UWOPS919171#0	UWOPS919171#0#chrXI	3207769838	681961
UWOPS919171#0	UWOPS919171#0#chrXII	3208451800	1041178
UWOPS919171#0	UWOPS919171#0#chrX	3209492979	750185
UWOPS919171#0	UWOPS919171#0#chrVIII	3210243165	526907
UWOPS919171#0	UWOPS919171#0#chrVII	3210770073	1057931
UWOPS919171#0	UWOPS919171#0#chrII	3211828005	801843
UWOPS919171#0	UWOPS919171#0#chrV	3212629849	1007496
UWOPS919171#0	UWOPS919171#0#chrIII	3213637346	316051
UWOPS919171#0	UWOPS919171#0#chrXVI	3213953398	905577
UWOPS919171#0	UWOPS919171#0#chrXIII	3214858976	475121
UWOPS919171#0	UWOPS919171#0#chrXV	3215334098	1052871
UWOPS919171#0	UWOPS919171#0#chrXIV	3216386970	769517
UWOPS919171#0	UWOPS919171#0#chrIX	3217156488	439147
UWOPS919171#0	UWOPS919171#0#chrI	3217595636	211120
UWOPS919171#0	UWOPS919171#0#chrMT	3217806757	73171
W303#0	W303#0#chrII	3217879929	818518
W303#0	W303#0#chrI	3218698448	245675
W303#0	W303#0#chrIX	3218944124	429631
W303#0	W303#0#chrX	3219373756	751537
W303#0	W303#0#chrVIII	3220125294	580970
W303#0	W303#0#chrV	3220706265	590080
W303#0	W303#0#chrXI	3221296346	678555
W303#0	W303#0#chrXII	3221974902	1103351
W303#0	W303#0#chrXV	3223078254	1091404
W303#0	W303#0#chrXIII	3224169659	932757
W303#0	W303#0#chrXVI	3225102417	932221
W303#0	W303#0#chrXIV	3226034639	777478
W303#0	W303#0#chrIV	3226812118	1548464
W303#0	W303#0#chrVII	3228360583	1090383
W303#0	W303#0#chrIII	3229450967	347597
W303#0	W303#0#chrVI	3229798565	271173
W303#0	W303#0#chrMT	3230069739	80918
WX20#0	WX20#0#chrV	3230150658	587562
WX20#0	WX20#0#chrII	3230738221	804340
WX20#0	WX20#0#chrVII	3231542562	1097061
WX20#0	WX20#0#chrX	3232639624	738722
WX20#0	WX20#0#chrXI	3233378347	663335
WX20#0	WX20#0#chrVIII	3234041683	530010
WX20#0	WX20#0#chrXVI	3234571694	909857
WX20#0	WX20#0#chrVI	3235481552	588525
WX20#0	WX20#0#chrXIII	3236070078	670508
WX20#0	WX20#0#chrIV	3236740587	1482256
WX20#0	WX20#0#chrXV	3238222844	1105639
WX20#0	WX20#0#chrXII	3239328484	1074835
WX20#0	WX20#0#chrXIV	3240403320	777535
WX20#0	WX20#0#chrIII	3241180856	339236
WX20#0	WX20#0#chrIX	3241520093	448083
WX20#0	WX20#0#chrI	3241968177	226393
XXYS14#0	XXYS14#0#chrIII	3242194571	315396
XXYS14#0	XXYS14#0#chrMT	3242509968	72909
XXYS14#0	XXYS14#0#chrIX	3242582878	432873
XXYS14#0	XXYS14#0#chrIV	3243015752	1483244
XXYS14#0	XXYS14#0#chrVII	3244498997	1071806
XXYS14#0	XXYS14#0#chrII	3245570804	779045
XXYS14#0	XXYS14#0#chrV	3246349850	564409
XXYS14#0	XXYS14#0#chrXI	3246914260	585973
XXYS14#0	XXYS14#0#chrX	3247500234	716977
XXYS14#0	XXYS14#0#chrXVI	3248217212	894632
XXYS14#0	XXYS14#0#chrXV	3249111845	1042595
XXYS14#0	XXYS14#0#chrXIII	3250154441	919156
XXYS14#0	XXYS14#0#chrXII	3251073598	1087216
XXYS14#0	XXYS14#0#chrXIV	3252160815	750830
XXYS14#0	XXYS14#0#chrI	3252911646	199212
XXYS14#0	XXYS14#0#chrVI	3253110859	261562
XXYS14#0	XXYS14#0#chrVIII	3253372422	549232
Y12#0	Y12#0#chrII	3253921655	800619
Y12#0	Y12#0#chrIX	3254722275	431184
Y12#0	Y12#0#chrV	3255153460	575802
Y12#0	Y12#0#chrIV	3255729263	1497473
Y12#0	Y12#0#chrXI	3257226737	692235
Y12#0	Y12#0#chrXVI	3257918973	901780
Y12#0	Y12#0#chrXIII	3258820754	903361
Y12#0	Y12#0#chrXIV	3259724116	800685
Y12#0	Y12#0#chrIII	3260524802	322503
Y12#0	Y12#0#chrX	3260847306	725652
Y12#0	Y12#0#chrXV	3261572959	1048295
Y12#0	Y12#0#chrVII	3262621255	1107723
Y12#0	Y12#0#chrXII	3263728979	1043178
Y12#0	Y12#0#chrI	3264772158	197190
Y12#0	Y12#0#chrVI	3264969349	285938
Y12#0	Y12#0#chrVIII	3265255288	547529
Y12#0	Y12#0#chrMT	3265802818	82868
Y55#0	Y55#0#chrI	3265885687	230382
Y55#0	Y55#0#chrIII	3266116070	306213
Y55#0	Y55#0#chrII	3266422284	779030
Y55#0	Y55#0#chrIV	3267201315	1479087
Y55#0	Y55#0#chrV	3268680403	596133
Y55#0	Y55#0#chrXIII	3269276537	916765
Y55#0	Y55#0#chrVII	3270193303	1051019
Y55#0	Y55#0#chrX	3271244323	719153
Y55#0	Y55#0#chrXII	3271963477	1018684
Y55#0	Y55#0#chrXV	3272982162	1056263
Y55#0	Y55#0#chrXIV	3274038426	763584
Y55#0	Y55#0#chrIX	3274802011	454735
Y55#0	Y55#0#chrXVI	3275256747	916013
Y55#0	Y55#0#chrVI	3276172761	278130
Y55#0	Y55#0#chrXI	3276450892	682526
Y55#0	Y55#0#chrVIII	3277133419	544025
YGL3210#0	YGL3210#0#chrII	3277677445	803451
YGL3210#0	YGL3210#0#chrIX	3278480897	445750
YGL3210#0	YGL3210#0#chrVI	3278926648	297270
YGL3210#0	YGL3210#0#chrX	3279223919	738480
YGL3210#0	YGL3210#0#chrV	3279962400	569004
YGL3210#0	YGL3210#0#chrVIII	3280531405	536515
YGL3210#0	YGL3210#0#chrXIV	3281067921	775131
YGL3210#0	YGL3210#0#chrIII	3281843053	337544
YGL3210#0	YGL3210#0#chrI	3282180598	214258
YGL3210#0	YGL3210#0#chrIV	3282394857	1532339
YGL3210#0	YGL3210#0#chrXVI	3283927197	962532
YGL3210#0	YGL3210#0#chrXV	3284889730	1049614
YGL3210#0	YGL3210#0#chrXIII	3285939345	946112
YGL3210#0	YGL3210#0#chrVII	3286885458	1059744
YGL3210#0	YGL3210#0#chrXII	3287945203	1149217
YGL3210#0	YGL3210#0#chrXI	3289094421	704480
YGL3210#0	YGL3210#0#chrMT	3289798902	87559
YPS128#0	YPS128#0#chrIII	3289886462	319304
YPS128#0	YPS128#0#chrI	3290205767	237661
YPS128#0	YPS128#0#chrIX	3290443429	440919
YPS128#0	YPS128#0#chrVIII	3290884349	543240
YPS128#0	YPS128#0#chrV	3291427590	575962
YPS128#0	YPS128#0#chrIV	3292003553	1495051
YPS128#0	YPS128#0#chrII	3293498605	808481
YPS128#0	YPS128#0#chrVII	3294307087	1082279
YPS128#0	YPS128#0#chrXII	3295389367	1027157
YPS128#0	YPS128#0#chrXI	3296416525	667446
YPS128#0	YPS128#0#chrMT	3297083972	77479
YPS128#0	YPS128#0#chrXIV	3297161452	766731
YPS128#0	YPS128#0#chrXIII	3297928184	928527
YPS128#0	YPS128#0#chrXV	3298856712	1072763
YPS128#0	YPS128#0#chrXVI	3299929476	932263
YPS128#0	YPS128#0#chrX	3300861740	723414
YPS128#0	YPS128#0#chrVI	3301585155	289276
YPS138#0	YPS138#0#chrI	3301874432	254647
YPS138#0	YPS138#0#chrV	3302129080	571131
YPS138#0	YPS138#0#chrXI	3302700212	687600
YPS138#0	YPS138#0#chrIV	3303387813	1469832
YPS138#0	YPS138#0#chrVIII	3304857646	531566
YPS138#0	YPS138#0#chrXIV	3305389213	769158
YPS138#0	YPS138#0#chrVII	3306158372	1067218
YPS138#0	YPS138#0#chrVI	3307225591	296071
YPS138#0	YPS138#0#chrXV	3307521663	1049886
YPS138#0	YPS138#0#chrXVI	3308571550	905611
YPS138#0	YPS138#0#chrII	3309477162	789597
YPS138#0	YPS138#0#chrXII	3310266760	1029308
YPS138#0	YPS138#0#chrX	3311296069	707288
YPS138#0	YPS138#0#chrXIII	3312003358	935281
YPS138#0	YPS138#0#chrIII	3312938640	315836
YPS138#0	YPS138#0#chrIX	3313254477	431692
YPS138#0	YPS138#0#chrMT	3313686170	71396
YPS606#0	YPS606#0#chrIII	3313757567	313754
YPS606#0	YPS606#0#chrII	3314071322	808506
YPS606#0	YPS606#0#chrIV	3314879829	1482193
YPS606#0	YPS606#0#chrX	3316362023	716477
YPS606#0	YPS606#0#chrVI	3317078501	302676
YPS606#0	YPS606#0#chrV	3317381178	568946
YPS606#0	YPS606#0#chrXIII	3317950125	928712
YPS606#0	YPS606#0#chrXI	3318878838	680132
YPS606#0	YPS606#0#chrVIII	3319558971	536482
YPS606#0	YPS606#0#chrXII	3320095454	1091563
YPS606#0	YPS606#0#chrXV	3321187018	1072834
YPS606#0	YPS606#0#chrVII	3322259853	1082272
YPS606#0	YPS606#0#chrXVI	3323342126	926192
YPS606#0	YPS606#0#chrXIV	3324268319	766617
YPS606#0	YPS606#0#chrI	3325034937	224413
YPS606#0	YPS606#0#chrIX	3325259351	448240
YPS606#0	YPS606#0#chrMT	3325707592	77450
ZP591#0	ZP591#0#chrII	3325785043	774746
ZP591#0	ZP591#0#chrVI	3326559790	266313
ZP591#0	ZP591#0#chrVII	3326826104	1034568
ZP591#0	ZP591#0#chrV	3327860673	519233
ZP591#0	ZP591#0#chrXV	3328379907	1018317
ZP591#0	ZP591#0#chrVIII	3329398225	497629
ZP591#0	ZP591#0#chrXI	3329895855	643395
ZP591#0	ZP591#0#chrXIII	3330539251	883235
ZP591#0	ZP591#0#chrX	3331422487	682760
ZP591#0	ZP591#0#chrIV	3332105248	1418818
ZP591#0	ZP591#0#chrXII	3333524067	992365
ZP591#0	ZP591#0#chrXVI	3334516433	886280
ZP591#0	ZP591#0#chrI	3335402714	167451
ZP591#0	ZP591#0#chrIII	3335570166	281608
ZP591#0	ZP591#0#chrIX	3335851775	400310
ZP591#0	ZP591#0#chrXIV	3336252086	734670
