ri4: n=1403221068481 k=1 R=2739737285
SLIM_PHASE ri4-load wall=41.740 cumulative=41.740 peak_rss_kib=48486400
SLIM_HEAD_SA bytes=21917898280 rows=2739737285 mmap=1
SLIM_PHASE dict-read wall=0.000 cumulative=44.441 peak_rss_kib=48486400
SLIM_PHASE dict-boundaries wall=196.683 cumulative=241.123 peak_rss_kib=48611328
SLIM_STRING_ENDS count=1 bytes=8 from_parse_dict=1 cyclic=1
SLIM_PHASE parse+boundaries wall=6342.708 cumulative=6583.831 peak_rss_kib=128256000
SLIM_PHASE parse-fingerprints wall=32.808 cumulative=6616.640 peak_rss_kib=130889728
SLIM_PHASE dict-fingerprints wall=89.703 cumulative=6706.342 peak_rss_kib=133531648
SLIM_STRUCT n=1403221068491 P=15517245230 D=18611972670 phrases=89908955 parse_bytes=62068980924 bd_bytes=124454859 bp_bytes=18624260290 dict_resident=0 dict_cache_per_thread=262144 no_SA_ISA_LCP_RMQ=1 no_M_b_bwt_w_wt=1
SLIM_PHASE lce-build-total wall=6667.839 cumulative=6709.579 peak_rss_kib=133533696
SLIM_PHASE lf-build wall=53.975 cumulative=6763.554 peak_rss_kib=165640472
SLIM_RI runs=13698686425 starts=21917898280 samples=14041153592 lf_capacity=39098095784
SLIM_PROGRESS runs=65536/2739737285 resolve_wall=0.018 lce_wall=0.187 write_wall=0.002 lf_steps=0 cache_hits=0
SLIM_PHASE query-chunks wall=0.209 cumulative=6763.763 peak_rss_kib=165654808
SLIM_PROGRESS runs=1114112/2739737285 resolve_wall=0.273 lce_wall=5.097 write_wall=0.036 lf_steps=0 cache_hits=0
SLIM_PHASE query-chunks wall=5.199 cumulative=6768.962 peak_rss_kib=165654808
SLIM_PROGRESS runs=2162688/2739737285 resolve_wall=0.533 lce_wall=10.065 write_wall=0.070 lf_steps=0 cache_hits=0
SLIM_PHASE query-chunks wall=5.262 cumulative=6774.224 peak_rss_kib=165654808
SLIM_PROGRESS runs=3211264/2739737285 resolve_wall=0.791 lce_wall=14.950 write_wall=0.103 lf_steps=0 cache_hits=0
SLIM_PHASE query-chunks wall=5.177 cumulative=6779.400 peak_rss_kib=165654808
SLIM_PROGRESS runs=4259840/2739737285 resolve_wall=1.044 lce_wall=19.786 write_wall=0.134 lf_steps=0 cache_hits=0
SLIM_PHASE query-chunks wall=5.120 cumulative=6784.520 peak_rss_kib=165654808
SLIM_PROGRESS runs=5308416/2739737285 resolve_wall=1.300 lce_wall=24.618 write_wall=0.167 lf_steps=0 cache_hits=0
SLIM_PHASE query-chunks wall=5.121 cumulative=6789.641 peak_rss_kib=165654808
SLIM_PROGRESS runs=6356992/2739737285 resolve_wall=1.563 lce_wall=29.463 write_wall=0.202 lf_steps=0 cache_hits=0
SLIM_PHASE query-chunks wall=5.142 cumulative=6794.783 peak_rss_kib=165654808
SLIM_PROGRESS runs=7405568/2739737285 resolve_wall=1.820 lce_wall=34.297 write_wall=0.237 lf_steps=0 cache_hits=0
SLIM_PHASE query-chunks wall=5.127 cumulative=6799.910 peak_rss_kib=165654808
SLIM_PROGRESS runs=8454144/2739737285 resolve_wall=2.075 lce_wall=39.044 write_wall=0.271 lf_steps=0 cache_hits=0
SLIM_PHASE query-chunks wall=5.036 cumulative=6804.946 peak_rss_kib=165654808
SLIM_PROGRESS runs=9502720/2739737285 resolve_wall=2.330 lce_wall=43.782 write_wall=0.304 lf_steps=0 cache_hits=0
SLIM_PHASE query-chunks wall=5.025 cumulative=6809.971 peak_rss_kib=165654808
SLIM_PROGRESS runs=10551296/2739737285 resolve_wall=2.586 lce_wall=48.551 write_wall=0.337 lf_steps=0 cache_hits=0
SLIM_PHASE query-chunks wall=5.060 cumulative=6815.031 peak_rss_kib=165654808
SLIM_PROGRESS runs=11599872/2739737285 resolve_wall=2.843 lce_wall=53.287 write_wall=0.370 lf_steps=0 cache_hits=0
SLIM_PHASE query-chunks wall=5.025 cumulative=6820.057 peak_rss_kib=165654808
SLIM_PROGRESS runs=12648448/2739737285 resolve_wall=3.104 lce_wall=58.002 write_wall=0.404 lf_steps=0 cache_hits=0
SLIM_PHASE query-chunks wall=5.011 cumulative=6825.067 peak_rss_kib=165654808
SLIM_PROGRESS runs=13697024/2739737285 resolve_wall=3.367 lce_wall=62.744 write_wall=0.437 lf_steps=0 cache_hits=0
SLIM_PHASE query-chunks wall=5.038 cumulative=6830.106 peak_rss_kib=165654808
SLIM_PROGRESS runs=14745600/2739737285 resolve_wall=3.626 lce_wall=67.443 write_wall=0.472 lf_steps=0 cache_hits=0
SLIM_PHASE query-chunks wall=4.993 cumulative=6835.099 peak_rss_kib=165654808
SLIM_PROGRESS runs=15794176/2739737285 resolve_wall=3.881 lce_wall=72.153 write_wall=0.504 lf_steps=0 cache_hits=0
SLIM_PHASE query-chunks wall=4.997 cumulative=6840.095 peak_rss_kib=165654808
SLIM_PROGRESS runs=16842752/2739737285 resolve_wall=4.138 lce_wall=76.846 write_wall=0.538 lf_steps=0 cache_hits=0
SLIM_PHASE query-chunks wall=4.984 cumulative=6845.080 peak_rss_kib=165654808
SLIM_PROGRESS runs=17891328/2739737285 resolve_wall=4.397 lce_wall=81.556 write_wall=0.573 lf_steps=0 cache_hits=0
SLIM_PHASE query-chunks wall=5.005 cumulative=6850.084 peak_rss_kib=165654808
SLIM_PROGRESS runs=18939904/2739737285 resolve_wall=4.656 lce_wall=86.214 write_wall=0.607 lf_steps=0 cache_hits=0
SLIM_PHASE query-chunks wall=4.950 cumulative=6855.035 peak_rss_kib=165654808
SLIM_PROGRESS runs=19988480/2739737285 resolve_wall=4.912 lce_wall=90.856 write_wall=0.640 lf_steps=0 cache_hits=0
SLIM_PHASE query-chunks wall=4.932 cumulative=6859.966 peak_rss_kib=165654808
SLIM_PROGRESS runs=21037056/2739737285 resolve_wall=5.172 lce_wall=95.438 write_wall=0.674 lf_steps=0 cache_hits=0
SLIM_PHASE query-chunks wall=4.876 cumulative=6864.842 peak_rss_kib=165654808
SLIM_PROGRESS runs=22085632/2739737285 resolve_wall=5.429 lce_wall=100.020 write_wall=0.708 lf_steps=0 cache_hits=0
SLIM_PHASE query-chunks wall=4.873 cumulative=6869.715 peak_rss_kib=165654808
SLIM_PROGRESS runs=23134208/2739737285 resolve_wall=5.689 lce_wall=104.492 write_wall=0.743 lf_steps=0 cache_hits=0
SLIM_PHASE query-chunks wall=4.766 cumulative=6874.481 peak_rss_kib=165654808
SLIM_PROGRESS runs=24182784/2739737285 resolve_wall=5.947 lce_wall=108.801 write_wall=0.778 lf_steps=0 cache_hits=0
SLIM_PHASE query-chunks wall=4.604 cumulative=6879.085 peak_rss_kib=165654808
SLIM_PROGRESS runs=25231360/2739737285 resolve_wall=6.208 lce_wall=112.944 write_wall=0.813 lf_steps=0 cache_hits=0
SLIM_PHASE query-chunks wall=4.440 cumulative=6883.525 peak_rss_kib=165654808
SLIM_PROGRESS runs=26279936/2739737285 resolve_wall=6.469 lce_wall=116.805 write_wall=0.848 lf_steps=0 cache_hits=0
SLIM_PHASE query-chunks wall=4.156 cumulative=6887.681 peak_rss_kib=165654808
SLIM_PROGRESS runs=27328512/2739737285 resolve_wall=6.730 lce_wall=120.671 write_wall=0.882 lf_steps=0 cache_hits=0
SLIM_PHASE query-chunks wall=4.161 cumulative=6891.842 peak_rss_kib=165654808
SLIM_PROGRESS runs=28377088/2739737285 resolve_wall=6.990 lce_wall=124.386 write_wall=0.917 lf_steps=0 cache_hits=0
SLIM_PHASE query-chunks wall=4.010 cumulative=6895.852 peak_rss_kib=165654808
SLIM_PROGRESS runs=29425664/2739737285 resolve_wall=7.246 lce_wall=127.991 write_wall=0.946 lf_steps=0 cache_hits=0
SLIM_PHASE query-chunks wall=3.891 cumulative=6899.743 peak_rss_kib=165654808
SLIM_PROGRESS runs=30474240/2739737285 resolve_wall=7.506 lce_wall=131.584 write_wall=0.979 lf_steps=0 cache_hits=0
SLIM_PHASE query-chunks wall=3.885 cumulative=6903.629 peak_rss_kib=165654808
SLIM_PROGRESS runs=31522816/2739737285 resolve_wall=7.765 lce_wall=135.184 write_wall=1.013 lf_steps=0 cache_hits=0
SLIM_PHASE query-chunks wall=3.893 cumulative=6907.522 peak_rss_kib=165654808
SLIM_PROGRESS runs=32571392/2739737285 resolve_wall=8.022 lce_wall=138.795 write_wall=1.045 lf_steps=0 cache_hits=0
SLIM_PHASE query-chunks wall=3.900 cumulative=6911.422 peak_rss_kib=165654808
SLIM_PROGRESS runs=33619968/2739737285 resolve_wall=8.285 lce_wall=142.288 write_wall=1.079 lf_steps=0 cache_hits=0
SLIM_PHASE query-chunks wall=3.791 cumulative=6915.212 peak_rss_kib=165654808
SLIM_PROGRESS runs=34668544/2739737285 resolve_wall=8.547 lce_wall=145.901 write_wall=1.114 lf_steps=0 cache_hits=0
SLIM_PHASE query-chunks wall=3.909 cumulative=6919.122 peak_rss_kib=165654808
SLIM_PROGRESS runs=35717120/2739737285 resolve_wall=8.810 lce_wall=149.214 write_wall=1.148 lf_steps=0 cache_hits=0
SLIM_PHASE query-chunks wall=3.610 cumulative=6922.732 peak_rss_kib=165654808
SLIM_PROGRESS runs=36765696/2739737285 resolve_wall=9.072 lce_wall=152.705 write_wall=1.182 lf_steps=0 cache_hits=0
SLIM_PHASE query-chunks wall=3.789 cumulative=6926.520 peak_rss_kib=165654808
SLIM_PROGRESS runs=37814272/2739737285 resolve_wall=9.334 lce_wall=156.227 write_wall=1.216 lf_steps=0 cache_hits=0
SLIM_PHASE query-chunks wall=3.818 cumulative=6930.338 peak_rss_kib=165658660
SLIM_PROGRESS runs=38862848/2739737285 resolve_wall=9.597 lce_wall=159.707 write_wall=1.251 lf_steps=0 cache_hits=0
SLIM_PHASE query-chunks wall=3.777 cumulative=6934.115 peak_rss_kib=165681972
SLIM_PROGRESS runs=39911424/2739737285 resolve_wall=9.859 lce_wall=163.119 write_wall=1.286 lf_steps=0 cache_hits=0
SLIM_PHASE query-chunks wall=3.710 cumulative=6937.825 peak_rss_kib=165688716
SLIM_PROGRESS runs=40960000/2739737285 resolve_wall=10.118 lce_wall=166.695 write_wall=1.319 lf_steps=0 cache_hits=0
SLIM_PHASE query-chunks wall=3.869 cumulative=6941.694 peak_rss_kib=165697968
SLIM_PROGRESS runs=42008576/2739737285 resolve_wall=10.379 lce_wall=170.014 write_wall=1.353 lf_steps=0 cache_hits=0
SLIM_PHASE query-chunks wall=3.613 cumulative=6945.306 peak_rss_kib=165701936
SLIM_PROGRESS runs=43057152/2739737285 resolve_wall=10.640 lce_wall=173.348 write_wall=1.386 lf_steps=0 cache_hits=0
SLIM_PHASE query-chunks wall=3.630 cumulative=6948.936 peak_rss_kib=165732812
SLIM_PROGRESS runs=44105728/2739737285 resolve_wall=10.903 lce_wall=176.488 write_wall=1.419 lf_steps=0 cache_hits=0
SLIM_PHASE query-chunks wall=3.435 cumulative=6952.371 peak_rss_kib=165743852
SLIM_PROGRESS runs=45154304/2739737285 resolve_wall=11.166 lce_wall=179.639 write_wall=1.453 lf_steps=0 cache_hits=0
SLIM_PHASE query-chunks wall=3.449 cumulative=6955.820 peak_rss_kib=165761760
SLIM_PROGRESS runs=46202880/2739737285 resolve_wall=11.426 lce_wall=182.933 write_wall=1.487 lf_steps=0 cache_hits=0
SLIM_PHASE query-chunks wall=3.588 cumulative=6959.408 peak_rss_kib=165770916
SLIM_PROGRESS runs=47251456/2739737285 resolve_wall=11.688 lce_wall=186.553 write_wall=1.520 lf_steps=0 cache_hits=0
SLIM_PHASE query-chunks wall=3.916 cumulative=6963.323 peak_rss_kib=165795188
SLIM_PROGRESS runs=48300032/2739737285 resolve_wall=11.951 lce_wall=190.070 write_wall=1.553 lf_steps=0 cache_hits=0
SLIM_PHASE query-chunks wall=3.813 cumulative=6967.136 peak_rss_kib=165802052
SLIM_PROGRESS runs=49348608/2739737285 resolve_wall=12.212 lce_wall=193.426 write_wall=1.588 lf_steps=0 cache_hits=0
SLIM_PHASE query-chunks wall=3.652 cumulative=6970.789 peak_rss_kib=165818524
SLIM_PROGRESS runs=50397184/2739737285 resolve_wall=12.478 lce_wall=196.714 write_wall=1.622 lf_steps=0 cache_hits=0
SLIM_PHASE query-chunks wall=3.587 cumulative=6974.376 peak_rss_kib=165823420
SLIM_PROGRESS runs=51445760/2739737285 resolve_wall=12.738 lce_wall=199.923 write_wall=1.654 lf_steps=0 cache_hits=0
SLIM_PHASE query-chunks wall=3.502 cumulative=6977.878 peak_rss_kib=165828064
SLIM_PROGRESS runs=52494336/2739737285 resolve_wall=12.998 lce_wall=203.174 write_wall=1.688 lf_steps=0 cache_hits=0
SLIM_PHASE query-chunks wall=3.545 cumulative=6981.423 peak_rss_kib=165841456
SLIM_PROGRESS runs=53542912/2739737285 resolve_wall=13.263 lce_wall=206.397 write_wall=1.725 lf_steps=0 cache_hits=0
SLIM_PHASE query-chunks wall=3.525 cumulative=6984.947 peak_rss_kib=165854080
SLIM_PROGRESS runs=54591488/2739737285 resolve_wall=13.525 lce_wall=209.711 write_wall=1.757 lf_steps=0 cache_hits=0
SLIM_PHASE query-chunks wall=3.608 cumulative=6988.556 peak_rss_kib=165863296
SLIM_PROGRESS runs=55640064/2739737285 resolve_wall=13.786 lce_wall=213.281 write_wall=1.791 lf_steps=0 cache_hits=0
SLIM_PHASE query-chunks wall=3.865 cumulative=6992.421 peak_rss_kib=165874048
SLIM_PROGRESS runs=56688640/2739737285 resolve_wall=14.050 lce_wall=216.675 write_wall=1.824 lf_steps=0 cache_hits=0
SLIM_PHASE query-chunks wall=3.691 cumulative=6996.112 peak_rss_kib=165882148
SLIM_PROGRESS runs=57737216/2739737285 resolve_wall=14.313 lce_wall=220.108 write_wall=1.858 lf_steps=0 cache_hits=0
SLIM_PHASE query-chunks wall=3.730 cumulative=6999.842 peak_rss_kib=165883300
SLIM_PROGRESS runs=58785792/2739737285 resolve_wall=14.574 lce_wall=223.327 write_wall=1.892 lf_steps=0 cache_hits=0
SLIM_PHASE query-chunks wall=3.516 cumulative=7003.358 peak_rss_kib=165887016
SLIM_PROGRESS runs=59834368/2739737285 resolve_wall=14.836 lce_wall=226.466 write_wall=1.926 lf_steps=0 cache_hits=0
SLIM_PHASE query-chunks wall=3.434 cumulative=7006.792 peak_rss_kib=165889264
SLIM_PROGRESS runs=60882944/2739737285 resolve_wall=15.111 lce_wall=229.808 write_wall=1.960 lf_steps=0 cache_hits=0
SLIM_PHASE query-chunks wall=3.651 cumulative=7010.443 peak_rss_kib=165889264
SLIM_PROGRESS runs=61931520/2739737285 resolve_wall=15.402 lce_wall=233.092 write_wall=1.994 lf_steps=0 cache_hits=0
SLIM_PHASE query-chunks wall=3.609 cumulative=7014.052 peak_rss_kib=165894776
SLIM_PROGRESS runs=62980096/2739737285 resolve_wall=15.696 lce_wall=236.535 write_wall=2.029 lf_steps=0 cache_hits=0
SLIM_PHASE query-chunks wall=3.773 cumulative=7017.825 peak_rss_kib=165904920
SLIM_PROGRESS runs=64028672/2739737285 resolve_wall=15.965 lce_wall=240.544 write_wall=2.064 lf_steps=0 cache_hits=0
SLIM_PHASE query-chunks wall=4.313 cumulative=7022.138 peak_rss_kib=165904920
SLIM_PROGRESS runs=65077248/2739737285 resolve_wall=16.277 lce_wall=245.157 write_wall=2.103 lf_steps=0 cache_hits=0
SLIM_PHASE query-chunks wall=4.964 cumulative=7027.102 peak_rss_kib=165904920
SLIM_PROGRESS runs=66125824/2739737285 resolve_wall=16.571 lce_wall=249.331 write_wall=2.142 lf_steps=0 cache_hits=0
SLIM_PHASE query-chunks wall=4.506 cumulative=7031.608 peak_rss_kib=165909536
SLIM_PROGRESS runs=67174400/2739737285 resolve_wall=16.830 lce_wall=252.630 write_wall=2.175 lf_steps=0 cache_hits=0
SLIM_PHASE query-chunks wall=3.592 cumulative=7035.199 peak_rss_kib=165917920
SLIM_PROGRESS runs=68222976/2739737285 resolve_wall=17.102 lce_wall=255.819 write_wall=2.214 lf_steps=0 cache_hits=0
SLIM_PHASE query-chunks wall=3.500 cumulative=7038.699 peak_rss_kib=165919944
SLIM_PROGRESS runs=69271552/2739737285 resolve_wall=17.365 lce_wall=258.981 write_wall=2.245 lf_steps=0 cache_hits=0
SLIM_PHASE query-chunks wall=3.458 cumulative=7042.157 peak_rss_kib=165934880
SLIM_PROGRESS runs=70320128/2739737285 resolve_wall=17.650 lce_wall=262.142 write_wall=2.276 lf_steps=0 cache_hits=0
SLIM_PHASE query-chunks wall=3.477 cumulative=7045.634 peak_rss_kib=165934880
SLIM_PROGRESS runs=71368704/2739737285 resolve_wall=17.919 lce_wall=265.301 write_wall=2.307 lf_steps=0 cache_hits=0
SLIM_PHASE query-chunks wall=3.459 cumulative=7049.093 peak_rss_kib=165938192
SLIM_PROGRESS runs=72417280/2739737285 resolve_wall=18.187 lce_wall=268.465 write_wall=2.340 lf_steps=0 cache_hits=0
SLIM_PHASE query-chunks wall=3.466 cumulative=7052.558 peak_rss_kib=165952956
SLIM_PROGRESS runs=73465856/2739737285 resolve_wall=18.472 lce_wall=271.581 write_wall=2.374 lf_steps=0 cache_hits=0
SLIM_PHASE query-chunks wall=3.435 cumulative=7055.994 peak_rss_kib=165965496
SLIM_PROGRESS runs=74514432/2739737285 resolve_wall=18.739 lce_wall=274.813 write_wall=2.406 lf_steps=0 cache_hits=0
SLIM_PHASE query-chunks wall=3.530 cumulative=7059.524 peak_rss_kib=165976760
SLIM_PROGRESS runs=75563008/2739737285 resolve_wall=19.002 lce_wall=277.719 write_wall=2.440 lf_steps=0 cache_hits=0
SLIM_PHASE query-chunks wall=3.204 cumulative=7062.727 peak_rss_kib=165987132
SLIM_PROGRESS runs=76611584/2739737285 resolve_wall=19.265 lce_wall=280.882 write_wall=2.472 lf_steps=0 cache_hits=0
SLIM_PHASE query-chunks wall=3.458 cumulative=7066.186 peak_rss_kib=165997100
SLIM_PROGRESS runs=77660160/2739737285 resolve_wall=19.523 lce_wall=284.213 write_wall=2.505 lf_steps=0 cache_hits=0
SLIM_PHASE query-chunks wall=3.622 cumulative=7069.808 peak_rss_kib=166021560
SLIM_PROGRESS runs=78708736/2739737285 resolve_wall=19.787 lce_wall=288.117 write_wall=2.540 lf_steps=0 cache_hits=0
SLIM_PHASE query-chunks wall=4.204 cumulative=7074.011 peak_rss_kib=166025684
SLIM_PROGRESS runs=79757312/2739737285 resolve_wall=20.052 lce_wall=291.414 write_wall=2.576 lf_steps=0 cache_hits=0
SLIM_PHASE query-chunks wall=3.598 cumulative=7077.610 peak_rss_kib=166026488
SLIM_PROGRESS runs=80805888/2739737285 resolve_wall=20.319 lce_wall=294.588 write_wall=2.608 lf_steps=0 cache_hits=0
SLIM_PHASE query-chunks wall=3.472 cumulative=7081.081 peak_rss_kib=166031408
SLIM_PROGRESS runs=81854464/2739737285 resolve_wall=20.581 lce_wall=297.796 write_wall=2.640 lf_steps=0 cache_hits=0
SLIM_PHASE query-chunks wall=3.503 cumulative=7084.584 peak_rss_kib=166045724
SLIM_PROGRESS runs=82903040/2739737285 resolve_wall=20.842 lce_wall=301.423 write_wall=2.671 lf_steps=0 cache_hits=0
SLIM_PHASE query-chunks wall=3.919 cumulative=7088.503 peak_rss_kib=166056856
SLIM_PROGRESS runs=83951616/2739737285 resolve_wall=21.184 lce_wall=306.207 write_wall=2.717 lf_steps=0 cache_hits=0
SLIM_PHASE query-chunks wall=5.171 cumulative=7093.675 peak_rss_kib=166084284
SLIM_PROGRESS runs=85000192/2739737285 resolve_wall=21.439 lce_wall=310.893 write_wall=2.749 lf_steps=0 cache_hits=0
SLIM_PHASE query-chunks wall=4.974 cumulative=7098.649 peak_rss_kib=166094656
SLIM_PROGRESS runs=86048768/2739737285 resolve_wall=21.711 lce_wall=314.342 write_wall=2.782 lf_steps=0 cache_hits=0
SLIM_PHASE query-chunks wall=3.755 cumulative=7102.404 peak_rss_kib=166100664
SLIM_PROGRESS runs=87097344/2739737285 resolve_wall=21.981 lce_wall=317.707 write_wall=2.813 lf_steps=0 cache_hits=0
SLIM_PHASE query-chunks wall=3.665 cumulative=7106.069 peak_rss_kib=166111084
SLIM_PROGRESS runs=88145920/2739737285 resolve_wall=22.243 lce_wall=320.876 write_wall=2.847 lf_steps=0 cache_hits=0
SLIM_PHASE query-chunks wall=3.465 cumulative=7109.534 peak_rss_kib=166116028
SLIM_PROGRESS runs=89194496/2739737285 resolve_wall=22.503 lce_wall=324.319 write_wall=2.880 lf_steps=0 cache_hits=0
SLIM_PHASE query-chunks wall=3.736 cumulative=7113.270 peak_rss_kib=166124912
SLIM_PROGRESS runs=90243072/2739737285 resolve_wall=22.765 lce_wall=327.565 write_wall=2.913 lf_steps=0 cache_hits=0
SLIM_PHASE query-chunks wall=3.541 cumulative=7116.811 peak_rss_kib=166136308
SLIM_PROGRESS runs=91291648/2739737285 resolve_wall=23.028 lce_wall=330.847 write_wall=2.947 lf_steps=0 cache_hits=0
SLIM_PHASE query-chunks wall=3.579 cumulative=7120.390 peak_rss_kib=166140472
SLIM_PROGRESS runs=92340224/2739737285 resolve_wall=23.291 lce_wall=333.988 write_wall=2.980 lf_steps=0 cache_hits=0
SLIM_PHASE query-chunks wall=3.438 cumulative=7123.828 peak_rss_kib=166148184
SLIM_PROGRESS runs=93388800/2739737285 resolve_wall=23.551 lce_wall=337.273 write_wall=3.013 lf_steps=0 cache_hits=0
SLIM_PHASE query-chunks wall=3.578 cumulative=7127.406 peak_rss_kib=166152544
SLIM_PROGRESS runs=94437376/2739737285 resolve_wall=23.812 lce_wall=340.460 write_wall=3.043 lf_steps=0 cache_hits=0
SLIM_PHASE query-chunks wall=3.478 cumulative=7130.884 peak_rss_kib=166157152
SLIM_PROGRESS runs=95485952/2739737285 resolve_wall=24.074 lce_wall=343.527 write_wall=3.075 lf_steps=0 cache_hits=0
SLIM_PHASE query-chunks wall=3.362 cumulative=7134.246 peak_rss_kib=166160476
SLIM_PROGRESS runs=96534528/2739737285 resolve_wall=24.335 lce_wall=346.549 write_wall=3.109 lf_steps=0 cache_hits=0
SLIM_PHASE query-chunks wall=3.317 cumulative=7137.563 peak_rss_kib=166163668
SLIM_PROGRESS runs=97583104/2739737285 resolve_wall=24.597 lce_wall=349.732 write_wall=3.142 lf_steps=0 cache_hits=0
SLIM_PHASE query-chunks wall=3.477 cumulative=7141.040 peak_rss_kib=166169720
SLIM_PROGRESS runs=98631680/2739737285 resolve_wall=24.860 lce_wall=353.406 write_wall=3.175 lf_steps=0 cache_hits=0
SLIM_PHASE query-chunks wall=3.970 cumulative=7145.011 peak_rss_kib=166186376
SLIM_PROGRESS runs=99680256/2739737285 resolve_wall=25.123 lce_wall=356.556 write_wall=3.208 lf_steps=0 cache_hits=0
SLIM_PHASE query-chunks wall=3.446 cumulative=7148.457 peak_rss_kib=166200272
SLIM_PROGRESS runs=100728832/2739737285 resolve_wall=25.382 lce_wall=359.900 write_wall=3.239 lf_steps=0 cache_hits=0
SLIM_PHASE query-chunks wall=3.634 cumulative=7152.091 peak_rss_kib=166210048
SLIM_PROGRESS runs=101777408/2739737285 resolve_wall=25.647 lce_wall=363.118 write_wall=3.271 lf_steps=0 cache_hits=0
SLIM_PHASE query-chunks wall=3.516 cumulative=7155.607 peak_rss_kib=166211416
SLIM_PROGRESS runs=102825984/2739737285 resolve_wall=25.907 lce_wall=366.289 write_wall=3.304 lf_steps=0 cache_hits=0
SLIM_PHASE query-chunks wall=3.464 cumulative=7159.070 peak_rss_kib=166216104
SLIM_PROGRESS runs=103874560/2739737285 resolve_wall=26.170 lce_wall=369.435 write_wall=3.336 lf_steps=0 cache_hits=0
SLIM_PHASE query-chunks wall=3.441 cumulative=7162.511 peak_rss_kib=166222140
SLIM_PROGRESS runs=104923136/2739737285 resolve_wall=26.432 lce_wall=372.852 write_wall=3.369 lf_steps=0 cache_hits=0
SLIM_PHASE query-chunks wall=3.713 cumulative=7166.224 peak_rss_kib=166226012
SLIM_PROGRESS runs=105971712/2739737285 resolve_wall=26.694 lce_wall=376.424 write_wall=3.404 lf_steps=0 cache_hits=0
SLIM_PHASE query-chunks wall=3.868 cumulative=7170.093 peak_rss_kib=166226880
SLIM_PROGRESS runs=107020288/2739737285 resolve_wall=26.955 lce_wall=380.530 write_wall=3.436 lf_steps=0 cache_hits=0
SLIM_PHASE query-chunks wall=4.400 cumulative=7174.493 peak_rss_kib=166239204
SLIM_PROGRESS runs=108068864/2739737285 resolve_wall=27.217 lce_wall=383.798 write_wall=3.470 lf_steps=0 cache_hits=0
SLIM_PHASE query-chunks wall=3.564 cumulative=7178.057 peak_rss_kib=166247292
SLIM_PROGRESS runs=109117440/2739737285 resolve_wall=27.482 lce_wall=387.137 write_wall=3.504 lf_steps=0 cache_hits=0
SLIM_PHASE query-chunks wall=3.637 cumulative=7181.694 peak_rss_kib=166249980
SLIM_PROGRESS runs=110166016/2739737285 resolve_wall=27.744 lce_wall=390.235 write_wall=3.539 lf_steps=0 cache_hits=0
SLIM_PHASE query-chunks wall=3.395 cumulative=7185.089 peak_rss_kib=166255188
SLIM_PROGRESS runs=111214592/2739737285 resolve_wall=28.008 lce_wall=393.433 write_wall=3.573 lf_steps=0 cache_hits=0
SLIM_PHASE query-chunks wall=3.496 cumulative=7188.585 peak_rss_kib=166262160
SLIM_PROGRESS runs=112263168/2739737285 resolve_wall=28.272 lce_wall=396.802 write_wall=3.608 lf_steps=0 cache_hits=0
SLIM_PHASE query-chunks wall=3.669 cumulative=7192.254 peak_rss_kib=166272144
SLIM_PROGRESS runs=113311744/2739737285 resolve_wall=28.535 lce_wall=400.015 write_wall=3.642 lf_steps=0 cache_hits=0
SLIM_PHASE query-chunks wall=3.510 cumulative=7195.764 peak_rss_kib=166275760
SLIM_PROGRESS runs=114360320/2739737285 resolve_wall=28.795 lce_wall=402.967 write_wall=3.677 lf_steps=0 cache_hits=0
SLIM_PHASE query-chunks wall=3.248 cumulative=7199.012 peak_rss_kib=166276364
SLIM_PROGRESS runs=115408896/2739737285 resolve_wall=29.055 lce_wall=405.902 write_wall=3.709 lf_steps=0 cache_hits=0
SLIM_PHASE query-chunks wall=3.226 cumulative=7202.238 peak_rss_kib=166283432
SLIM_PROGRESS runs=116457472/2739737285 resolve_wall=29.317 lce_wall=408.993 write_wall=3.741 lf_steps=0 cache_hits=0
SLIM_PHASE query-chunks wall=3.385 cumulative=7205.623 peak_rss_kib=166294832
SLIM_PROGRESS runs=117506048/2739737285 resolve_wall=29.579 lce_wall=411.994 write_wall=3.775 lf_steps=0 cache_hits=0
SLIM_PHASE query-chunks wall=3.297 cumulative=7208.920 peak_rss_kib=166305332
SLIM_PROGRESS runs=118554624/2739737285 resolve_wall=29.838 lce_wall=414.998 write_wall=3.805 lf_steps=0 cache_hits=0
SLIM_PHASE query-chunks wall=3.293 cumulative=7212.214 peak_rss_kib=166312300
SLIM_PROGRESS runs=119603200/2739737285 resolve_wall=30.099 lce_wall=418.248 write_wall=3.839 lf_steps=0 cache_hits=0
SLIM_PHASE query-chunks wall=3.545 cumulative=7215.759 peak_rss_kib=166330160
SLIM_PROGRESS runs=120651776/2739737285 resolve_wall=30.361 lce_wall=421.445 write_wall=3.873 lf_steps=0 cache_hits=0
SLIM_PHASE query-chunks wall=3.493 cumulative=7219.252 peak_rss_kib=166347056
SLIM_PROGRESS runs=121700352/2739737285 resolve_wall=30.623 lce_wall=424.584 write_wall=3.903 lf_steps=0 cache_hits=0
SLIM_PHASE query-chunks wall=3.431 cumulative=7222.683 peak_rss_kib=166353680
SLIM_PROGRESS runs=122748928/2739737285 resolve_wall=30.884 lce_wall=427.607 write_wall=3.935 lf_steps=0 cache_hits=0
SLIM_PHASE query-chunks wall=3.316 cumulative=7225.999 peak_rss_kib=166360840
SLIM_PROGRESS runs=123797504/2739737285 resolve_wall=31.146 lce_wall=430.698 write_wall=3.969 lf_steps=0 cache_hits=0
SLIM_PHASE query-chunks wall=3.387 cumulative=7229.387 peak_rss_kib=166382708
SLIM_PROGRESS runs=124846080/2739737285 resolve_wall=31.412 lce_wall=433.848 write_wall=4.001 lf_steps=0 cache_hits=0
SLIM_PHASE query-chunks wall=3.448 cumulative=7232.835 peak_rss_kib=166400944
SLIM_PROGRESS runs=125894656/2739737285 resolve_wall=31.674 lce_wall=437.179 write_wall=4.033 lf_steps=0 cache_hits=0
SLIM_PHASE query-chunks wall=3.625 cumulative=7236.460 peak_rss_kib=166411344
SLIM_PROGRESS runs=126943232/2739737285 resolve_wall=31.934 lce_wall=440.654 write_wall=4.066 lf_steps=0 cache_hits=0
SLIM_PHASE query-chunks wall=3.768 cumulative=7240.228 peak_rss_kib=166422996
SLIM_PROGRESS runs=127991808/2739737285 resolve_wall=32.198 lce_wall=443.924 write_wall=4.100 lf_steps=0 cache_hits=0
SLIM_PHASE query-chunks wall=3.568 cumulative=7243.796 peak_rss_kib=166429212
SLIM_PROGRESS runs=129040384/2739737285 resolve_wall=32.460 lce_wall=447.302 write_wall=4.132 lf_steps=0 cache_hits=0
SLIM_PHASE query-chunks wall=3.673 cumulative=7247.469 peak_rss_kib=166430404
SLIM_PROGRESS runs=130088960/2739737285 resolve_wall=32.729 lce_wall=451.421 write_wall=4.168 lf_steps=0 cache_hits=0
SLIM_PHASE query-chunks wall=4.424 cumulative=7251.893 peak_rss_kib=166442608
SLIM_PROGRESS runs=131137536/2739737285 resolve_wall=33.008 lce_wall=456.223 write_wall=4.205 lf_steps=0 cache_hits=0
SLIM_PHASE query-chunks wall=5.117 cumulative=7257.010 peak_rss_kib=166449416
SLIM_PROGRESS runs=132186112/2739737285 resolve_wall=33.285 lce_wall=461.054 write_wall=4.241 lf_steps=0 cache_hits=0
SLIM_PHASE query-chunks wall=5.144 cumulative=7262.154 peak_rss_kib=166449416
SLIM_PROGRESS runs=133234688/2739737285 resolve_wall=33.567 lce_wall=465.745 write_wall=4.277 lf_steps=0 cache_hits=0
SLIM_PHASE query-chunks wall=5.010 cumulative=7267.164 peak_rss_kib=166450572
SLIM_PROGRESS runs=134283264/2739737285 resolve_wall=33.846 lce_wall=470.410 write_wall=4.312 lf_steps=0 cache_hits=0
SLIM_PHASE query-chunks wall=4.979 cumulative=7272.144 peak_rss_kib=166456844
SLIM_PROGRESS runs=135331840/2739737285 resolve_wall=34.128 lce_wall=475.182 write_wall=4.349 lf_steps=0 cache_hits=0
SLIM_PHASE query-chunks wall=5.091 cumulative=7277.235 peak_rss_kib=166465580
SLIM_PROGRESS runs=136380416/2739737285 resolve_wall=34.414 lce_wall=479.601 write_wall=4.382 lf_steps=0 cache_hits=0
SLIM_PHASE query-chunks wall=4.737 cumulative=7281.972 peak_rss_kib=166479768
SLIM_PROGRESS runs=137428992/2739737285 resolve_wall=34.691 lce_wall=483.582 write_wall=4.416 lf_steps=0 cache_hits=0
SLIM_PHASE query-chunks wall=4.294 cumulative=7286.265 peak_rss_kib=166490360
SLIM_PROGRESS runs=138477568/2739737285 resolve_wall=34.966 lce_wall=487.153 write_wall=4.449 lf_steps=0 cache_hits=0
SLIM_PHASE query-chunks wall=3.878 cumulative=7290.144 peak_rss_kib=166495104
SLIM_PROGRESS runs=139526144/2739737285 resolve_wall=35.246 lce_wall=490.627 write_wall=4.486 lf_steps=0 cache_hits=0
SLIM_PHASE query-chunks wall=3.792 cumulative=7293.935 peak_rss_kib=166498436
SLIM_PROGRESS runs=140574720/2739737285 resolve_wall=35.531 lce_wall=493.961 write_wall=4.520 lf_steps=0 cache_hits=0
SLIM_PHASE query-chunks wall=3.653 cumulative=7297.588 peak_rss_kib=166500336
SLIM_PROGRESS runs=141623296/2739737285 resolve_wall=35.821 lce_wall=497.059 write_wall=4.559 lf_steps=0 cache_hits=0
SLIM_PHASE query-chunks wall=3.427 cumulative=7301.015 peak_rss_kib=166501180
SLIM_PROGRESS runs=142671872/2739737285 resolve_wall=36.102 lce_wall=500.268 write_wall=4.595 lf_steps=0 cache_hits=0
SLIM_PHASE query-chunks wall=3.528 cumulative=7304.543 peak_rss_kib=166505628
SLIM_PROGRESS runs=143720448/2739737285 resolve_wall=36.385 lce_wall=503.376 write_wall=4.631 lf_steps=0 cache_hits=0
SLIM_PHASE query-chunks wall=3.427 cumulative=7307.969 peak_rss_kib=166518956
SLIM_PROGRESS runs=144769024/2739737285 resolve_wall=36.670 lce_wall=506.359 write_wall=4.668 lf_steps=0 cache_hits=0
SLIM_PHASE query-chunks wall=3.305 cumulative=7311.275 peak_rss_kib=166524876
SLIM_PROGRESS runs=145817600/2739737285 resolve_wall=36.955 lce_wall=509.486 write_wall=4.706 lf_steps=0 cache_hits=0
SLIM_PHASE query-chunks wall=3.450 cumulative=7314.724 peak_rss_kib=166524876
SLIM_PROGRESS runs=146866176/2739737285 resolve_wall=37.235 lce_wall=512.584 write_wall=4.744 lf_steps=0 cache_hits=0
SLIM_PHASE query-chunks wall=3.416 cumulative=7318.140 peak_rss_kib=166535296
SLIM_PROGRESS runs=147914752/2739737285 resolve_wall=37.507 lce_wall=515.635 write_wall=4.780 lf_steps=0 cache_hits=0
SLIM_PHASE query-chunks wall=3.359 cumulative=7321.499 peak_rss_kib=166555268
SLIM_PROGRESS runs=148963328/2739737285 resolve_wall=37.771 lce_wall=518.614 write_wall=4.812 lf_steps=0 cache_hits=0
SLIM_PHASE query-chunks wall=3.275 cumulative=7324.774 peak_rss_kib=166571524
SLIM_PROGRESS runs=150011904/2739737285 resolve_wall=38.032 lce_wall=521.677 write_wall=4.841 lf_steps=0 cache_hits=0
SLIM_PHASE query-chunks wall=3.354 cumulative=7328.128 peak_rss_kib=166580520
SLIM_PROGRESS runs=151060480/2739737285 resolve_wall=38.293 lce_wall=524.993 write_wall=4.873 lf_steps=0 cache_hits=0
SLIM_PHASE query-chunks wall=3.609 cumulative=7331.737 peak_rss_kib=166581752
SLIM_PROGRESS runs=152109056/2739737285 resolve_wall=38.555 lce_wall=528.341 write_wall=4.906 lf_steps=0 cache_hits=0
SLIM_PHASE query-chunks wall=3.643 cumulative=7335.380 peak_rss_kib=166583412
SLIM_PROGRESS runs=153157632/2739737285 resolve_wall=38.814 lce_wall=531.282 write_wall=4.938 lf_steps=0 cache_hits=0
SLIM_PHASE query-chunks wall=3.232 cumulative=7338.612 peak_rss_kib=166594648
SLIM_PROGRESS runs=154206208/2739737285 resolve_wall=39.073 lce_wall=534.200 write_wall=4.968 lf_steps=0 cache_hits=0
SLIM_PHASE query-chunks wall=3.208 cumulative=7341.820 peak_rss_kib=166604296
SLIM_PROGRESS runs=155254784/2739737285 resolve_wall=39.374 lce_wall=537.451 write_wall=5.004 lf_steps=0 cache_hits=0
SLIM_PHASE query-chunks wall=3.588 cumulative=7345.408 peak_rss_kib=166608748
SLIM_PROGRESS runs=156303360/2739737285 resolve_wall=39.641 lce_wall=540.607 write_wall=5.037 lf_steps=0 cache_hits=0
SLIM_PHASE query-chunks wall=3.457 cumulative=7348.865 peak_rss_kib=166623440
SLIM_PROGRESS runs=157351936/2739737285 resolve_wall=39.919 lce_wall=543.837 write_wall=5.074 lf_steps=0 cache_hits=0
SLIM_PHASE query-chunks wall=3.544 cumulative=7352.409 peak_rss_kib=166634276
SLIM_PROGRESS runs=158400512/2739737285 resolve_wall=40.194 lce_wall=547.162 write_wall=5.111 lf_steps=0 cache_hits=0
SLIM_PHASE query-chunks wall=3.638 cumulative=7356.047 peak_rss_kib=166635992
SLIM_PROGRESS runs=159449088/2739737285 resolve_wall=40.468 lce_wall=551.782 write_wall=5.146 lf_steps=0 cache_hits=0
SLIM_PHASE query-chunks wall=4.929 cumulative=7360.976 peak_rss_kib=166635992
SLIM_PROGRESS runs=160497664/2739737285 resolve_wall=40.733 lce_wall=555.228 write_wall=5.181 lf_steps=0 cache_hits=0
SLIM_PHASE query-chunks wall=3.746 cumulative=7364.721 peak_rss_kib=166637092
SLIM_PROGRESS runs=161546240/2739737285 resolve_wall=40.997 lce_wall=559.014 write_wall=5.217 lf_steps=0 cache_hits=0
SLIM_PHASE query-chunks wall=4.087 cumulative=7368.808 peak_rss_kib=166642180
SLIM_PROGRESS runs=162594816/2739737285 resolve_wall=41.266 lce_wall=562.543 write_wall=5.252 lf_steps=0 cache_hits=0
SLIM_PHASE query-chunks wall=3.833 cumulative=7372.641 peak_rss_kib=166659480
SLIM_PROGRESS runs=163643392/2739737285 resolve_wall=41.525 lce_wall=566.332 write_wall=5.288 lf_steps=0 cache_hits=0
SLIM_PHASE query-chunks wall=4.084 cumulative=7376.725 peak_rss_kib=166670956
SLIM_PROGRESS runs=164691968/2739737285 resolve_wall=41.796 lce_wall=570.023 write_wall=5.323 lf_steps=0 cache_hits=0
SLIM_PHASE query-chunks wall=3.998 cumulative=7380.723 peak_rss_kib=166677748
SLIM_PROGRESS runs=165740544/2739737285 resolve_wall=42.066 lce_wall=573.556 write_wall=5.360 lf_steps=0 cache_hits=0
SLIM_PHASE query-chunks wall=3.840 cumulative=7384.563 peak_rss_kib=166677748
SLIM_PROGRESS runs=166789120/2739737285 resolve_wall=42.334 lce_wall=576.877 write_wall=5.396 lf_steps=0 cache_hits=0
SLIM_PHASE query-chunks wall=3.625 cumulative=7388.187 peak_rss_kib=166677748
SLIM_PROGRESS runs=167837696/2739737285 resolve_wall=42.603 lce_wall=580.101 write_wall=5.429 lf_steps=0 cache_hits=0
SLIM_PHASE query-chunks wall=3.526 cumulative=7391.714 peak_rss_kib=166683920
SLIM_PROGRESS runs=168886272/2739737285 resolve_wall=42.869 lce_wall=583.346 write_wall=5.463 lf_steps=0 cache_hits=0
SLIM_PHASE query-chunks wall=3.546 cumulative=7395.259 peak_rss_kib=166692352
SLIM_PROGRESS runs=169934848/2739737285 resolve_wall=43.136 lce_wall=586.402 write_wall=5.495 lf_steps=0 cache_hits=0
SLIM_PHASE query-chunks wall=3.356 cumulative=7398.615 peak_rss_kib=166706180
SLIM_PROGRESS runs=170983424/2739737285 resolve_wall=43.399 lce_wall=589.868 write_wall=5.529 lf_steps=0 cache_hits=0
SLIM_PHASE query-chunks wall=3.761 cumulative=7402.377 peak_rss_kib=166714268
SLIM_PROGRESS runs=172032000/2739737285 resolve_wall=43.661 lce_wall=593.054 write_wall=5.563 lf_steps=0 cache_hits=0
SLIM_PHASE query-chunks wall=3.483 cumulative=7405.860 peak_rss_kib=166725816
SLIM_PROGRESS runs=173080576/2739737285 resolve_wall=43.918 lce_wall=596.366 write_wall=5.594 lf_steps=0 cache_hits=0
SLIM_PHASE query-chunks wall=3.601 cumulative=7409.460 peak_rss_kib=166730632
SLIM_PROGRESS runs=174129152/2739737285 resolve_wall=44.178 lce_wall=599.618 write_wall=5.628 lf_steps=0 cache_hits=0
SLIM_PHASE query-chunks wall=3.545 cumulative=7413.006 peak_rss_kib=166738608
SLIM_PROGRESS runs=175177728/2739737285 resolve_wall=44.441 lce_wall=603.173 write_wall=5.663 lf_steps=0 cache_hits=0
SLIM_PHASE query-chunks wall=3.853 cumulative=7416.859 peak_rss_kib=166755132
SLIM_PROGRESS runs=176226304/2739737285 resolve_wall=44.703 lce_wall=606.687 write_wall=5.699 lf_steps=0 cache_hits=0
SLIM_PHASE query-chunks wall=3.813 cumulative=7420.672 peak_rss_kib=166770852
SLIM_PROGRESS runs=177274880/2739737285 resolve_wall=44.963 lce_wall=610.606 write_wall=5.734 lf_steps=0 cache_hits=0
SLIM_PHASE query-chunks wall=4.213 cumulative=7424.884 peak_rss_kib=166779692
SLIM_PROGRESS runs=178323456/2739737285 resolve_wall=45.225 lce_wall=613.806 write_wall=5.768 lf_steps=0 cache_hits=0
SLIM_PHASE query-chunks wall=3.497 cumulative=7428.381 peak_rss_kib=166788832
SLIM_PROGRESS runs=179372032/2739737285 resolve_wall=45.481 lce_wall=616.913 write_wall=5.799 lf_steps=0 cache_hits=0
SLIM_PHASE query-chunks wall=3.395 cumulative=7431.776 peak_rss_kib=166797800
SLIM_PROGRESS runs=180420608/2739737285 resolve_wall=45.744 lce_wall=620.299 write_wall=5.833 lf_steps=0 cache_hits=0
SLIM_PHASE query-chunks wall=3.684 cumulative=7435.459 peak_rss_kib=166808816
SLIM_PROGRESS runs=181469184/2739737285 resolve_wall=46.005 lce_wall=623.401 write_wall=5.866 lf_steps=0 cache_hits=0
SLIM_PHASE query-chunks wall=3.396 cumulative=7438.855 peak_rss_kib=166818288
SLIM_PROGRESS runs=182517760/2739737285 resolve_wall=46.267 lce_wall=626.582 write_wall=5.899 lf_steps=0 cache_hits=0
SLIM_PHASE query-chunks wall=3.476 cumulative=7442.331 peak_rss_kib=166818288
SLIM_PROGRESS runs=183566336/2739737285 resolve_wall=46.527 lce_wall=630.113 write_wall=5.933 lf_steps=0 cache_hits=0
SLIM_PHASE query-chunks wall=3.826 cumulative=7446.157 peak_rss_kib=166818972
SLIM_PROGRESS runs=184614912/2739737285 resolve_wall=46.787 lce_wall=633.189 write_wall=5.967 lf_steps=0 cache_hits=0
SLIM_PHASE query-chunks wall=3.369 cumulative=7449.527 peak_rss_kib=166833696
SLIM_PROGRESS runs=185663488/2739737285 resolve_wall=47.048 lce_wall=636.236 write_wall=6.001 lf_steps=0 cache_hits=0
SLIM_PHASE query-chunks wall=3.342 cumulative=7452.869 peak_rss_kib=166836424
SLIM_PROGRESS runs=186712064/2739737285 resolve_wall=47.309 lce_wall=639.495 write_wall=6.034 lf_steps=0 cache_hits=0
SLIM_PHASE query-chunks wall=3.553 cumulative=7456.422 peak_rss_kib=166842316
SLIM_PROGRESS runs=187760640/2739737285 resolve_wall=47.572 lce_wall=642.709 write_wall=6.069 lf_steps=0 cache_hits=0
SLIM_PHASE query-chunks wall=3.512 cumulative=7459.933 peak_rss_kib=166852188
SLIM_PROGRESS runs=188809216/2739737285 resolve_wall=47.832 lce_wall=645.966 write_wall=6.101 lf_steps=0 cache_hits=0
SLIM_PHASE query-chunks wall=3.549 cumulative=7463.482 peak_rss_kib=166856620
SLIM_PROGRESS runs=189857792/2739737285 resolve_wall=48.090 lce_wall=649.053 write_wall=6.134 lf_steps=0 cache_hits=0
SLIM_PHASE query-chunks wall=3.380 cumulative=7466.863 peak_rss_kib=166864636
SLIM_PROGRESS runs=190906368/2739737285 resolve_wall=48.352 lce_wall=652.160 write_wall=6.165 lf_steps=0 cache_hits=0
SLIM_PHASE query-chunks wall=3.399 cumulative=7470.261 peak_rss_kib=166869372
SLIM_PROGRESS runs=191954944/2739737285 resolve_wall=48.612 lce_wall=655.395 write_wall=6.200 lf_steps=0 cache_hits=0
SLIM_PHASE query-chunks wall=3.530 cumulative=7473.792 peak_rss_kib=166890864
SLIM_PROGRESS runs=193003520/2739737285 resolve_wall=48.874 lce_wall=658.460 write_wall=6.235 lf_steps=0 cache_hits=0
SLIM_PHASE query-chunks wall=3.362 cumulative=7477.154 peak_rss_kib=166900112
SLIM_PROGRESS runs=194052096/2739737285 resolve_wall=49.130 lce_wall=661.436 write_wall=6.265 lf_steps=0 cache_hits=0
SLIM_PHASE query-chunks wall=3.262 cumulative=7480.416 peak_rss_kib=166906780
SLIM_PROGRESS runs=195100672/2739737285 resolve_wall=49.386 lce_wall=664.732 write_wall=6.295 lf_steps=0 cache_hits=0
SLIM_PHASE query-chunks wall=3.582 cumulative=7483.998 peak_rss_kib=166908120
SLIM_PROGRESS runs=196149248/2739737285 resolve_wall=49.647 lce_wall=667.722 write_wall=6.328 lf_steps=0 cache_hits=0
SLIM_PHASE query-chunks wall=3.285 cumulative=7487.283 peak_rss_kib=166916852
SLIM_PROGRESS runs=197197824/2739737285 resolve_wall=49.905 lce_wall=670.282 write_wall=6.362 lf_steps=0 cache_hits=0
SLIM_PHASE query-chunks wall=2.851 cumulative=7490.134 peak_rss_kib=166920820
SLIM_PROGRESS runs=198246400/2739737285 resolve_wall=50.166 lce_wall=673.842 write_wall=6.396 lf_steps=0 cache_hits=0
SLIM_PHASE query-chunks wall=3.855 cumulative=7493.989 peak_rss_kib=166921732
SLIM_PROGRESS runs=199294976/2739737285 resolve_wall=50.422 lce_wall=677.206 write_wall=6.426 lf_steps=0 cache_hits=0
SLIM_PHASE query-chunks wall=3.651 cumulative=7497.640 peak_rss_kib=166930760
SLIM_PROGRESS runs=200343552/2739737285 resolve_wall=50.680 lce_wall=681.301 write_wall=6.461 lf_steps=0 cache_hits=0
SLIM_PHASE query-chunks wall=4.388 cumulative=7502.028 peak_rss_kib=166939276
SLIM_PROGRESS runs=201392128/2739737285 resolve_wall=50.936 lce_wall=684.348 write_wall=6.493 lf_steps=0 cache_hits=0
SLIM_PHASE query-chunks wall=3.336 cumulative=7505.364 peak_rss_kib=166951348
SLIM_PROGRESS runs=202440704/2739737285 resolve_wall=51.199 lce_wall=687.427 write_wall=6.526 lf_steps=0 cache_hits=0
SLIM_PHASE query-chunks wall=3.374 cumulative=7508.738 peak_rss_kib=166960964
SLIM_PROGRESS runs=203489280/2739737285 resolve_wall=51.463 lce_wall=690.505 write_wall=6.558 lf_steps=0 cache_hits=0
SLIM_PHASE query-chunks wall=3.374 cumulative=7512.112 peak_rss_kib=166968000
SLIM_PROGRESS runs=204537856/2739737285 resolve_wall=51.722 lce_wall=693.260 write_wall=6.592 lf_steps=0 cache_hits=0
SLIM_PHASE query-chunks wall=3.048 cumulative=7515.160 peak_rss_kib=166979240
SLIM_PROGRESS runs=205586432/2739737285 resolve_wall=51.982 lce_wall=696.175 write_wall=6.627 lf_steps=0 cache_hits=0
SLIM_PHASE query-chunks wall=3.210 cumulative=7518.370 peak_rss_kib=166991600
SLIM_PROGRESS runs=206635008/2739737285 resolve_wall=52.241 lce_wall=699.114 write_wall=6.662 lf_steps=0 cache_hits=0
SLIM_PHASE query-chunks wall=3.233 cumulative=7521.604 peak_rss_kib=166996776
SLIM_PROGRESS runs=207683584/2739737285 resolve_wall=52.500 lce_wall=702.130 write_wall=6.695 lf_steps=0 cache_hits=0
SLIM_PHASE query-chunks wall=3.308 cumulative=7524.911 peak_rss_kib=167002016
SLIM_PROGRESS runs=208732160/2739737285 resolve_wall=52.761 lce_wall=705.293 write_wall=6.729 lf_steps=0 cache_hits=0
SLIM_PHASE query-chunks wall=3.459 cumulative=7528.370 peak_rss_kib=167004640
SLIM_PROGRESS runs=209780736/2739737285 resolve_wall=53.021 lce_wall=708.326 write_wall=6.763 lf_steps=0 cache_hits=0
SLIM_PHASE query-chunks wall=3.327 cumulative=7531.697 peak_rss_kib=167023584
SLIM_PROGRESS runs=210829312/2739737285 resolve_wall=53.282 lce_wall=710.710 write_wall=6.796 lf_steps=0 cache_hits=0
SLIM_PHASE query-chunks wall=2.678 cumulative=7534.376 peak_rss_kib=167037908
SLIM_PROGRESS runs=211877888/2739737285 resolve_wall=53.539 lce_wall=713.123 write_wall=6.828 lf_steps=0 cache_hits=0
SLIM_PHASE query-chunks wall=2.703 cumulative=7537.078 peak_rss_kib=167045740
SLIM_PROGRESS runs=212926464/2739737285 resolve_wall=53.796 lce_wall=715.947 write_wall=6.859 lf_steps=0 cache_hits=0
SLIM_PHASE query-chunks wall=3.112 cumulative=7540.190 peak_rss_kib=167065964
SLIM_PROGRESS runs=213975040/2739737285 resolve_wall=54.058 lce_wall=718.933 write_wall=6.892 lf_steps=0 cache_hits=0
SLIM_PHASE query-chunks wall=3.280 cumulative=7543.470 peak_rss_kib=167069348
SLIM_PROGRESS runs=215023616/2739737285 resolve_wall=54.318 lce_wall=721.974 write_wall=6.926 lf_steps=0 cache_hits=0
SLIM_PHASE query-chunks wall=3.335 cumulative=7546.805 peak_rss_kib=167077624
SLIM_PROGRESS runs=216072192/2739737285 resolve_wall=54.579 lce_wall=724.955 write_wall=6.960 lf_steps=0 cache_hits=0
SLIM_PHASE query-chunks wall=3.277 cumulative=7550.083 peak_rss_kib=167086328
SLIM_PROGRESS runs=217120768/2739737285 resolve_wall=54.840 lce_wall=728.181 write_wall=6.994 lf_steps=0 cache_hits=0
SLIM_PHASE query-chunks wall=3.521 cumulative=7553.604 peak_rss_kib=167094680
SLIM_PROGRESS runs=218169344/2739737285 resolve_wall=55.103 lce_wall=731.439 write_wall=7.030 lf_steps=0 cache_hits=0
SLIM_PHASE query-chunks wall=3.557 cumulative=7557.160 peak_rss_kib=167096940
SLIM_PROGRESS runs=219217920/2739737285 resolve_wall=55.365 lce_wall=734.525 write_wall=7.063 lf_steps=0 cache_hits=0
SLIM_PHASE query-chunks wall=3.382 cumulative=7560.542 peak_rss_kib=167099496
SLIM_PROGRESS runs=220266496/2739737285 resolve_wall=55.625 lce_wall=737.526 write_wall=7.095 lf_steps=0 cache_hits=0
SLIM_PHASE query-chunks wall=3.292 cumulative=7563.834 peak_rss_kib=167107068
SLIM_PROGRESS runs=221315072/2739737285 resolve_wall=55.886 lce_wall=740.720 write_wall=7.127 lf_steps=0 cache_hits=0
SLIM_PHASE query-chunks wall=3.486 cumulative=7567.321 peak_rss_kib=167113948
SLIM_PROGRESS runs=222363648/2739737285 resolve_wall=56.147 lce_wall=743.745 write_wall=7.159 lf_steps=0 cache_hits=0
SLIM_PHASE query-chunks wall=3.320 cumulative=7570.640 peak_rss_kib=167121856
SLIM_PROGRESS runs=223412224/2739737285 resolve_wall=56.409 lce_wall=746.658 write_wall=7.194 lf_steps=0 cache_hits=0
SLIM_PHASE query-chunks wall=3.210 cumulative=7573.850 peak_rss_kib=167145448
SLIM_PROGRESS runs=224460800/2739737285 resolve_wall=56.668 lce_wall=749.604 write_wall=7.224 lf_steps=0 cache_hits=0
SLIM_PHASE query-chunks wall=3.235 cumulative=7577.085 peak_rss_kib=167152468
SLIM_PROGRESS runs=225509376/2739737285 resolve_wall=56.930 lce_wall=752.597 write_wall=7.259 lf_steps=0 cache_hits=0
SLIM_PHASE query-chunks wall=3.291 cumulative=7580.376 peak_rss_kib=167162952
SLIM_PROGRESS runs=226557952/2739737285 resolve_wall=57.192 lce_wall=755.615 write_wall=7.293 lf_steps=0 cache_hits=0
SLIM_PHASE query-chunks wall=3.313 cumulative=7583.689 peak_rss_kib=167167892
SLIM_PROGRESS runs=227606528/2739737285 resolve_wall=57.455 lce_wall=758.473 write_wall=7.327 lf_steps=0 cache_hits=0
SLIM_PHASE query-chunks wall=3.157 cumulative=7586.846 peak_rss_kib=167176224
SLIM_PROGRESS runs=228655104/2739737285 resolve_wall=57.718 lce_wall=761.481 write_wall=7.361 lf_steps=0 cache_hits=0
SLIM_PHASE query-chunks wall=3.304 cumulative=7590.150 peak_rss_kib=167184728
SLIM_PROGRESS runs=229703680/2739737285 resolve_wall=57.979 lce_wall=764.743 write_wall=7.393 lf_steps=0 cache_hits=0
SLIM_PHASE query-chunks wall=3.554 cumulative=7593.704 peak_rss_kib=167193324
SLIM_PROGRESS runs=230752256/2739737285 resolve_wall=58.240 lce_wall=767.856 write_wall=7.424 lf_steps=0 cache_hits=0
SLIM_PHASE query-chunks wall=3.407 cumulative=7597.111 peak_rss_kib=167200528
SLIM_PROGRESS runs=231800832/2739737285 resolve_wall=58.503 lce_wall=771.414 write_wall=7.459 lf_steps=0 cache_hits=0
SLIM_PHASE query-chunks wall=3.855 cumulative=7600.966 peak_rss_kib=167201280
SLIM_PROGRESS runs=232849408/2739737285 resolve_wall=58.764 lce_wall=774.618 write_wall=7.489 lf_steps=0 cache_hits=0
SLIM_PHASE query-chunks wall=3.496 cumulative=7604.462 peak_rss_kib=167221384
SLIM_PROGRESS runs=233897984/2739737285 resolve_wall=59.025 lce_wall=777.877 write_wall=7.520 lf_steps=0 cache_hits=0
SLIM_PHASE query-chunks wall=3.550 cumulative=7608.012 peak_rss_kib=167225820
SLIM_PROGRESS runs=234946560/2739737285 resolve_wall=59.286 lce_wall=781.367 write_wall=7.550 lf_steps=0 cache_hits=0
SLIM_PHASE query-chunks wall=3.781 cumulative=7611.794 peak_rss_kib=167236740
SLIM_PROGRESS runs=235995136/2739737285 resolve_wall=59.524 lce_wall=784.668 write_wall=7.585 lf_steps=0 cache_hits=0
SLIM_PHASE query-chunks wall=3.574 cumulative=7615.367 peak_rss_kib=167244520
SLIM_PROGRESS runs=237043712/2739737285 resolve_wall=59.760 lce_wall=788.242 write_wall=7.620 lf_steps=0 cache_hits=0
SLIM_PHASE query-chunks wall=3.846 cumulative=7619.214 peak_rss_kib=167247240
SLIM_PROGRESS runs=238092288/2739737285 resolve_wall=59.995 lce_wall=791.264 write_wall=7.653 lf_steps=0 cache_hits=0
SLIM_PHASE query-chunks wall=3.289 cumulative=7622.503 peak_rss_kib=167260924
SLIM_PROGRESS runs=239140864/2739737285 resolve_wall=60.231 lce_wall=794.365 write_wall=7.687 lf_steps=0 cache_hits=0
SLIM_PHASE query-chunks wall=3.373 cumulative=7625.875 peak_rss_kib=167263324
SLIM_PROGRESS runs=240189440/2739737285 resolve_wall=60.464 lce_wall=798.009 write_wall=7.719 lf_steps=0 cache_hits=0
SLIM_PHASE query-chunks wall=3.908 cumulative=7629.783 peak_rss_kib=167274124
SLIM_PROGRESS runs=241238016/2739737285 resolve_wall=60.698 lce_wall=801.162 write_wall=7.751 lf_steps=0 cache_hits=0
SLIM_PHASE query-chunks wall=3.420 cumulative=7633.203 peak_rss_kib=167275376
SLIM_PROGRESS runs=242286592/2739737285 resolve_wall=60.930 lce_wall=804.350 write_wall=7.783 lf_steps=0 cache_hits=0
SLIM_PHASE query-chunks wall=3.451 cumulative=7636.654 peak_rss_kib=167288328
SLIM_PROGRESS runs=243335168/2739737285 resolve_wall=61.164 lce_wall=807.249 write_wall=7.819 lf_steps=0 cache_hits=0
SLIM_PHASE query-chunks wall=3.170 cumulative=7639.824 peak_rss_kib=167301128
SLIM_PROGRESS runs=244383744/2739737285 resolve_wall=61.400 lce_wall=810.280 write_wall=7.853 lf_steps=0 cache_hits=0
SLIM_PHASE query-chunks wall=3.302 cumulative=7643.126 peak_rss_kib=167301640
SLIM_PROGRESS runs=245432320/2739737285 resolve_wall=61.634 lce_wall=813.261 write_wall=7.888 lf_steps=0 cache_hits=0
SLIM_PHASE query-chunks wall=3.250 cumulative=7646.376 peak_rss_kib=167305608
SLIM_PROGRESS runs=246480896/2739737285 resolve_wall=61.866 lce_wall=816.238 write_wall=7.918 lf_steps=0 cache_hits=0
SLIM_PHASE query-chunks wall=3.239 cumulative=7649.614 peak_rss_kib=167305608
SLIM_PROGRESS runs=247529472/2739737285 resolve_wall=62.105 lce_wall=819.419 write_wall=7.952 lf_steps=0 cache_hits=0
SLIM_PHASE query-chunks wall=3.454 cumulative=7653.068 peak_rss_kib=167312312
SLIM_PROGRESS runs=248578048/2739737285 resolve_wall=62.337 lce_wall=822.952 write_wall=7.986 lf_steps=0 cache_hits=0
SLIM_PHASE query-chunks wall=3.799 cumulative=7656.867 peak_rss_kib=167322184
SLIM_PROGRESS runs=249626624/2739737285 resolve_wall=62.568 lce_wall=825.925 write_wall=8.017 lf_steps=0 cache_hits=0
SLIM_PHASE query-chunks wall=3.235 cumulative=7660.103 peak_rss_kib=167331052
SLIM_PROGRESS runs=250675200/2739737285 resolve_wall=62.803 lce_wall=829.042 write_wall=8.050 lf_steps=0 cache_hits=0
SLIM_PHASE query-chunks wall=3.386 cumulative=7663.488 peak_rss_kib=167338888
SLIM_PROGRESS runs=251723776/2739737285 resolve_wall=63.037 lce_wall=832.235 write_wall=8.084 lf_steps=0 cache_hits=0
SLIM_PHASE query-chunks wall=3.462 cumulative=7666.950 peak_rss_kib=167342096
SLIM_PROGRESS runs=252772352/2739737285 resolve_wall=63.271 lce_wall=835.195 write_wall=8.118 lf_steps=0 cache_hits=0
SLIM_PHASE query-chunks wall=3.227 cumulative=7670.177 peak_rss_kib=167348204
SLIM_PROGRESS runs=253820928/2739737285 resolve_wall=63.504 lce_wall=838.044 write_wall=8.152 lf_steps=0 cache_hits=0
SLIM_PHASE query-chunks wall=3.116 cumulative=7673.293 peak_rss_kib=167357144
SLIM_PROGRESS runs=254869504/2739737285 resolve_wall=63.735 lce_wall=841.035 write_wall=8.185 lf_steps=0 cache_hits=0
SLIM_PHASE query-chunks wall=3.256 cumulative=7676.549 peak_rss_kib=167366840
SLIM_PROGRESS runs=255918080/2739737285 resolve_wall=63.970 lce_wall=843.858 write_wall=8.220 lf_steps=0 cache_hits=0
SLIM_PHASE query-chunks wall=3.094 cumulative=7679.643 peak_rss_kib=167382304
SLIM_PROGRESS runs=256966656/2739737285 resolve_wall=64.204 lce_wall=846.752 write_wall=8.255 lf_steps=0 cache_hits=0
SLIM_PHASE query-chunks wall=3.163 cumulative=7682.806 peak_rss_kib=167386296
SLIM_PROGRESS runs=258015232/2739737285 resolve_wall=64.439 lce_wall=849.629 write_wall=8.289 lf_steps=0 cache_hits=0
SLIM_PHASE query-chunks wall=3.146 cumulative=7685.951 peak_rss_kib=167391980
SLIM_PROGRESS runs=259063808/2739737285 resolve_wall=64.673 lce_wall=852.564 write_wall=8.324 lf_steps=0 cache_hits=0
SLIM_PHASE query-chunks wall=3.205 cumulative=7689.156 peak_rss_kib=167399004
SLIM_PROGRESS runs=260112384/2739737285 resolve_wall=64.906 lce_wall=855.456 write_wall=8.358 lf_steps=0 cache_hits=0
SLIM_PHASE query-chunks wall=3.159 cumulative=7692.315 peak_rss_kib=167406340
SLIM_PROGRESS runs=261160960/2739737285 resolve_wall=65.140 lce_wall=858.542 write_wall=8.389 lf_steps=0 cache_hits=0
SLIM_PHASE query-chunks wall=3.351 cumulative=7695.666 peak_rss_kib=167423492
SLIM_PROGRESS runs=262209536/2739737285 resolve_wall=65.374 lce_wall=861.552 write_wall=8.422 lf_steps=0 cache_hits=0
SLIM_PHASE query-chunks wall=3.277 cumulative=7698.943 peak_rss_kib=167432084
SLIM_PROGRESS runs=263258112/2739737285 resolve_wall=65.608 lce_wall=864.525 write_wall=8.458 lf_steps=0 cache_hits=0
SLIM_PHASE query-chunks wall=3.243 cumulative=7702.186 peak_rss_kib=167436052
SLIM_PROGRESS runs=264306688/2739737285 resolve_wall=65.842 lce_wall=867.355 write_wall=8.493 lf_steps=0 cache_hits=0
SLIM_PHASE query-chunks wall=3.100 cumulative=7705.286 peak_rss_kib=167436052
SLIM_PROGRESS runs=265355264/2739737285 resolve_wall=66.076 lce_wall=870.058 write_wall=8.528 lf_steps=0 cache_hits=0
SLIM_PHASE query-chunks wall=2.972 cumulative=7708.258 peak_rss_kib=167444360
SLIM_PROGRESS runs=266403840/2739737285 resolve_wall=66.312 lce_wall=872.884 write_wall=8.563 lf_steps=0 cache_hits=0
SLIM_PHASE query-chunks wall=3.098 cumulative=7711.355 peak_rss_kib=167457520
SLIM_PROGRESS runs=267452416/2739737285 resolve_wall=66.547 lce_wall=875.966 write_wall=8.595 lf_steps=0 cache_hits=0
SLIM_PHASE query-chunks wall=3.348 cumulative=7714.704 peak_rss_kib=167464372
SLIM_PROGRESS runs=268500992/2739737285 resolve_wall=66.781 lce_wall=878.998 write_wall=8.629 lf_steps=0 cache_hits=0
SLIM_PHASE query-chunks wall=3.300 cumulative=7718.004 peak_rss_kib=167474972
SLIM_PROGRESS runs=269549568/2739737285 resolve_wall=67.015 lce_wall=881.913 write_wall=8.664 lf_steps=0 cache_hits=0
SLIM_PHASE query-chunks wall=3.183 cumulative=7721.187 peak_rss_kib=167477532
SLIM_PROGRESS runs=270598144/2739737285 resolve_wall=67.250 lce_wall=885.236 write_wall=8.699 lf_steps=0 cache_hits=0
SLIM_PHASE query-chunks wall=3.594 cumulative=7724.781 peak_rss_kib=167488128
SLIM_PROGRESS runs=271646720/2739737285 resolve_wall=67.486 lce_wall=888.305 write_wall=8.733 lf_steps=0 cache_hits=0
SLIM_PHASE query-chunks wall=3.340 cumulative=7728.121 peak_rss_kib=167498440
SLIM_PROGRESS runs=272695296/2739737285 resolve_wall=67.722 lce_wall=891.332 write_wall=8.766 lf_steps=0 cache_hits=0
SLIM_PHASE query-chunks wall=3.295 cumulative=7731.416 peak_rss_kib=167508752
SLIM_PROGRESS runs=273743872/2739737285 resolve_wall=67.954 lce_wall=894.352 write_wall=8.797 lf_steps=0 cache_hits=0
SLIM_PHASE query-chunks wall=3.283 cumulative=7734.699 peak_rss_kib=167513288
SLIM_PROGRESS runs=274792448/2739737285 resolve_wall=68.187 lce_wall=897.469 write_wall=8.828 lf_steps=0 cache_hits=0
SLIM_PHASE query-chunks wall=3.382 cumulative=7738.081 peak_rss_kib=167525484
SLIM_PROGRESS runs=275841024/2739737285 resolve_wall=68.419 lce_wall=900.396 write_wall=8.861 lf_steps=0 cache_hits=0
SLIM_PHASE query-chunks wall=3.192 cumulative=7741.274 peak_rss_kib=167532140
SLIM_PROGRESS runs=276889600/2739737285 resolve_wall=68.654 lce_wall=903.264 write_wall=8.896 lf_steps=0 cache_hits=0
SLIM_PHASE query-chunks wall=3.137 cumulative=7744.411 peak_rss_kib=167542148
SLIM_PROGRESS runs=277938176/2739737285 resolve_wall=68.889 lce_wall=906.290 write_wall=8.930 lf_steps=0 cache_hits=0
SLIM_PHASE query-chunks wall=3.295 cumulative=7747.706 peak_rss_kib=167553804
SLIM_PROGRESS runs=278986752/2739737285 resolve_wall=69.124 lce_wall=909.137 write_wall=8.965 lf_steps=0 cache_hits=0
SLIM_PHASE query-chunks wall=3.118 cumulative=7750.823 peak_rss_kib=167567012
SLIM_PROGRESS runs=280035328/2739737285 resolve_wall=69.358 lce_wall=912.087 write_wall=8.999 lf_steps=0 cache_hits=0
SLIM_PHASE query-chunks wall=3.219 cumulative=7754.043 peak_rss_kib=167578644
SLIM_PROGRESS runs=281083904/2739737285 resolve_wall=69.595 lce_wall=915.297 write_wall=9.034 lf_steps=0 cache_hits=0
SLIM_PHASE query-chunks wall=3.480 cumulative=7757.523 peak_rss_kib=167590516
SLIM_PROGRESS runs=282132480/2739737285 resolve_wall=69.831 lce_wall=918.456 write_wall=9.068 lf_steps=0 cache_hits=0
SLIM_PHASE query-chunks wall=3.431 cumulative=7760.954 peak_rss_kib=167595124
SLIM_PROGRESS runs=283181056/2739737285 resolve_wall=70.064 lce_wall=921.503 write_wall=9.102 lf_steps=0 cache_hits=0
SLIM_PHASE query-chunks wall=3.313 cumulative=7764.267 peak_rss_kib=167602592
SLIM_PROGRESS runs=284229632/2739737285 resolve_wall=70.300 lce_wall=924.734 write_wall=9.136 lf_steps=0 cache_hits=0
SLIM_PHASE query-chunks wall=3.501 cumulative=7767.768 peak_rss_kib=167619488
SLIM_PROGRESS runs=285278208/2739737285 resolve_wall=70.536 lce_wall=927.954 write_wall=9.168 lf_steps=0 cache_hits=0
SLIM_PHASE query-chunks wall=3.488 cumulative=7771.256 peak_rss_kib=167626008
SLIM_PROGRESS runs=286326784/2739737285 resolve_wall=70.769 lce_wall=931.201 write_wall=9.200 lf_steps=0 cache_hits=0
SLIM_PHASE query-chunks wall=3.513 cumulative=7774.769 peak_rss_kib=167631904
SLIM_PROGRESS runs=287375360/2739737285 resolve_wall=71.003 lce_wall=934.748 write_wall=9.235 lf_steps=0 cache_hits=0
SLIM_PHASE query-chunks wall=3.815 cumulative=7778.584 peak_rss_kib=167644704
SLIM_PROGRESS runs=288423936/2739737285 resolve_wall=71.239 lce_wall=938.121 write_wall=9.269 lf_steps=0 cache_hits=0
SLIM_PHASE query-chunks wall=3.643 cumulative=7782.227 peak_rss_kib=167648028
SLIM_PROGRESS runs=289472512/2739737285 resolve_wall=71.489 lce_wall=941.369 write_wall=9.303 lf_steps=0 cache_hits=0
SLIM_PHASE query-chunks wall=3.532 cumulative=7785.760 peak_rss_kib=167667864
SLIM_PROGRESS runs=290521088/2739737285 resolve_wall=71.775 lce_wall=944.658 write_wall=9.347 lf_steps=0 cache_hits=0
SLIM_PHASE query-chunks wall=3.619 cumulative=7789.379 peak_rss_kib=167673792
SLIM_PROGRESS runs=291569664/2739737285 resolve_wall=72.009 lce_wall=947.830 write_wall=9.379 lf_steps=0 cache_hits=0
SLIM_PHASE query-chunks wall=3.439 cumulative=7792.818 peak_rss_kib=167679396
SLIM_PROGRESS runs=292618240/2739737285 resolve_wall=72.242 lce_wall=951.307 write_wall=9.412 lf_steps=0 cache_hits=0
SLIM_PHASE query-chunks wall=3.743 cumulative=7796.560 peak_rss_kib=167680680
SLIM_PROGRESS runs=293666816/2739737285 resolve_wall=72.477 lce_wall=954.419 write_wall=9.444 lf_steps=0 cache_hits=0
SLIM_PHASE query-chunks wall=3.379 cumulative=7799.939 peak_rss_kib=167680680
SLIM_PROGRESS runs=294715392/2739737285 resolve_wall=72.712 lce_wall=957.520 write_wall=9.478 lf_steps=0 cache_hits=0
SLIM_PHASE query-chunks wall=3.371 cumulative=7803.311 peak_rss_kib=167696392
SLIM_PROGRESS runs=295763968/2739737285 resolve_wall=72.946 lce_wall=960.553 write_wall=9.512 lf_steps=0 cache_hits=0
SLIM_PHASE query-chunks wall=3.301 cumulative=7806.612 peak_rss_kib=167704476
SLIM_PROGRESS runs=296812544/2739737285 resolve_wall=73.180 lce_wall=963.657 write_wall=9.545 lf_steps=0 cache_hits=0
SLIM_PHASE query-chunks wall=3.370 cumulative=7809.982 peak_rss_kib=167714456
SLIM_PROGRESS runs=297861120/2739737285 resolve_wall=73.411 lce_wall=966.910 write_wall=9.575 lf_steps=0 cache_hits=0
SLIM_PHASE query-chunks wall=3.514 cumulative=7813.496 peak_rss_kib=167715996
SLIM_PROGRESS runs=298909696/2739737285 resolve_wall=73.643 lce_wall=969.843 write_wall=9.607 lf_steps=0 cache_hits=0
SLIM_PHASE query-chunks wall=3.198 cumulative=7816.694 peak_rss_kib=167721560
SLIM_PROGRESS runs=299958272/2739737285 resolve_wall=73.876 lce_wall=972.857 write_wall=9.640 lf_steps=0 cache_hits=0
SLIM_PHASE query-chunks wall=3.279 cumulative=7819.973 peak_rss_kib=167726552
SLIM_PROGRESS runs=301006848/2739737285 resolve_wall=74.111 lce_wall=975.985 write_wall=9.674 lf_steps=0 cache_hits=0
SLIM_PHASE query-chunks wall=3.397 cumulative=7823.371 peak_rss_kib=167733208
SLIM_PROGRESS runs=302055424/2739737285 resolve_wall=74.345 lce_wall=979.107 write_wall=9.708 lf_steps=0 cache_hits=0
SLIM_PHASE query-chunks wall=3.390 cumulative=7826.761 peak_rss_kib=167736208
SLIM_PROGRESS runs=303104000/2739737285 resolve_wall=74.577 lce_wall=982.024 write_wall=9.739 lf_steps=0 cache_hits=0
SLIM_PHASE query-chunks wall=3.181 cumulative=7829.941 peak_rss_kib=167752976
SLIM_PROGRESS runs=304152576/2739737285 resolve_wall=74.809 lce_wall=985.215 write_wall=9.769 lf_steps=0 cache_hits=0
SLIM_PHASE query-chunks wall=3.452 cumulative=7833.393 peak_rss_kib=167755224
SLIM_PROGRESS runs=305201152/2739737285 resolve_wall=75.038 lce_wall=988.715 write_wall=9.800 lf_steps=0 cache_hits=0
SLIM_PHASE query-chunks wall=3.761 cumulative=7837.154 peak_rss_kib=167756856
SLIM_PROGRESS runs=306249728/2739737285 resolve_wall=75.268 lce_wall=993.750 write_wall=9.834 lf_steps=0 cache_hits=0
SLIM_PHASE query-chunks wall=5.299 cumulative=7842.454 peak_rss_kib=167767676
SLIM_PROGRESS runs=307298304/2739737285 resolve_wall=75.499 lce_wall=998.817 write_wall=9.866 lf_steps=0 cache_hits=0
SLIM_PHASE query-chunks wall=5.330 cumulative=7847.783 peak_rss_kib=167783424
SLIM_PROGRESS runs=308346880/2739737285 resolve_wall=75.728 lce_wall=1003.886 write_wall=9.899 lf_steps=0 cache_hits=0
SLIM_PHASE query-chunks wall=5.332 cumulative=7853.115 peak_rss_kib=167802368
SLIM_PROGRESS runs=309395456/2739737285 resolve_wall=75.961 lce_wall=1008.474 write_wall=9.933 lf_steps=0 cache_hits=0
SLIM_PHASE query-chunks wall=4.855 cumulative=7857.971 peak_rss_kib=167811328
SLIM_PROGRESS runs=310444032/2739737285 resolve_wall=76.193 lce_wall=1011.960 write_wall=9.967 lf_steps=0 cache_hits=0
SLIM_PHASE query-chunks wall=3.752 cumulative=7861.722 peak_rss_kib=167813436
SLIM_PROGRESS runs=311492608/2739737285 resolve_wall=76.425 lce_wall=1015.087 write_wall=9.998 lf_steps=0 cache_hits=0
SLIM_PHASE query-chunks wall=3.391 cumulative=7865.113 peak_rss_kib=167824136
SLIM_PROGRESS runs=312541184/2739737285 resolve_wall=76.658 lce_wall=1018.375 write_wall=10.032 lf_steps=0 cache_hits=0
SLIM_PHASE query-chunks wall=3.554 cumulative=7868.667 peak_rss_kib=167833608
SLIM_PROGRESS runs=313589760/2739737285 resolve_wall=76.890 lce_wall=1021.480 write_wall=10.067 lf_steps=0 cache_hits=0
SLIM_PHASE query-chunks wall=3.374 cumulative=7872.041 peak_rss_kib=167838480
SLIM_PROGRESS runs=314638336/2739737285 resolve_wall=77.125 lce_wall=1024.501 write_wall=10.102 lf_steps=0 cache_hits=0
SLIM_PHASE query-chunks wall=3.290 cumulative=7875.330 peak_rss_kib=167846288
SLIM_PROGRESS runs=315686912/2739737285 resolve_wall=77.360 lce_wall=1027.455 write_wall=10.136 lf_steps=0 cache_hits=0
SLIM_PHASE query-chunks wall=3.224 cumulative=7878.554 peak_rss_kib=167849940
SLIM_PROGRESS runs=316735488/2739737285 resolve_wall=77.592 lce_wall=1030.549 write_wall=10.170 lf_steps=0 cache_hits=0
SLIM_PHASE query-chunks wall=3.361 cumulative=7881.915 peak_rss_kib=167857844
SLIM_PROGRESS runs=317784064/2739737285 resolve_wall=77.827 lce_wall=1033.462 write_wall=10.205 lf_steps=0 cache_hits=0
SLIM_PHASE query-chunks wall=3.182 cumulative=7885.097 peak_rss_kib=167859124
SLIM_PROGRESS runs=318832640/2739737285 resolve_wall=78.060 lce_wall=1036.568 write_wall=10.239 lf_steps=0 cache_hits=0
SLIM_PHASE query-chunks wall=3.373 cumulative=7888.471 peak_rss_kib=167865996
SLIM_PROGRESS runs=319881216/2739737285 resolve_wall=78.294 lce_wall=1039.692 write_wall=10.272 lf_steps=0 cache_hits=0
SLIM_PHASE query-chunks wall=3.391 cumulative=7891.861 peak_rss_kib=167870644
SLIM_PROGRESS runs=320929792/2739737285 resolve_wall=78.528 lce_wall=1043.028 write_wall=10.305 lf_steps=0 cache_hits=0
SLIM_PHASE query-chunks wall=3.603 cumulative=7895.464 peak_rss_kib=167888068
SLIM_PROGRESS runs=321978368/2739737285 resolve_wall=78.762 lce_wall=1046.028 write_wall=10.338 lf_steps=0 cache_hits=0
SLIM_PHASE query-chunks wall=3.268 cumulative=7898.732 peak_rss_kib=167894276
SLIM_PROGRESS runs=323026944/2739737285 resolve_wall=78.993 lce_wall=1049.287 write_wall=10.371 lf_steps=0 cache_hits=0
SLIM_PHASE query-chunks wall=3.523 cumulative=7902.255 peak_rss_kib=167900564
SLIM_PROGRESS runs=324075520/2739737285 resolve_wall=79.229 lce_wall=1052.466 write_wall=10.406 lf_steps=0 cache_hits=0
SLIM_PHASE query-chunks wall=3.451 cumulative=7905.705 peak_rss_kib=167919508
SLIM_PROGRESS runs=325124096/2739737285 resolve_wall=79.465 lce_wall=1055.534 write_wall=10.440 lf_steps=0 cache_hits=0
SLIM_PHASE query-chunks wall=3.338 cumulative=7909.043 peak_rss_kib=167930700
SLIM_PROGRESS runs=326172672/2739737285 resolve_wall=79.698 lce_wall=1058.620 write_wall=10.474 lf_steps=0 cache_hits=0
SLIM_PHASE query-chunks wall=3.354 cumulative=7912.397 peak_rss_kib=167936164
SLIM_PROGRESS runs=327221248/2739737285 resolve_wall=79.931 lce_wall=1061.893 write_wall=10.506 lf_steps=0 cache_hits=0
SLIM_PHASE query-chunks wall=3.538 cumulative=7915.935 peak_rss_kib=167939820
SLIM_PROGRESS runs=328269824/2739737285 resolve_wall=80.166 lce_wall=1064.817 write_wall=10.541 lf_steps=0 cache_hits=0
SLIM_PHASE query-chunks wall=3.194 cumulative=7919.129 peak_rss_kib=167944200
SLIM_PROGRESS runs=329318400/2739737285 resolve_wall=80.402 lce_wall=1067.699 write_wall=10.575 lf_steps=0 cache_hits=0
SLIM_PHASE query-chunks wall=3.152 cumulative=7922.281 peak_rss_kib=167953544
SLIM_PROGRESS runs=330366976/2739737285 resolve_wall=80.637 lce_wall=1070.660 write_wall=10.609 lf_steps=0 cache_hits=0
SLIM_PHASE query-chunks wall=3.230 cumulative=7925.511 peak_rss_kib=167957756
SLIM_PROGRESS runs=331415552/2739737285 resolve_wall=80.874 lce_wall=1073.585 write_wall=10.643 lf_steps=0 cache_hits=0
SLIM_PHASE query-chunks wall=3.195 cumulative=7928.707 peak_rss_kib=167970564
SLIM_PROGRESS runs=332464128/2739737285 resolve_wall=81.109 lce_wall=1076.597 write_wall=10.675 lf_steps=0 cache_hits=0
SLIM_PHASE query-chunks wall=3.279 cumulative=7931.986 peak_rss_kib=167980148
SLIM_PROGRESS runs=333512704/2739737285 resolve_wall=81.345 lce_wall=1079.694 write_wall=10.710 lf_steps=0 cache_hits=0
SLIM_PHASE query-chunks wall=3.368 cumulative=7935.354 peak_rss_kib=167983896
SLIM_PROGRESS runs=334561280/2739737285 resolve_wall=81.582 lce_wall=1082.821 write_wall=10.744 lf_steps=0 cache_hits=0
SLIM_PHASE query-chunks wall=3.399 cumulative=7938.754 peak_rss_kib=167993480
SLIM_PROGRESS runs=335609856/2739737285 resolve_wall=81.817 lce_wall=1085.939 write_wall=10.777 lf_steps=0 cache_hits=0
SLIM_PHASE query-chunks wall=3.386 cumulative=7942.139 peak_rss_kib=168012664
SLIM_PROGRESS runs=336658432/2739737285 resolve_wall=82.052 lce_wall=1089.276 write_wall=10.810 lf_steps=0 cache_hits=0
SLIM_PHASE query-chunks wall=3.605 cumulative=7945.744 peak_rss_kib=168020020
SLIM_PROGRESS runs=337707008/2739737285 resolve_wall=82.288 lce_wall=1092.477 write_wall=10.843 lf_steps=0 cache_hits=0
SLIM_PHASE query-chunks wall=3.470 cumulative=7949.214 peak_rss_kib=168021300
SLIM_PROGRESS runs=338755584/2739737285 resolve_wall=82.522 lce_wall=1095.424 write_wall=10.876 lf_steps=0 cache_hits=0
SLIM_PHASE query-chunks wall=3.214 cumulative=7952.428 peak_rss_kib=168023060
SLIM_PROGRESS runs=339804160/2739737285 resolve_wall=82.756 lce_wall=1098.382 write_wall=10.911 lf_steps=0 cache_hits=0
SLIM_PHASE query-chunks wall=3.227 cumulative=7955.656 peak_rss_kib=168027308
SLIM_PROGRESS runs=340852736/2739737285 resolve_wall=82.988 lce_wall=1101.407 write_wall=10.942 lf_steps=0 cache_hits=0
SLIM_PHASE query-chunks wall=3.287 cumulative=7958.943 peak_rss_kib=168045024
SLIM_PROGRESS runs=341901312/2739737285 resolve_wall=83.222 lce_wall=1104.575 write_wall=10.976 lf_steps=0 cache_hits=0
SLIM_PHASE query-chunks wall=3.436 cumulative=7962.379 peak_rss_kib=168062360
SLIM_PROGRESS runs=342949888/2739737285 resolve_wall=83.455 lce_wall=1107.799 write_wall=11.008 lf_steps=0 cache_hits=0
SLIM_PHASE query-chunks wall=3.490 cumulative=7965.869 peak_rss_kib=168069512
SLIM_PROGRESS runs=343998464/2739737285 resolve_wall=83.690 lce_wall=1110.937 write_wall=11.042 lf_steps=0 cache_hits=0
SLIM_PHASE query-chunks wall=3.406 cumulative=7969.276 peak_rss_kib=168081544
SLIM_PROGRESS runs=345047040/2739737285 resolve_wall=83.927 lce_wall=1113.861 write_wall=11.075 lf_steps=0 cache_hits=0
SLIM_PHASE query-chunks wall=3.194 cumulative=7972.470 peak_rss_kib=168100028
SLIM_PROGRESS runs=346095616/2739737285 resolve_wall=84.161 lce_wall=1117.144 write_wall=11.106 lf_steps=0 cache_hits=0
SLIM_PHASE query-chunks wall=3.549 cumulative=7976.019 peak_rss_kib=168112880
SLIM_PROGRESS runs=347144192/2739737285 resolve_wall=84.399 lce_wall=1120.342 write_wall=11.141 lf_steps=0 cache_hits=0
SLIM_PHASE query-chunks wall=3.470 cumulative=7979.490 peak_rss_kib=168115552
SLIM_PROGRESS runs=348192768/2739737285 resolve_wall=84.636 lce_wall=1123.244 write_wall=11.175 lf_steps=0 cache_hits=0
SLIM_PHASE query-chunks wall=3.174 cumulative=7982.664 peak_rss_kib=168117232
SLIM_PROGRESS runs=349241344/2739737285 resolve_wall=84.871 lce_wall=1126.120 write_wall=11.210 lf_steps=0 cache_hits=0
SLIM_PHASE query-chunks wall=3.145 cumulative=7985.808 peak_rss_kib=168127456
SLIM_PROGRESS runs=350289920/2739737285 resolve_wall=85.105 lce_wall=1129.317 write_wall=11.242 lf_steps=0 cache_hits=0
SLIM_PHASE query-chunks wall=3.463 cumulative=7989.272 peak_rss_kib=168138608
SLIM_PROGRESS runs=351338496/2739737285 resolve_wall=85.340 lce_wall=1132.883 write_wall=11.275 lf_steps=0 cache_hits=0
SLIM_PHASE query-chunks wall=3.835 cumulative=7993.107 peak_rss_kib=168141688
SLIM_PROGRESS runs=352387072/2739737285 resolve_wall=85.574 lce_wall=1135.975 write_wall=11.310 lf_steps=0 cache_hits=0
SLIM_PHASE query-chunks wall=3.360 cumulative=7996.467 peak_rss_kib=168150392
SLIM_PROGRESS runs=353435648/2739737285 resolve_wall=85.808 lce_wall=1139.050 write_wall=11.344 lf_steps=0 cache_hits=0
SLIM_PHASE query-chunks wall=3.345 cumulative=7999.811 peak_rss_kib=168156320
SLIM_PROGRESS runs=354484224/2739737285 resolve_wall=86.042 lce_wall=1142.004 write_wall=11.378 lf_steps=0 cache_hits=0
SLIM_PHASE query-chunks wall=3.221 cumulative=8003.032 peak_rss_kib=168160764
SLIM_PROGRESS runs=355532800/2739737285 resolve_wall=86.278 lce_wall=1144.914 write_wall=11.413 lf_steps=0 cache_hits=0
SLIM_PHASE query-chunks wall=3.181 cumulative=8006.214 peak_rss_kib=168169380
SLIM_PROGRESS runs=356581376/2739737285 resolve_wall=86.510 lce_wall=1147.783 write_wall=11.446 lf_steps=0 cache_hits=0
SLIM_PHASE query-chunks wall=3.134 cumulative=8009.348 peak_rss_kib=168183236
SLIM_PROGRESS runs=357629952/2739737285 resolve_wall=86.743 lce_wall=1150.744 write_wall=11.477 lf_steps=0 cache_hits=0
SLIM_PHASE query-chunks wall=3.226 cumulative=8012.573 peak_rss_kib=168183852
SLIM_PROGRESS runs=358678528/2739737285 resolve_wall=86.976 lce_wall=1153.748 write_wall=11.510 lf_steps=0 cache_hits=0
SLIM_PHASE query-chunks wall=3.270 cumulative=8015.844 peak_rss_kib=168188168
SLIM_PROGRESS runs=359727104/2739737285 resolve_wall=87.212 lce_wall=1156.747 write_wall=11.545 lf_steps=0 cache_hits=0
SLIM_PHASE query-chunks wall=3.270 cumulative=8019.114 peak_rss_kib=168191292
SLIM_PROGRESS runs=360775680/2739737285 resolve_wall=87.445 lce_wall=1159.887 write_wall=11.575 lf_steps=0 cache_hits=0
SLIM_PHASE query-chunks wall=3.403 cumulative=8022.517 peak_rss_kib=168201628
SLIM_PROGRESS runs=361824256/2739737285 resolve_wall=87.679 lce_wall=1163.018 write_wall=11.605 lf_steps=0 cache_hits=0
SLIM_PHASE query-chunks wall=3.395 cumulative=8025.912 peak_rss_kib=168210600
SLIM_PROGRESS runs=362872832/2739737285 resolve_wall=87.916 lce_wall=1166.026 write_wall=11.641 lf_steps=0 cache_hits=0
SLIM_PHASE query-chunks wall=3.280 cumulative=8029.193 peak_rss_kib=168216704
SLIM_PROGRESS runs=363921408/2739737285 resolve_wall=88.153 lce_wall=1169.041 write_wall=11.674 lf_steps=0 cache_hits=0
SLIM_PHASE query-chunks wall=3.287 cumulative=8032.479 peak_rss_kib=168233160
SLIM_PROGRESS runs=364969984/2739737285 resolve_wall=88.389 lce_wall=1171.948 write_wall=11.708 lf_steps=0 cache_hits=0
SLIM_PHASE query-chunks wall=3.177 cumulative=8035.656 peak_rss_kib=168238972
SLIM_PROGRESS runs=366018560/2739737285 resolve_wall=88.627 lce_wall=1174.968 write_wall=11.743 lf_steps=0 cache_hits=0
SLIM_PHASE query-chunks wall=3.292 cumulative=8038.948 peak_rss_kib=168249724
SLIM_PROGRESS runs=367067136/2739737285 resolve_wall=88.859 lce_wall=1178.032 write_wall=11.774 lf_steps=0 cache_hits=0
SLIM_PHASE query-chunks wall=3.328 cumulative=8042.276 peak_rss_kib=168258508
SLIM_PROGRESS runs=368115712/2739737285 resolve_wall=89.095 lce_wall=1181.218 write_wall=11.809 lf_steps=0 cache_hits=0
SLIM_PHASE query-chunks wall=3.457 cumulative=8045.732 peak_rss_kib=168272716
SLIM_PROGRESS runs=369164288/2739737285 resolve_wall=89.329 lce_wall=1184.250 write_wall=11.843 lf_steps=0 cache_hits=0
SLIM_PHASE query-chunks wall=3.301 cumulative=8049.033 peak_rss_kib=168282500
SLIM_PROGRESS runs=370212864/2739737285 resolve_wall=89.567 lce_wall=1187.297 write_wall=11.877 lf_steps=0 cache_hits=0
SLIM_PHASE query-chunks wall=3.319 cumulative=8052.352 peak_rss_kib=168289296
SLIM_PROGRESS runs=371261440/2739737285 resolve_wall=89.803 lce_wall=1190.321 write_wall=11.910 lf_steps=0 cache_hits=0
SLIM_PHASE query-chunks wall=3.292 cumulative=8055.644 peak_rss_kib=168295680
SLIM_PROGRESS runs=372310016/2739737285 resolve_wall=90.036 lce_wall=1193.280 write_wall=11.942 lf_steps=0 cache_hits=0
SLIM_PHASE query-chunks wall=3.225 cumulative=8058.869 peak_rss_kib=168300528
SLIM_PROGRESS runs=373358592/2739737285 resolve_wall=90.268 lce_wall=1196.276 write_wall=11.972 lf_steps=0 cache_hits=0
SLIM_PHASE query-chunks wall=3.259 cumulative=8062.128 peak_rss_kib=168303712
SLIM_PROGRESS runs=374407168/2739737285 resolve_wall=90.500 lce_wall=1199.245 write_wall=12.002 lf_steps=0 cache_hits=0
SLIM_PHASE query-chunks wall=3.230 cumulative=8065.358 peak_rss_kib=168312308
SLIM_PROGRESS runs=375455744/2739737285 resolve_wall=90.735 lce_wall=1202.103 write_wall=12.037 lf_steps=0 cache_hits=0
SLIM_PHASE query-chunks wall=3.128 cumulative=8068.486 peak_rss_kib=168312308
SLIM_PROGRESS runs=376504320/2739737285 resolve_wall=90.970 lce_wall=1205.135 write_wall=12.070 lf_steps=0 cache_hits=0
SLIM_PHASE query-chunks wall=3.301 cumulative=8071.787 peak_rss_kib=168320084
SLIM_PROGRESS runs=377552896/2739737285 resolve_wall=91.203 lce_wall=1208.061 write_wall=12.103 lf_steps=0 cache_hits=0
SLIM_PHASE query-chunks wall=3.192 cumulative=8074.979 peak_rss_kib=168330308
SLIM_PROGRESS runs=378601472/2739737285 resolve_wall=91.438 lce_wall=1211.007 write_wall=12.137 lf_steps=0 cache_hits=0
SLIM_PHASE query-chunks wall=3.215 cumulative=8078.194 peak_rss_kib=168341060
SLIM_PROGRESS runs=379650048/2739737285 resolve_wall=91.672 lce_wall=1213.986 write_wall=12.169 lf_steps=0 cache_hits=0
SLIM_PHASE query-chunks wall=3.245 cumulative=8081.440 peak_rss_kib=168345876
SLIM_PROGRESS runs=380698624/2739737285 resolve_wall=91.908 lce_wall=1217.058 write_wall=12.204 lf_steps=0 cache_hits=0
SLIM_PHASE query-chunks wall=3.343 cumulative=8084.783 peak_rss_kib=168348324
SLIM_PROGRESS runs=381747200/2739737285 resolve_wall=92.141 lce_wall=1220.095 write_wall=12.236 lf_steps=0 cache_hits=0
SLIM_PHASE query-chunks wall=3.303 cumulative=8088.085 peak_rss_kib=168355528
SLIM_PROGRESS runs=382795776/2739737285 resolve_wall=92.375 lce_wall=1223.244 write_wall=12.270 lf_steps=0 cache_hits=0
SLIM_PHASE query-chunks wall=3.416 cumulative=8091.501 peak_rss_kib=168359560
SLIM_PROGRESS runs=383844352/2739737285 resolve_wall=92.611 lce_wall=1226.344 write_wall=12.305 lf_steps=0 cache_hits=0
SLIM_PHASE query-chunks wall=3.372 cumulative=8094.873 peak_rss_kib=168364168
SLIM_PROGRESS runs=384892928/2739737285 resolve_wall=92.849 lce_wall=1229.304 write_wall=12.340 lf_steps=0 cache_hits=0
SLIM_PHASE query-chunks wall=3.234 cumulative=8098.106 peak_rss_kib=168379896
SLIM_PROGRESS runs=385941504/2739737285 resolve_wall=93.085 lce_wall=1232.346 write_wall=12.375 lf_steps=0 cache_hits=0
SLIM_PHASE query-chunks wall=3.312 cumulative=8101.418 peak_rss_kib=168394804
SLIM_PROGRESS runs=386990080/2739737285 resolve_wall=93.319 lce_wall=1235.390 write_wall=12.404 lf_steps=0 cache_hits=0
SLIM_PHASE query-chunks wall=3.308 cumulative=8104.727 peak_rss_kib=168401772
SLIM_PROGRESS runs=388038656/2739737285 resolve_wall=93.555 lce_wall=1238.339 write_wall=12.438 lf_steps=0 cache_hits=0
SLIM_PHASE query-chunks wall=3.219 cumulative=8107.945 peak_rss_kib=168413640
SLIM_PROGRESS runs=389087232/2739737285 resolve_wall=93.787 lce_wall=1242.307 write_wall=12.472 lf_steps=0 cache_hits=0
SLIM_PHASE query-chunks wall=4.235 cumulative=8112.180 peak_rss_kib=168418668
SLIM_PROGRESS runs=390135808/2739737285 resolve_wall=94.016 lce_wall=1247.629 write_wall=12.508 lf_steps=0 cache_hits=0
SLIM_PHASE query-chunks wall=5.588 cumulative=8117.768 peak_rss_kib=168432096
SLIM_PROGRESS runs=391184384/2739737285 resolve_wall=94.246 lce_wall=1252.285 write_wall=12.542 lf_steps=0 cache_hits=0
SLIM_PHASE query-chunks wall=4.920 cumulative=8122.687 peak_rss_kib=168441640
SLIM_PROGRESS runs=392232960/2739737285 resolve_wall=94.477 lce_wall=1256.261 write_wall=12.575 lf_steps=0 cache_hits=0
SLIM_PHASE query-chunks wall=4.240 cumulative=8126.927 peak_rss_kib=168446928
SLIM_PROGRESS runs=393281536/2739737285 resolve_wall=94.710 lce_wall=1259.363 write_wall=12.606 lf_steps=0 cache_hits=0
SLIM_PHASE query-chunks wall=3.366 cumulative=8130.293 peak_rss_kib=168455536
SLIM_PROGRESS runs=394330112/2739737285 resolve_wall=94.943 lce_wall=1262.512 write_wall=12.640 lf_steps=0 cache_hits=0
SLIM_PHASE query-chunks wall=3.416 cumulative=8133.709 peak_rss_kib=168464608
SLIM_PROGRESS runs=395378688/2739737285 resolve_wall=95.177 lce_wall=1265.843 write_wall=12.675 lf_steps=0 cache_hits=0
SLIM_PHASE query-chunks wall=3.600 cumulative=8137.310 peak_rss_kib=168475072
SLIM_PROGRESS runs=396427264/2739737285 resolve_wall=95.415 lce_wall=1269.119 write_wall=12.709 lf_steps=0 cache_hits=0
SLIM_PHASE query-chunks wall=3.548 cumulative=8140.857 peak_rss_kib=168478488
SLIM_PROGRESS runs=397475840/2739737285 resolve_wall=95.651 lce_wall=1272.215 write_wall=12.743 lf_steps=0 cache_hits=0
SLIM_PHASE query-chunks wall=3.366 cumulative=8144.224 peak_rss_kib=168490328
SLIM_PROGRESS runs=398524416/2739737285 resolve_wall=95.884 lce_wall=1275.216 write_wall=12.777 lf_steps=0 cache_hits=0
SLIM_PHASE query-chunks wall=3.269 cumulative=8147.493 peak_rss_kib=168498768
SLIM_PROGRESS runs=399572992/2739737285 resolve_wall=96.119 lce_wall=1278.117 write_wall=12.813 lf_steps=0 cache_hits=0
SLIM_PHASE query-chunks wall=3.172 cumulative=8150.665 peak_rss_kib=168513616
SLIM_PROGRESS runs=400621568/2739737285 resolve_wall=96.352 lce_wall=1281.095 write_wall=12.846 lf_steps=0 cache_hits=0
SLIM_PHASE query-chunks wall=3.244 cumulative=8153.909 peak_rss_kib=168516304
SLIM_PROGRESS runs=401670144/2739737285 resolve_wall=96.588 lce_wall=1284.139 write_wall=12.881 lf_steps=0 cache_hits=0
SLIM_PHASE query-chunks wall=3.315 cumulative=8157.224 peak_rss_kib=168516304
SLIM_PROGRESS runs=402718720/2739737285 resolve_wall=96.821 lce_wall=1287.087 write_wall=12.915 lf_steps=0 cache_hits=0
SLIM_PHASE query-chunks wall=3.214 cumulative=8160.439 peak_rss_kib=168520448
SLIM_PROGRESS runs=403767296/2739737285 resolve_wall=97.051 lce_wall=1290.132 write_wall=12.944 lf_steps=0 cache_hits=0
SLIM_PHASE query-chunks wall=3.305 cumulative=8163.743 peak_rss_kib=168532696
SLIM_PROGRESS runs=404815872/2739737285 resolve_wall=97.281 lce_wall=1293.277 write_wall=12.975 lf_steps=0 cache_hits=0
SLIM_PHASE query-chunks wall=3.406 cumulative=8167.150 peak_rss_kib=168535920
SLIM_PROGRESS runs=405864448/2739737285 resolve_wall=97.515 lce_wall=1296.213 write_wall=13.010 lf_steps=0 cache_hits=0
SLIM_PHASE query-chunks wall=3.205 cumulative=8170.355 peak_rss_kib=168546472
SLIM_PROGRESS runs=406913024/2739737285 resolve_wall=97.750 lce_wall=1299.119 write_wall=13.045 lf_steps=0 cache_hits=0
SLIM_PHASE query-chunks wall=3.175 cumulative=8173.530 peak_rss_kib=168546472
SLIM_PROGRESS runs=407961600/2739737285 resolve_wall=97.985 lce_wall=1301.949 write_wall=13.080 lf_steps=0 cache_hits=0
SLIM_PHASE query-chunks wall=3.100 cumulative=8176.630 peak_rss_kib=168556500
SLIM_PROGRESS runs=409010176/2739737285 resolve_wall=98.217 lce_wall=1304.635 write_wall=13.115 lf_steps=0 cache_hits=0
SLIM_PHASE query-chunks wall=2.953 cumulative=8179.584 peak_rss_kib=168572308
SLIM_PROGRESS runs=410058752/2739737285 resolve_wall=98.449 lce_wall=1307.301 write_wall=13.149 lf_steps=0 cache_hits=0
SLIM_PHASE query-chunks wall=2.932 cumulative=8182.515 peak_rss_kib=168585108
SLIM_PROGRESS runs=411107328/2739737285 resolve_wall=98.683 lce_wall=1310.300 write_wall=13.180 lf_steps=0 cache_hits=0
SLIM_PHASE query-chunks wall=3.265 cumulative=8185.780 peak_rss_kib=168587884
SLIM_PROGRESS runs=412155904/2739737285 resolve_wall=98.916 lce_wall=1313.484 write_wall=13.215 lf_steps=0 cache_hits=0
SLIM_PHASE query-chunks wall=3.452 cumulative=8189.232 peak_rss_kib=168598420
SLIM_PROGRESS runs=413204480/2739737285 resolve_wall=99.149 lce_wall=1316.570 write_wall=13.248 lf_steps=0 cache_hits=0
SLIM_PHASE query-chunks wall=3.354 cumulative=8192.586 peak_rss_kib=168607124
SLIM_PROGRESS runs=414253056/2739737285 resolve_wall=99.384 lce_wall=1319.285 write_wall=13.283 lf_steps=0 cache_hits=0
SLIM_PHASE query-chunks wall=2.984 cumulative=8195.570 peak_rss_kib=168628136
SLIM_PROGRESS runs=415301632/2739737285 resolve_wall=99.618 lce_wall=1322.128 write_wall=13.318 lf_steps=0 cache_hits=0
SLIM_PHASE query-chunks wall=3.112 cumulative=8198.682 peak_rss_kib=168630668
SLIM_PROGRESS runs=416350208/2739737285 resolve_wall=99.854 lce_wall=1325.084 write_wall=13.355 lf_steps=0 cache_hits=0
SLIM_PHASE query-chunks wall=3.228 cumulative=8201.910 peak_rss_kib=168635628
SLIM_PROGRESS runs=417398784/2739737285 resolve_wall=100.088 lce_wall=1328.045 write_wall=13.389 lf_steps=0 cache_hits=0
SLIM_PHASE query-chunks wall=3.230 cumulative=8205.140 peak_rss_kib=168644044
SLIM_PROGRESS runs=418447360/2739737285 resolve_wall=100.323 lce_wall=1331.003 write_wall=13.425 lf_steps=0 cache_hits=0
SLIM_PHASE query-chunks wall=3.229 cumulative=8208.369 peak_rss_kib=168652044
SLIM_PROGRESS runs=419495936/2739737285 resolve_wall=100.558 lce_wall=1333.985 write_wall=13.459 lf_steps=0 cache_hits=0
SLIM_PHASE query-chunks wall=3.251 cumulative=8211.620 peak_rss_kib=168659172
SLIM_PROGRESS runs=420544512/2739737285 resolve_wall=100.792 lce_wall=1336.989 write_wall=13.491 lf_steps=0 cache_hits=0
SLIM_PHASE query-chunks wall=3.271 cumulative=8214.890 peak_rss_kib=168662812
SLIM_PROGRESS runs=421593088/2739737285 resolve_wall=101.032 lce_wall=1340.195 write_wall=13.526 lf_steps=0 cache_hits=0
SLIM_PHASE query-chunks wall=3.481 cumulative=8218.372 peak_rss_kib=168671312
SLIM_PROGRESS runs=422641664/2739737285 resolve_wall=101.276 lce_wall=1343.189 write_wall=13.561 lf_steps=0 cache_hits=0
SLIM_PHASE query-chunks wall=3.272 cumulative=8221.644 peak_rss_kib=168686900
SLIM_PROGRESS runs=423690240/2739737285 resolve_wall=101.507 lce_wall=1346.506 write_wall=13.596 lf_steps=0 cache_hits=0
SLIM_PHASE query-chunks wall=3.583 cumulative=8225.227 peak_rss_kib=168686900
SLIM_PROGRESS runs=424738816/2739737285 resolve_wall=101.751 lce_wall=1349.525 write_wall=13.629 lf_steps=0 cache_hits=0
SLIM_PHASE query-chunks wall=3.297 cumulative=8228.524 peak_rss_kib=168697560
SLIM_PROGRESS runs=425787392/2739737285 resolve_wall=102.000 lce_wall=1352.677 write_wall=13.668 lf_steps=0 cache_hits=0
SLIM_PHASE query-chunks wall=3.440 cumulative=8231.964 peak_rss_kib=168707484
SLIM_PROGRESS runs=426835968/2739737285 resolve_wall=102.260 lce_wall=1356.122 write_wall=13.707 lf_steps=0 cache_hits=0
SLIM_PHASE query-chunks wall=3.745 cumulative=8235.709 peak_rss_kib=168717008
SLIM_PROGRESS runs=427884544/2739737285 resolve_wall=102.520 lce_wall=1359.371 write_wall=13.752 lf_steps=0 cache_hits=0
SLIM_PHASE query-chunks wall=3.553 cumulative=8239.262 peak_rss_kib=168726136
SLIM_PROGRESS runs=428933120/2739737285 resolve_wall=102.757 lce_wall=1362.404 write_wall=13.783 lf_steps=0 cache_hits=0
SLIM_PHASE query-chunks wall=3.302 cumulative=8242.564 peak_rss_kib=168741204
SLIM_PROGRESS runs=429981696/2739737285 resolve_wall=102.992 lce_wall=1365.618 write_wall=13.819 lf_steps=0 cache_hits=0
SLIM_PHASE query-chunks wall=3.486 cumulative=8246.049 peak_rss_kib=168752028
SLIM_PROGRESS runs=431030272/2739737285 resolve_wall=103.233 lce_wall=1368.774 write_wall=13.858 lf_steps=0 cache_hits=0
SLIM_PHASE query-chunks wall=3.436 cumulative=8249.485 peak_rss_kib=168759816
SLIM_PROGRESS runs=432078848/2739737285 resolve_wall=103.470 lce_wall=1371.830 write_wall=13.892 lf_steps=0 cache_hits=0
SLIM_PHASE query-chunks wall=3.327 cumulative=8252.812 peak_rss_kib=168765580
SLIM_PROGRESS runs=433127424/2739737285 resolve_wall=103.710 lce_wall=1375.060 write_wall=13.925 lf_steps=0 cache_hits=0
SLIM_PHASE query-chunks wall=3.504 cumulative=8256.316 peak_rss_kib=168780944
SLIM_PROGRESS runs=434176000/2739737285 resolve_wall=103.947 lce_wall=1378.222 write_wall=13.956 lf_steps=0 cache_hits=0
SLIM_PHASE query-chunks wall=3.430 cumulative=8259.746 peak_rss_kib=168786892
SLIM_PROGRESS runs=435224576/2739737285 resolve_wall=104.186 lce_wall=1381.309 write_wall=13.990 lf_steps=0 cache_hits=0
SLIM_PHASE query-chunks wall=3.360 cumulative=8263.106 peak_rss_kib=168807728
SLIM_PROGRESS runs=436273152/2739737285 resolve_wall=104.423 lce_wall=1384.599 write_wall=14.023 lf_steps=0 cache_hits=0
SLIM_PHASE query-chunks wall=3.561 cumulative=8266.667 peak_rss_kib=168817868
SLIM_PROGRESS runs=437321728/2739737285 resolve_wall=104.663 lce_wall=1387.680 write_wall=14.056 lf_steps=0 cache_hits=0
SLIM_PHASE query-chunks wall=3.353 cumulative=8270.020 peak_rss_kib=168817868
SLIM_PROGRESS runs=438370304/2739737285 resolve_wall=104.899 lce_wall=1390.876 write_wall=14.088 lf_steps=0 cache_hits=0
SLIM_PHASE query-chunks wall=3.464 cumulative=8273.484 peak_rss_kib=168823920
SLIM_PROGRESS runs=439418880/2739737285 resolve_wall=105.141 lce_wall=1393.939 write_wall=14.120 lf_steps=0 cache_hits=0
SLIM_PHASE query-chunks wall=3.338 cumulative=8276.822 peak_rss_kib=168824540
SLIM_PROGRESS runs=440467456/2739737285 resolve_wall=105.375 lce_wall=1397.166 write_wall=14.152 lf_steps=0 cache_hits=0
SLIM_PHASE query-chunks wall=3.494 cumulative=8280.316 peak_rss_kib=168830896
SLIM_PROGRESS runs=441516032/2739737285 resolve_wall=105.611 lce_wall=1400.245 write_wall=14.187 lf_steps=0 cache_hits=0
SLIM_PHASE query-chunks wall=3.349 cumulative=8283.664 peak_rss_kib=168838144
SLIM_PROGRESS runs=442564608/2739737285 resolve_wall=105.850 lce_wall=1403.313 write_wall=14.219 lf_steps=0 cache_hits=0
SLIM_PHASE query-chunks wall=3.341 cumulative=8287.005 peak_rss_kib=168838144
SLIM_PROGRESS runs=443613184/2739737285 resolve_wall=106.083 lce_wall=1406.488 write_wall=14.254 lf_steps=0 cache_hits=0
SLIM_PHASE query-chunks wall=3.442 cumulative=8290.447 peak_rss_kib=168843588
SLIM_PROGRESS runs=444661760/2739737285 resolve_wall=106.317 lce_wall=1409.424 write_wall=14.286 lf_steps=0 cache_hits=0
SLIM_PHASE query-chunks wall=3.202 cumulative=8293.649 peak_rss_kib=168849040
SLIM_PROGRESS runs=445710336/2739737285 resolve_wall=106.552 lce_wall=1412.443 write_wall=14.321 lf_steps=0 cache_hits=0
SLIM_PHASE query-chunks wall=3.290 cumulative=8296.939 peak_rss_kib=168855828
SLIM_PROGRESS runs=446758912/2739737285 resolve_wall=106.785 lce_wall=1415.716 write_wall=14.356 lf_steps=0 cache_hits=0
SLIM_PHASE query-chunks wall=3.540 cumulative=8300.479 peak_rss_kib=168861204
SLIM_PROGRESS runs=447807488/2739737285 resolve_wall=107.017 lce_wall=1418.708 write_wall=14.389 lf_steps=0 cache_hits=0
SLIM_PHASE query-chunks wall=3.258 cumulative=8303.737 peak_rss_kib=168874508
SLIM_PROGRESS runs=448856064/2739737285 resolve_wall=107.251 lce_wall=1421.656 write_wall=14.423 lf_steps=0 cache_hits=0
SLIM_PHASE query-chunks wall=3.217 cumulative=8306.954 peak_rss_kib=168877224
SLIM_PROGRESS runs=449904640/2739737285 resolve_wall=107.486 lce_wall=1424.703 write_wall=14.457 lf_steps=0 cache_hits=0
SLIM_PHASE query-chunks wall=3.315 cumulative=8310.269 peak_rss_kib=168887000
SLIM_PROGRESS runs=450953216/2739737285 resolve_wall=107.720 lce_wall=1427.685 write_wall=14.491 lf_steps=0 cache_hits=0
SLIM_PHASE query-chunks wall=3.250 cumulative=8313.519 peak_rss_kib=168899312
SLIM_PROGRESS runs=452001792/2739737285 resolve_wall=107.954 lce_wall=1430.777 write_wall=14.525 lf_steps=0 cache_hits=0
SLIM_PHASE query-chunks wall=3.362 cumulative=8316.881 peak_rss_kib=168902568
SLIM_PROGRESS runs=453050368/2739737285 resolve_wall=108.197 lce_wall=1434.004 write_wall=14.560 lf_steps=0 cache_hits=0
SLIM_PHASE query-chunks wall=3.505 cumulative=8320.386 peak_rss_kib=168909424
SLIM_PROGRESS runs=454098944/2739737285 resolve_wall=108.443 lce_wall=1437.822 write_wall=14.593 lf_steps=0 cache_hits=0
SLIM_PHASE query-chunks wall=4.097 cumulative=8324.482 peak_rss_kib=168929292
SLIM_PROGRESS runs=455147520/2739737285 resolve_wall=108.675 lce_wall=1440.803 write_wall=14.624 lf_steps=0 cache_hits=0
SLIM_PHASE query-chunks wall=3.244 cumulative=8327.726 peak_rss_kib=168935420
SLIM_PROGRESS runs=456196096/2739737285 resolve_wall=108.908 lce_wall=1443.885 write_wall=14.657 lf_steps=0 cache_hits=0
SLIM_PHASE query-chunks wall=3.348 cumulative=8331.074 peak_rss_kib=168954264
SLIM_PROGRESS runs=457244672/2739737285 resolve_wall=109.151 lce_wall=1446.947 write_wall=14.690 lf_steps=0 cache_hits=0
SLIM_PHASE query-chunks wall=3.338 cumulative=8334.412 peak_rss_kib=168964080
SLIM_PROGRESS runs=458293248/2739737285 resolve_wall=109.383 lce_wall=1450.239 write_wall=14.722 lf_steps=0 cache_hits=0
SLIM_PHASE query-chunks wall=3.557 cumulative=8337.969 peak_rss_kib=168966264
SLIM_PROGRESS runs=459341824/2739737285 resolve_wall=109.619 lce_wall=1453.394 write_wall=14.756 lf_steps=0 cache_hits=0
SLIM_PHASE query-chunks wall=3.424 cumulative=8341.393 peak_rss_kib=168980820
SLIM_PROGRESS runs=460390400/2739737285 resolve_wall=109.853 lce_wall=1456.470 write_wall=14.790 lf_steps=0 cache_hits=0
SLIM_PHASE query-chunks wall=3.345 cumulative=8344.738 peak_rss_kib=168989828
SLIM_PROGRESS runs=461438976/2739737285 resolve_wall=110.087 lce_wall=1459.325 write_wall=14.824 lf_steps=0 cache_hits=0
SLIM_PHASE query-chunks wall=3.124 cumulative=8347.862 peak_rss_kib=168996484
SLIM_PROGRESS runs=462487552/2739737285 resolve_wall=110.321 lce_wall=1462.057 write_wall=14.858 lf_steps=0 cache_hits=0
SLIM_PHASE query-chunks wall=2.999 cumulative=8350.861 peak_rss_kib=169002984
SLIM_PROGRESS runs=463536128/2739737285 resolve_wall=110.553 lce_wall=1464.947 write_wall=14.890 lf_steps=0 cache_hits=0
SLIM_PHASE query-chunks wall=3.154 cumulative=8354.015 peak_rss_kib=169019532
SLIM_PROGRESS runs=464584704/2739737285 resolve_wall=110.788 lce_wall=1467.779 write_wall=14.925 lf_steps=0 cache_hits=0
SLIM_PHASE query-chunks wall=3.102 cumulative=8357.117 peak_rss_kib=169028804
SLIM_PROGRESS runs=465633280/2739737285 resolve_wall=111.029 lce_wall=1470.672 write_wall=14.956 lf_steps=0 cache_hits=0
SLIM_PHASE query-chunks wall=3.165 cumulative=8360.283 peak_rss_kib=169037380
SLIM_PROGRESS runs=466681856/2739737285 resolve_wall=111.289 lce_wall=1473.580 write_wall=14.989 lf_steps=0 cache_hits=0
SLIM_PHASE query-chunks wall=3.200 cumulative=8363.483 peak_rss_kib=169046376
SLIM_PROGRESS runs=467730432/2739737285 resolve_wall=111.551 lce_wall=1476.603 write_wall=15.022 lf_steps=0 cache_hits=0
SLIM_PHASE query-chunks wall=3.320 cumulative=8366.803 peak_rss_kib=169050772
SLIM_PROGRESS runs=468779008/2739737285 resolve_wall=111.819 lce_wall=1479.759 write_wall=15.059 lf_steps=0 cache_hits=0
SLIM_PHASE query-chunks wall=3.461 cumulative=8370.263 peak_rss_kib=169060156
SLIM_PROGRESS runs=469827584/2739737285 resolve_wall=112.081 lce_wall=1483.201 write_wall=15.090 lf_steps=0 cache_hits=0
SLIM_PHASE query-chunks wall=3.735 cumulative=8373.998 peak_rss_kib=169071368
SLIM_PROGRESS runs=470876160/2739737285 resolve_wall=112.343 lce_wall=1486.324 write_wall=15.125 lf_steps=0 cache_hits=0
SLIM_PHASE query-chunks wall=3.420 cumulative=8377.419 peak_rss_kib=169071976
SLIM_PROGRESS runs=471924736/2739737285 resolve_wall=112.607 lce_wall=1489.562 write_wall=15.159 lf_steps=0 cache_hits=0
SLIM_PHASE query-chunks wall=3.537 cumulative=8380.955 peak_rss_kib=169082976
SLIM_PROGRESS runs=472973312/2739737285 resolve_wall=112.866 lce_wall=1492.758 write_wall=15.190 lf_steps=0 cache_hits=0
SLIM_PHASE query-chunks wall=3.486 cumulative=8384.441 peak_rss_kib=169087260
SLIM_PROGRESS runs=474021888/2739737285 resolve_wall=113.128 lce_wall=1495.738 write_wall=15.223 lf_steps=0 cache_hits=0
SLIM_PHASE query-chunks wall=3.274 cumulative=8387.715 peak_rss_kib=169089948
SLIM_PROGRESS runs=475070464/2739737285 resolve_wall=113.389 lce_wall=1498.833 write_wall=15.258 lf_steps=0 cache_hits=0
SLIM_PHASE query-chunks wall=3.393 cumulative=8391.108 peak_rss_kib=169099884
SLIM_PROGRESS runs=476119040/2739737285 resolve_wall=113.651 lce_wall=1502.030 write_wall=15.290 lf_steps=0 cache_hits=0
SLIM_PHASE query-chunks wall=3.490 cumulative=8394.598 peak_rss_kib=169107044
SLIM_PROGRESS runs=477167616/2739737285 resolve_wall=113.912 lce_wall=1505.185 write_wall=15.322 lf_steps=0 cache_hits=0
SLIM_PHASE query-chunks wall=3.448 cumulative=8398.046 peak_rss_kib=169117316
SLIM_PROGRESS runs=478216192/2739737285 resolve_wall=114.174 lce_wall=1508.347 write_wall=15.357 lf_steps=0 cache_hits=0
SLIM_PHASE query-chunks wall=3.460 cumulative=8401.506 peak_rss_kib=169121132
SLIM_PROGRESS runs=479264768/2739737285 resolve_wall=114.443 lce_wall=1511.463 write_wall=15.392 lf_steps=0 cache_hits=0
SLIM_PHASE query-chunks wall=3.420 cumulative=8404.926 peak_rss_kib=169126268
SLIM_PROGRESS runs=480313344/2739737285 resolve_wall=114.711 lce_wall=1514.790 write_wall=15.426 lf_steps=0 cache_hits=0
SLIM_PHASE query-chunks wall=3.628 cumulative=8408.554 peak_rss_kib=169138188
SLIM_PROGRESS runs=481361920/2739737285 resolve_wall=114.974 lce_wall=1517.933 write_wall=15.458 lf_steps=0 cache_hits=0
SLIM_PHASE query-chunks wall=3.439 cumulative=8411.993 peak_rss_kib=169149504
SLIM_PROGRESS runs=482410496/2739737285 resolve_wall=115.238 lce_wall=1521.116 write_wall=15.492 lf_steps=0 cache_hits=0
SLIM_PHASE query-chunks wall=3.481 cumulative=8415.475 peak_rss_kib=169154700
SLIM_PROGRESS runs=483459072/2739737285 resolve_wall=115.502 lce_wall=1524.338 write_wall=15.525 lf_steps=0 cache_hits=0
SLIM_PHASE query-chunks wall=3.518 cumulative=8418.993 peak_rss_kib=169167632
SLIM_PROGRESS runs=484507648/2739737285 resolve_wall=115.766 lce_wall=1527.617 write_wall=15.560 lf_steps=0 cache_hits=0
SLIM_PHASE query-chunks wall=3.580 cumulative=8422.572 peak_rss_kib=169169752
SLIM_PROGRESS runs=485556224/2739737285 resolve_wall=116.030 lce_wall=1531.354 write_wall=15.594 lf_steps=0 cache_hits=0
SLIM_PHASE query-chunks wall=4.034 cumulative=8426.606 peak_rss_kib=169174588
SLIM_PROGRESS runs=486604800/2739737285 resolve_wall=116.295 lce_wall=1534.880 write_wall=15.627 lf_steps=0 cache_hits=0
SLIM_PHASE query-chunks wall=3.825 cumulative=8430.431 peak_rss_kib=169184760
SLIM_PROGRESS runs=487653376/2739737285 resolve_wall=116.561 lce_wall=1538.206 write_wall=15.660 lf_steps=0 cache_hits=0
SLIM_PHASE query-chunks wall=3.624 cumulative=8434.055 peak_rss_kib=169187888
SLIM_PROGRESS runs=488701952/2739737285 resolve_wall=116.824 lce_wall=1541.399 write_wall=15.694 lf_steps=0 cache_hits=0
SLIM_PHASE query-chunks wall=3.491 cumulative=8437.546 peak_rss_kib=169197360
SLIM_PROGRESS runs=489750528/2739737285 resolve_wall=117.081 lce_wall=1545.183 write_wall=15.725 lf_steps=0 cache_hits=0
SLIM_PHASE query-chunks wall=4.072 cumulative=8441.618 peak_rss_kib=169203928
SLIM_PROGRESS runs=490799104/2739737285 resolve_wall=117.345 lce_wall=1549.165 write_wall=15.760 lf_steps=0 cache_hits=0
SLIM_PHASE query-chunks wall=4.282 cumulative=8445.900 peak_rss_kib=169207896
SLIM_PROGRESS runs=491847680/2739737285 resolve_wall=117.609 lce_wall=1552.332 write_wall=15.792 lf_steps=0 cache_hits=0
SLIM_PHASE query-chunks wall=3.463 cumulative=8449.363 peak_rss_kib=169212776
SLIM_PROGRESS runs=492896256/2739737285 resolve_wall=117.873 lce_wall=1555.458 write_wall=15.827 lf_steps=0 cache_hits=0
SLIM_PHASE query-chunks wall=3.424 cumulative=8452.787 peak_rss_kib=169215712
SLIM_PROGRESS runs=493944832/2739737285 resolve_wall=118.134 lce_wall=1558.426 write_wall=15.858 lf_steps=0 cache_hits=0
SLIM_PHASE query-chunks wall=3.261 cumulative=8456.048 peak_rss_kib=169224212
SLIM_PROGRESS runs=494993408/2739737285 resolve_wall=118.398 lce_wall=1561.479 write_wall=15.891 lf_steps=0 cache_hits=0
SLIM_PHASE query-chunks wall=3.349 cumulative=8459.397 peak_rss_kib=169233808
SLIM_PROGRESS runs=496041984/2739737285 resolve_wall=118.657 lce_wall=1564.464 write_wall=15.923 lf_steps=0 cache_hits=0
SLIM_PHASE query-chunks wall=3.277 cumulative=8462.674 peak_rss_kib=169244496
SLIM_PROGRESS runs=497090560/2739737285 resolve_wall=118.924 lce_wall=1567.914 write_wall=15.958 lf_steps=0 cache_hits=0
SLIM_PHASE query-chunks wall=3.752 cumulative=8466.426 peak_rss_kib=169252808
SLIM_PROGRESS runs=498139136/2739737285 resolve_wall=119.187 lce_wall=1571.061 write_wall=15.992 lf_steps=0 cache_hits=0
SLIM_PHASE query-chunks wall=3.445 cumulative=8469.871 peak_rss_kib=169267584
SLIM_PROGRESS runs=499187712/2739737285 resolve_wall=119.467 lce_wall=1574.238 write_wall=16.029 lf_steps=0 cache_hits=0
SLIM_PHASE query-chunks wall=3.493 cumulative=8473.364 peak_rss_kib=169280432
SLIM_PROGRESS runs=500236288/2739737285 resolve_wall=119.731 lce_wall=1577.336 write_wall=16.060 lf_steps=0 cache_hits=0
SLIM_PHASE query-chunks wall=3.395 cumulative=8476.759 peak_rss_kib=169295072
SLIM_PROGRESS runs=501284864/2739737285 resolve_wall=119.996 lce_wall=1580.395 write_wall=16.091 lf_steps=0 cache_hits=0
SLIM_PHASE query-chunks wall=3.354 cumulative=8480.113 peak_rss_kib=169299864
SLIM_PROGRESS runs=502333440/2739737285 resolve_wall=120.264 lce_wall=1583.312 write_wall=16.122 lf_steps=0 cache_hits=0
SLIM_PHASE query-chunks wall=3.216 cumulative=8483.329 peak_rss_kib=169307576
SLIM_PROGRESS runs=503382016/2739737285 resolve_wall=120.530 lce_wall=1586.312 write_wall=16.153 lf_steps=0 cache_hits=0
SLIM_PHASE query-chunks wall=3.297 cumulative=8486.626 peak_rss_kib=169321888
SLIM_PROGRESS runs=504430592/2739737285 resolve_wall=120.797 lce_wall=1589.560 write_wall=16.185 lf_steps=0 cache_hits=0
SLIM_PHASE query-chunks wall=3.548 cumulative=8490.174 peak_rss_kib=169330324
SLIM_PROGRESS runs=505479168/2739737285 resolve_wall=121.061 lce_wall=1592.791 write_wall=16.216 lf_steps=0 cache_hits=0
SLIM_PHASE query-chunks wall=3.525 cumulative=8493.699 peak_rss_kib=169339084
SLIM_PROGRESS runs=506527744/2739737285 resolve_wall=121.327 lce_wall=1596.222 write_wall=16.247 lf_steps=0 cache_hits=0
SLIM_PHASE query-chunks wall=3.728 cumulative=8497.427 peak_rss_kib=169347876
SLIM_PROGRESS runs=507576320/2739737285 resolve_wall=121.594 lce_wall=1599.648 write_wall=16.278 lf_steps=0 cache_hits=0
SLIM_PHASE query-chunks wall=3.726 cumulative=8501.153 peak_rss_kib=169355836
SLIM_PROGRESS runs=508624896/2739737285 resolve_wall=121.864 lce_wall=1602.771 write_wall=16.311 lf_steps=0 cache_hits=0
SLIM_PHASE query-chunks wall=3.426 cumulative=8504.579 peak_rss_kib=169369464
SLIM_PROGRESS runs=509673472/2739737285 resolve_wall=122.132 lce_wall=1605.732 write_wall=16.345 lf_steps=0 cache_hits=0
SLIM_PHASE query-chunks wall=3.262 cumulative=8507.841 peak_rss_kib=169375368
SLIM_PROGRESS runs=510722048/2739737285 resolve_wall=122.402 lce_wall=1608.795 write_wall=16.375 lf_steps=0 cache_hits=0
SLIM_PHASE query-chunks wall=3.364 cumulative=8511.205 peak_rss_kib=169383084
SLIM_PROGRESS runs=511770624/2739737285 resolve_wall=122.670 lce_wall=1611.840 write_wall=16.406 lf_steps=0 cache_hits=0
SLIM_PHASE query-chunks wall=3.343 cumulative=8514.549 peak_rss_kib=169392956
SLIM_PROGRESS runs=512819200/2739737285 resolve_wall=122.936 lce_wall=1614.983 write_wall=16.437 lf_steps=0 cache_hits=0
SLIM_PHASE query-chunks wall=3.440 cumulative=8517.988 peak_rss_kib=169397716
SLIM_PROGRESS runs=513867776/2739737285 resolve_wall=123.203 lce_wall=1618.043 write_wall=16.468 lf_steps=0 cache_hits=0
SLIM_PHASE query-chunks wall=3.358 cumulative=8521.346 peak_rss_kib=169401684
SLIM_PROGRESS runs=514916352/2739737285 resolve_wall=123.484 lce_wall=1621.391 write_wall=16.504 lf_steps=0 cache_hits=0
SLIM_PHASE query-chunks wall=3.665 cumulative=8525.011 peak_rss_kib=169403964
SLIM_PROGRESS runs=515964928/2739737285 resolve_wall=123.755 lce_wall=1624.625 write_wall=16.537 lf_steps=0 cache_hits=0
SLIM_PHASE query-chunks wall=3.538 cumulative=8528.549 peak_rss_kib=169408852
SLIM_PROGRESS runs=517013504/2739737285 resolve_wall=124.023 lce_wall=1627.943 write_wall=16.570 lf_steps=0 cache_hits=0
SLIM_PHASE query-chunks wall=3.620 cumulative=8532.169 peak_rss_kib=169417628
SLIM_PROGRESS runs=518062080/2739737285 resolve_wall=124.298 lce_wall=1631.320 write_wall=16.606 lf_steps=0 cache_hits=0
SLIM_PHASE query-chunks wall=3.687 cumulative=8535.856 peak_rss_kib=169430880
SLIM_PROGRESS runs=519110656/2739737285 resolve_wall=124.575 lce_wall=1634.994 write_wall=16.640 lf_steps=0 cache_hits=0
SLIM_PHASE query-chunks wall=3.986 cumulative=8539.843 peak_rss_kib=169438852
SLIM_PROGRESS runs=520159232/2739737285 resolve_wall=124.852 lce_wall=1638.438 write_wall=16.676 lf_steps=0 cache_hits=0
SLIM_PHASE query-chunks wall=3.757 cumulative=8543.600 peak_rss_kib=169452480
SLIM_PROGRESS runs=521207808/2739737285 resolve_wall=125.124 lce_wall=1641.930 write_wall=16.711 lf_steps=0 cache_hits=0
SLIM_PHASE query-chunks wall=3.799 cumulative=8547.399 peak_rss_kib=169455192
SLIM_PROGRESS runs=522256384/2739737285 resolve_wall=125.392 lce_wall=1645.861 write_wall=16.744 lf_steps=0 cache_hits=0
SLIM_PHASE query-chunks wall=4.232 cumulative=8551.631 peak_rss_kib=169463040
SLIM_PROGRESS runs=523304960/2739737285 resolve_wall=125.653 lce_wall=1650.918 write_wall=16.776 lf_steps=0 cache_hits=0
SLIM_PHASE query-chunks wall=5.351 cumulative=8556.982 peak_rss_kib=169466656
SLIM_PROGRESS runs=524353536/2739737285 resolve_wall=125.917 lce_wall=1654.407 write_wall=16.810 lf_steps=0 cache_hits=0
SLIM_PHASE query-chunks wall=3.787 cumulative=8560.769 peak_rss_kib=169470632
SLIM_PROGRESS runs=525402112/2739737285 resolve_wall=126.180 lce_wall=1657.947 write_wall=16.842 lf_steps=0 cache_hits=0
SLIM_PHASE query-chunks wall=3.835 cumulative=8564.604 peak_rss_kib=169488372
SLIM_PROGRESS runs=526450688/2739737285 resolve_wall=126.443 lce_wall=1661.173 write_wall=16.877 lf_steps=0 cache_hits=0
SLIM_PHASE query-chunks wall=3.525 cumulative=8568.128 peak_rss_kib=169489536
SLIM_PROGRESS runs=527499264/2739737285 resolve_wall=126.712 lce_wall=1664.417 write_wall=16.911 lf_steps=0 cache_hits=0
SLIM_PHASE query-chunks wall=3.547 cumulative=8571.675 peak_rss_kib=169496980
SLIM_PROGRESS runs=528547840/2739737285 resolve_wall=126.974 lce_wall=1667.688 write_wall=16.944 lf_steps=0 cache_hits=0
SLIM_PHASE query-chunks wall=3.566 cumulative=8575.241 peak_rss_kib=169498500
SLIM_PROGRESS runs=529596416/2739737285 resolve_wall=127.239 lce_wall=1670.846 write_wall=16.978 lf_steps=0 cache_hits=0
SLIM_PHASE query-chunks wall=3.457 cumulative=8578.698 peak_rss_kib=169508120
SLIM_PROGRESS runs=530644992/2739737285 resolve_wall=127.503 lce_wall=1674.081 write_wall=17.013 lf_steps=0 cache_hits=0
SLIM_PHASE query-chunks wall=3.534 cumulative=8582.232 peak_rss_kib=169517916
SLIM_PROGRESS runs=531693568/2739737285 resolve_wall=127.767 lce_wall=1677.342 write_wall=17.047 lf_steps=0 cache_hits=0
SLIM_PHASE query-chunks wall=3.559 cumulative=8585.791 peak_rss_kib=169532764
SLIM_PROGRESS runs=532742144/2739737285 resolve_wall=128.031 lce_wall=1680.593 write_wall=17.080 lf_steps=0 cache_hits=0
SLIM_PHASE query-chunks wall=3.550 cumulative=8589.340 peak_rss_kib=169539936
SLIM_PROGRESS runs=533790720/2739737285 resolve_wall=128.296 lce_wall=1683.879 write_wall=17.114 lf_steps=0 cache_hits=0
SLIM_PHASE query-chunks wall=3.585 cumulative=8592.925 peak_rss_kib=169547320
SLIM_PROGRESS runs=534839296/2739737285 resolve_wall=128.563 lce_wall=1687.686 write_wall=17.150 lf_steps=0 cache_hits=0
SLIM_PHASE query-chunks wall=4.110 cumulative=8597.035 peak_rss_kib=169561088
SLIM_PROGRESS runs=535887872/2739737285 resolve_wall=128.831 lce_wall=1690.894 write_wall=17.185 lf_steps=0 cache_hits=0
SLIM_PHASE query-chunks wall=3.510 cumulative=8600.545 peak_rss_kib=169567104
SLIM_PROGRESS runs=536936448/2739737285 resolve_wall=129.096 lce_wall=1694.684 write_wall=17.219 lf_steps=0 cache_hits=0
SLIM_PHASE query-chunks wall=4.090 cumulative=8604.635 peak_rss_kib=169574056
SLIM_PROGRESS runs=537985024/2739737285 resolve_wall=129.361 lce_wall=1697.994 write_wall=17.254 lf_steps=0 cache_hits=0
SLIM_PHASE query-chunks wall=3.610 cumulative=8608.245 peak_rss_kib=169588752
SLIM_PROGRESS runs=539033600/2739737285 resolve_wall=129.626 lce_wall=1701.243 write_wall=17.286 lf_steps=0 cache_hits=0
SLIM_PHASE query-chunks wall=3.546 cumulative=8611.791 peak_rss_kib=169599580
SLIM_PROGRESS runs=540082176/2739737285 resolve_wall=129.888 lce_wall=1704.492 write_wall=17.318 lf_steps=0 cache_hits=0
SLIM_PHASE query-chunks wall=3.544 cumulative=8615.335 peak_rss_kib=169603660
SLIM_PROGRESS runs=541130752/2739737285 resolve_wall=130.161 lce_wall=1707.794 write_wall=17.355 lf_steps=0 cache_hits=0
SLIM_PHASE query-chunks wall=3.612 cumulative=8618.947 peak_rss_kib=169612024
SLIM_PROGRESS runs=542179328/2739737285 resolve_wall=130.420 lce_wall=1711.285 write_wall=17.391 lf_steps=0 cache_hits=0
SLIM_PHASE query-chunks wall=3.786 cumulative=8622.733 peak_rss_kib=169615704
SLIM_PROGRESS runs=543227904/2739737285 resolve_wall=130.678 lce_wall=1714.863 write_wall=17.427 lf_steps=0 cache_hits=0
SLIM_PHASE query-chunks wall=3.873 cumulative=8626.606 peak_rss_kib=169624312
SLIM_PROGRESS runs=544276480/2739737285 resolve_wall=130.947 lce_wall=1718.025 write_wall=17.463 lf_steps=0 cache_hits=0
SLIM_PHASE query-chunks wall=3.466 cumulative=8630.072 peak_rss_kib=169632396
SLIM_PROGRESS runs=545325056/2739737285 resolve_wall=131.215 lce_wall=1721.159 write_wall=17.498 lf_steps=0 cache_hits=0
SLIM_PHASE query-chunks wall=3.438 cumulative=8633.510 peak_rss_kib=169639680
SLIM_PROGRESS runs=546373632/2739737285 resolve_wall=131.489 lce_wall=1724.437 write_wall=17.533 lf_steps=0 cache_hits=0
SLIM_PHASE query-chunks wall=3.587 cumulative=8637.097 peak_rss_kib=169646560
SLIM_PROGRESS runs=547422208/2739737285 resolve_wall=131.759 lce_wall=1727.264 write_wall=17.569 lf_steps=0 cache_hits=0
SLIM_PHASE query-chunks wall=3.133 cumulative=8640.230 peak_rss_kib=169647312
SLIM_PROGRESS runs=548470784/2739737285 resolve_wall=132.019 lce_wall=1729.890 write_wall=17.603 lf_steps=0 cache_hits=0
SLIM_PHASE query-chunks wall=2.920 cumulative=8643.150 peak_rss_kib=169655788
SLIM_PROGRESS runs=549519360/2739737285 resolve_wall=132.283 lce_wall=1732.677 write_wall=17.638 lf_steps=0 cache_hits=0
SLIM_PHASE query-chunks wall=3.086 cumulative=8646.236 peak_rss_kib=169666084
SLIM_PROGRESS runs=550567936/2739737285 resolve_wall=132.543 lce_wall=1735.421 write_wall=17.672 lf_steps=0 cache_hits=0
SLIM_PHASE query-chunks wall=3.039 cumulative=8649.275 peak_rss_kib=169676056
SLIM_PROGRESS runs=551616512/2739737285 resolve_wall=132.804 lce_wall=1738.424 write_wall=17.705 lf_steps=0 cache_hits=0
SLIM_PHASE query-chunks wall=3.297 cumulative=8652.572 peak_rss_kib=169684828
SLIM_PROGRESS runs=552665088/2739737285 resolve_wall=133.070 lce_wall=1742.213 write_wall=17.741 lf_steps=0 cache_hits=0
SLIM_PHASE query-chunks wall=4.091 cumulative=8656.662 peak_rss_kib=169692232
SLIM_PROGRESS runs=553713664/2739737285 resolve_wall=133.333 lce_wall=1745.516 write_wall=17.775 lf_steps=0 cache_hits=0
SLIM_PHASE query-chunks wall=3.601 cumulative=8660.263 peak_rss_kib=169696056
SLIM_PROGRESS runs=554762240/2739737285 resolve_wall=133.592 lce_wall=1748.576 write_wall=17.808 lf_steps=0 cache_hits=0
SLIM_PHASE query-chunks wall=3.353 cumulative=8663.616 peak_rss_kib=169710904
SLIM_PROGRESS runs=555810816/2739737285 resolve_wall=133.857 lce_wall=1751.896 write_wall=17.840 lf_steps=0 cache_hits=0
SLIM_PHASE query-chunks wall=3.617 cumulative=8667.232 peak_rss_kib=169718112
SLIM_PROGRESS runs=556859392/2739737285 resolve_wall=134.120 lce_wall=1754.910 write_wall=17.873 lf_steps=0 cache_hits=0
SLIM_PHASE query-chunks wall=3.310 cumulative=8670.543 peak_rss_kib=169725856
SLIM_PROGRESS runs=557907968/2739737285 resolve_wall=134.383 lce_wall=1757.846 write_wall=17.907 lf_steps=0 cache_hits=0
SLIM_PHASE query-chunks wall=3.232 cumulative=8673.775 peak_rss_kib=169738016
SLIM_PROGRESS runs=558956544/2739737285 resolve_wall=134.646 lce_wall=1760.877 write_wall=17.939 lf_steps=0 cache_hits=0
SLIM_PHASE query-chunks wall=3.327 cumulative=8677.102 peak_rss_kib=169745304
SLIM_PROGRESS runs=560005120/2739737285 resolve_wall=134.907 lce_wall=1763.872 write_wall=17.973 lf_steps=0 cache_hits=0
SLIM_PHASE query-chunks wall=3.289 cumulative=8680.392 peak_rss_kib=169757908
SLIM_PROGRESS runs=561053696/2739737285 resolve_wall=135.169 lce_wall=1766.940 write_wall=18.007 lf_steps=0 cache_hits=0
SLIM_PHASE query-chunks wall=3.365 cumulative=8683.756 peak_rss_kib=169767188
SLIM_PROGRESS runs=562102272/2739737285 resolve_wall=135.434 lce_wall=1769.883 write_wall=18.041 lf_steps=0 cache_hits=0
SLIM_PHASE query-chunks wall=3.242 cumulative=8686.998 peak_rss_kib=169780264
SLIM_PROGRESS runs=563150848/2739737285 resolve_wall=135.696 lce_wall=1773.029 write_wall=18.073 lf_steps=0 cache_hits=0
SLIM_PHASE query-chunks wall=3.441 cumulative=8690.439 peak_rss_kib=169785508
SLIM_PROGRESS runs=564199424/2739737285 resolve_wall=135.956 lce_wall=1776.059 write_wall=18.106 lf_steps=0 cache_hits=0
SLIM_PHASE query-chunks wall=3.323 cumulative=8693.762 peak_rss_kib=169787544
SLIM_PROGRESS runs=565248000/2739737285 resolve_wall=136.221 lce_wall=1778.993 write_wall=18.139 lf_steps=0 cache_hits=0
SLIM_PHASE query-chunks wall=3.232 cumulative=8696.994 peak_rss_kib=169798856
SLIM_PROGRESS runs=566296576/2739737285 resolve_wall=136.485 lce_wall=1781.864 write_wall=18.171 lf_steps=0 cache_hits=0
SLIM_PHASE query-chunks wall=3.167 cumulative=8700.161 peak_rss_kib=169808280
SLIM_PROGRESS runs=567345152/2739737285 resolve_wall=136.761 lce_wall=1784.642 write_wall=18.211 lf_steps=0 cache_hits=0
SLIM_PHASE query-chunks wall=3.095 cumulative=8703.255 peak_rss_kib=169825176
SLIM_PROGRESS runs=568393728/2739737285 resolve_wall=137.067 lce_wall=1787.351 write_wall=18.260 lf_steps=0 cache_hits=0
SLIM_PHASE query-chunks wall=3.064 cumulative=8706.319 peak_rss_kib=169834952
SLIM_PROGRESS runs=569442304/2739737285 resolve_wall=137.370 lce_wall=1790.657 write_wall=18.306 lf_steps=0 cache_hits=0
SLIM_PHASE query-chunks wall=3.655 cumulative=8709.974 peak_rss_kib=169839472
SLIM_PROGRESS runs=570490880/2739737285 resolve_wall=137.670 lce_wall=1793.634 write_wall=18.352 lf_steps=0 cache_hits=0
SLIM_PHASE query-chunks wall=3.323 cumulative=8713.297 peak_rss_kib=169849784
SLIM_PROGRESS runs=571539456/2739737285 resolve_wall=137.986 lce_wall=1796.838 write_wall=18.403 lf_steps=0 cache_hits=0
SLIM_PHASE query-chunks wall=3.572 cumulative=8716.869 peak_rss_kib=169855160
SLIM_PROGRESS runs=572588032/2739737285 resolve_wall=138.253 lce_wall=1799.706 write_wall=18.439 lf_steps=0 cache_hits=0
SLIM_PHASE query-chunks wall=3.171 cumulative=8720.040 peak_rss_kib=169856976
SLIM_PROGRESS runs=573636608/2739737285 resolve_wall=138.516 lce_wall=1802.612 write_wall=18.475 lf_steps=0 cache_hits=0
SLIM_PHASE query-chunks wall=3.206 cumulative=8723.246 peak_rss_kib=169866640
SLIM_PROGRESS runs=574685184/2739737285 resolve_wall=138.776 lce_wall=1805.505 write_wall=18.506 lf_steps=0 cache_hits=0
SLIM_PHASE query-chunks wall=3.184 cumulative=8726.429 peak_rss_kib=169875968
SLIM_PROGRESS runs=575733760/2739737285 resolve_wall=139.037 lce_wall=1808.488 write_wall=18.539 lf_steps=0 cache_hits=0
SLIM_PHASE query-chunks wall=3.278 cumulative=8729.707 peak_rss_kib=169886896
SLIM_PROGRESS runs=576782336/2739737285 resolve_wall=139.301 lce_wall=1811.486 write_wall=18.574 lf_steps=0 cache_hits=0
SLIM_PHASE query-chunks wall=3.297 cumulative=8733.004 peak_rss_kib=169888876
SLIM_PROGRESS runs=577830912/2739737285 resolve_wall=139.564 lce_wall=1814.707 write_wall=18.608 lf_steps=0 cache_hits=0
SLIM_PHASE query-chunks wall=3.517 cumulative=8736.521 peak_rss_kib=169899228
SLIM_PROGRESS runs=578879488/2739737285 resolve_wall=139.827 lce_wall=1817.637 write_wall=18.645 lf_steps=0 cache_hits=0
SLIM_PHASE query-chunks wall=3.231 cumulative=8739.752 peak_rss_kib=169904024
SLIM_PROGRESS runs=579928064/2739737285 resolve_wall=140.089 lce_wall=1820.824 write_wall=18.677 lf_steps=0 cache_hits=0
SLIM_PHASE query-chunks wall=3.480 cumulative=8743.233 peak_rss_kib=169916116
SLIM_PROGRESS runs=580976640/2739737285 resolve_wall=140.350 lce_wall=1823.739 write_wall=18.707 lf_steps=0 cache_hits=0
SLIM_PHASE query-chunks wall=3.207 cumulative=8746.440 peak_rss_kib=169917840
SLIM_PROGRESS runs=582025216/2739737285 resolve_wall=140.613 lce_wall=1825.979 write_wall=18.742 lf_steps=0 cache_hits=0
SLIM_PHASE query-chunks wall=2.538 cumulative=8748.977 peak_rss_kib=169926664
SLIM_PROGRESS runs=583073792/2739737285 resolve_wall=140.877 lce_wall=1828.849 write_wall=18.776 lf_steps=0 cache_hits=0
SLIM_PHASE query-chunks wall=3.168 cumulative=8752.146 peak_rss_kib=169926664
SLIM_PROGRESS runs=584122368/2739737285 resolve_wall=141.141 lce_wall=1831.851 write_wall=18.809 lf_steps=0 cache_hits=0
SLIM_PHASE query-chunks wall=3.299 cumulative=8755.444 peak_rss_kib=169933948
SLIM_PROGRESS runs=585170944/2739737285 resolve_wall=141.398 lce_wall=1835.098 write_wall=18.841 lf_steps=0 cache_hits=0
SLIM_PHASE query-chunks wall=3.536 cumulative=8758.981 peak_rss_kib=169944608
SLIM_PROGRESS runs=586219520/2739737285 resolve_wall=141.665 lce_wall=1838.130 write_wall=18.876 lf_steps=0 cache_hits=0
SLIM_PHASE query-chunks wall=3.333 cumulative=8762.314 peak_rss_kib=169949064
SLIM_PROGRESS runs=587268096/2739737285 resolve_wall=141.928 lce_wall=1841.187 write_wall=18.908 lf_steps=0 cache_hits=0
SLIM_PHASE query-chunks wall=3.354 cumulative=8765.668 peak_rss_kib=169968472
SLIM_PROGRESS runs=588316672/2739737285 resolve_wall=142.189 lce_wall=1844.308 write_wall=18.941 lf_steps=0 cache_hits=0
SLIM_PHASE query-chunks wall=3.413 cumulative=8769.081 peak_rss_kib=169976184
SLIM_PROGRESS runs=589365248/2739737285 resolve_wall=142.454 lce_wall=1847.677 write_wall=18.972 lf_steps=0 cache_hits=0
SLIM_PHASE query-chunks wall=3.667 cumulative=8772.748 peak_rss_kib=169985244
SLIM_PROGRESS runs=590413824/2739737285 resolve_wall=142.723 lce_wall=1850.879 write_wall=19.005 lf_steps=0 cache_hits=0
SLIM_PHASE query-chunks wall=3.503 cumulative=8776.251 peak_rss_kib=169999976
SLIM_PROGRESS runs=591462400/2739737285 resolve_wall=142.990 lce_wall=1854.034 write_wall=19.039 lf_steps=0 cache_hits=0
SLIM_PHASE query-chunks wall=3.457 cumulative=8779.708 peak_rss_kib=170006412
SLIM_PROGRESS runs=592510976/2739737285 resolve_wall=143.256 lce_wall=1857.239 write_wall=19.073 lf_steps=0 cache_hits=0
SLIM_PHASE query-chunks wall=3.505 cumulative=8783.214 peak_rss_kib=170010940
SLIM_PROGRESS runs=593559552/2739737285 resolve_wall=143.521 lce_wall=1860.136 write_wall=19.107 lf_steps=0 cache_hits=0
SLIM_PHASE query-chunks wall=3.196 cumulative=8786.409 peak_rss_kib=170015620
SLIM_PROGRESS runs=594608128/2739737285 resolve_wall=143.779 lce_wall=1863.372 write_wall=19.139 lf_steps=0 cache_hits=0
SLIM_PHASE query-chunks wall=3.527 cumulative=8789.936 peak_rss_kib=170024420
SLIM_PROGRESS runs=595656704/2739737285 resolve_wall=144.046 lce_wall=1866.625 write_wall=19.170 lf_steps=0 cache_hits=0
SLIM_PHASE query-chunks wall=3.550 cumulative=8793.486 peak_rss_kib=170032672
SLIM_PROGRESS runs=596705280/2739737285 resolve_wall=144.313 lce_wall=1869.832 write_wall=19.200 lf_steps=0 cache_hits=0
SLIM_PHASE query-chunks wall=3.505 cumulative=8796.991 peak_rss_kib=170035288
SLIM_PROGRESS runs=597753856/2739737285 resolve_wall=144.576 lce_wall=1872.898 write_wall=19.234 lf_steps=0 cache_hits=0
SLIM_PHASE query-chunks wall=3.362 cumulative=8800.353 peak_rss_kib=170042712
SLIM_PROGRESS runs=598802432/2739737285 resolve_wall=144.840 lce_wall=1875.983 write_wall=19.265 lf_steps=0 cache_hits=0
SLIM_PHASE query-chunks wall=3.381 cumulative=8803.734 peak_rss_kib=170042712
SLIM_PROGRESS runs=599851008/2739737285 resolve_wall=145.104 lce_wall=1878.970 write_wall=19.299 lf_steps=0 cache_hits=0
SLIM_PHASE query-chunks wall=3.284 cumulative=8807.018 peak_rss_kib=170048680
SLIM_PROGRESS runs=600899584/2739737285 resolve_wall=145.368 lce_wall=1881.873 write_wall=19.335 lf_steps=0 cache_hits=0
SLIM_PHASE query-chunks wall=3.204 cumulative=8810.222 peak_rss_kib=170061628
SLIM_PROGRESS runs=601948160/2739737285 resolve_wall=145.646 lce_wall=1885.011 write_wall=19.369 lf_steps=0 cache_hits=0
SLIM_PHASE query-chunks wall=3.451 cumulative=8813.673 peak_rss_kib=170075692
SLIM_PROGRESS runs=602996736/2739737285 resolve_wall=145.921 lce_wall=1888.607 write_wall=19.401 lf_steps=0 cache_hits=0
SLIM_PHASE query-chunks wall=3.902 cumulative=8817.575 peak_rss_kib=170085928
SLIM_PROGRESS runs=604045312/2739737285 resolve_wall=146.178 lce_wall=1891.835 write_wall=19.433 lf_steps=0 cache_hits=0
SLIM_PHASE query-chunks wall=3.518 cumulative=8821.093 peak_rss_kib=170085928
SLIM_PROGRESS runs=605093888/2739737285 resolve_wall=146.451 lce_wall=1895.262 write_wall=19.466 lf_steps=0 cache_hits=0
SLIM_PHASE query-chunks wall=3.732 cumulative=8824.825 peak_rss_kib=170091388
SLIM_PROGRESS runs=606142464/2739737285 resolve_wall=146.720 lce_wall=1898.632 write_wall=19.500 lf_steps=0 cache_hits=0
SLIM_PHASE query-chunks wall=3.673 cumulative=8828.499 peak_rss_kib=170106424
SLIM_PROGRESS runs=607191040/2739737285 resolve_wall=146.987 lce_wall=1901.635 write_wall=19.532 lf_steps=0 cache_hits=0
SLIM_PHASE query-chunks wall=3.304 cumulative=8831.802 peak_rss_kib=170114260
SLIM_PROGRESS runs=608239616/2739737285 resolve_wall=147.254 lce_wall=1904.568 write_wall=19.567 lf_steps=0 cache_hits=0
SLIM_PHASE query-chunks wall=3.235 cumulative=8835.037 peak_rss_kib=170119524
SLIM_PROGRESS runs=609288192/2739737285 resolve_wall=147.519 lce_wall=1907.576 write_wall=19.602 lf_steps=0 cache_hits=0
SLIM_PHASE query-chunks wall=3.307 cumulative=8838.344 peak_rss_kib=170134200
SLIM_PROGRESS runs=610336768/2739737285 resolve_wall=147.781 lce_wall=1910.492 write_wall=19.634 lf_steps=0 cache_hits=0
SLIM_PHASE query-chunks wall=3.210 cumulative=8841.554 peak_rss_kib=170138220
SLIM_PROGRESS runs=611385344/2739737285 resolve_wall=148.041 lce_wall=1913.307 write_wall=19.666 lf_steps=0 cache_hits=0
SLIM_PHASE query-chunks wall=3.108 cumulative=8844.662 peak_rss_kib=170143696
SLIM_PROGRESS runs=612433920/2739737285 resolve_wall=148.302 lce_wall=1916.196 write_wall=19.696 lf_steps=0 cache_hits=0
SLIM_PHASE query-chunks wall=3.180 cumulative=8847.843 peak_rss_kib=170158016
SLIM_PROGRESS runs=613482496/2739737285 resolve_wall=148.565 lce_wall=1919.080 write_wall=19.729 lf_steps=0 cache_hits=0
SLIM_PHASE query-chunks wall=3.180 cumulative=8851.022 peak_rss_kib=170167032
SLIM_PROGRESS runs=614531072/2739737285 resolve_wall=148.825 lce_wall=1922.131 write_wall=19.759 lf_steps=0 cache_hits=0
SLIM_PHASE query-chunks wall=3.341 cumulative=8854.364 peak_rss_kib=170177440
SLIM_PROGRESS runs=615579648/2739737285 resolve_wall=149.087 lce_wall=1925.087 write_wall=19.792 lf_steps=0 cache_hits=0
SLIM_PHASE query-chunks wall=3.251 cumulative=8857.614 peak_rss_kib=170185756
SLIM_PROGRESS runs=616628224/2739737285 resolve_wall=149.351 lce_wall=1928.197 write_wall=19.824 lf_steps=0 cache_hits=0
SLIM_PHASE query-chunks wall=3.407 cumulative=8861.021 peak_rss_kib=170189116
SLIM_PROGRESS runs=617676800/2739737285 resolve_wall=149.616 lce_wall=1931.683 write_wall=19.855 lf_steps=0 cache_hits=0
SLIM_PHASE query-chunks wall=3.781 cumulative=8864.802 peak_rss_kib=170196364
SLIM_PROGRESS runs=618725376/2739737285 resolve_wall=149.879 lce_wall=1935.104 write_wall=19.887 lf_steps=0 cache_hits=0
SLIM_PHASE query-chunks wall=3.716 cumulative=8868.519 peak_rss_kib=170198364
SLIM_PROGRESS runs=619773952/2739737285 resolve_wall=150.140 lce_wall=1938.538 write_wall=19.920 lf_steps=0 cache_hits=0
SLIM_PHASE query-chunks wall=3.728 cumulative=8872.247 peak_rss_kib=170220136
SLIM_PROGRESS runs=620822528/2739737285 resolve_wall=150.403 lce_wall=1942.129 write_wall=19.954 lf_steps=0 cache_hits=0
SLIM_PHASE query-chunks wall=3.888 cumulative=8876.135 peak_rss_kib=170220796
SLIM_PROGRESS runs=621871104/2739737285 resolve_wall=150.667 lce_wall=1945.569 write_wall=19.989 lf_steps=0 cache_hits=0
SLIM_PHASE query-chunks wall=3.739 cumulative=8879.874 peak_rss_kib=170228524
SLIM_PROGRESS runs=622919680/2739737285 resolve_wall=150.929 lce_wall=1949.027 write_wall=20.021 lf_steps=0 cache_hits=0
SLIM_PHASE query-chunks wall=3.752 cumulative=8883.627 peak_rss_kib=170236340
SLIM_PROGRESS runs=623968256/2739737285 resolve_wall=151.192 lce_wall=1952.402 write_wall=20.052 lf_steps=0 cache_hits=0
SLIM_PHASE query-chunks wall=3.669 cumulative=8887.295 peak_rss_kib=170243436
SLIM_PROGRESS runs=625016832/2739737285 resolve_wall=151.451 lce_wall=1955.730 write_wall=20.083 lf_steps=0 cache_hits=0
SLIM_PHASE query-chunks wall=3.619 cumulative=8890.914 peak_rss_kib=170250536
SLIM_PROGRESS runs=626065408/2739737285 resolve_wall=151.714 lce_wall=1959.064 write_wall=20.117 lf_steps=0 cache_hits=0
SLIM_PHASE query-chunks wall=3.631 cumulative=8894.544 peak_rss_kib=170256024
SLIM_PROGRESS runs=627113984/2739737285 resolve_wall=151.980 lce_wall=1962.476 write_wall=20.151 lf_steps=0 cache_hits=0
SLIM_PHASE query-chunks wall=3.713 cumulative=8898.257 peak_rss_kib=170273960
SLIM_PROGRESS runs=628162560/2739737285 resolve_wall=152.243 lce_wall=1965.811 write_wall=20.185 lf_steps=0 cache_hits=0
SLIM_PHASE query-chunks wall=3.632 cumulative=8901.889 peak_rss_kib=170281936
SLIM_PROGRESS runs=629211136/2739737285 resolve_wall=152.507 lce_wall=1969.264 write_wall=20.218 lf_steps=0 cache_hits=0
SLIM_PHASE query-chunks wall=3.750 cumulative=8905.639 peak_rss_kib=170288088
SLIM_PROGRESS runs=630259712/2739737285 resolve_wall=152.769 lce_wall=1972.612 write_wall=20.252 lf_steps=0 cache_hits=0
SLIM_PHASE query-chunks wall=3.644 cumulative=8909.283 peak_rss_kib=170292384
SLIM_PROGRESS runs=631308288/2739737285 resolve_wall=153.031 lce_wall=1976.069 write_wall=20.285 lf_steps=0 cache_hits=0
SLIM_PHASE query-chunks wall=3.753 cumulative=8913.036 peak_rss_kib=170299920
SLIM_PROGRESS runs=632356864/2739737285 resolve_wall=153.294 lce_wall=1979.401 write_wall=20.320 lf_steps=0 cache_hits=0
SLIM_PHASE query-chunks wall=3.630 cumulative=8916.666 peak_rss_kib=170307984
SLIM_PROGRESS runs=633405440/2739737285 resolve_wall=153.560 lce_wall=1982.731 write_wall=20.356 lf_steps=0 cache_hits=0
SLIM_PHASE query-chunks wall=3.633 cumulative=8920.298 peak_rss_kib=170318364
SLIM_PROGRESS runs=634454016/2739737285 resolve_wall=153.823 lce_wall=1986.116 write_wall=20.392 lf_steps=0 cache_hits=0
SLIM_PHASE query-chunks wall=3.683 cumulative=8923.982 peak_rss_kib=170334080
SLIM_PROGRESS runs=635502592/2739737285 resolve_wall=154.085 lce_wall=1989.469 write_wall=20.425 lf_steps=0 cache_hits=0
SLIM_PHASE query-chunks wall=3.648 cumulative=8927.630 peak_rss_kib=170345616
SLIM_PROGRESS runs=636551168/2739737285 resolve_wall=154.350 lce_wall=1992.858 write_wall=20.461 lf_steps=0 cache_hits=0
SLIM_PHASE query-chunks wall=3.691 cumulative=8931.321 peak_rss_kib=170355152
SLIM_PROGRESS runs=637599744/2739737285 resolve_wall=154.613 lce_wall=1996.347 write_wall=20.495 lf_steps=0 cache_hits=0
SLIM_PHASE query-chunks wall=3.786 cumulative=8935.107 peak_rss_kib=170357852
SLIM_PROGRESS runs=638648320/2739737285 resolve_wall=154.877 lce_wall=1999.685 write_wall=20.530 lf_steps=0 cache_hits=0
SLIM_PHASE query-chunks wall=3.638 cumulative=8938.745 peak_rss_kib=170359772
SLIM_PROGRESS runs=639696896/2739737285 resolve_wall=155.141 lce_wall=2003.226 write_wall=20.565 lf_steps=0 cache_hits=0
SLIM_PHASE query-chunks wall=3.840 cumulative=8942.584 peak_rss_kib=170372984
SLIM_PROGRESS runs=640745472/2739737285 resolve_wall=155.408 lce_wall=2006.721 write_wall=20.599 lf_steps=0 cache_hits=0
SLIM_PHASE query-chunks wall=3.796 cumulative=8946.380 peak_rss_kib=170374548
SLIM_PROGRESS runs=641794048/2739737285 resolve_wall=155.669 lce_wall=2010.307 write_wall=20.633 lf_steps=0 cache_hits=0
SLIM_PHASE query-chunks wall=3.881 cumulative=8950.261 peak_rss_kib=170384092
SLIM_PROGRESS runs=642842624/2739737285 resolve_wall=155.930 lce_wall=2013.709 write_wall=20.666 lf_steps=0 cache_hits=0
SLIM_PHASE query-chunks wall=3.696 cumulative=8953.958 peak_rss_kib=170397792
SLIM_PROGRESS runs=643891200/2739737285 resolve_wall=156.193 lce_wall=2017.129 write_wall=20.701 lf_steps=0 cache_hits=0
SLIM_PHASE query-chunks wall=3.718 cumulative=8957.676 peak_rss_kib=170412640
SLIM_PROGRESS runs=644939776/2739737285 resolve_wall=156.454 lce_wall=2020.731 write_wall=20.736 lf_steps=0 cache_hits=0
SLIM_PHASE query-chunks wall=3.897 cumulative=8961.573 peak_rss_kib=170425048
SLIM_PROGRESS runs=645988352/2739737285 resolve_wall=156.717 lce_wall=2024.143 write_wall=20.770 lf_steps=0 cache_hits=0
SLIM_PHASE query-chunks wall=3.710 cumulative=8965.283 peak_rss_kib=170428316
SLIM_PROGRESS runs=647036928/2739737285 resolve_wall=156.984 lce_wall=2027.532 write_wall=20.803 lf_steps=0 cache_hits=0
SLIM_PHASE query-chunks wall=3.689 cumulative=8968.971 peak_rss_kib=170436084
SLIM_PROGRESS runs=648085504/2739737285 resolve_wall=157.246 lce_wall=2031.264 write_wall=20.839 lf_steps=0 cache_hits=0
SLIM_PHASE query-chunks wall=4.031 cumulative=8973.003 peak_rss_kib=170440356
SLIM_PROGRESS runs=649134080/2739737285 resolve_wall=157.507 lce_wall=2034.607 write_wall=20.875 lf_steps=0 cache_hits=0
SLIM_PHASE query-chunks wall=3.639 cumulative=8976.642 peak_rss_kib=170449408
SLIM_PROGRESS runs=650182656/2739737285 resolve_wall=157.769 lce_wall=2037.938 write_wall=20.911 lf_steps=0 cache_hits=0
SLIM_PHASE query-chunks wall=3.630 cumulative=8980.272 peak_rss_kib=170463336
SLIM_PROGRESS runs=651231232/2739737285 resolve_wall=158.034 lce_wall=2041.327 write_wall=20.944 lf_steps=0 cache_hits=0
SLIM_PHASE query-chunks wall=3.687 cumulative=8983.959 peak_rss_kib=170467388
SLIM_PROGRESS runs=652279808/2739737285 resolve_wall=158.298 lce_wall=2044.915 write_wall=20.977 lf_steps=0 cache_hits=0
SLIM_PHASE query-chunks wall=3.886 cumulative=8987.844 peak_rss_kib=170467388
SLIM_PROGRESS runs=653328384/2739737285 resolve_wall=158.561 lce_wall=2048.176 write_wall=21.013 lf_steps=0 cache_hits=0
SLIM_PHASE query-chunks wall=3.560 cumulative=8991.404 peak_rss_kib=170478448
SLIM_PROGRESS runs=654376960/2739737285 resolve_wall=158.820 lce_wall=2051.330 write_wall=21.047 lf_steps=0 cache_hits=0
SLIM_PHASE query-chunks wall=3.447 cumulative=8994.851 peak_rss_kib=170493876
SLIM_PROGRESS runs=655425536/2739737285 resolve_wall=159.078 lce_wall=2054.260 write_wall=21.081 lf_steps=0 cache_hits=0
SLIM_PHASE query-chunks wall=3.222 cumulative=8998.073 peak_rss_kib=170508876
SLIM_PROGRESS runs=656474112/2739737285 resolve_wall=159.336 lce_wall=2057.258 write_wall=21.115 lf_steps=0 cache_hits=0
SLIM_PHASE query-chunks wall=3.290 cumulative=9001.363 peak_rss_kib=170512840
SLIM_PROGRESS runs=657522688/2739737285 resolve_wall=159.594 lce_wall=2060.399 write_wall=21.148 lf_steps=0 cache_hits=0
SLIM_PHASE query-chunks wall=3.432 cumulative=9004.796 peak_rss_kib=170522244
SLIM_PROGRESS runs=658571264/2739737285 resolve_wall=159.854 lce_wall=2063.475 write_wall=21.183 lf_steps=0 cache_hits=0
SLIM_PHASE query-chunks wall=3.371 cumulative=9008.166 peak_rss_kib=170527096
SLIM_PROGRESS runs=659619840/2739737285 resolve_wall=160.112 lce_wall=2066.506 write_wall=21.218 lf_steps=0 cache_hits=0
SLIM_PHASE query-chunks wall=3.324 cumulative=9011.491 peak_rss_kib=170537160
SLIM_PROGRESS runs=660668416/2739737285 resolve_wall=160.372 lce_wall=2069.774 write_wall=21.254 lf_steps=0 cache_hits=0
SLIM_PHASE query-chunks wall=3.565 cumulative=9015.056 peak_rss_kib=170545864
SLIM_PROGRESS runs=661716992/2739737285 resolve_wall=160.633 lce_wall=2073.213 write_wall=21.289 lf_steps=0 cache_hits=0
SLIM_PHASE query-chunks wall=3.735 cumulative=9018.791 peak_rss_kib=170551144
SLIM_PROGRESS runs=662765568/2739737285 resolve_wall=160.892 lce_wall=2076.285 write_wall=21.324 lf_steps=0 cache_hits=0
SLIM_PHASE query-chunks wall=3.366 cumulative=9022.157 peak_rss_kib=170551376
SLIM_PROGRESS runs=663814144/2739737285 resolve_wall=161.150 lce_wall=2079.332 write_wall=21.358 lf_steps=0 cache_hits=0
SLIM_PHASE query-chunks wall=3.338 cumulative=9025.496 peak_rss_kib=170561160
SLIM_PROGRESS runs=664862720/2739737285 resolve_wall=161.412 lce_wall=2082.519 write_wall=21.393 lf_steps=0 cache_hits=0
SLIM_PHASE query-chunks wall=3.485 cumulative=9028.980 peak_rss_kib=170574840
SLIM_PROGRESS runs=665911296/2739737285 resolve_wall=161.674 lce_wall=2085.715 write_wall=21.426 lf_steps=0 cache_hits=0
SLIM_PHASE query-chunks wall=3.491 cumulative=9032.471 peak_rss_kib=170579976
SLIM_PROGRESS runs=666959872/2739737285 resolve_wall=161.934 lce_wall=2088.987 write_wall=21.460 lf_steps=0 cache_hits=0
SLIM_PHASE query-chunks wall=3.567 cumulative=9036.038 peak_rss_kib=170580476
SLIM_PROGRESS runs=668008448/2739737285 resolve_wall=162.195 lce_wall=2092.233 write_wall=21.497 lf_steps=0 cache_hits=0
SLIM_PHASE query-chunks wall=3.543 cumulative=9039.581 peak_rss_kib=170593008
SLIM_PROGRESS runs=669057024/2739737285 resolve_wall=162.454 lce_wall=2095.641 write_wall=21.532 lf_steps=0 cache_hits=0
SLIM_PHASE query-chunks wall=3.703 cumulative=9043.284 peak_rss_kib=170599664
SLIM_PROGRESS runs=670105600/2739737285 resolve_wall=162.715 lce_wall=2098.570 write_wall=21.567 lf_steps=0 cache_hits=0
SLIM_PHASE query-chunks wall=3.226 cumulative=9046.509 peak_rss_kib=170618768
SLIM_PROGRESS runs=671154176/2739737285 resolve_wall=162.973 lce_wall=2101.526 write_wall=21.601 lf_steps=0 cache_hits=0
SLIM_PHASE query-chunks wall=3.248 cumulative=9049.757 peak_rss_kib=170621672
SLIM_PROGRESS runs=672202752/2739737285 resolve_wall=163.232 lce_wall=2104.494 write_wall=21.634 lf_steps=0 cache_hits=0
SLIM_PHASE query-chunks wall=3.259 cumulative=9053.016 peak_rss_kib=170622900
SLIM_PROGRESS runs=673251328/2739737285 resolve_wall=163.492 lce_wall=2107.419 write_wall=21.667 lf_steps=0 cache_hits=0
SLIM_PHASE query-chunks wall=3.219 cumulative=9056.235 peak_rss_kib=170631404
SLIM_PROGRESS runs=674299904/2739737285 resolve_wall=163.753 lce_wall=2110.430 write_wall=21.701 lf_steps=0 cache_hits=0
SLIM_PHASE query-chunks wall=3.306 cumulative=9059.541 peak_rss_kib=170642156
SLIM_PROGRESS runs=675348480/2739737285 resolve_wall=164.013 lce_wall=2113.347 write_wall=21.736 lf_steps=0 cache_hits=0
SLIM_PHASE query-chunks wall=3.211 cumulative=9062.752 peak_rss_kib=170649452
SLIM_PROGRESS runs=676397056/2739737285 resolve_wall=164.273 lce_wall=2116.654 write_wall=21.771 lf_steps=0 cache_hits=0
SLIM_PHASE query-chunks wall=3.603 cumulative=9066.355 peak_rss_kib=170652016
SLIM_PROGRESS runs=677445632/2739737285 resolve_wall=164.534 lce_wall=2119.900 write_wall=21.805 lf_steps=0 cache_hits=0
SLIM_PHASE query-chunks wall=3.542 cumulative=9069.897 peak_rss_kib=170668340
SLIM_PROGRESS runs=678494208/2739737285 resolve_wall=164.793 lce_wall=2122.971 write_wall=21.837 lf_steps=0 cache_hits=0
SLIM_PHASE query-chunks wall=3.362 cumulative=9073.259 peak_rss_kib=170672956
SLIM_PROGRESS runs=679542784/2739737285 resolve_wall=165.053 lce_wall=2126.463 write_wall=21.871 lf_steps=0 cache_hits=0
SLIM_PHASE query-chunks wall=3.787 cumulative=9077.046 peak_rss_kib=170684300
SLIM_PROGRESS runs=680591360/2739737285 resolve_wall=165.314 lce_wall=2129.669 write_wall=21.905 lf_steps=0 cache_hits=0
SLIM_PHASE query-chunks wall=3.501 cumulative=9080.547 peak_rss_kib=170689916
SLIM_PROGRESS runs=681639936/2739737285 resolve_wall=165.572 lce_wall=2132.535 write_wall=21.939 lf_steps=0 cache_hits=0
SLIM_PHASE query-chunks wall=3.157 cumulative=9083.704 peak_rss_kib=170701952
SLIM_PROGRESS runs=682688512/2739737285 resolve_wall=165.827 lce_wall=2135.809 write_wall=21.974 lf_steps=0 cache_hits=0
SLIM_PHASE query-chunks wall=3.564 cumulative=9087.268 peak_rss_kib=170710016
SLIM_PROGRESS runs=683737088/2739737285 resolve_wall=166.086 lce_wall=2138.853 write_wall=22.006 lf_steps=0 cache_hits=0
SLIM_PHASE query-chunks wall=3.336 cumulative=9090.604 peak_rss_kib=170716812
SLIM_PROGRESS runs=684785664/2739737285 resolve_wall=166.346 lce_wall=2141.761 write_wall=22.041 lf_steps=0 cache_hits=0
SLIM_PHASE query-chunks wall=3.202 cumulative=9093.806 peak_rss_kib=170722996
SLIM_PROGRESS runs=685834240/2739737285 resolve_wall=166.606 lce_wall=2144.941 write_wall=22.076 lf_steps=0 cache_hits=0
SLIM_PHASE query-chunks wall=3.475 cumulative=9097.281 peak_rss_kib=170739080
SLIM_PROGRESS runs=686882816/2739737285 resolve_wall=166.868 lce_wall=2148.446 write_wall=22.111 lf_steps=0 cache_hits=0
SLIM_PHASE query-chunks wall=3.803 cumulative=9101.084 peak_rss_kib=170745404
SLIM_PROGRESS runs=687931392/2739737285 resolve_wall=167.126 lce_wall=2151.852 write_wall=22.146 lf_steps=0 cache_hits=0
SLIM_PHASE query-chunks wall=3.699 cumulative=9104.783 peak_rss_kib=170753520
SLIM_PROGRESS runs=688979968/2739737285 resolve_wall=167.389 lce_wall=2155.213 write_wall=22.181 lf_steps=0 cache_hits=0
SLIM_PHASE query-chunks wall=3.660 cumulative=9108.443 peak_rss_kib=170757664
SLIM_PROGRESS runs=690028544/2739737285 resolve_wall=167.651 lce_wall=2158.452 write_wall=22.217 lf_steps=0 cache_hits=0
SLIM_PHASE query-chunks wall=3.537 cumulative=9111.979 peak_rss_kib=170767008
SLIM_PROGRESS runs=691077120/2739737285 resolve_wall=167.909 lce_wall=2162.424 write_wall=22.250 lf_steps=0 cache_hits=0
SLIM_PHASE query-chunks wall=4.264 cumulative=9116.243 peak_rss_kib=170779744
SLIM_PROGRESS runs=692125696/2739737285 resolve_wall=168.164 lce_wall=2166.976 write_wall=22.283 lf_steps=0 cache_hits=0
SLIM_PHASE query-chunks wall=4.839 cumulative=9121.082 peak_rss_kib=170785288
SLIM_PROGRESS runs=693174272/2739737285 resolve_wall=168.422 lce_wall=2171.885 write_wall=22.315 lf_steps=0 cache_hits=0
SLIM_PHASE query-chunks wall=5.200 cumulative=9126.282 peak_rss_kib=170801676
SLIM_PROGRESS runs=694222848/2739737285 resolve_wall=168.680 lce_wall=2176.878 write_wall=22.350 lf_steps=0 cache_hits=0
SLIM_PHASE query-chunks wall=5.286 cumulative=9131.568 peak_rss_kib=170803380
SLIM_PROGRESS runs=695271424/2739737285 resolve_wall=168.937 lce_wall=2181.913 write_wall=22.385 lf_steps=0 cache_hits=0
SLIM_PHASE query-chunks wall=5.327 cumulative=9136.895 peak_rss_kib=170815848
SLIM_PROGRESS runs=696320000/2739737285 resolve_wall=169.195 lce_wall=2186.725 write_wall=22.420 lf_steps=0 cache_hits=0
SLIM_PHASE query-chunks wall=5.106 cumulative=9142.001 peak_rss_kib=170828208
SLIM_PROGRESS runs=697368576/2739737285 resolve_wall=169.454 lce_wall=2190.680 write_wall=22.454 lf_steps=0 cache_hits=0
SLIM_PHASE query-chunks wall=4.247 cumulative=9146.248 peak_rss_kib=170834912
SLIM_PROGRESS runs=698417152/2739737285 resolve_wall=169.714 lce_wall=2194.411 write_wall=22.488 lf_steps=0 cache_hits=0
SLIM_PHASE query-chunks wall=4.026 cumulative=9150.274 peak_rss_kib=170843864
SLIM_PROGRESS runs=699465728/2739737285 resolve_wall=169.972 lce_wall=2197.689 write_wall=22.523 lf_steps=0 cache_hits=0
SLIM_PHASE query-chunks wall=3.571 cumulative=9153.845 peak_rss_kib=170856992
SLIM_PROGRESS runs=700514304/2739737285 resolve_wall=170.231 lce_wall=2200.592 write_wall=22.556 lf_steps=0 cache_hits=0
SLIM_PHASE query-chunks wall=3.195 cumulative=9157.040 peak_rss_kib=170865904
SLIM_PROGRESS runs=701562880/2739737285 resolve_wall=170.491 lce_wall=2203.749 write_wall=22.589 lf_steps=0 cache_hits=0
SLIM_PHASE query-chunks wall=3.451 cumulative=9160.491 peak_rss_kib=170865904
SLIM_PROGRESS runs=702611456/2739737285 resolve_wall=170.752 lce_wall=2206.768 write_wall=22.624 lf_steps=0 cache_hits=0
SLIM_PHASE query-chunks wall=3.314 cumulative=9163.805 peak_rss_kib=170875532
SLIM_PROGRESS runs=703660032/2739737285 resolve_wall=171.013 lce_wall=2209.968 write_wall=22.660 lf_steps=0 cache_hits=0
SLIM_PHASE query-chunks wall=3.497 cumulative=9167.302 peak_rss_kib=170882496
SLIM_PROGRESS runs=704708608/2739737285 resolve_wall=171.277 lce_wall=2213.255 write_wall=22.694 lf_steps=0 cache_hits=0
SLIM_PHASE query-chunks wall=3.585 cumulative=9170.888 peak_rss_kib=170886476
SLIM_PROGRESS runs=705757184/2739737285 resolve_wall=171.535 lce_wall=2216.646 write_wall=22.726 lf_steps=0 cache_hits=0
SLIM_PHASE query-chunks wall=3.681 cumulative=9174.569 peak_rss_kib=170887824
SLIM_PROGRESS runs=706805760/2739737285 resolve_wall=171.796 lce_wall=2219.566 write_wall=22.758 lf_steps=0 cache_hits=0
SLIM_PHASE query-chunks wall=3.212 cumulative=9177.781 peak_rss_kib=170898556
SLIM_PROGRESS runs=707854336/2739737285 resolve_wall=172.058 lce_wall=2222.773 write_wall=22.792 lf_steps=0 cache_hits=0
SLIM_PHASE query-chunks wall=3.505 cumulative=9181.286 peak_rss_kib=170899216
SLIM_PROGRESS runs=708902912/2739737285 resolve_wall=172.322 lce_wall=2226.149 write_wall=22.827 lf_steps=0 cache_hits=0
SLIM_PHASE query-chunks wall=3.675 cumulative=9184.961 peak_rss_kib=170907920
SLIM_PROGRESS runs=709951488/2739737285 resolve_wall=172.586 lce_wall=2229.610 write_wall=22.862 lf_steps=0 cache_hits=0
SLIM_PHASE query-chunks wall=3.761 cumulative=9188.722 peak_rss_kib=170917504
SLIM_PROGRESS runs=711000064/2739737285 resolve_wall=172.849 lce_wall=2232.640 write_wall=22.897 lf_steps=0 cache_hits=0
SLIM_PHASE query-chunks wall=3.327 cumulative=9192.049 peak_rss_kib=170924928
SLIM_PROGRESS runs=712048640/2739737285 resolve_wall=173.111 lce_wall=2235.541 write_wall=22.930 lf_steps=0 cache_hits=0
SLIM_PHASE query-chunks wall=3.195 cumulative=9195.244 peak_rss_kib=170928396
SLIM_PROGRESS runs=713097216/2739737285 resolve_wall=173.373 lce_wall=2238.372 write_wall=22.966 lf_steps=0 cache_hits=0
SLIM_PHASE query-chunks wall=3.130 cumulative=9198.374 peak_rss_kib=170941040
SLIM_PROGRESS runs=714145792/2739737285 resolve_wall=173.635 lce_wall=2241.208 write_wall=22.999 lf_steps=0 cache_hits=0
SLIM_PHASE query-chunks wall=3.132 cumulative=9201.506 peak_rss_kib=170954400
SLIM_PROGRESS runs=715194368/2739737285 resolve_wall=173.898 lce_wall=2244.047 write_wall=23.036 lf_steps=0 cache_hits=0
SLIM_PHASE query-chunks wall=3.139 cumulative=9204.645 peak_rss_kib=170963500
SLIM_PROGRESS runs=716242944/2739737285 resolve_wall=174.161 lce_wall=2247.070 write_wall=23.071 lf_steps=0 cache_hits=0
SLIM_PHASE query-chunks wall=3.320 cumulative=9207.965 peak_rss_kib=170967468
SLIM_PROGRESS runs=717291520/2739737285 resolve_wall=174.423 lce_wall=2249.892 write_wall=23.102 lf_steps=0 cache_hits=0
SLIM_PHASE query-chunks wall=3.116 cumulative=9211.081 peak_rss_kib=170971856
SLIM_PROGRESS runs=718340096/2739737285 resolve_wall=174.686 lce_wall=2252.838 write_wall=23.135 lf_steps=0 cache_hits=0
SLIM_PHASE query-chunks wall=3.242 cumulative=9214.322 peak_rss_kib=170976792
SLIM_PROGRESS runs=719388672/2739737285 resolve_wall=174.950 lce_wall=2255.665 write_wall=23.169 lf_steps=0 cache_hits=0
SLIM_PHASE query-chunks wall=3.126 cumulative=9217.449 peak_rss_kib=170976792
SLIM_PROGRESS runs=720437248/2739737285 resolve_wall=175.208 lce_wall=2258.790 write_wall=23.200 lf_steps=0 cache_hits=0
SLIM_PHASE query-chunks wall=3.413 cumulative=9220.862 peak_rss_kib=170985028
SLIM_PROGRESS runs=721485824/2739737285 resolve_wall=175.469 lce_wall=2261.601 write_wall=23.233 lf_steps=0 cache_hits=0
SLIM_PHASE query-chunks wall=3.104 cumulative=9223.966 peak_rss_kib=170993444
SLIM_PROGRESS runs=722534400/2739737285 resolve_wall=175.736 lce_wall=2264.558 write_wall=23.270 lf_steps=0 cache_hits=0
SLIM_PHASE query-chunks wall=3.261 cumulative=9227.228 peak_rss_kib=171001400
SLIM_PROGRESS runs=723582976/2739737285 resolve_wall=176.022 lce_wall=2267.393 write_wall=23.312 lf_steps=0 cache_hits=0
SLIM_PHASE query-chunks wall=3.164 cumulative=9230.391 peak_rss_kib=171008664
SLIM_PROGRESS runs=724631552/2739737285 resolve_wall=176.320 lce_wall=2270.277 write_wall=23.358 lf_steps=0 cache_hits=0
SLIM_PHASE query-chunks wall=3.228 cumulative=9233.620 peak_rss_kib=171022944
SLIM_PROGRESS runs=725680128/2739737285 resolve_wall=176.605 lce_wall=2273.330 write_wall=23.396 lf_steps=0 cache_hits=0
SLIM_PHASE query-chunks wall=3.377 cumulative=9236.997 peak_rss_kib=171030040
SLIM_PROGRESS runs=726728704/2739737285 resolve_wall=176.909 lce_wall=2276.273 write_wall=23.445 lf_steps=0 cache_hits=0
SLIM_PHASE query-chunks wall=3.296 cumulative=9240.292 peak_rss_kib=171044888
SLIM_PROGRESS runs=727777280/2739737285 resolve_wall=177.213 lce_wall=2279.024 write_wall=23.495 lf_steps=0 cache_hits=0
SLIM_PHASE query-chunks wall=3.105 cumulative=9243.398 peak_rss_kib=171057248
SLIM_PROGRESS runs=728825856/2739737285 resolve_wall=177.494 lce_wall=2281.861 write_wall=23.535 lf_steps=0 cache_hits=0
SLIM_PHASE query-chunks wall=3.158 cumulative=9246.555 peak_rss_kib=171061180
SLIM_PROGRESS runs=729874432/2739737285 resolve_wall=177.759 lce_wall=2284.769 write_wall=23.570 lf_steps=0 cache_hits=0
SLIM_PHASE query-chunks wall=3.208 cumulative=9249.763 peak_rss_kib=171068056
SLIM_PROGRESS runs=730923008/2739737285 resolve_wall=178.021 lce_wall=2287.630 write_wall=23.602 lf_steps=0 cache_hits=0
SLIM_PHASE query-chunks wall=3.155 cumulative=9252.918 peak_rss_kib=171074524
SLIM_PROGRESS runs=731971584/2739737285 resolve_wall=178.287 lce_wall=2290.619 write_wall=23.634 lf_steps=0 cache_hits=0
SLIM_PHASE query-chunks wall=3.287 cumulative=9256.206 peak_rss_kib=171084780
SLIM_PROGRESS runs=733020160/2739737285 resolve_wall=178.550 lce_wall=2293.511 write_wall=23.669 lf_steps=0 cache_hits=0
SLIM_PHASE query-chunks wall=3.190 cumulative=9259.396 peak_rss_kib=171102124
SLIM_PROGRESS runs=734068736/2739737285 resolve_wall=178.815 lce_wall=2296.717 write_wall=23.703 lf_steps=0 cache_hits=0
SLIM_PHASE query-chunks wall=3.506 cumulative=9262.901 peak_rss_kib=171119544
SLIM_PROGRESS runs=735117312/2739737285 resolve_wall=179.077 lce_wall=2299.673 write_wall=23.738 lf_steps=0 cache_hits=0
SLIM_PHASE query-chunks wall=3.253 cumulative=9266.155 peak_rss_kib=171125124
SLIM_PROGRESS runs=736165888/2739737285 resolve_wall=179.340 lce_wall=2302.734 write_wall=23.772 lf_steps=0 cache_hits=0
SLIM_PHASE query-chunks wall=3.358 cumulative=9269.513 peak_rss_kib=171132536
SLIM_PROGRESS runs=737214464/2739737285 resolve_wall=179.602 lce_wall=2305.743 write_wall=23.803 lf_steps=0 cache_hits=0
SLIM_PHASE query-chunks wall=3.302 cumulative=9272.814 peak_rss_kib=171138684
SLIM_PROGRESS runs=738263040/2739737285 resolve_wall=179.865 lce_wall=2308.810 write_wall=23.838 lf_steps=0 cache_hits=0
SLIM_PHASE query-chunks wall=3.365 cumulative=9276.179 peak_rss_kib=171151480
SLIM_PROGRESS runs=739311616/2739737285 resolve_wall=180.128 lce_wall=2312.016 write_wall=23.874 lf_steps=0 cache_hits=0
SLIM_PHASE query-chunks wall=3.505 cumulative=9279.684 peak_rss_kib=171159772
SLIM_PROGRESS runs=740360192/2739737285 resolve_wall=180.391 lce_wall=2315.063 write_wall=23.906 lf_steps=0 cache_hits=0
SLIM_PHASE query-chunks wall=3.342 cumulative=9283.027 peak_rss_kib=171166624
SLIM_PROGRESS runs=741408768/2739737285 resolve_wall=180.651 lce_wall=2318.032 write_wall=23.938 lf_steps=0 cache_hits=0
SLIM_PHASE query-chunks wall=3.261 cumulative=9286.288 peak_rss_kib=171169936
SLIM_PROGRESS runs=742457344/2739737285 resolve_wall=180.912 lce_wall=2321.227 write_wall=23.969 lf_steps=0 cache_hits=0
SLIM_PHASE query-chunks wall=3.487 cumulative=9289.775 peak_rss_kib=171184956
SLIM_PROGRESS runs=743505920/2739737285 resolve_wall=181.178 lce_wall=2324.510 write_wall=24.003 lf_steps=0 cache_hits=0
SLIM_PHASE query-chunks wall=3.583 cumulative=9293.359 peak_rss_kib=171184956
SLIM_PROGRESS runs=744554496/2739737285 resolve_wall=181.441 lce_wall=2327.650 write_wall=24.037 lf_steps=0 cache_hits=0
SLIM_PHASE query-chunks wall=3.437 cumulative=9296.796 peak_rss_kib=171194296
SLIM_PROGRESS runs=745603072/2739737285 resolve_wall=181.704 lce_wall=2330.877 write_wall=24.070 lf_steps=0 cache_hits=0
SLIM_PHASE query-chunks wall=3.524 cumulative=9300.320 peak_rss_kib=171200056
SLIM_PROGRESS runs=746651648/2739737285 resolve_wall=181.969 lce_wall=2334.367 write_wall=24.104 lf_steps=0 cache_hits=0
SLIM_PHASE query-chunks wall=3.788 cumulative=9304.108 peak_rss_kib=171211852
SLIM_PROGRESS runs=747700224/2739737285 resolve_wall=182.241 lce_wall=2337.770 write_wall=24.140 lf_steps=0 cache_hits=0
SLIM_PHASE query-chunks wall=3.712 cumulative=9307.820 peak_rss_kib=171223228
SLIM_PROGRESS runs=748748800/2739737285 resolve_wall=182.515 lce_wall=2341.192 write_wall=24.179 lf_steps=0 cache_hits=0
SLIM_PHASE query-chunks wall=3.734 cumulative=9311.554 peak_rss_kib=171238100
SLIM_PROGRESS runs=749797376/2739737285 resolve_wall=182.790 lce_wall=2344.601 write_wall=24.218 lf_steps=0 cache_hits=0
SLIM_PHASE query-chunks wall=3.724 cumulative=9315.277 peak_rss_kib=171238100
SLIM_PROGRESS runs=750845952/2739737285 resolve_wall=183.063 lce_wall=2347.915 write_wall=24.256 lf_steps=0 cache_hits=0
SLIM_PHASE query-chunks wall=3.626 cumulative=9318.904 peak_rss_kib=171240300
SLIM_PROGRESS runs=751894528/2739737285 resolve_wall=183.338 lce_wall=2351.178 write_wall=24.294 lf_steps=0 cache_hits=0
SLIM_PHASE query-chunks wall=3.576 cumulative=9322.480 peak_rss_kib=171244688
SLIM_PROGRESS runs=752943104/2739737285 resolve_wall=183.609 lce_wall=2354.510 write_wall=24.332 lf_steps=0 cache_hits=0
SLIM_PHASE query-chunks wall=3.641 cumulative=9326.121 peak_rss_kib=171249580
SLIM_PROGRESS runs=753991680/2739737285 resolve_wall=183.873 lce_wall=2357.630 write_wall=24.363 lf_steps=0 cache_hits=0
SLIM_PHASE query-chunks wall=3.415 cumulative=9329.536 peak_rss_kib=171260812
SLIM_PROGRESS runs=755040256/2739737285 resolve_wall=184.138 lce_wall=2360.943 write_wall=24.396 lf_steps=0 cache_hits=0
SLIM_PHASE query-chunks wall=3.610 cumulative=9333.146 peak_rss_kib=171273880
SLIM_PROGRESS runs=756088832/2739737285 resolve_wall=184.403 lce_wall=2364.189 write_wall=24.430 lf_steps=0 cache_hits=0
SLIM_PHASE query-chunks wall=3.546 cumulative=9336.692 peak_rss_kib=171281788
SLIM_PROGRESS runs=757137408/2739737285 resolve_wall=184.670 lce_wall=2367.497 write_wall=24.464 lf_steps=0 cache_hits=0
SLIM_PHASE query-chunks wall=3.609 cumulative=9340.301 peak_rss_kib=171298624
SLIM_PROGRESS runs=758185984/2739737285 resolve_wall=184.934 lce_wall=2370.816 write_wall=24.498 lf_steps=0 cache_hits=0
SLIM_PHASE query-chunks wall=3.616 cumulative=9343.917 peak_rss_kib=171309376
SLIM_PROGRESS runs=759234560/2739737285 resolve_wall=185.200 lce_wall=2374.076 write_wall=24.533 lf_steps=0 cache_hits=0
SLIM_PHASE query-chunks wall=3.562 cumulative=9347.479 peak_rss_kib=171317912
SLIM_PROGRESS runs=760283136/2739737285 resolve_wall=185.467 lce_wall=2377.264 write_wall=24.568 lf_steps=0 cache_hits=0
SLIM_PHASE query-chunks wall=3.490 cumulative=9350.969 peak_rss_kib=171329716
SLIM_PROGRESS runs=761331712/2739737285 resolve_wall=185.733 lce_wall=2380.665 write_wall=24.601 lf_steps=0 cache_hits=0
SLIM_PHASE query-chunks wall=3.701 cumulative=9354.670 peak_rss_kib=171336052
SLIM_PROGRESS runs=762380288/2739737285 resolve_wall=185.998 lce_wall=2384.001 write_wall=24.634 lf_steps=0 cache_hits=0
SLIM_PHASE query-chunks wall=3.633 cumulative=9358.303 peak_rss_kib=171355204
SLIM_PROGRESS runs=763428864/2739737285 resolve_wall=186.266 lce_wall=2387.371 write_wall=24.670 lf_steps=0 cache_hits=0
SLIM_PHASE query-chunks wall=3.674 cumulative=9361.977 peak_rss_kib=171364108
SLIM_PROGRESS runs=764477440/2739737285 resolve_wall=186.531 lce_wall=2390.802 write_wall=24.704 lf_steps=0 cache_hits=0
SLIM_PHASE query-chunks wall=3.731 cumulative=9365.708 peak_rss_kib=171368784
SLIM_PROGRESS runs=765526016/2739737285 resolve_wall=186.792 lce_wall=2394.406 write_wall=24.737 lf_steps=0 cache_hits=0
SLIM_PHASE query-chunks wall=3.899 cumulative=9369.606 peak_rss_kib=171368784
SLIM_PROGRESS runs=766574592/2739737285 resolve_wall=187.060 lce_wall=2397.789 write_wall=24.771 lf_steps=0 cache_hits=0
SLIM_PHASE query-chunks wall=3.685 cumulative=9373.291 peak_rss_kib=171372116
SLIM_PROGRESS runs=767623168/2739737285 resolve_wall=187.328 lce_wall=2401.063 write_wall=24.807 lf_steps=0 cache_hits=0
SLIM_PHASE query-chunks wall=3.578 cumulative=9376.869 peak_rss_kib=171377788
SLIM_PROGRESS runs=768671744/2739737285 resolve_wall=187.596 lce_wall=2404.387 write_wall=24.840 lf_steps=0 cache_hits=0
SLIM_PHASE query-chunks wall=3.626 cumulative=9380.495 peak_rss_kib=171386728
SLIM_PROGRESS runs=769720320/2739737285 resolve_wall=187.863 lce_wall=2407.768 write_wall=24.874 lf_steps=0 cache_hits=0
SLIM_PHASE query-chunks wall=3.682 cumulative=9384.177 peak_rss_kib=171400936
SLIM_PROGRESS runs=770768896/2739737285 resolve_wall=188.128 lce_wall=2411.214 write_wall=24.907 lf_steps=0 cache_hits=0
SLIM_PHASE query-chunks wall=3.743 cumulative=9387.920 peak_rss_kib=171403244
SLIM_PROGRESS runs=771817472/2739737285 resolve_wall=188.395 lce_wall=2414.646 write_wall=24.940 lf_steps=0 cache_hits=0
SLIM_PHASE query-chunks wall=3.733 cumulative=9391.653 peak_rss_kib=171410352
SLIM_PROGRESS runs=772866048/2739737285 resolve_wall=188.667 lce_wall=2418.296 write_wall=24.974 lf_steps=0 cache_hits=0
SLIM_PHASE query-chunks wall=3.956 cumulative=9395.609 peak_rss_kib=171417756
SLIM_PROGRESS runs=773914624/2739737285 resolve_wall=188.934 lce_wall=2422.329 write_wall=25.007 lf_steps=0 cache_hits=0
SLIM_PHASE query-chunks wall=4.333 cumulative=9399.943 peak_rss_kib=171425560
SLIM_PROGRESS runs=774963200/2739737285 resolve_wall=189.205 lce_wall=2425.987 write_wall=25.042 lf_steps=0 cache_hits=0
SLIM_PHASE query-chunks wall=3.964 cumulative=9403.907 peak_rss_kib=171436760
SLIM_PROGRESS runs=776011776/2739737285 resolve_wall=189.473 lce_wall=2429.628 write_wall=25.075 lf_steps=0 cache_hits=0
SLIM_PHASE query-chunks wall=3.942 cumulative=9407.849 peak_rss_kib=171439624
SLIM_PROGRESS runs=777060352/2739737285 resolve_wall=189.740 lce_wall=2432.772 write_wall=25.111 lf_steps=0 cache_hits=0
SLIM_PHASE query-chunks wall=3.447 cumulative=9411.296 peak_rss_kib=171454068
SLIM_PROGRESS runs=778108928/2739737285 resolve_wall=190.004 lce_wall=2436.035 write_wall=25.144 lf_steps=0 cache_hits=0
SLIM_PHASE query-chunks wall=3.559 cumulative=9414.855 peak_rss_kib=171462944
SLIM_PROGRESS runs=779157504/2739737285 resolve_wall=190.267 lce_wall=2439.260 write_wall=25.175 lf_steps=0 cache_hits=0
SLIM_PHASE query-chunks wall=3.520 cumulative=9418.375 peak_rss_kib=171477152
SLIM_PROGRESS runs=780206080/2739737285 resolve_wall=190.529 lce_wall=2442.352 write_wall=25.209 lf_steps=0 cache_hits=0
SLIM_PHASE query-chunks wall=3.388 cumulative=9421.764 peak_rss_kib=171481232
SLIM_PROGRESS runs=781254656/2739737285 resolve_wall=190.792 lce_wall=2445.720 write_wall=25.242 lf_steps=0 cache_hits=0
SLIM_PHASE query-chunks wall=3.664 cumulative=9425.427 peak_rss_kib=171493592
SLIM_PROGRESS runs=782303232/2739737285 resolve_wall=191.059 lce_wall=2448.839 write_wall=25.275 lf_steps=0 cache_hits=0
SLIM_PHASE query-chunks wall=3.420 cumulative=9428.847 peak_rss_kib=171495156
SLIM_PROGRESS runs=783351808/2739737285 resolve_wall=191.322 lce_wall=2451.947 write_wall=25.309 lf_steps=0 cache_hits=0
SLIM_PHASE query-chunks wall=3.405 cumulative=9432.252 peak_rss_kib=171496900
SLIM_PROGRESS runs=784400384/2739737285 resolve_wall=191.587 lce_wall=2455.245 write_wall=25.344 lf_steps=0 cache_hits=0
SLIM_PHASE query-chunks wall=3.598 cumulative=9435.850 peak_rss_kib=171507652
SLIM_PROGRESS runs=785448960/2739737285 resolve_wall=191.853 lce_wall=2458.519 write_wall=25.377 lf_steps=0 cache_hits=0
SLIM_PHASE query-chunks wall=3.574 cumulative=9439.423 peak_rss_kib=171515940
SLIM_PROGRESS runs=786497536/2739737285 resolve_wall=192.116 lce_wall=2462.080 write_wall=25.410 lf_steps=0 cache_hits=0
SLIM_PHASE query-chunks wall=3.857 cumulative=9443.281 peak_rss_kib=171525508
SLIM_PROGRESS runs=787546112/2739737285 resolve_wall=192.379 lce_wall=2465.153 write_wall=25.444 lf_steps=0 cache_hits=0
SLIM_PHASE query-chunks wall=3.369 cumulative=9446.650 peak_rss_kib=171539156
SLIM_PROGRESS runs=788594688/2739737285 resolve_wall=192.644 lce_wall=2468.448 write_wall=25.478 lf_steps=0 cache_hits=0
SLIM_PHASE query-chunks wall=3.594 cumulative=9450.244 peak_rss_kib=171540644
SLIM_PROGRESS runs=789643264/2739737285 resolve_wall=192.909 lce_wall=2471.794 write_wall=25.510 lf_steps=0 cache_hits=0
SLIM_PHASE query-chunks wall=3.644 cumulative=9453.887 peak_rss_kib=171543500
SLIM_PROGRESS runs=790691840/2739737285 resolve_wall=193.173 lce_wall=2474.882 write_wall=25.544 lf_steps=0 cache_hits=0
SLIM_PHASE query-chunks wall=3.386 cumulative=9457.273 peak_rss_kib=171552204
SLIM_PROGRESS runs=791740416/2739737285 resolve_wall=193.438 lce_wall=2477.923 write_wall=25.580 lf_steps=0 cache_hits=0
SLIM_PHASE query-chunks wall=3.343 cumulative=9460.616 peak_rss_kib=171565004
SLIM_PROGRESS runs=792788992/2739737285 resolve_wall=193.703 lce_wall=2481.012 write_wall=25.612 lf_steps=0 cache_hits=0
SLIM_PHASE query-chunks wall=3.385 cumulative=9464.001 peak_rss_kib=171574872
SLIM_PROGRESS runs=793837568/2739737285 resolve_wall=193.967 lce_wall=2483.994 write_wall=25.643 lf_steps=0 cache_hits=0
SLIM_PHASE query-chunks wall=3.278 cumulative=9467.279 peak_rss_kib=171586552
SLIM_PROGRESS runs=794886144/2739737285 resolve_wall=194.231 lce_wall=2486.905 write_wall=25.676 lf_steps=0 cache_hits=0
SLIM_PHASE query-chunks wall=3.208 cumulative=9470.487 peak_rss_kib=171594644
SLIM_PROGRESS runs=795934720/2739737285 resolve_wall=194.494 lce_wall=2489.905 write_wall=25.709 lf_steps=0 cache_hits=0
SLIM_PHASE query-chunks wall=3.296 cumulative=9473.783 peak_rss_kib=171602656
SLIM_PROGRESS runs=796983296/2739737285 resolve_wall=194.760 lce_wall=2493.055 write_wall=25.744 lf_steps=0 cache_hits=0
SLIM_PHASE query-chunks wall=3.451 cumulative=9477.234 peak_rss_kib=171603452
SLIM_PROGRESS runs=798031872/2739737285 resolve_wall=195.024 lce_wall=2496.098 write_wall=25.779 lf_steps=0 cache_hits=0
SLIM_PHASE query-chunks wall=3.343 cumulative=9480.577 peak_rss_kib=171603452
SLIM_PROGRESS runs=799080448/2739737285 resolve_wall=195.288 lce_wall=2499.275 write_wall=25.813 lf_steps=0 cache_hits=0
SLIM_PHASE query-chunks wall=3.474 cumulative=9484.051 peak_rss_kib=171613656
SLIM_PROGRESS runs=800129024/2739737285 resolve_wall=195.552 lce_wall=2502.348 write_wall=25.846 lf_steps=0 cache_hits=0
SLIM_PHASE query-chunks wall=3.370 cumulative=9487.422 peak_rss_kib=171617468
SLIM_PROGRESS runs=801177600/2739737285 resolve_wall=195.814 lce_wall=2505.244 write_wall=25.880 lf_steps=0 cache_hits=0
SLIM_PHASE query-chunks wall=3.192 cumulative=9490.614 peak_rss_kib=171625532
SLIM_PROGRESS runs=802226176/2739737285 resolve_wall=196.076 lce_wall=2508.051 write_wall=25.913 lf_steps=0 cache_hits=0
SLIM_PHASE query-chunks wall=3.102 cumulative=9493.716 peak_rss_kib=171635852
SLIM_PROGRESS runs=803274752/2739737285 resolve_wall=196.336 lce_wall=2510.923 write_wall=25.945 lf_steps=0 cache_hits=0
SLIM_PHASE query-chunks wall=3.165 cumulative=9496.881 peak_rss_kib=171652568
SLIM_PROGRESS runs=804323328/2739737285 resolve_wall=196.599 lce_wall=2513.817 write_wall=25.980 lf_steps=0 cache_hits=0
SLIM_PHASE query-chunks wall=3.192 cumulative=9500.073 peak_rss_kib=171667416
SLIM_PROGRESS runs=805371904/2739737285 resolve_wall=196.861 lce_wall=2516.784 write_wall=26.015 lf_steps=0 cache_hits=0
SLIM_PHASE query-chunks wall=3.265 cumulative=9503.338 peak_rss_kib=171671432
SLIM_PROGRESS runs=806420480/2739737285 resolve_wall=197.123 lce_wall=2519.895 write_wall=26.050 lf_steps=0 cache_hits=0
SLIM_PHASE query-chunks wall=3.406 cumulative=9506.744 peak_rss_kib=171680796
SLIM_PROGRESS runs=807469056/2739737285 resolve_wall=197.388 lce_wall=2523.066 write_wall=26.085 lf_steps=0 cache_hits=0
SLIM_PHASE query-chunks wall=3.472 cumulative=9510.216 peak_rss_kib=171680796
SLIM_PROGRESS runs=808517632/2739737285 resolve_wall=197.656 lce_wall=2526.219 write_wall=26.119 lf_steps=0 cache_hits=0
SLIM_PHASE query-chunks wall=3.454 cumulative=9513.671 peak_rss_kib=171684944
SLIM_PROGRESS runs=809566208/2739737285 resolve_wall=197.923 lce_wall=2529.406 write_wall=26.153 lf_steps=0 cache_hits=0
SLIM_PHASE query-chunks wall=3.490 cumulative=9517.160 peak_rss_kib=171697400
SLIM_PROGRESS runs=810614784/2739737285 resolve_wall=198.187 lce_wall=2532.548 write_wall=26.186 lf_steps=0 cache_hits=0
SLIM_PHASE query-chunks wall=3.438 cumulative=9520.598 peak_rss_kib=171711064
SLIM_PROGRESS runs=811663360/2739737285 resolve_wall=198.449 lce_wall=2535.698 write_wall=26.220 lf_steps=0 cache_hits=0
SLIM_PHASE query-chunks wall=3.446 cumulative=9524.044 peak_rss_kib=171719072
SLIM_PROGRESS runs=812711936/2739737285 resolve_wall=198.709 lce_wall=2538.880 write_wall=26.253 lf_steps=0 cache_hits=0
SLIM_PHASE query-chunks wall=3.476 cumulative=9527.520 peak_rss_kib=171724236
SLIM_PROGRESS runs=813760512/2739737285 resolve_wall=198.966 lce_wall=2542.214 write_wall=26.285 lf_steps=0 cache_hits=0
SLIM_PHASE query-chunks wall=3.624 cumulative=9531.144 peak_rss_kib=171732164
SLIM_PROGRESS runs=814809088/2739737285 resolve_wall=199.227 lce_wall=2545.214 write_wall=26.319 lf_steps=0 cache_hits=0
SLIM_PHASE query-chunks wall=3.294 cumulative=9534.438 peak_rss_kib=171732164
SLIM_PROGRESS runs=815857664/2739737285 resolve_wall=199.489 lce_wall=2548.248 write_wall=26.353 lf_steps=0 cache_hits=0
SLIM_PHASE query-chunks wall=3.331 cumulative=9537.769 peak_rss_kib=171736128
SLIM_PROGRESS runs=816906240/2739737285 resolve_wall=199.755 lce_wall=2551.393 write_wall=26.389 lf_steps=0 cache_hits=0
SLIM_PHASE query-chunks wall=3.446 cumulative=9541.215 peak_rss_kib=171744712
SLIM_PROGRESS runs=817954816/2739737285 resolve_wall=200.016 lce_wall=2554.472 write_wall=26.423 lf_steps=0 cache_hits=0
SLIM_PHASE query-chunks wall=3.375 cumulative=9544.591 peak_rss_kib=171759244
SLIM_PROGRESS runs=819003392/2739737285 resolve_wall=200.278 lce_wall=2557.397 write_wall=26.455 lf_steps=0 cache_hits=0
SLIM_PHASE query-chunks wall=3.219 cumulative=9547.809 peak_rss_kib=171770280
SLIM_PROGRESS runs=820051968/2739737285 resolve_wall=200.543 lce_wall=2560.538 write_wall=26.491 lf_steps=0 cache_hits=0
SLIM_PHASE query-chunks wall=3.441 cumulative=9551.250 peak_rss_kib=171784364
SLIM_PROGRESS runs=821100544/2739737285 resolve_wall=200.809 lce_wall=2563.803 write_wall=26.527 lf_steps=0 cache_hits=0
SLIM_PHASE query-chunks wall=3.568 cumulative=9554.818 peak_rss_kib=171795876
SLIM_PROGRESS runs=822149120/2739737285 resolve_wall=201.073 lce_wall=2567.151 write_wall=26.562 lf_steps=0 cache_hits=0
SLIM_PHASE query-chunks wall=3.647 cumulative=9558.465 peak_rss_kib=171803840
SLIM_PROGRESS runs=823197696/2739737285 resolve_wall=201.338 lce_wall=2570.373 write_wall=26.594 lf_steps=0 cache_hits=0
SLIM_PHASE query-chunks wall=3.520 cumulative=9561.985 peak_rss_kib=171810304
SLIM_PROGRESS runs=824246272/2739737285 resolve_wall=201.601 lce_wall=2573.509 write_wall=26.627 lf_steps=0 cache_hits=0
SLIM_PHASE query-chunks wall=3.432 cumulative=9565.417 peak_rss_kib=171819268
SLIM_PROGRESS runs=825294848/2739737285 resolve_wall=201.866 lce_wall=2576.690 write_wall=26.663 lf_steps=0 cache_hits=0
SLIM_PHASE query-chunks wall=3.481 cumulative=9568.898 peak_rss_kib=171830688
SLIM_PROGRESS runs=826343424/2739737285 resolve_wall=202.130 lce_wall=2580.066 write_wall=26.697 lf_steps=0 cache_hits=0
SLIM_PHASE query-chunks wall=3.674 cumulative=9572.572 peak_rss_kib=171836152
SLIM_PROGRESS runs=827392000/2739737285 resolve_wall=202.396 lce_wall=2583.359 write_wall=26.730 lf_steps=0 cache_hits=0
SLIM_PHASE query-chunks wall=3.593 cumulative=9576.165 peak_rss_kib=171849100
SLIM_PROGRESS runs=828440576/2739737285 resolve_wall=202.658 lce_wall=2586.757 write_wall=26.764 lf_steps=0 cache_hits=0
SLIM_PHASE query-chunks wall=3.694 cumulative=9579.859 peak_rss_kib=171849100
SLIM_PROGRESS runs=829489152/2739737285 resolve_wall=202.919 lce_wall=2590.383 write_wall=26.799 lf_steps=0 cache_hits=0
SLIM_PHASE query-chunks wall=3.922 cumulative=9583.781 peak_rss_kib=171849100
SLIM_PROGRESS runs=830537728/2739737285 resolve_wall=203.184 lce_wall=2593.678 write_wall=26.833 lf_steps=0 cache_hits=0
SLIM_PHASE query-chunks wall=3.594 cumulative=9587.375 peak_rss_kib=171849100
SLIM_PROGRESS runs=831586304/2739737285 resolve_wall=203.447 lce_wall=2596.892 write_wall=26.868 lf_steps=0 cache_hits=0
SLIM_PHASE query-chunks wall=3.512 cumulative=9590.887 peak_rss_kib=171871876
SLIM_PROGRESS runs=832634880/2739737285 resolve_wall=203.713 lce_wall=2600.120 write_wall=26.903 lf_steps=0 cache_hits=0
SLIM_PHASE query-chunks wall=3.529 cumulative=9594.417 peak_rss_kib=171886428
SLIM_PROGRESS runs=833683456/2739737285 resolve_wall=203.976 lce_wall=2603.300 write_wall=26.934 lf_steps=0 cache_hits=0
SLIM_PHASE query-chunks wall=3.475 cumulative=9597.892 peak_rss_kib=171890424
SLIM_PROGRESS runs=834732032/2739737285 resolve_wall=204.238 lce_wall=2606.490 write_wall=26.969 lf_steps=0 cache_hits=0
SLIM_PHASE query-chunks wall=3.486 cumulative=9601.377 peak_rss_kib=171905100
SLIM_PROGRESS runs=835780608/2739737285 resolve_wall=204.501 lce_wall=2609.544 write_wall=27.004 lf_steps=0 cache_hits=0
SLIM_PHASE query-chunks wall=3.352 cumulative=9604.729 peak_rss_kib=171918332
SLIM_PROGRESS runs=836829184/2739737285 resolve_wall=204.762 lce_wall=2612.659 write_wall=27.037 lf_steps=0 cache_hits=0
SLIM_PHASE query-chunks wall=3.410 cumulative=9608.140 peak_rss_kib=171921408
SLIM_PROGRESS runs=837877760/2739737285 resolve_wall=205.025 lce_wall=2616.000 write_wall=27.072 lf_steps=0 cache_hits=0
SLIM_PHASE query-chunks wall=3.639 cumulative=9611.779 peak_rss_kib=171933328
SLIM_PROGRESS runs=838926336/2739737285 resolve_wall=205.289 lce_wall=2619.198 write_wall=27.107 lf_steps=0 cache_hits=0
SLIM_PHASE query-chunks wall=3.497 cumulative=9615.275 peak_rss_kib=171950304
SLIM_PROGRESS runs=839974912/2739737285 resolve_wall=205.549 lce_wall=2622.550 write_wall=27.139 lf_steps=0 cache_hits=0
SLIM_PHASE query-chunks wall=3.645 cumulative=9618.920 peak_rss_kib=171951480
SLIM_PROGRESS runs=841023488/2739737285 resolve_wall=205.815 lce_wall=2626.049 write_wall=27.172 lf_steps=0 cache_hits=0
SLIM_PHASE query-chunks wall=3.799 cumulative=9622.719 peak_rss_kib=171956472
SLIM_PROGRESS runs=842072064/2739737285 resolve_wall=206.077 lce_wall=2628.986 write_wall=27.204 lf_steps=0 cache_hits=0
SLIM_PHASE query-chunks wall=3.230 cumulative=9625.949 peak_rss_kib=171958000
SLIM_PROGRESS runs=843120640/2739737285 resolve_wall=206.341 lce_wall=2631.911 write_wall=27.238 lf_steps=0 cache_hits=0
SLIM_PHASE query-chunks wall=3.223 cumulative=9629.172 peak_rss_kib=171963916
SLIM_PROGRESS runs=844169216/2739737285 resolve_wall=206.603 lce_wall=2634.978 write_wall=27.273 lf_steps=0 cache_hits=0
SLIM_PHASE query-chunks wall=3.365 cumulative=9632.537 peak_rss_kib=171967736
SLIM_PROGRESS runs=845217792/2739737285 resolve_wall=206.863 lce_wall=2637.814 write_wall=27.308 lf_steps=0 cache_hits=0
SLIM_PHASE query-chunks wall=3.130 cumulative=9635.667 peak_rss_kib=171980336
SLIM_PROGRESS runs=846266368/2739737285 resolve_wall=207.126 lce_wall=2640.634 write_wall=27.344 lf_steps=0 cache_hits=0
SLIM_PHASE query-chunks wall=3.120 cumulative=9638.787 peak_rss_kib=171985760
SLIM_PROGRESS runs=847314944/2739737285 resolve_wall=207.389 lce_wall=2643.647 write_wall=27.380 lf_steps=0 cache_hits=0
SLIM_PHASE query-chunks wall=3.312 cumulative=9642.099 peak_rss_kib=171990736
SLIM_PROGRESS runs=848363520/2739737285 resolve_wall=207.651 lce_wall=2646.476 write_wall=27.414 lf_steps=0 cache_hits=0
SLIM_PHASE query-chunks wall=3.126 cumulative=9645.225 peak_rss_kib=171995796
SLIM_PROGRESS runs=849412096/2739737285 resolve_wall=207.913 lce_wall=2649.294 write_wall=27.449 lf_steps=0 cache_hits=0
SLIM_PHASE query-chunks wall=3.115 cumulative=9648.339 peak_rss_kib=172003892
SLIM_PROGRESS runs=850460672/2739737285 resolve_wall=208.175 lce_wall=2652.090 write_wall=27.485 lf_steps=0 cache_hits=0
SLIM_PHASE query-chunks wall=3.093 cumulative=9651.433 peak_rss_kib=172005508
SLIM_PROGRESS runs=851509248/2739737285 resolve_wall=208.436 lce_wall=2655.480 write_wall=27.520 lf_steps=0 cache_hits=0
SLIM_PHASE query-chunks wall=3.687 cumulative=9655.120 peak_rss_kib=172021460
SLIM_PROGRESS runs=852557824/2739737285 resolve_wall=208.699 lce_wall=2658.441 write_wall=27.555 lf_steps=0 cache_hits=0
SLIM_PHASE query-chunks wall=3.258 cumulative=9658.378 peak_rss_kib=172029792
SLIM_PROGRESS runs=853606400/2739737285 resolve_wall=208.960 lce_wall=2661.393 write_wall=27.590 lf_steps=0 cache_hits=0
SLIM_PHASE query-chunks wall=3.249 cumulative=9661.628 peak_rss_kib=172039992
SLIM_PROGRESS runs=854654976/2739737285 resolve_wall=209.221 lce_wall=2664.217 write_wall=27.626 lf_steps=0 cache_hits=0
SLIM_PHASE query-chunks wall=3.120 cumulative=9664.748 peak_rss_kib=172054380
SLIM_PROGRESS runs=855703552/2739737285 resolve_wall=209.483 lce_wall=2667.058 write_wall=27.662 lf_steps=0 cache_hits=0
SLIM_PHASE query-chunks wall=3.140 cumulative=9667.888 peak_rss_kib=172059428
SLIM_PROGRESS runs=856752128/2739737285 resolve_wall=209.746 lce_wall=2669.999 write_wall=27.697 lf_steps=0 cache_hits=0
SLIM_PHASE query-chunks wall=3.238 cumulative=9671.126 peak_rss_kib=172085852
SLIM_PROGRESS runs=857800704/2739737285 resolve_wall=210.008 lce_wall=2672.844 write_wall=27.729 lf_steps=0 cache_hits=0
SLIM_PHASE query-chunks wall=3.140 cumulative=9674.266 peak_rss_kib=172098192
SLIM_PROGRESS runs=858849280/2739737285 resolve_wall=210.269 lce_wall=2676.296 write_wall=27.763 lf_steps=0 cache_hits=0
SLIM_PHASE query-chunks wall=3.748 cumulative=9678.013 peak_rss_kib=172106120
SLIM_PROGRESS runs=859897856/2739737285 resolve_wall=210.531 lce_wall=2679.333 write_wall=27.799 lf_steps=0 cache_hits=0
SLIM_PHASE query-chunks wall=3.334 cumulative=9681.348 peak_rss_kib=172110216
SLIM_PROGRESS runs=860946432/2739737285 resolve_wall=210.794 lce_wall=2682.197 write_wall=27.833 lf_steps=0 cache_hits=0
SLIM_PHASE query-chunks wall=3.162 cumulative=9684.509 peak_rss_kib=172120400
SLIM_PROGRESS runs=861995008/2739737285 resolve_wall=211.057 lce_wall=2685.053 write_wall=27.866 lf_steps=0 cache_hits=0
SLIM_PHASE query-chunks wall=3.152 cumulative=9687.661 peak_rss_kib=172129472
SLIM_PROGRESS runs=863043584/2739737285 resolve_wall=211.319 lce_wall=2687.922 write_wall=27.901 lf_steps=0 cache_hits=0
SLIM_PHASE query-chunks wall=3.167 cumulative=9690.828 peak_rss_kib=172135500
SLIM_PROGRESS runs=864092160/2739737285 resolve_wall=211.582 lce_wall=2690.744 write_wall=27.937 lf_steps=0 cache_hits=0
SLIM_PHASE query-chunks wall=3.120 cumulative=9693.949 peak_rss_kib=172135500
SLIM_PROGRESS runs=865140736/2739737285 resolve_wall=211.845 lce_wall=2693.523 write_wall=27.972 lf_steps=0 cache_hits=0
SLIM_PHASE query-chunks wall=3.078 cumulative=9697.026 peak_rss_kib=172143948
SLIM_PROGRESS runs=866189312/2739737285 resolve_wall=212.107 lce_wall=2696.636 write_wall=28.007 lf_steps=0 cache_hits=0
SLIM_PHASE query-chunks wall=3.409 cumulative=9700.435 peak_rss_kib=172152744
SLIM_PROGRESS runs=867237888/2739737285 resolve_wall=212.368 lce_wall=2699.831 write_wall=28.041 lf_steps=0 cache_hits=0
SLIM_PHASE query-chunks wall=3.491 cumulative=9703.926 peak_rss_kib=172161448
SLIM_PROGRESS runs=868286464/2739737285 resolve_wall=212.633 lce_wall=2703.037 write_wall=28.075 lf_steps=0 cache_hits=0
SLIM_PHASE query-chunks wall=3.505 cumulative=9707.431 peak_rss_kib=172162616
SLIM_PROGRESS runs=869335040/2739737285 resolve_wall=212.899 lce_wall=2706.027 write_wall=28.118 lf_steps=0 cache_hits=0
SLIM_PHASE query-chunks wall=3.299 cumulative=9710.730 peak_rss_kib=172176928
SLIM_PROGRESS runs=870383616/2739737285 resolve_wall=213.163 lce_wall=2710.370 write_wall=28.154 lf_steps=0 cache_hits=0
SLIM_PHASE query-chunks wall=4.643 cumulative=9715.373 peak_rss_kib=172179288
SLIM_PROGRESS runs=871432192/2739737285 resolve_wall=213.423 lce_wall=2715.419 write_wall=28.189 lf_steps=0 cache_hits=0
SLIM_PHASE query-chunks wall=5.344 cumulative=9720.717 peak_rss_kib=172187180
SLIM_PROGRESS runs=872480768/2739737285 resolve_wall=213.684 lce_wall=2720.390 write_wall=28.224 lf_steps=0 cache_hits=0
SLIM_PHASE query-chunks wall=5.268 cumulative=9725.985 peak_rss_kib=172197236
SLIM_PROGRESS runs=873529344/2739737285 resolve_wall=213.946 lce_wall=2724.241 write_wall=28.257 lf_steps=0 cache_hits=0
SLIM_PHASE query-chunks wall=4.146 cumulative=9730.131 peak_rss_kib=172204276
SLIM_PROGRESS runs=874577920/2739737285 resolve_wall=214.211 lce_wall=2727.588 write_wall=28.290 lf_steps=0 cache_hits=0
SLIM_PHASE query-chunks wall=3.646 cumulative=9733.777 peak_rss_kib=172212140
SLIM_PROGRESS runs=875626496/2739737285 resolve_wall=214.481 lce_wall=2730.948 write_wall=28.324 lf_steps=0 cache_hits=0
SLIM_PHASE query-chunks wall=3.662 cumulative=9737.439 peak_rss_kib=172230408
SLIM_PROGRESS runs=876675072/2739737285 resolve_wall=214.747 lce_wall=2734.351 write_wall=28.357 lf_steps=0 cache_hits=0
SLIM_PHASE query-chunks wall=3.703 cumulative=9741.142 peak_rss_kib=172247036
SLIM_PROGRESS runs=877723648/2739737285 resolve_wall=215.014 lce_wall=2737.621 write_wall=28.392 lf_steps=0 cache_hits=0
SLIM_PHASE query-chunks wall=3.573 cumulative=9744.715 peak_rss_kib=172253372
SLIM_PROGRESS runs=878772224/2739737285 resolve_wall=215.280 lce_wall=2740.919 write_wall=28.428 lf_steps=0 cache_hits=0
SLIM_PHASE query-chunks wall=3.599 cumulative=9748.314 peak_rss_kib=172262064
SLIM_PROGRESS runs=879820800/2739737285 resolve_wall=215.548 lce_wall=2744.192 write_wall=28.462 lf_steps=0 cache_hits=0
SLIM_PHASE query-chunks wall=3.577 cumulative=9751.891 peak_rss_kib=172271364
SLIM_PROGRESS runs=880869376/2739737285 resolve_wall=215.815 lce_wall=2747.743 write_wall=28.497 lf_steps=0 cache_hits=0
SLIM_PHASE query-chunks wall=3.852 cumulative=9755.743 peak_rss_kib=172274052
SLIM_PROGRESS runs=881917952/2739737285 resolve_wall=216.080 lce_wall=2750.993 write_wall=28.532 lf_steps=0 cache_hits=0
SLIM_PHASE query-chunks wall=3.550 cumulative=9759.293 peak_rss_kib=172280348
SLIM_PROGRESS runs=882966528/2739737285 resolve_wall=216.344 lce_wall=2754.278 write_wall=28.566 lf_steps=0 cache_hits=0
SLIM_PHASE query-chunks wall=3.583 cumulative=9762.876 peak_rss_kib=172283036
SLIM_PROGRESS runs=884015104/2739737285 resolve_wall=216.609 lce_wall=2757.620 write_wall=28.598 lf_steps=0 cache_hits=0
SLIM_PHASE query-chunks wall=3.639 cumulative=9766.515 peak_rss_kib=172293560
SLIM_PROGRESS runs=885063680/2739737285 resolve_wall=216.873 lce_wall=2760.941 write_wall=28.633 lf_steps=0 cache_hits=0
SLIM_PHASE query-chunks wall=3.621 cumulative=9770.136 peak_rss_kib=172299268
SLIM_PROGRESS runs=886112256/2739737285 resolve_wall=217.138 lce_wall=2764.578 write_wall=28.668 lf_steps=0 cache_hits=0
SLIM_PHASE query-chunks wall=3.938 cumulative=9774.073 peak_rss_kib=172305876
SLIM_PROGRESS runs=887160832/2739737285 resolve_wall=217.404 lce_wall=2767.897 write_wall=28.702 lf_steps=0 cache_hits=0
SLIM_PHASE query-chunks wall=3.619 cumulative=9777.693 peak_rss_kib=172315988
SLIM_PROGRESS runs=888209408/2739737285 resolve_wall=217.668 lce_wall=2771.371 write_wall=28.738 lf_steps=0 cache_hits=0
SLIM_PHASE query-chunks wall=3.774 cumulative=9781.466 peak_rss_kib=172318580
SLIM_PROGRESS runs=889257984/2739737285 resolve_wall=217.931 lce_wall=2774.715 write_wall=28.772 lf_steps=0 cache_hits=0
SLIM_PHASE query-chunks wall=3.640 cumulative=9785.106 peak_rss_kib=172324196
SLIM_PROGRESS runs=890306560/2739737285 resolve_wall=218.197 lce_wall=2778.077 write_wall=28.806 lf_steps=0 cache_hits=0
SLIM_PHASE query-chunks wall=3.663 cumulative=9788.770 peak_rss_kib=172325124
SLIM_PROGRESS runs=891355136/2739737285 resolve_wall=218.463 lce_wall=2781.341 write_wall=28.841 lf_steps=0 cache_hits=0
SLIM_PHASE query-chunks wall=3.564 cumulative=9792.333 peak_rss_kib=172334712
SLIM_PROGRESS runs=892403712/2739737285 resolve_wall=218.727 lce_wall=2784.455 write_wall=28.876 lf_steps=0 cache_hits=0
SLIM_PHASE query-chunks wall=3.414 cumulative=9795.748 peak_rss_kib=172338248
SLIM_PROGRESS runs=893452288/2739737285 resolve_wall=218.992 lce_wall=2787.850 write_wall=28.909 lf_steps=0 cache_hits=0
SLIM_PHASE query-chunks wall=3.693 cumulative=9799.441 peak_rss_kib=172338576
SLIM_PROGRESS runs=894500864/2739737285 resolve_wall=219.257 lce_wall=2791.204 write_wall=28.943 lf_steps=0 cache_hits=0
SLIM_PHASE query-chunks wall=3.654 cumulative=9803.095 peak_rss_kib=172345596
SLIM_PROGRESS runs=895549440/2739737285 resolve_wall=219.521 lce_wall=2794.479 write_wall=28.978 lf_steps=0 cache_hits=0
SLIM_PHASE query-chunks wall=3.574 cumulative=9806.668 peak_rss_kib=172354376
SLIM_PROGRESS runs=896598016/2739737285 resolve_wall=219.786 lce_wall=2797.622 write_wall=29.013 lf_steps=0 cache_hits=0
SLIM_PHASE query-chunks wall=3.443 cumulative=9810.111 peak_rss_kib=172362200
SLIM_PROGRESS runs=897646592/2739737285 resolve_wall=220.049 lce_wall=2800.694 write_wall=29.047 lf_steps=0 cache_hits=0
SLIM_PHASE query-chunks wall=3.370 cumulative=9813.481 peak_rss_kib=172374124
SLIM_PROGRESS runs=898695168/2739737285 resolve_wall=220.312 lce_wall=2804.040 write_wall=29.082 lf_steps=0 cache_hits=0
SLIM_PHASE query-chunks wall=3.643 cumulative=9817.125 peak_rss_kib=172393036
SLIM_PROGRESS runs=899743744/2739737285 resolve_wall=220.575 lce_wall=2807.153 write_wall=29.117 lf_steps=0 cache_hits=0
SLIM_PHASE query-chunks wall=3.411 cumulative=9820.536 peak_rss_kib=172405444
SLIM_PROGRESS runs=900792320/2739737285 resolve_wall=220.836 lce_wall=2810.059 write_wall=29.152 lf_steps=0 cache_hits=0
SLIM_PHASE query-chunks wall=3.202 cumulative=9823.738 peak_rss_kib=172418044
SLIM_PROGRESS runs=901840896/2739737285 resolve_wall=221.099 lce_wall=2813.271 write_wall=29.187 lf_steps=0 cache_hits=0
SLIM_PHASE query-chunks wall=3.509 cumulative=9827.247 peak_rss_kib=172429756
SLIM_PROGRESS runs=902889472/2739737285 resolve_wall=221.359 lce_wall=2816.244 write_wall=29.219 lf_steps=0 cache_hits=0
SLIM_PHASE query-chunks wall=3.266 cumulative=9830.513 peak_rss_kib=172437328
SLIM_PROGRESS runs=903938048/2739737285 resolve_wall=221.620 lce_wall=2819.057 write_wall=29.253 lf_steps=0 cache_hits=0
SLIM_PHASE query-chunks wall=3.109 cumulative=9833.622 peak_rss_kib=172446164
SLIM_PROGRESS runs=904986624/2739737285 resolve_wall=221.882 lce_wall=2821.928 write_wall=29.288 lf_steps=0 cache_hits=0
SLIM_PHASE query-chunks wall=3.167 cumulative=9836.789 peak_rss_kib=172449880
SLIM_PROGRESS runs=906035200/2739737285 resolve_wall=222.147 lce_wall=2824.957 write_wall=29.322 lf_steps=0 cache_hits=0
SLIM_PHASE query-chunks wall=3.329 cumulative=9840.118 peak_rss_kib=172452024
SLIM_PROGRESS runs=907083776/2739737285 resolve_wall=222.408 lce_wall=2828.194 write_wall=29.355 lf_steps=0 cache_hits=0
SLIM_PHASE query-chunks wall=3.530 cumulative=9843.649 peak_rss_kib=172463128
SLIM_PROGRESS runs=908132352/2739737285 resolve_wall=222.678 lce_wall=2831.403 write_wall=29.390 lf_steps=0 cache_hits=0
SLIM_PHASE query-chunks wall=3.513 cumulative=9847.162 peak_rss_kib=172477768
SLIM_PROGRESS runs=909180928/2739737285 resolve_wall=222.943 lce_wall=2834.442 write_wall=29.425 lf_steps=0 cache_hits=0
SLIM_PHASE query-chunks wall=3.340 cumulative=9850.502 peak_rss_kib=172482896
SLIM_PROGRESS runs=910229504/2739737285 resolve_wall=223.205 lce_wall=2837.320 write_wall=29.461 lf_steps=0 cache_hits=0
SLIM_PHASE query-chunks wall=3.176 cumulative=9853.678 peak_rss_kib=172494028
SLIM_PROGRESS runs=911278080/2739737285 resolve_wall=223.469 lce_wall=2840.256 write_wall=29.496 lf_steps=0 cache_hits=0
SLIM_PHASE query-chunks wall=3.235 cumulative=9856.913 peak_rss_kib=172507720
SLIM_PROGRESS runs=912326656/2739737285 resolve_wall=223.730 lce_wall=2843.498 write_wall=29.531 lf_steps=0 cache_hits=0
SLIM_PHASE query-chunks wall=3.539 cumulative=9860.452 peak_rss_kib=172513816
SLIM_PROGRESS runs=913375232/2739737285 resolve_wall=223.993 lce_wall=2846.763 write_wall=29.565 lf_steps=0 cache_hits=0
SLIM_PHASE query-chunks wall=3.561 cumulative=9864.013 peak_rss_kib=172528224
SLIM_PROGRESS runs=914423808/2739737285 resolve_wall=224.255 lce_wall=2849.772 write_wall=29.600 lf_steps=0 cache_hits=0
SLIM_PHASE query-chunks wall=3.307 cumulative=9867.321 peak_rss_kib=172535444
SLIM_PROGRESS runs=915472384/2739737285 resolve_wall=224.518 lce_wall=2853.222 write_wall=29.635 lf_steps=0 cache_hits=0
SLIM_PHASE query-chunks wall=3.748 cumulative=9871.069 peak_rss_kib=172553364
SLIM_PROGRESS runs=916520960/2739737285 resolve_wall=224.778 lce_wall=2856.241 write_wall=29.669 lf_steps=0 cache_hits=0
SLIM_PHASE query-chunks wall=3.312 cumulative=9874.381 peak_rss_kib=172554604
SLIM_PROGRESS runs=917569536/2739737285 resolve_wall=225.055 lce_wall=2858.996 write_wall=29.711 lf_steps=0 cache_hits=0
SLIM_PHASE query-chunks wall=3.075 cumulative=9877.456 peak_rss_kib=172561300
SLIM_PROGRESS runs=918618112/2739737285 resolve_wall=225.342 lce_wall=2861.863 write_wall=29.746 lf_steps=0 cache_hits=0
SLIM_PHASE query-chunks wall=3.189 cumulative=9880.645 peak_rss_kib=172563324
SLIM_PROGRESS runs=919666688/2739737285 resolve_wall=225.653 lce_wall=2864.872 write_wall=29.782 lf_steps=0 cache_hits=0
SLIM_PHASE query-chunks wall=3.356 cumulative=9884.001 peak_rss_kib=172571516
SLIM_PROGRESS runs=920715264/2739737285 resolve_wall=225.928 lce_wall=2867.807 write_wall=29.817 lf_steps=0 cache_hits=0
SLIM_PHASE query-chunks wall=3.245 cumulative=9887.246 peak_rss_kib=172573460
SLIM_PROGRESS runs=921763840/2739737285 resolve_wall=226.203 lce_wall=2870.741 write_wall=29.854 lf_steps=0 cache_hits=0
SLIM_PHASE query-chunks wall=3.247 cumulative=9890.492 peak_rss_kib=172573460
SLIM_PROGRESS runs=922812416/2739737285 resolve_wall=226.508 lce_wall=2874.027 write_wall=29.894 lf_steps=0 cache_hits=0
SLIM_PHASE query-chunks wall=3.630 cumulative=9894.123 peak_rss_kib=172579560
SLIM_PROGRESS runs=923860992/2739737285 resolve_wall=226.814 lce_wall=2877.318 write_wall=29.930 lf_steps=0 cache_hits=0
SLIM_PHASE query-chunks wall=3.634 cumulative=9897.756 peak_rss_kib=172580184
SLIM_PROGRESS runs=924909568/2739737285 resolve_wall=227.105 lce_wall=2880.458 write_wall=29.965 lf_steps=0 cache_hits=0
SLIM_PHASE query-chunks wall=3.467 cumulative=9901.223 peak_rss_kib=172597500
SLIM_PROGRESS runs=925958144/2739737285 resolve_wall=227.368 lce_wall=2883.394 write_wall=29.997 lf_steps=0 cache_hits=0
SLIM_PHASE query-chunks wall=3.231 cumulative=9904.454 peak_rss_kib=172611324
SLIM_PROGRESS runs=927006720/2739737285 resolve_wall=227.633 lce_wall=2886.254 write_wall=30.033 lf_steps=0 cache_hits=0
SLIM_PHASE query-chunks wall=3.161 cumulative=9907.615 peak_rss_kib=172623912
SLIM_PROGRESS runs=928055296/2739737285 resolve_wall=227.905 lce_wall=2889.156 write_wall=30.067 lf_steps=0 cache_hits=0
SLIM_PHASE query-chunks wall=3.208 cumulative=9910.823 peak_rss_kib=172631356
SLIM_PROGRESS runs=929103872/2739737285 resolve_wall=228.177 lce_wall=2892.029 write_wall=30.100 lf_steps=0 cache_hits=0
SLIM_PHASE query-chunks wall=3.177 cumulative=9914.000 peak_rss_kib=172638684
SLIM_PROGRESS runs=930152448/2739737285 resolve_wall=228.450 lce_wall=2894.932 write_wall=30.132 lf_steps=0 cache_hits=0
SLIM_PHASE query-chunks wall=3.210 cumulative=9917.210 peak_rss_kib=172644488
SLIM_PROGRESS runs=931201024/2739737285 resolve_wall=228.728 lce_wall=2897.818 write_wall=30.166 lf_steps=0 cache_hits=0
SLIM_PHASE query-chunks wall=3.197 cumulative=9920.407 peak_rss_kib=172647024
SLIM_PROGRESS runs=932249600/2739737285 resolve_wall=228.994 lce_wall=2901.037 write_wall=30.198 lf_steps=0 cache_hits=0
SLIM_PHASE query-chunks wall=3.518 cumulative=9923.925 peak_rss_kib=172655868
SLIM_PROGRESS runs=933298176/2739737285 resolve_wall=229.269 lce_wall=2904.110 write_wall=30.232 lf_steps=0 cache_hits=0
SLIM_PHASE query-chunks wall=3.383 cumulative=9927.308 peak_rss_kib=172670248
SLIM_PROGRESS runs=934346752/2739737285 resolve_wall=229.534 lce_wall=2907.116 write_wall=30.264 lf_steps=0 cache_hits=0
SLIM_PHASE query-chunks wall=3.303 cumulative=9930.610 peak_rss_kib=172683100
SLIM_PROGRESS runs=935395328/2739737285 resolve_wall=229.815 lce_wall=2910.165 write_wall=30.298 lf_steps=0 cache_hits=0
SLIM_PHASE query-chunks wall=3.363 cumulative=9933.974 peak_rss_kib=172690392
SLIM_PROGRESS runs=936443904/2739737285 resolve_wall=230.084 lce_wall=2913.131 write_wall=30.329 lf_steps=0 cache_hits=0
SLIM_PHASE query-chunks wall=3.266 cumulative=9937.240 peak_rss_kib=172691900
SLIM_PROGRESS runs=937492480/2739737285 resolve_wall=230.348 lce_wall=2915.996 write_wall=30.362 lf_steps=0 cache_hits=0
SLIM_PHASE query-chunks wall=3.162 cumulative=9940.402 peak_rss_kib=172704028
SLIM_PROGRESS runs=938541056/2739737285 resolve_wall=230.614 lce_wall=2919.285 write_wall=30.394 lf_steps=0 cache_hits=0
SLIM_PHASE query-chunks wall=3.587 cumulative=9943.990 peak_rss_kib=172711012
SLIM_PROGRESS runs=939589632/2739737285 resolve_wall=230.875 lce_wall=2922.412 write_wall=30.430 lf_steps=0 cache_hits=0
SLIM_PHASE query-chunks wall=3.425 cumulative=9947.414 peak_rss_kib=172711012
SLIM_PROGRESS runs=940638208/2739737285 resolve_wall=231.138 lce_wall=2925.530 write_wall=30.465 lf_steps=0 cache_hits=0
SLIM_PHASE query-chunks wall=3.416 cumulative=9950.830 peak_rss_kib=172733092
SLIM_PROGRESS runs=941686784/2739737285 resolve_wall=231.412 lce_wall=2928.399 write_wall=30.501 lf_steps=0 cache_hits=0
SLIM_PHASE query-chunks wall=3.179 cumulative=9954.009 peak_rss_kib=172735356
SLIM_PROGRESS runs=942735360/2739737285 resolve_wall=231.679 lce_wall=2931.137 write_wall=30.535 lf_steps=0 cache_hits=0
SLIM_PHASE query-chunks wall=3.040 cumulative=9957.048 peak_rss_kib=172741128
SLIM_PROGRESS runs=943783936/2739737285 resolve_wall=231.938 lce_wall=2934.058 write_wall=30.569 lf_steps=0 cache_hits=0
SLIM_PHASE query-chunks wall=3.215 cumulative=9960.263 peak_rss_kib=172741936
SLIM_PROGRESS runs=944832512/2739737285 resolve_wall=232.205 lce_wall=2936.804 write_wall=30.605 lf_steps=0 cache_hits=0
SLIM_PHASE query-chunks wall=3.049 cumulative=9963.311 peak_rss_kib=172745036
SLIM_PROGRESS runs=945881088/2739737285 resolve_wall=232.468 lce_wall=2939.797 write_wall=30.640 lf_steps=0 cache_hits=0
SLIM_PHASE query-chunks wall=3.291 cumulative=9966.603 peak_rss_kib=172752124
SLIM_PROGRESS runs=946929664/2739737285 resolve_wall=232.733 lce_wall=2943.008 write_wall=30.673 lf_steps=0 cache_hits=0
SLIM_PHASE query-chunks wall=3.509 cumulative=9970.112 peak_rss_kib=172754844
SLIM_PROGRESS runs=947978240/2739737285 resolve_wall=232.996 lce_wall=2945.988 write_wall=30.709 lf_steps=0 cache_hits=0
SLIM_PHASE query-chunks wall=3.281 cumulative=9973.392 peak_rss_kib=172767916
SLIM_PROGRESS runs=949026816/2739737285 resolve_wall=233.260 lce_wall=2948.687 write_wall=30.744 lf_steps=0 cache_hits=0
SLIM_PHASE query-chunks wall=2.997 cumulative=9976.389 peak_rss_kib=172768500
SLIM_PROGRESS runs=950075392/2739737285 resolve_wall=233.522 lce_wall=2951.595 write_wall=30.779 lf_steps=0 cache_hits=0
SLIM_PHASE query-chunks wall=3.205 cumulative=9979.594 peak_rss_kib=172779592
SLIM_PROGRESS runs=951123968/2739737285 resolve_wall=233.802 lce_wall=2955.312 write_wall=30.820 lf_steps=0 cache_hits=0
SLIM_PHASE query-chunks wall=4.038 cumulative=9983.632 peak_rss_kib=172795052
SLIM_PROGRESS runs=952172544/2739737285 resolve_wall=234.104 lce_wall=2958.650 write_wall=30.851 lf_steps=0 cache_hits=0
SLIM_PHASE query-chunks wall=3.672 cumulative=9987.304 peak_rss_kib=172807964
SLIM_PROGRESS runs=953221120/2739737285 resolve_wall=234.365 lce_wall=2961.781 write_wall=30.885 lf_steps=0 cache_hits=0
SLIM_PHASE query-chunks wall=3.426 cumulative=9990.730 peak_rss_kib=172824388
SLIM_PROGRESS runs=954269696/2739737285 resolve_wall=234.625 lce_wall=2964.865 write_wall=30.917 lf_steps=0 cache_hits=0
SLIM_PHASE query-chunks wall=3.376 cumulative=9994.107 peak_rss_kib=172836972
SLIM_PROGRESS runs=955318272/2739737285 resolve_wall=234.896 lce_wall=2967.961 write_wall=30.955 lf_steps=0 cache_hits=0
SLIM_PHASE query-chunks wall=3.405 cumulative=9997.511 peak_rss_kib=172840004
SLIM_PROGRESS runs=956366848/2739737285 resolve_wall=235.165 lce_wall=2970.850 write_wall=30.989 lf_steps=0 cache_hits=0
SLIM_PHASE query-chunks wall=3.191 cumulative=10000.703 peak_rss_kib=172848496
SLIM_PROGRESS runs=957415424/2739737285 resolve_wall=235.427 lce_wall=2973.623 write_wall=31.023 lf_steps=0 cache_hits=0
SLIM_PHASE query-chunks wall=3.070 cumulative=10003.773 peak_rss_kib=172859248
SLIM_PROGRESS runs=958464000/2739737285 resolve_wall=235.690 lce_wall=2976.625 write_wall=31.057 lf_steps=0 cache_hits=0
SLIM_PHASE query-chunks wall=3.300 cumulative=10007.073 peak_rss_kib=172869124
SLIM_PROGRESS runs=959512576/2739737285 resolve_wall=235.953 lce_wall=2979.573 write_wall=31.092 lf_steps=0 cache_hits=0
SLIM_PHASE query-chunks wall=3.245 cumulative=10010.318 peak_rss_kib=172880560
SLIM_PROGRESS runs=960561152/2739737285 resolve_wall=236.218 lce_wall=2982.680 write_wall=31.125 lf_steps=0 cache_hits=0
SLIM_PHASE query-chunks wall=3.406 cumulative=10013.724 peak_rss_kib=172880560
SLIM_PROGRESS runs=961609728/2739737285 resolve_wall=236.481 lce_wall=2985.939 write_wall=31.160 lf_steps=0 cache_hits=0
SLIM_PHASE query-chunks wall=3.556 cumulative=10017.281 peak_rss_kib=172889104
SLIM_PROGRESS runs=962658304/2739737285 resolve_wall=236.743 lce_wall=2988.898 write_wall=31.193 lf_steps=0 cache_hits=0
SLIM_PHASE query-chunks wall=3.253 cumulative=10020.534 peak_rss_kib=172901956
SLIM_PROGRESS runs=963706880/2739737285 resolve_wall=237.005 lce_wall=2991.926 write_wall=31.227 lf_steps=0 cache_hits=0
SLIM_PHASE query-chunks wall=3.325 cumulative=10023.859 peak_rss_kib=172915220
SLIM_PROGRESS runs=964755456/2739737285 resolve_wall=237.271 lce_wall=2994.733 write_wall=31.262 lf_steps=0 cache_hits=0
SLIM_PHASE query-chunks wall=3.108 cumulative=10026.966 peak_rss_kib=172922756
SLIM_PROGRESS runs=965804032/2739737285 resolve_wall=237.533 lce_wall=2997.554 write_wall=31.296 lf_steps=0 cache_hits=0
SLIM_PHASE query-chunks wall=3.118 cumulative=10030.084 peak_rss_kib=172931988
SLIM_PROGRESS runs=966852608/2739737285 resolve_wall=237.796 lce_wall=3000.463 write_wall=31.330 lf_steps=0 cache_hits=0
SLIM_PHASE query-chunks wall=3.206 cumulative=10033.290 peak_rss_kib=172936452
SLIM_PROGRESS runs=967901184/2739737285 resolve_wall=238.057 lce_wall=3004.119 write_wall=31.364 lf_steps=0 cache_hits=0
SLIM_PHASE query-chunks wall=3.951 cumulative=10037.241 peak_rss_kib=172944444
SLIM_PROGRESS runs=968949760/2739737285 resolve_wall=238.321 lce_wall=3006.977 write_wall=31.397 lf_steps=0 cache_hits=0
SLIM_PHASE query-chunks wall=3.155 cumulative=10040.396 peak_rss_kib=172965552
SLIM_PROGRESS runs=969998336/2739737285 resolve_wall=238.583 lce_wall=3010.177 write_wall=31.433 lf_steps=0 cache_hits=0
SLIM_PHASE query-chunks wall=3.499 cumulative=10043.895 peak_rss_kib=172974256
SLIM_PROGRESS runs=971046912/2739737285 resolve_wall=238.846 lce_wall=3013.045 write_wall=31.468 lf_steps=0 cache_hits=0
SLIM_PHASE query-chunks wall=3.165 cumulative=10047.060 peak_rss_kib=172981680
SLIM_PROGRESS runs=972095488/2739737285 resolve_wall=239.111 lce_wall=3016.238 write_wall=31.503 lf_steps=0 cache_hits=0
SLIM_PHASE query-chunks wall=3.495 cumulative=10050.555 peak_rss_kib=172984632
SLIM_PROGRESS runs=973144064/2739737285 resolve_wall=239.377 lce_wall=3019.502 write_wall=31.537 lf_steps=0 cache_hits=0
SLIM_PHASE query-chunks wall=3.563 cumulative=10054.118 peak_rss_kib=172985528
SLIM_PROGRESS runs=974192640/2739737285 resolve_wall=239.637 lce_wall=3022.842 write_wall=31.569 lf_steps=0 cache_hits=0
SLIM_PHASE query-chunks wall=3.632 cumulative=10057.750 peak_rss_kib=172991700
SLIM_PROGRESS runs=975241216/2739737285 resolve_wall=239.901 lce_wall=3025.766 write_wall=31.602 lf_steps=0 cache_hits=0
SLIM_PHASE query-chunks wall=3.222 cumulative=10060.972 peak_rss_kib=172994416
SLIM_PROGRESS runs=976289792/2739737285 resolve_wall=240.168 lce_wall=3028.675 write_wall=31.638 lf_steps=0 cache_hits=0
SLIM_PHASE query-chunks wall=3.212 cumulative=10064.183 peak_rss_kib=173000632
SLIM_PROGRESS runs=977338368/2739737285 resolve_wall=240.433 lce_wall=3031.647 write_wall=31.672 lf_steps=0 cache_hits=0
SLIM_PHASE query-chunks wall=3.272 cumulative=10067.455 peak_rss_kib=173007452
SLIM_PROGRESS runs=978386944/2739737285 resolve_wall=240.695 lce_wall=3034.544 write_wall=31.707 lf_steps=0 cache_hits=0
SLIM_PHASE query-chunks wall=3.194 cumulative=10070.649 peak_rss_kib=173017036
SLIM_PROGRESS runs=979435520/2739737285 resolve_wall=240.961 lce_wall=3037.784 write_wall=31.742 lf_steps=0 cache_hits=0
SLIM_PHASE query-chunks wall=3.540 cumulative=10074.190 peak_rss_kib=173027328
SLIM_PROGRESS runs=980484096/2739737285 resolve_wall=241.222 lce_wall=3040.761 write_wall=31.775 lf_steps=0 cache_hits=0
SLIM_PHASE query-chunks wall=3.271 cumulative=10077.461 peak_rss_kib=173028044
SLIM_PROGRESS runs=981532672/2739737285 resolve_wall=241.485 lce_wall=3043.453 write_wall=31.808 lf_steps=0 cache_hits=0
SLIM_PHASE query-chunks wall=2.987 cumulative=10080.449 peak_rss_kib=173041500
SLIM_PROGRESS runs=982581248/2739737285 resolve_wall=241.750 lce_wall=3046.347 write_wall=31.843 lf_steps=0 cache_hits=0
SLIM_PHASE query-chunks wall=3.195 cumulative=10083.644 peak_rss_kib=173049196
SLIM_PROGRESS runs=983629824/2739737285 resolve_wall=242.014 lce_wall=3049.167 write_wall=31.876 lf_steps=0 cache_hits=0
SLIM_PHASE query-chunks wall=3.117 cumulative=10086.761 peak_rss_kib=173065784
SLIM_PROGRESS runs=984678400/2739737285 resolve_wall=242.276 lce_wall=3052.063 write_wall=31.911 lf_steps=0 cache_hits=0
SLIM_PHASE query-chunks wall=3.193 cumulative=10089.954 peak_rss_kib=173074684
SLIM_PROGRESS runs=985726976/2739737285 resolve_wall=242.539 lce_wall=3054.890 write_wall=31.946 lf_steps=0 cache_hits=0
SLIM_PHASE query-chunks wall=3.126 cumulative=10093.079 peak_rss_kib=173074684
SLIM_PROGRESS runs=986775552/2739737285 resolve_wall=242.803 lce_wall=3057.672 write_wall=31.982 lf_steps=0 cache_hits=0
SLIM_PHASE query-chunks wall=3.082 cumulative=10096.161 peak_rss_kib=173084540
SLIM_PROGRESS runs=987824128/2739737285 resolve_wall=243.065 lce_wall=3060.673 write_wall=32.017 lf_steps=0 cache_hits=0
SLIM_PHASE query-chunks wall=3.298 cumulative=10099.459 peak_rss_kib=173089588
SLIM_PROGRESS runs=988872704/2739737285 resolve_wall=243.327 lce_wall=3063.449 write_wall=32.051 lf_steps=0 cache_hits=0
SLIM_PHASE query-chunks wall=3.072 cumulative=10102.531 peak_rss_kib=173089588
SLIM_PROGRESS runs=989921280/2739737285 resolve_wall=243.591 lce_wall=3066.228 write_wall=32.086 lf_steps=0 cache_hits=0
SLIM_PHASE query-chunks wall=3.079 cumulative=10105.610 peak_rss_kib=173093648
SLIM_PROGRESS runs=990969856/2739737285 resolve_wall=243.852 lce_wall=3069.561 write_wall=32.122 lf_steps=0 cache_hits=0
SLIM_PHASE query-chunks wall=3.630 cumulative=10109.240 peak_rss_kib=173103536
SLIM_PROGRESS runs=992018432/2739737285 resolve_wall=244.114 lce_wall=3072.546 write_wall=32.154 lf_steps=0 cache_hits=0
SLIM_PHASE query-chunks wall=3.279 cumulative=10112.519 peak_rss_kib=173115964
SLIM_PROGRESS runs=993067008/2739737285 resolve_wall=244.375 lce_wall=3076.223 write_wall=32.187 lf_steps=0 cache_hits=0
SLIM_PHASE query-chunks wall=3.971 cumulative=10116.491 peak_rss_kib=173132896
SLIM_PROGRESS runs=994115584/2739737285 resolve_wall=244.638 lce_wall=3079.382 write_wall=32.223 lf_steps=0 cache_hits=0
SLIM_PHASE query-chunks wall=3.457 cumulative=10119.948 peak_rss_kib=173140312
SLIM_PROGRESS runs=995164160/2739737285 resolve_wall=244.902 lce_wall=3082.520 write_wall=32.258 lf_steps=0 cache_hits=0
SLIM_PHASE query-chunks wall=3.437 cumulative=10123.385 peak_rss_kib=173145940
SLIM_PROGRESS runs=996212736/2739737285 resolve_wall=245.164 lce_wall=3085.458 write_wall=32.292 lf_steps=0 cache_hits=0
SLIM_PHASE query-chunks wall=3.234 cumulative=10126.619 peak_rss_kib=173150940
SLIM_PROGRESS runs=997261312/2739737285 resolve_wall=245.426 lce_wall=3088.332 write_wall=32.327 lf_steps=0 cache_hits=0
SLIM_PHASE query-chunks wall=3.172 cumulative=10129.791 peak_rss_kib=173161904
SLIM_PROGRESS runs=998309888/2739737285 resolve_wall=245.690 lce_wall=3091.307 write_wall=32.362 lf_steps=0 cache_hits=0
SLIM_PHASE query-chunks wall=3.274 cumulative=10133.065 peak_rss_kib=173168560
SLIM_PROGRESS runs=999358464/2739737285 resolve_wall=245.952 lce_wall=3094.579 write_wall=32.397 lf_steps=0 cache_hits=0
SLIM_PHASE query-chunks wall=3.569 cumulative=10136.634 peak_rss_kib=173192768
SLIM_PROGRESS runs=1000407040/2739737285 resolve_wall=246.215 lce_wall=3097.793 write_wall=32.432 lf_steps=0 cache_hits=0
SLIM_PHASE query-chunks wall=3.512 cumulative=10140.146 peak_rss_kib=173201720
SLIM_PROGRESS runs=1001455616/2739737285 resolve_wall=246.479 lce_wall=3100.896 write_wall=32.468 lf_steps=0 cache_hits=0
SLIM_PHASE query-chunks wall=3.403 cumulative=10143.548 peak_rss_kib=173214848
SLIM_PROGRESS runs=1002504192/2739737285 resolve_wall=246.740 lce_wall=3105.238 write_wall=32.503 lf_steps=0 cache_hits=0
SLIM_PHASE query-chunks wall=4.638 cumulative=10148.187 peak_rss_kib=173215500
SLIM_PROGRESS runs=1003552768/2739737285 resolve_wall=247.001 lce_wall=3109.512 write_wall=32.539 lf_steps=0 cache_hits=0
SLIM_PHASE query-chunks wall=4.571 cumulative=10152.758 peak_rss_kib=173221432
SLIM_PROGRESS runs=1004601344/2739737285 resolve_wall=247.265 lce_wall=3112.879 write_wall=32.573 lf_steps=0 cache_hits=0
SLIM_PHASE query-chunks wall=3.666 cumulative=10156.424 peak_rss_kib=173227336
SLIM_PROGRESS runs=1005649920/2739737285 resolve_wall=247.527 lce_wall=3116.016 write_wall=32.608 lf_steps=0 cache_hits=0
SLIM_PHASE query-chunks wall=3.433 cumulative=10159.857 peak_rss_kib=173242416
SLIM_PROGRESS runs=1006698496/2739737285 resolve_wall=247.788 lce_wall=3119.108 write_wall=32.639 lf_steps=0 cache_hits=0
SLIM_PHASE query-chunks wall=3.386 cumulative=10163.243 peak_rss_kib=173248644
SLIM_PROGRESS runs=1007747072/2739737285 resolve_wall=248.052 lce_wall=3122.153 write_wall=32.671 lf_steps=0 cache_hits=0
SLIM_PHASE query-chunks wall=3.341 cumulative=10166.584 peak_rss_kib=173257424
SLIM_PROGRESS runs=1008795648/2739737285 resolve_wall=248.316 lce_wall=3125.527 write_wall=32.702 lf_steps=0 cache_hits=0
SLIM_PHASE query-chunks wall=3.668 cumulative=10170.252 peak_rss_kib=173261076
SLIM_PROGRESS runs=1009844224/2739737285 resolve_wall=248.581 lce_wall=3128.598 write_wall=32.733 lf_steps=0 cache_hits=0
SLIM_PHASE query-chunks wall=3.367 cumulative=10173.619 peak_rss_kib=173270992
SLIM_PROGRESS runs=1010892800/2739737285 resolve_wall=248.846 lce_wall=3131.610 write_wall=32.764 lf_steps=0 cache_hits=0
SLIM_PHASE query-chunks wall=3.308 cumulative=10176.927 peak_rss_kib=173275692
SLIM_PROGRESS runs=1011941376/2739737285 resolve_wall=249.108 lce_wall=3134.673 write_wall=32.795 lf_steps=0 cache_hits=0
SLIM_PHASE query-chunks wall=3.357 cumulative=10180.284 peak_rss_kib=173284084
SLIM_PROGRESS runs=1012989952/2739737285 resolve_wall=249.375 lce_wall=3137.796 write_wall=32.829 lf_steps=0 cache_hits=0
SLIM_PHASE query-chunks wall=3.423 cumulative=10183.707 peak_rss_kib=173284860
SLIM_PROGRESS runs=1014038528/2739737285 resolve_wall=249.640 lce_wall=3140.787 write_wall=32.861 lf_steps=0 cache_hits=0
SLIM_PHASE query-chunks wall=3.288 cumulative=10186.995 peak_rss_kib=173291832
SLIM_PROGRESS runs=1015087104/2739737285 resolve_wall=249.906 lce_wall=3143.710 write_wall=32.892 lf_steps=0 cache_hits=0
SLIM_PHASE query-chunks wall=3.221 cumulative=10190.217 peak_rss_kib=173304324
SLIM_PROGRESS runs=1016135680/2739737285 resolve_wall=250.172 lce_wall=3146.744 write_wall=32.924 lf_steps=0 cache_hits=0
SLIM_PHASE query-chunks wall=3.330 cumulative=10193.547 peak_rss_kib=173313028
SLIM_PROGRESS runs=1017184256/2739737285 resolve_wall=250.436 lce_wall=3149.861 write_wall=32.955 lf_steps=0 cache_hits=0
SLIM_PHASE query-chunks wall=3.414 cumulative=10196.961 peak_rss_kib=173324380
SLIM_PROGRESS runs=1018232832/2739737285 resolve_wall=250.698 lce_wall=3152.977 write_wall=32.986 lf_steps=0 cache_hits=0
SLIM_PHASE query-chunks wall=3.409 cumulative=10200.370 peak_rss_kib=173328940
SLIM_PROGRESS runs=1019281408/2739737285 resolve_wall=250.962 lce_wall=3155.940 write_wall=33.017 lf_steps=0 cache_hits=0
SLIM_PHASE query-chunks wall=3.258 cumulative=10203.628 peak_rss_kib=173338212
SLIM_PROGRESS runs=1020329984/2739737285 resolve_wall=251.227 lce_wall=3159.041 write_wall=33.048 lf_steps=0 cache_hits=0
SLIM_PHASE query-chunks wall=3.397 cumulative=10207.025 peak_rss_kib=173346036
SLIM_PROGRESS runs=1021378560/2739737285 resolve_wall=251.491 lce_wall=3162.594 write_wall=33.078 lf_steps=0 cache_hits=0
SLIM_PHASE query-chunks wall=3.848 cumulative=10210.873 peak_rss_kib=173359876
SLIM_PROGRESS runs=1022427136/2739737285 resolve_wall=251.758 lce_wall=3165.843 write_wall=33.109 lf_steps=0 cache_hits=0
SLIM_PHASE query-chunks wall=3.546 cumulative=10214.419 peak_rss_kib=173365768
SLIM_PROGRESS runs=1023475712/2739737285 resolve_wall=252.026 lce_wall=3168.977 write_wall=33.139 lf_steps=0 cache_hits=0
SLIM_PHASE query-chunks wall=3.432 cumulative=10217.851 peak_rss_kib=173377080
SLIM_PROGRESS runs=1024524288/2739737285 resolve_wall=252.291 lce_wall=3171.906 write_wall=33.169 lf_steps=0 cache_hits=0
SLIM_PHASE query-chunks wall=3.226 cumulative=10221.077 peak_rss_kib=173385276
SLIM_PROGRESS runs=1025572864/2739737285 resolve_wall=252.557 lce_wall=3174.951 write_wall=33.200 lf_steps=0 cache_hits=0
SLIM_PHASE query-chunks wall=3.342 cumulative=10224.419 peak_rss_kib=173390112
SLIM_PROGRESS runs=1026621440/2739737285 resolve_wall=252.822 lce_wall=3178.221 write_wall=33.231 lf_steps=0 cache_hits=0
SLIM_PHASE query-chunks wall=3.565 cumulative=10227.984 peak_rss_kib=173400864
SLIM_PROGRESS runs=1027670016/2739737285 resolve_wall=253.088 lce_wall=3181.259 write_wall=33.264 lf_steps=0 cache_hits=0
SLIM_PHASE query-chunks wall=3.337 cumulative=10231.321 peak_rss_kib=173416264
SLIM_PROGRESS runs=1028718592/2739737285 resolve_wall=253.352 lce_wall=3184.298 write_wall=33.295 lf_steps=0 cache_hits=0
SLIM_PHASE query-chunks wall=3.335 cumulative=10234.656 peak_rss_kib=173423888
SLIM_PROGRESS runs=1029767168/2739737285 resolve_wall=253.615 lce_wall=3187.260 write_wall=33.329 lf_steps=0 cache_hits=0
SLIM_PHASE query-chunks wall=3.258 cumulative=10237.914 peak_rss_kib=173434112
SLIM_PROGRESS runs=1030815744/2739737285 resolve_wall=253.877 lce_wall=3190.112 write_wall=33.362 lf_steps=0 cache_hits=0
SLIM_PHASE query-chunks wall=3.148 cumulative=10241.062 peak_rss_kib=173436816
SLIM_PROGRESS runs=1031864320/2739737285 resolve_wall=254.141 lce_wall=3192.996 write_wall=33.396 lf_steps=0 cache_hits=0
SLIM_PHASE query-chunks wall=3.182 cumulative=10244.244 peak_rss_kib=173444012
SLIM_PROGRESS runs=1032912896/2739737285 resolve_wall=254.403 lce_wall=3196.164 write_wall=33.428 lf_steps=0 cache_hits=0
SLIM_PHASE query-chunks wall=3.462 cumulative=10247.706 peak_rss_kib=173452448
SLIM_PROGRESS runs=1033961472/2739737285 resolve_wall=254.665 lce_wall=3199.103 write_wall=33.461 lf_steps=0 cache_hits=0
SLIM_PHASE query-chunks wall=3.235 cumulative=10250.941 peak_rss_kib=173468676
SLIM_PROGRESS runs=1035010048/2739737285 resolve_wall=254.928 lce_wall=3202.080 write_wall=33.496 lf_steps=0 cache_hits=0
SLIM_PHASE query-chunks wall=3.274 cumulative=10254.215 peak_rss_kib=173482616
SLIM_PROGRESS runs=1036058624/2739737285 resolve_wall=255.188 lce_wall=3205.276 write_wall=33.528 lf_steps=0 cache_hits=0
SLIM_PHASE query-chunks wall=3.489 cumulative=10257.704 peak_rss_kib=173489560
SLIM_PROGRESS runs=1037107200/2739737285 resolve_wall=255.452 lce_wall=3208.176 write_wall=33.563 lf_steps=0 cache_hits=0
SLIM_PHASE query-chunks wall=3.198 cumulative=10260.902 peak_rss_kib=173497728
SLIM_PROGRESS runs=1038155776/2739737285 resolve_wall=255.714 lce_wall=3211.349 write_wall=33.593 lf_steps=0 cache_hits=0
SLIM_PHASE query-chunks wall=3.466 cumulative=10264.367 peak_rss_kib=173498096
SLIM_PROGRESS runs=1039204352/2739737285 resolve_wall=255.977 lce_wall=3214.361 write_wall=33.628 lf_steps=0 cache_hits=0
SLIM_PHASE query-chunks wall=3.310 cumulative=10267.677 peak_rss_kib=173498284
SLIM_PROGRESS runs=1040252928/2739737285 resolve_wall=256.241 lce_wall=3217.304 write_wall=33.663 lf_steps=0 cache_hits=0
SLIM_PHASE query-chunks wall=3.242 cumulative=10270.920 peak_rss_kib=173501588
SLIM_PROGRESS runs=1041301504/2739737285 resolve_wall=256.505 lce_wall=3220.344 write_wall=33.698 lf_steps=0 cache_hits=0
SLIM_PHASE query-chunks wall=3.339 cumulative=10274.259 peak_rss_kib=173514620
SLIM_PROGRESS runs=1042350080/2739737285 resolve_wall=256.770 lce_wall=3223.691 write_wall=33.732 lf_steps=0 cache_hits=0
SLIM_PHASE query-chunks wall=3.646 cumulative=10277.905 peak_rss_kib=173520868
SLIM_PROGRESS runs=1043398656/2739737285 resolve_wall=257.032 lce_wall=3226.758 write_wall=33.764 lf_steps=0 cache_hits=0
SLIM_PHASE query-chunks wall=3.361 cumulative=10281.266 peak_rss_kib=173523964
SLIM_PROGRESS runs=1044447232/2739737285 resolve_wall=257.292 lce_wall=3229.588 write_wall=33.795 lf_steps=0 cache_hits=0
SLIM_PHASE query-chunks wall=3.121 cumulative=10284.388 peak_rss_kib=173531156
SLIM_PROGRESS runs=1045495808/2739737285 resolve_wall=257.556 lce_wall=3232.471 write_wall=33.829 lf_steps=0 cache_hits=0
SLIM_PHASE query-chunks wall=3.180 cumulative=10287.568 peak_rss_kib=173535408
SLIM_PROGRESS runs=1046544384/2739737285 resolve_wall=257.820 lce_wall=3235.522 write_wall=33.864 lf_steps=0 cache_hits=0
SLIM_PHASE query-chunks wall=3.351 cumulative=10290.919 peak_rss_kib=173536936
SLIM_PROGRESS runs=1047592960/2739737285 resolve_wall=258.093 lce_wall=3238.495 write_wall=33.899 lf_steps=0 cache_hits=0
SLIM_PHASE query-chunks wall=3.281 cumulative=10294.200 peak_rss_kib=173539824
SLIM_PROGRESS runs=1048641536/2739737285 resolve_wall=258.369 lce_wall=3241.684 write_wall=33.933 lf_steps=0 cache_hits=0
SLIM_PHASE query-chunks wall=3.499 cumulative=10297.699 peak_rss_kib=173541980
SLIM_PROGRESS runs=1049690112/2739737285 resolve_wall=258.638 lce_wall=3244.748 write_wall=33.966 lf_steps=0 cache_hits=0
SLIM_PHASE query-chunks wall=3.365 cumulative=10301.065 peak_rss_kib=173553548
SLIM_PROGRESS runs=1050738688/2739737285 resolve_wall=258.906 lce_wall=3247.609 write_wall=33.998 lf_steps=0 cache_hits=0
SLIM_PHASE query-chunks wall=3.162 cumulative=10304.226 peak_rss_kib=173571356
SLIM_PROGRESS runs=1051787264/2739737285 resolve_wall=259.172 lce_wall=3250.640 write_wall=34.031 lf_steps=0 cache_hits=0
SLIM_PHASE query-chunks wall=3.331 cumulative=10307.557 peak_rss_kib=173578852
SLIM_PROGRESS runs=1052835840/2739737285 resolve_wall=259.439 lce_wall=3253.757 write_wall=34.063 lf_steps=0 cache_hits=0
SLIM_PHASE query-chunks wall=3.416 cumulative=10310.973 peak_rss_kib=173584132
SLIM_PROGRESS runs=1053884416/2739737285 resolve_wall=259.709 lce_wall=3256.851 write_wall=34.095 lf_steps=0 cache_hits=0
SLIM_PHASE query-chunks wall=3.396 cumulative=10314.369 peak_rss_kib=173589828
SLIM_PROGRESS runs=1054932992/2739737285 resolve_wall=259.984 lce_wall=3259.891 write_wall=34.129 lf_steps=0 cache_hits=0
SLIM_PHASE query-chunks wall=3.348 cumulative=10317.717 peak_rss_kib=173603512
SLIM_PROGRESS runs=1055981568/2739737285 resolve_wall=260.260 lce_wall=3262.955 write_wall=34.162 lf_steps=0 cache_hits=0
SLIM_PHASE query-chunks wall=3.374 cumulative=10321.092 peak_rss_kib=173610756
SLIM_PROGRESS runs=1057030144/2739737285 resolve_wall=260.535 lce_wall=3266.151 write_wall=34.194 lf_steps=0 cache_hits=0
SLIM_PHASE query-chunks wall=3.503 cumulative=10324.595 peak_rss_kib=173622376
SLIM_PROGRESS runs=1058078720/2739737285 resolve_wall=260.803 lce_wall=3269.286 write_wall=34.227 lf_steps=0 cache_hits=0
SLIM_PHASE query-chunks wall=3.435 cumulative=10328.030 peak_rss_kib=173630616
SLIM_PROGRESS runs=1059127296/2739737285 resolve_wall=261.081 lce_wall=3272.456 write_wall=34.261 lf_steps=0 cache_hits=0
SLIM_PHASE query-chunks wall=3.482 cumulative=10331.512 peak_rss_kib=173646560
SLIM_PROGRESS runs=1060175872/2739737285 resolve_wall=261.343 lce_wall=3275.533 write_wall=34.292 lf_steps=0 cache_hits=0
SLIM_PHASE query-chunks wall=3.370 cumulative=10334.883 peak_rss_kib=173665244
SLIM_PROGRESS runs=1061224448/2739737285 resolve_wall=261.601 lce_wall=3278.495 write_wall=34.325 lf_steps=0 cache_hits=0
SLIM_PHASE query-chunks wall=3.254 cumulative=10338.136 peak_rss_kib=173667652
SLIM_PROGRESS runs=1062273024/2739737285 resolve_wall=261.861 lce_wall=3281.318 write_wall=34.358 lf_steps=0 cache_hits=0
SLIM_PHASE query-chunks wall=3.116 cumulative=10341.253 peak_rss_kib=173673716
SLIM_PROGRESS runs=1063321600/2739737285 resolve_wall=262.124 lce_wall=3284.423 write_wall=34.392 lf_steps=0 cache_hits=0
SLIM_PHASE query-chunks wall=3.402 cumulative=10344.654 peak_rss_kib=173685332
SLIM_PROGRESS runs=1064370176/2739737285 resolve_wall=262.384 lce_wall=3287.376 write_wall=34.423 lf_steps=0 cache_hits=0
SLIM_PHASE query-chunks wall=3.244 cumulative=10347.898 peak_rss_kib=173691568
SLIM_PROGRESS runs=1065418752/2739737285 resolve_wall=262.645 lce_wall=3290.356 write_wall=34.453 lf_steps=0 cache_hits=0
SLIM_PHASE query-chunks wall=3.273 cumulative=10351.170 peak_rss_kib=173705244
SLIM_PROGRESS runs=1066467328/2739737285 resolve_wall=262.907 lce_wall=3293.498 write_wall=34.488 lf_steps=0 cache_hits=0
SLIM_PHASE query-chunks wall=3.439 cumulative=10354.609 peak_rss_kib=173714340
SLIM_PROGRESS runs=1067515904/2739737285 resolve_wall=263.173 lce_wall=3296.541 write_wall=34.524 lf_steps=0 cache_hits=0
SLIM_PHASE query-chunks wall=3.344 cumulative=10357.954 peak_rss_kib=173720996
SLIM_PROGRESS runs=1068564480/2739737285 resolve_wall=263.440 lce_wall=3299.917 write_wall=34.557 lf_steps=0 cache_hits=0
SLIM_PHASE query-chunks wall=3.675 cumulative=10361.629 peak_rss_kib=173733004
SLIM_PROGRESS runs=1069613056/2739737285 resolve_wall=263.700 lce_wall=3303.242 write_wall=34.588 lf_steps=0 cache_hits=0
SLIM_PHASE query-chunks wall=3.618 cumulative=10365.247 peak_rss_kib=173738324
SLIM_PROGRESS runs=1070661632/2739737285 resolve_wall=263.967 lce_wall=3306.836 write_wall=34.620 lf_steps=0 cache_hits=0
SLIM_PHASE query-chunks wall=3.893 cumulative=10369.140 peak_rss_kib=173760112
SLIM_PROGRESS runs=1071710208/2739737285 resolve_wall=264.235 lce_wall=3310.102 write_wall=34.653 lf_steps=0 cache_hits=0
SLIM_PHASE query-chunks wall=3.566 cumulative=10372.706 peak_rss_kib=173767448
SLIM_PROGRESS runs=1072758784/2739737285 resolve_wall=264.510 lce_wall=3313.299 write_wall=34.684 lf_steps=0 cache_hits=0
SLIM_PHASE query-chunks wall=3.504 cumulative=10376.211 peak_rss_kib=173778456
SLIM_PROGRESS runs=1073807360/2739737285 resolve_wall=264.774 lce_wall=3316.362 write_wall=34.716 lf_steps=0 cache_hits=0
SLIM_PHASE query-chunks wall=3.359 cumulative=10379.569 peak_rss_kib=173778456
SLIM_PROGRESS runs=1074855936/2739737285 resolve_wall=265.036 lce_wall=3319.271 write_wall=34.748 lf_steps=0 cache_hits=0
SLIM_PHASE query-chunks wall=3.202 cumulative=10382.772 peak_rss_kib=173778456
SLIM_PROGRESS runs=1075904512/2739737285 resolve_wall=265.298 lce_wall=3322.392 write_wall=34.781 lf_steps=0 cache_hits=0
SLIM_PHASE query-chunks wall=3.417 cumulative=10386.189 peak_rss_kib=173778456
SLIM_PROGRESS runs=1076953088/2739737285 resolve_wall=265.566 lce_wall=3325.612 write_wall=34.814 lf_steps=0 cache_hits=0
SLIM_PHASE query-chunks wall=3.521 cumulative=10389.710 peak_rss_kib=173778516
SLIM_PROGRESS runs=1078001664/2739737285 resolve_wall=265.837 lce_wall=3328.752 write_wall=34.846 lf_steps=0 cache_hits=0
SLIM_PHASE query-chunks wall=3.442 cumulative=10393.152 peak_rss_kib=173794276
SLIM_PROGRESS runs=1079050240/2739737285 resolve_wall=266.099 lce_wall=3331.738 write_wall=34.880 lf_steps=0 cache_hits=0
SLIM_PHASE query-chunks wall=3.283 cumulative=10396.436 peak_rss_kib=173798684
SLIM_PROGRESS runs=1080098816/2739737285 resolve_wall=266.364 lce_wall=3334.607 write_wall=34.916 lf_steps=0 cache_hits=0
SLIM_PHASE query-chunks wall=3.169 cumulative=10399.605 peak_rss_kib=173807612
SLIM_PROGRESS runs=1081147392/2739737285 resolve_wall=266.627 lce_wall=3337.462 write_wall=34.951 lf_steps=0 cache_hits=0
SLIM_PHASE query-chunks wall=3.154 cumulative=10402.759 peak_rss_kib=173815876
SLIM_PROGRESS runs=1082195968/2739737285 resolve_wall=266.890 lce_wall=3340.320 write_wall=34.986 lf_steps=0 cache_hits=0
SLIM_PHASE query-chunks wall=3.156 cumulative=10405.915 peak_rss_kib=173826340
SLIM_PROGRESS runs=1083244544/2739737285 resolve_wall=267.151 lce_wall=3343.208 write_wall=35.019 lf_steps=0 cache_hits=0
SLIM_PHASE query-chunks wall=3.182 cumulative=10409.097 peak_rss_kib=173830548
SLIM_PROGRESS runs=1084293120/2739737285 resolve_wall=267.413 lce_wall=3346.459 write_wall=35.051 lf_steps=0 cache_hits=0
SLIM_PHASE query-chunks wall=3.545 cumulative=10412.641 peak_rss_kib=173832288
SLIM_PROGRESS runs=1085341696/2739737285 resolve_wall=267.673 lce_wall=3350.390 write_wall=35.086 lf_steps=0 cache_hits=0
SLIM_PHASE query-chunks wall=4.226 cumulative=10416.868 peak_rss_kib=173841452
SLIM_PROGRESS runs=1086390272/2739737285 resolve_wall=267.930 lce_wall=3355.501 write_wall=35.120 lf_steps=0 cache_hits=0
SLIM_PHASE query-chunks wall=5.402 cumulative=10422.270 peak_rss_kib=173860200
SLIM_PROGRESS runs=1087438848/2739737285 resolve_wall=268.196 lce_wall=3360.643 write_wall=35.153 lf_steps=0 cache_hits=0
SLIM_PHASE query-chunks wall=5.441 cumulative=10427.710 peak_rss_kib=173861612
SLIM_PROGRESS runs=1088487424/2739737285 resolve_wall=268.458 lce_wall=3365.717 write_wall=35.188 lf_steps=0 cache_hits=0
SLIM_PHASE query-chunks wall=5.372 cumulative=10433.082 peak_rss_kib=173872364
SLIM_PROGRESS runs=1089536000/2739737285 resolve_wall=268.718 lce_wall=3370.489 write_wall=35.223 lf_steps=0 cache_hits=0
SLIM_PHASE query-chunks wall=5.067 cumulative=10438.149 peak_rss_kib=173884448
SLIM_PROGRESS runs=1090584576/2739737285 resolve_wall=268.979 lce_wall=3374.902 write_wall=35.259 lf_steps=0 cache_hits=0
SLIM_PHASE query-chunks wall=4.710 cumulative=10442.859 peak_rss_kib=173892064
SLIM_PROGRESS runs=1091633152/2739737285 resolve_wall=269.241 lce_wall=3378.632 write_wall=35.294 lf_steps=0 cache_hits=0
SLIM_PHASE query-chunks wall=4.027 cumulative=10446.886 peak_rss_kib=173896672
SLIM_PROGRESS runs=1092681728/2739737285 resolve_wall=269.526 lce_wall=3382.838 write_wall=35.330 lf_steps=0 cache_hits=0
SLIM_PHASE query-chunks wall=4.528 cumulative=10451.414 peak_rss_kib=173908664
SLIM_PROGRESS runs=1093730304/2739737285 resolve_wall=269.804 lce_wall=3385.997 write_wall=35.372 lf_steps=0 cache_hits=0
SLIM_PHASE query-chunks wall=3.479 cumulative=10454.893 peak_rss_kib=173920328
SLIM_PROGRESS runs=1094778880/2739737285 resolve_wall=270.065 lce_wall=3389.122 write_wall=35.406 lf_steps=0 cache_hits=0
SLIM_PHASE query-chunks wall=3.420 cumulative=10458.313 peak_rss_kib=173924936
SLIM_PROGRESS runs=1095827456/2739737285 resolve_wall=270.325 lce_wall=3392.681 write_wall=35.439 lf_steps=0 cache_hits=0
SLIM_PHASE query-chunks wall=3.853 cumulative=10462.166 peak_rss_kib=173933916
SLIM_PROGRESS runs=1096876032/2739737285 resolve_wall=270.601 lce_wall=3395.793 write_wall=35.480 lf_steps=0 cache_hits=0
SLIM_PHASE query-chunks wall=3.429 cumulative=10465.595 peak_rss_kib=173942292
SLIM_PROGRESS runs=1097924608/2739737285 resolve_wall=270.863 lce_wall=3398.978 write_wall=35.515 lf_steps=0 cache_hits=0
SLIM_PHASE query-chunks wall=3.482 cumulative=10469.077 peak_rss_kib=173952552
SLIM_PROGRESS runs=1098973184/2739737285 resolve_wall=271.126 lce_wall=3402.557 write_wall=35.549 lf_steps=0 cache_hits=0
SLIM_PHASE query-chunks wall=3.875 cumulative=10472.952 peak_rss_kib=173972884
SLIM_PROGRESS runs=1100021760/2739737285 resolve_wall=271.388 lce_wall=3405.542 write_wall=35.582 lf_steps=0 cache_hits=0
SLIM_PHASE query-chunks wall=3.282 cumulative=10476.234 peak_rss_kib=173976852
SLIM_PROGRESS runs=1101070336/2739737285 resolve_wall=271.651 lce_wall=3408.675 write_wall=35.621 lf_steps=0 cache_hits=0
SLIM_PHASE query-chunks wall=3.434 cumulative=10479.668 peak_rss_kib=173991248
SLIM_PROGRESS runs=1102118912/2739737285 resolve_wall=271.923 lce_wall=3412.110 write_wall=35.655 lf_steps=0 cache_hits=0
SLIM_PHASE query-chunks wall=3.741 cumulative=10483.408 peak_rss_kib=174004480
SLIM_PROGRESS runs=1103167488/2739737285 resolve_wall=272.191 lce_wall=3415.330 write_wall=35.688 lf_steps=0 cache_hits=0
SLIM_PHASE query-chunks wall=3.522 cumulative=10486.930 peak_rss_kib=174010436
SLIM_PROGRESS runs=1104216064/2739737285 resolve_wall=272.457 lce_wall=3418.556 write_wall=35.722 lf_steps=0 cache_hits=0
SLIM_PHASE query-chunks wall=3.527 cumulative=10490.457 peak_rss_kib=174017460
SLIM_PROGRESS runs=1105264640/2739737285 resolve_wall=272.728 lce_wall=3421.779 write_wall=35.757 lf_steps=0 cache_hits=0
SLIM_PHASE query-chunks wall=3.528 cumulative=10493.985 peak_rss_kib=174025716
SLIM_PROGRESS runs=1106313216/2739737285 resolve_wall=272.990 lce_wall=3424.964 write_wall=35.791 lf_steps=0 cache_hits=0
SLIM_PHASE query-chunks wall=3.481 cumulative=10497.466 peak_rss_kib=174041116
SLIM_PROGRESS runs=1107361792/2739737285 resolve_wall=273.252 lce_wall=3427.929 write_wall=35.823 lf_steps=0 cache_hits=0
SLIM_PHASE query-chunks wall=3.259 cumulative=10500.725 peak_rss_kib=174041916
SLIM_PROGRESS runs=1108410368/2739737285 resolve_wall=273.517 lce_wall=3430.808 write_wall=35.859 lf_steps=0 cache_hits=0
SLIM_PHASE query-chunks wall=3.181 cumulative=10503.906 peak_rss_kib=174044780
SLIM_PROGRESS runs=1109458944/2739737285 resolve_wall=273.779 lce_wall=3433.689 write_wall=35.893 lf_steps=0 cache_hits=0
SLIM_PHASE query-chunks wall=3.177 cumulative=10507.083 peak_rss_kib=174054364
SLIM_PROGRESS runs=1110507520/2739737285 resolve_wall=274.042 lce_wall=3436.946 write_wall=35.929 lf_steps=0 cache_hits=0
SLIM_PHASE query-chunks wall=3.555 cumulative=10510.639 peak_rss_kib=174062188
SLIM_PROGRESS runs=1111556096/2739737285 resolve_wall=274.308 lce_wall=3439.964 write_wall=35.963 lf_steps=0 cache_hits=0
SLIM_PHASE query-chunks wall=3.319 cumulative=10513.957 peak_rss_kib=174081528
SLIM_PROGRESS runs=1112604672/2739737285 resolve_wall=274.571 lce_wall=3442.791 write_wall=35.997 lf_steps=0 cache_hits=0
SLIM_PHASE query-chunks wall=3.125 cumulative=10517.083 peak_rss_kib=174090360
SLIM_PROGRESS runs=1113653248/2739737285 resolve_wall=274.833 lce_wall=3445.530 write_wall=36.029 lf_steps=0 cache_hits=0
SLIM_PHASE query-chunks wall=3.032 cumulative=10520.114 peak_rss_kib=174100504
SLIM_PROGRESS runs=1114701824/2739737285 resolve_wall=275.095 lce_wall=3448.484 write_wall=36.061 lf_steps=0 cache_hits=0
SLIM_PHASE query-chunks wall=3.249 cumulative=10523.363 peak_rss_kib=174102452
SLIM_PROGRESS runs=1115750400/2739737285 resolve_wall=275.358 lce_wall=3451.383 write_wall=36.093 lf_steps=0 cache_hits=0
SLIM_PHASE query-chunks wall=3.194 cumulative=10526.557 peak_rss_kib=174105604
SLIM_PROGRESS runs=1116798976/2739737285 resolve_wall=275.624 lce_wall=3454.248 write_wall=36.128 lf_steps=0 cache_hits=0
SLIM_PHASE query-chunks wall=3.166 cumulative=10529.723 peak_rss_kib=174115676
SLIM_PROGRESS runs=1117847552/2739737285 resolve_wall=275.890 lce_wall=3457.384 write_wall=36.163 lf_steps=0 cache_hits=0
SLIM_PHASE query-chunks wall=3.437 cumulative=10533.160 peak_rss_kib=174122396
SLIM_PROGRESS runs=1118896128/2739737285 resolve_wall=276.159 lce_wall=3460.343 write_wall=36.200 lf_steps=0 cache_hits=0
SLIM_PHASE query-chunks wall=3.265 cumulative=10536.426 peak_rss_kib=174129492
SLIM_PROGRESS runs=1119944704/2739737285 resolve_wall=276.423 lce_wall=3463.266 write_wall=36.234 lf_steps=0 cache_hits=0
SLIM_PHASE query-chunks wall=3.222 cumulative=10539.647 peak_rss_kib=174138700
SLIM_PROGRESS runs=1120993280/2739737285 resolve_wall=276.684 lce_wall=3466.193 write_wall=36.267 lf_steps=0 cache_hits=0
SLIM_PHASE query-chunks wall=3.222 cumulative=10542.869 peak_rss_kib=174145164
SLIM_PROGRESS runs=1122041856/2739737285 resolve_wall=276.947 lce_wall=3469.048 write_wall=36.300 lf_steps=0 cache_hits=0
SLIM_PHASE query-chunks wall=3.150 cumulative=10546.019 peak_rss_kib=174149772
SLIM_PROGRESS runs=1123090432/2739737285 resolve_wall=277.208 lce_wall=3472.029 write_wall=36.335 lf_steps=0 cache_hits=0
SLIM_PHASE query-chunks wall=3.277 cumulative=10549.296 peak_rss_kib=174162248
SLIM_PROGRESS runs=1124139008/2739737285 resolve_wall=277.470 lce_wall=3475.058 write_wall=36.369 lf_steps=0 cache_hits=0
SLIM_PHASE query-chunks wall=3.325 cumulative=10552.621 peak_rss_kib=174167996
SLIM_PROGRESS runs=1125187584/2739737285 resolve_wall=277.733 lce_wall=3478.244 write_wall=36.402 lf_steps=0 cache_hits=0
SLIM_PHASE query-chunks wall=3.482 cumulative=10556.103 peak_rss_kib=174177120
SLIM_PROGRESS runs=1126236160/2739737285 resolve_wall=277.995 lce_wall=3481.184 write_wall=36.437 lf_steps=0 cache_hits=0
SLIM_PHASE query-chunks wall=3.237 cumulative=10559.341 peak_rss_kib=174187320
SLIM_PROGRESS runs=1127284736/2739737285 resolve_wall=278.254 lce_wall=3484.081 write_wall=36.469 lf_steps=0 cache_hits=0
SLIM_PHASE query-chunks wall=3.189 cumulative=10562.529 peak_rss_kib=174192160
SLIM_PROGRESS runs=1128333312/2739737285 resolve_wall=278.513 lce_wall=3486.921 write_wall=36.502 lf_steps=0 cache_hits=0
SLIM_PHASE query-chunks wall=3.132 cumulative=10565.661 peak_rss_kib=174198956
SLIM_PROGRESS runs=1129381888/2739737285 resolve_wall=278.774 lce_wall=3489.920 write_wall=36.535 lf_steps=0 cache_hits=0
SLIM_PHASE query-chunks wall=3.293 cumulative=10568.954 peak_rss_kib=174206460
SLIM_PROGRESS runs=1130430464/2739737285 resolve_wall=279.035 lce_wall=3492.844 write_wall=36.569 lf_steps=0 cache_hits=0
SLIM_PHASE query-chunks wall=3.219 cumulative=10572.173 peak_rss_kib=174207396
SLIM_PROGRESS runs=1131479040/2739737285 resolve_wall=279.296 lce_wall=3496.076 write_wall=36.603 lf_steps=0 cache_hits=0
SLIM_PHASE query-chunks wall=3.527 cumulative=10575.700 peak_rss_kib=174209224
SLIM_PROGRESS runs=1132527616/2739737285 resolve_wall=279.555 lce_wall=3498.899 write_wall=36.636 lf_steps=0 cache_hits=0
SLIM_PHASE query-chunks wall=3.116 cumulative=10578.816 peak_rss_kib=174221084
SLIM_PROGRESS runs=1133576192/2739737285 resolve_wall=279.817 lce_wall=3501.631 write_wall=36.675 lf_steps=0 cache_hits=0
SLIM_PHASE query-chunks wall=3.033 cumulative=10581.849 peak_rss_kib=174230060
SLIM_PROGRESS runs=1134624768/2739737285 resolve_wall=280.082 lce_wall=3504.416 write_wall=36.710 lf_steps=0 cache_hits=0
SLIM_PHASE query-chunks wall=3.085 cumulative=10584.934 peak_rss_kib=174237004
SLIM_PROGRESS runs=1135673344/2739737285 resolve_wall=280.346 lce_wall=3507.153 write_wall=36.746 lf_steps=0 cache_hits=0
SLIM_PHASE query-chunks wall=3.036 cumulative=10587.970 peak_rss_kib=174249080
SLIM_PROGRESS runs=1136721920/2739737285 resolve_wall=280.610 lce_wall=3510.367 write_wall=36.782 lf_steps=0 cache_hits=0
SLIM_PHASE query-chunks wall=3.515 cumulative=10591.485 peak_rss_kib=174259384
SLIM_PROGRESS runs=1137770496/2739737285 resolve_wall=280.871 lce_wall=3513.142 write_wall=36.814 lf_steps=0 cache_hits=0
SLIM_PHASE query-chunks wall=3.068 cumulative=10594.553 peak_rss_kib=174262160
SLIM_PROGRESS runs=1138819072/2739737285 resolve_wall=281.131 lce_wall=3515.858 write_wall=36.848 lf_steps=0 cache_hits=0
SLIM_PHASE query-chunks wall=3.010 cumulative=10597.563 peak_rss_kib=174274280
SLIM_PROGRESS runs=1139867648/2739737285 resolve_wall=281.391 lce_wall=3518.631 write_wall=36.886 lf_steps=0 cache_hits=0
SLIM_PHASE query-chunks wall=3.071 cumulative=10600.635 peak_rss_kib=174280496
SLIM_PROGRESS runs=1140916224/2739737285 resolve_wall=281.654 lce_wall=3521.470 write_wall=36.920 lf_steps=0 cache_hits=0
SLIM_PHASE query-chunks wall=3.136 cumulative=10603.770 peak_rss_kib=174286840
SLIM_PROGRESS runs=1141964800/2739737285 resolve_wall=281.915 lce_wall=3524.489 write_wall=36.954 lf_steps=0 cache_hits=0
SLIM_PHASE query-chunks wall=3.315 cumulative=10607.086 peak_rss_kib=174300584
SLIM_PROGRESS runs=1143013376/2739737285 resolve_wall=282.174 lce_wall=3527.416 write_wall=36.986 lf_steps=0 cache_hits=0
SLIM_PHASE query-chunks wall=3.218 cumulative=10610.303 peak_rss_kib=174306848
SLIM_PROGRESS runs=1144061952/2739737285 resolve_wall=282.437 lce_wall=3530.183 write_wall=37.021 lf_steps=0 cache_hits=0
SLIM_PHASE query-chunks wall=3.064 cumulative=10613.368 peak_rss_kib=174313240
SLIM_PROGRESS runs=1145110528/2739737285 resolve_wall=282.694 lce_wall=3533.101 write_wall=37.052 lf_steps=0 cache_hits=0
SLIM_PHASE query-chunks wall=3.208 cumulative=10616.575 peak_rss_kib=174313340
SLIM_PROGRESS runs=1146159104/2739737285 resolve_wall=282.954 lce_wall=3536.133 write_wall=37.086 lf_steps=0 cache_hits=0
SLIM_PHASE query-chunks wall=3.326 cumulative=10619.901 peak_rss_kib=174314880
SLIM_PROGRESS runs=1147207680/2739737285 resolve_wall=283.216 lce_wall=3538.984 write_wall=37.120 lf_steps=0 cache_hits=0
SLIM_PHASE query-chunks wall=3.147 cumulative=10623.048 peak_rss_kib=174329836
SLIM_PROGRESS runs=1148256256/2739737285 resolve_wall=283.478 lce_wall=3542.621 write_wall=37.156 lf_steps=0 cache_hits=0
SLIM_PHASE query-chunks wall=3.935 cumulative=10626.983 peak_rss_kib=174343124
SLIM_PROGRESS runs=1149304832/2739737285 resolve_wall=283.738 lce_wall=3545.839 write_wall=37.189 lf_steps=0 cache_hits=0
SLIM_PHASE query-chunks wall=3.511 cumulative=10630.494 peak_rss_kib=174347484
SLIM_PROGRESS runs=1150353408/2739737285 resolve_wall=283.999 lce_wall=3548.858 write_wall=37.221 lf_steps=0 cache_hits=0
SLIM_PHASE query-chunks wall=3.312 cumulative=10633.806 peak_rss_kib=174350172
SLIM_PROGRESS runs=1151401984/2739737285 resolve_wall=284.260 lce_wall=3551.965 write_wall=37.255 lf_steps=0 cache_hits=0
SLIM_PHASE query-chunks wall=3.403 cumulative=10637.209 peak_rss_kib=174355944
SLIM_PROGRESS runs=1152450560/2739737285 resolve_wall=284.525 lce_wall=3555.740 write_wall=37.290 lf_steps=0 cache_hits=0
SLIM_PHASE query-chunks wall=4.074 cumulative=10641.283 peak_rss_kib=174377720
SLIM_PROGRESS runs=1153499136/2739737285 resolve_wall=284.784 lce_wall=3558.923 write_wall=37.326 lf_steps=0 cache_hits=0
SLIM_PHASE query-chunks wall=3.479 cumulative=10644.762 peak_rss_kib=174392504
SLIM_PROGRESS runs=1154547712/2739737285 resolve_wall=285.045 lce_wall=3561.965 write_wall=37.362 lf_steps=0 cache_hits=0
SLIM_PHASE query-chunks wall=3.339 cumulative=10648.101 peak_rss_kib=174398120
SLIM_PROGRESS runs=1155596288/2739737285 resolve_wall=285.306 lce_wall=3564.599 write_wall=37.398 lf_steps=0 cache_hits=0
SLIM_PHASE query-chunks wall=2.931 cumulative=10651.033 peak_rss_kib=174414100
SLIM_PROGRESS runs=1156644864/2739737285 resolve_wall=285.565 lce_wall=3567.424 write_wall=37.431 lf_steps=0 cache_hits=0
SLIM_PHASE query-chunks wall=3.116 cumulative=10654.149 peak_rss_kib=174430204
SLIM_PROGRESS runs=1157693440/2739737285 resolve_wall=285.827 lce_wall=3570.196 write_wall=37.466 lf_steps=0 cache_hits=0
SLIM_PHASE query-chunks wall=3.069 cumulative=10657.218 peak_rss_kib=174433884
SLIM_PROGRESS runs=1158742016/2739737285 resolve_wall=286.088 lce_wall=3573.054 write_wall=37.502 lf_steps=0 cache_hits=0
SLIM_PHASE query-chunks wall=3.154 cumulative=10660.372 peak_rss_kib=174433884
SLIM_PROGRESS runs=1159790592/2739737285 resolve_wall=286.349 lce_wall=3576.142 write_wall=37.537 lf_steps=0 cache_hits=0
SLIM_PHASE query-chunks wall=3.385 cumulative=10663.757 peak_rss_kib=174435224
SLIM_PROGRESS runs=1160839168/2739737285 resolve_wall=286.610 lce_wall=3579.046 write_wall=37.573 lf_steps=0 cache_hits=0
SLIM_PHASE query-chunks wall=3.201 cumulative=10666.958 peak_rss_kib=174445692
SLIM_PROGRESS runs=1161887744/2739737285 resolve_wall=286.870 lce_wall=3581.906 write_wall=37.607 lf_steps=0 cache_hits=0
SLIM_PHASE query-chunks wall=3.155 cumulative=10670.114 peak_rss_kib=174467140
SLIM_PROGRESS runs=1162936320/2739737285 resolve_wall=287.129 lce_wall=3585.196 write_wall=37.639 lf_steps=0 cache_hits=0
SLIM_PHASE query-chunks wall=3.581 cumulative=10673.695 peak_rss_kib=174482792
SLIM_PROGRESS runs=1163984896/2739737285 resolve_wall=287.390 lce_wall=3588.261 write_wall=37.673 lf_steps=0 cache_hits=0
SLIM_PHASE query-chunks wall=3.360 cumulative=10677.055 peak_rss_kib=174490852
SLIM_PROGRESS runs=1165033472/2739737285 resolve_wall=287.648 lce_wall=3591.271 write_wall=37.706 lf_steps=0 cache_hits=0
SLIM_PHASE query-chunks wall=3.300 cumulative=10680.355 peak_rss_kib=174499004
SLIM_PROGRESS runs=1166082048/2739737285 resolve_wall=287.914 lce_wall=3594.175 write_wall=37.743 lf_steps=0 cache_hits=0
SLIM_PHASE query-chunks wall=3.207 cumulative=10683.562 peak_rss_kib=174503052
SLIM_PROGRESS runs=1167130624/2739737285 resolve_wall=288.178 lce_wall=3596.951 write_wall=37.775 lf_steps=0 cache_hits=0
SLIM_PHASE query-chunks wall=3.073 cumulative=10686.635 peak_rss_kib=174513104
SLIM_PROGRESS runs=1168179200/2739737285 resolve_wall=288.441 lce_wall=3600.033 write_wall=37.810 lf_steps=0 cache_hits=0
SLIM_PHASE query-chunks wall=3.380 cumulative=10690.014 peak_rss_kib=174513456
SLIM_PROGRESS runs=1169227776/2739737285 resolve_wall=288.701 lce_wall=3602.913 write_wall=37.845 lf_steps=0 cache_hits=0
SLIM_PHASE query-chunks wall=3.176 cumulative=10693.190 peak_rss_kib=174513616
SLIM_PROGRESS runs=1170276352/2739737285 resolve_wall=288.964 lce_wall=3605.918 write_wall=37.881 lf_steps=0 cache_hits=0
SLIM_PHASE query-chunks wall=3.303 cumulative=10696.494 peak_rss_kib=174522124
SLIM_PROGRESS runs=1171324928/2739737285 resolve_wall=289.226 lce_wall=3609.121 write_wall=37.917 lf_steps=0 cache_hits=0
SLIM_PHASE query-chunks wall=3.501 cumulative=10699.995 peak_rss_kib=174536656
SLIM_PROGRESS runs=1172373504/2739737285 resolve_wall=289.490 lce_wall=3612.008 write_wall=37.952 lf_steps=0 cache_hits=0
SLIM_PHASE query-chunks wall=3.187 cumulative=10703.182 peak_rss_kib=174553380
SLIM_PROGRESS runs=1173422080/2739737285 resolve_wall=289.753 lce_wall=3614.895 write_wall=37.988 lf_steps=0 cache_hits=0
SLIM_PHASE query-chunks wall=3.185 cumulative=10706.367 peak_rss_kib=174562404
SLIM_PROGRESS runs=1174470656/2739737285 resolve_wall=290.016 lce_wall=3617.881 write_wall=38.023 lf_steps=0 cache_hits=0
SLIM_PHASE query-chunks wall=3.284 cumulative=10709.651 peak_rss_kib=174562404
SLIM_PROGRESS runs=1175519232/2739737285 resolve_wall=290.276 lce_wall=3620.761 write_wall=38.056 lf_steps=0 cache_hits=0
SLIM_PHASE query-chunks wall=3.174 cumulative=10712.824 peak_rss_kib=174565688
SLIM_PROGRESS runs=1176567808/2739737285 resolve_wall=290.543 lce_wall=3623.701 write_wall=38.092 lf_steps=0 cache_hits=0
SLIM_PHASE query-chunks wall=3.243 cumulative=10716.068 peak_rss_kib=174566744
SLIM_PROGRESS runs=1177616384/2739737285 resolve_wall=290.805 lce_wall=3626.591 write_wall=38.127 lf_steps=0 cache_hits=0
SLIM_PHASE query-chunks wall=3.188 cumulative=10719.255 peak_rss_kib=174579584
SLIM_PROGRESS runs=1178664960/2739737285 resolve_wall=291.069 lce_wall=3629.541 write_wall=38.162 lf_steps=0 cache_hits=0
SLIM_PHASE query-chunks wall=3.249 cumulative=10722.504 peak_rss_kib=174582712
SLIM_PROGRESS runs=1179713536/2739737285 resolve_wall=291.331 lce_wall=3632.354 write_wall=38.199 lf_steps=0 cache_hits=0
SLIM_PHASE query-chunks wall=3.111 cumulative=10725.615 peak_rss_kib=174586408
SLIM_PROGRESS runs=1180762112/2739737285 resolve_wall=291.594 lce_wall=3635.177 write_wall=38.235 lf_steps=0 cache_hits=0
SLIM_PHASE query-chunks wall=3.124 cumulative=10728.739 peak_rss_kib=174594632
SLIM_PROGRESS runs=1181810688/2739737285 resolve_wall=291.859 lce_wall=3637.983 write_wall=38.271 lf_steps=0 cache_hits=0
SLIM_PHASE query-chunks wall=3.107 cumulative=10731.846 peak_rss_kib=174603148
SLIM_PROGRESS runs=1182859264/2739737285 resolve_wall=292.123 lce_wall=3640.913 write_wall=38.306 lf_steps=0 cache_hits=0
SLIM_PHASE query-chunks wall=3.229 cumulative=10735.075 peak_rss_kib=174608924
SLIM_PROGRESS runs=1183907840/2739737285 resolve_wall=292.384 lce_wall=3643.953 write_wall=38.340 lf_steps=0 cache_hits=0
SLIM_PHASE query-chunks wall=3.335 cumulative=10738.411 peak_rss_kib=174615524
SLIM_PROGRESS runs=1184956416/2739737285 resolve_wall=292.645 lce_wall=3646.752 write_wall=38.372 lf_steps=0 cache_hits=0
SLIM_PHASE query-chunks wall=3.093 cumulative=10741.504 peak_rss_kib=174629804
SLIM_PROGRESS runs=1186004992/2739737285 resolve_wall=292.907 lce_wall=3649.697 write_wall=38.408 lf_steps=0 cache_hits=0
SLIM_PHASE query-chunks wall=3.242 cumulative=10744.746 peak_rss_kib=174635412
SLIM_PROGRESS runs=1187053568/2739737285 resolve_wall=293.167 lce_wall=3652.657 write_wall=38.441 lf_steps=0 cache_hits=0
SLIM_PHASE query-chunks wall=3.252 cumulative=10747.998 peak_rss_kib=174650168
SLIM_PROGRESS runs=1188102144/2739737285 resolve_wall=293.426 lce_wall=3655.565 write_wall=38.472 lf_steps=0 cache_hits=0
SLIM_PHASE query-chunks wall=3.199 cumulative=10751.197 peak_rss_kib=174663536
SLIM_PROGRESS runs=1189150720/2739737285 resolve_wall=293.687 lce_wall=3658.553 write_wall=38.504 lf_steps=0 cache_hits=0
SLIM_PHASE query-chunks wall=3.280 cumulative=10754.478 peak_rss_kib=174665696
SLIM_PROGRESS runs=1190199296/2739737285 resolve_wall=293.948 lce_wall=3661.502 write_wall=38.538 lf_steps=0 cache_hits=0
SLIM_PHASE query-chunks wall=3.245 cumulative=10757.722 peak_rss_kib=174671556
SLIM_PROGRESS runs=1191247872/2739737285 resolve_wall=294.211 lce_wall=3664.516 write_wall=38.572 lf_steps=0 cache_hits=0
SLIM_PHASE query-chunks wall=3.311 cumulative=10761.033 peak_rss_kib=174673764
SLIM_PROGRESS runs=1192296448/2739737285 resolve_wall=294.472 lce_wall=3667.579 write_wall=38.608 lf_steps=0 cache_hits=0
SLIM_PHASE query-chunks wall=3.360 cumulative=10764.393 peak_rss_kib=174673972
SLIM_PROGRESS runs=1193345024/2739737285 resolve_wall=294.735 lce_wall=3670.546 write_wall=38.641 lf_steps=0 cache_hits=0
SLIM_PHASE query-chunks wall=3.264 cumulative=10767.657 peak_rss_kib=174681588
SLIM_PROGRESS runs=1194393600/2739737285 resolve_wall=294.998 lce_wall=3673.510 write_wall=38.672 lf_steps=0 cache_hits=0
SLIM_PHASE query-chunks wall=3.258 cumulative=10770.915 peak_rss_kib=174694232
SLIM_PROGRESS runs=1195442176/2739737285 resolve_wall=295.258 lce_wall=3676.349 write_wall=38.704 lf_steps=0 cache_hits=0
SLIM_PHASE query-chunks wall=3.131 cumulative=10774.046 peak_rss_kib=174708640
SLIM_PROGRESS runs=1196490752/2739737285 resolve_wall=295.520 lce_wall=3679.192 write_wall=38.741 lf_steps=0 cache_hits=0
SLIM_PHASE query-chunks wall=3.143 cumulative=10777.188 peak_rss_kib=174717344
SLIM_PROGRESS runs=1197539328/2739737285 resolve_wall=295.783 lce_wall=3682.133 write_wall=38.775 lf_steps=0 cache_hits=0
SLIM_PHASE query-chunks wall=3.237 cumulative=10780.426 peak_rss_kib=174720948
SLIM_PROGRESS runs=1198587904/2739737285 resolve_wall=296.047 lce_wall=3685.244 write_wall=38.810 lf_steps=0 cache_hits=0
SLIM_PHASE query-chunks wall=3.411 cumulative=10783.836 peak_rss_kib=174728044
SLIM_PROGRESS runs=1199636480/2739737285 resolve_wall=296.313 lce_wall=3688.300 write_wall=38.847 lf_steps=0 cache_hits=0
SLIM_PHASE query-chunks wall=3.359 cumulative=10787.196 peak_rss_kib=174738196
SLIM_PROGRESS runs=1200685056/2739737285 resolve_wall=296.576 lce_wall=3691.362 write_wall=38.883 lf_steps=0 cache_hits=0
SLIM_PHASE query-chunks wall=3.361 cumulative=10790.557 peak_rss_kib=174756260
SLIM_PROGRESS runs=1201733632/2739737285 resolve_wall=296.839 lce_wall=3694.384 write_wall=38.917 lf_steps=0 cache_hits=0
SLIM_PHASE query-chunks wall=3.319 cumulative=10793.876 peak_rss_kib=174761668
SLIM_PROGRESS runs=1202782208/2739737285 resolve_wall=297.101 lce_wall=3697.172 write_wall=38.948 lf_steps=0 cache_hits=0
SLIM_PHASE query-chunks wall=3.082 cumulative=10796.958 peak_rss_kib=174775172
SLIM_PROGRESS runs=1203830784/2739737285 resolve_wall=297.362 lce_wall=3699.998 write_wall=38.978 lf_steps=0 cache_hits=0
SLIM_PHASE query-chunks wall=3.116 cumulative=10800.074 peak_rss_kib=174782700
SLIM_PROGRESS runs=1204879360/2739737285 resolve_wall=297.622 lce_wall=3702.834 write_wall=39.010 lf_steps=0 cache_hits=0
SLIM_PHASE query-chunks wall=3.129 cumulative=10803.203 peak_rss_kib=174794208
SLIM_PROGRESS runs=1205927936/2739737285 resolve_wall=297.883 lce_wall=3705.797 write_wall=39.043 lf_steps=0 cache_hits=0
SLIM_PHASE query-chunks wall=3.256 cumulative=10806.460 peak_rss_kib=174801772
SLIM_PROGRESS runs=1206976512/2739737285 resolve_wall=298.146 lce_wall=3708.756 write_wall=39.078 lf_steps=0 cache_hits=0
SLIM_PHASE query-chunks wall=3.257 cumulative=10809.716 peak_rss_kib=174809620
SLIM_PROGRESS runs=1208025088/2739737285 resolve_wall=298.410 lce_wall=3711.740 write_wall=39.116 lf_steps=0 cache_hits=0
SLIM_PHASE query-chunks wall=3.287 cumulative=10813.003 peak_rss_kib=174823312
SLIM_PROGRESS runs=1209073664/2739737285 resolve_wall=298.676 lce_wall=3715.076 write_wall=39.152 lf_steps=0 cache_hits=0
SLIM_PHASE query-chunks wall=3.638 cumulative=10816.641 peak_rss_kib=174838468
SLIM_PROGRESS runs=1210122240/2739737285 resolve_wall=298.940 lce_wall=3718.190 write_wall=39.186 lf_steps=0 cache_hits=0
SLIM_PHASE query-chunks wall=3.412 cumulative=10820.052 peak_rss_kib=174843716
SLIM_PROGRESS runs=1211170816/2739737285 resolve_wall=299.204 lce_wall=3721.198 write_wall=39.221 lf_steps=0 cache_hits=0
SLIM_PHASE query-chunks wall=3.308 cumulative=10823.360 peak_rss_kib=174851868
SLIM_PROGRESS runs=1212219392/2739737285 resolve_wall=299.465 lce_wall=3724.205 write_wall=39.255 lf_steps=0 cache_hits=0
SLIM_PHASE query-chunks wall=3.302 cumulative=10826.662 peak_rss_kib=174859920
SLIM_PROGRESS runs=1213267968/2739737285 resolve_wall=299.727 lce_wall=3727.187 write_wall=39.289 lf_steps=0 cache_hits=0
SLIM_PHASE query-chunks wall=3.278 cumulative=10829.940 peak_rss_kib=174867016
SLIM_PROGRESS runs=1214316544/2739737285 resolve_wall=299.987 lce_wall=3730.172 write_wall=39.322 lf_steps=0 cache_hits=0
SLIM_PHASE query-chunks wall=3.279 cumulative=10833.219 peak_rss_kib=174872776
SLIM_PROGRESS runs=1215365120/2739737285 resolve_wall=300.249 lce_wall=3733.508 write_wall=39.357 lf_steps=0 cache_hits=0
SLIM_PHASE query-chunks wall=3.633 cumulative=10836.853 peak_rss_kib=174876344
SLIM_PROGRESS runs=1216413696/2739737285 resolve_wall=300.509 lce_wall=3737.159 write_wall=39.394 lf_steps=0 cache_hits=0
SLIM_PHASE query-chunks wall=3.948 cumulative=10840.800 peak_rss_kib=174881456
SLIM_PROGRESS runs=1217462272/2739737285 resolve_wall=300.770 lce_wall=3740.283 write_wall=39.424 lf_steps=0 cache_hits=0
SLIM_PHASE query-chunks wall=3.414 cumulative=10844.214 peak_rss_kib=174893552
SLIM_PROGRESS runs=1218510848/2739737285 resolve_wall=301.032 lce_wall=3743.135 write_wall=39.458 lf_steps=0 cache_hits=0
SLIM_PHASE query-chunks wall=3.148 cumulative=10847.363 peak_rss_kib=174904984
SLIM_PROGRESS runs=1219559424/2739737285 resolve_wall=301.294 lce_wall=3746.208 write_wall=39.494 lf_steps=0 cache_hits=0
SLIM_PHASE query-chunks wall=3.372 cumulative=10850.735 peak_rss_kib=174909592
SLIM_PROGRESS runs=1220608000/2739737285 resolve_wall=301.557 lce_wall=3749.398 write_wall=39.530 lf_steps=0 cache_hits=0
SLIM_PHASE query-chunks wall=3.489 cumulative=10854.224 peak_rss_kib=174914160
SLIM_PROGRESS runs=1221656576/2739737285 resolve_wall=301.819 lce_wall=3752.313 write_wall=39.565 lf_steps=0 cache_hits=0
SLIM_PHASE query-chunks wall=3.212 cumulative=10857.436 peak_rss_kib=174922136
SLIM_PROGRESS runs=1222705152/2739737285 resolve_wall=302.081 lce_wall=3755.261 write_wall=39.601 lf_steps=0 cache_hits=0
SLIM_PHASE query-chunks wall=3.246 cumulative=10860.682 peak_rss_kib=174922136
SLIM_PROGRESS runs=1223753728/2739737285 resolve_wall=302.344 lce_wall=3758.111 write_wall=39.637 lf_steps=0 cache_hits=0
SLIM_PHASE query-chunks wall=3.150 cumulative=10863.832 peak_rss_kib=174927484
SLIM_PROGRESS runs=1224802304/2739737285 resolve_wall=302.606 lce_wall=3761.073 write_wall=39.672 lf_steps=0 cache_hits=0
SLIM_PHASE query-chunks wall=3.259 cumulative=10867.091 peak_rss_kib=174929008
SLIM_PROGRESS runs=1225850880/2739737285 resolve_wall=302.867 lce_wall=3763.885 write_wall=39.707 lf_steps=0 cache_hits=0
SLIM_PHASE query-chunks wall=3.108 cumulative=10870.199 peak_rss_kib=174936532
SLIM_PROGRESS runs=1226899456/2739737285 resolve_wall=303.128 lce_wall=3767.716 write_wall=39.742 lf_steps=0 cache_hits=0
SLIM_PHASE query-chunks wall=4.127 cumulative=10874.326 peak_rss_kib=174936532
SLIM_PROGRESS runs=1227948032/2739737285 resolve_wall=303.392 lce_wall=3770.668 write_wall=39.776 lf_steps=0 cache_hits=0
SLIM_PHASE query-chunks wall=3.250 cumulative=10877.576 peak_rss_kib=174944984
SLIM_PROGRESS runs=1228996608/2739737285 resolve_wall=303.654 lce_wall=3773.592 write_wall=39.811 lf_steps=0 cache_hits=0
SLIM_PHASE query-chunks wall=3.221 cumulative=10880.797 peak_rss_kib=174957180
SLIM_PROGRESS runs=1230045184/2739737285 resolve_wall=303.917 lce_wall=3776.540 write_wall=39.846 lf_steps=0 cache_hits=0
SLIM_PHASE query-chunks wall=3.247 cumulative=10884.044 peak_rss_kib=174975012
SLIM_PROGRESS runs=1231093760/2739737285 resolve_wall=304.182 lce_wall=3779.699 write_wall=39.881 lf_steps=0 cache_hits=0
SLIM_PHASE query-chunks wall=3.458 cumulative=10887.502 peak_rss_kib=174985656
SLIM_PROGRESS runs=1232142336/2739737285 resolve_wall=304.445 lce_wall=3782.575 write_wall=39.916 lf_steps=0 cache_hits=0
SLIM_PHASE query-chunks wall=3.174 cumulative=10890.676 peak_rss_kib=174991256
SLIM_PROGRESS runs=1233190912/2739737285 resolve_wall=304.707 lce_wall=3785.467 write_wall=39.948 lf_steps=0 cache_hits=0
SLIM_PHASE query-chunks wall=3.186 cumulative=10893.862 peak_rss_kib=174996300
SLIM_PROGRESS runs=1234239488/2739737285 resolve_wall=304.971 lce_wall=3788.569 write_wall=39.982 lf_steps=0 cache_hits=0
SLIM_PHASE query-chunks wall=3.401 cumulative=10897.263 peak_rss_kib=175000088
SLIM_PROGRESS runs=1235288064/2739737285 resolve_wall=305.233 lce_wall=3791.677 write_wall=40.017 lf_steps=0 cache_hits=0
SLIM_PHASE query-chunks wall=3.404 cumulative=10900.667 peak_rss_kib=175011072
SLIM_PROGRESS runs=1236336640/2739737285 resolve_wall=305.495 lce_wall=3794.760 write_wall=40.051 lf_steps=0 cache_hits=0
SLIM_PHASE query-chunks wall=3.380 cumulative=10904.047 peak_rss_kib=175035560
SLIM_PROGRESS runs=1237385216/2739737285 resolve_wall=305.775 lce_wall=3798.088 write_wall=40.095 lf_steps=0 cache_hits=0
SLIM_PHASE query-chunks wall=3.652 cumulative=10907.699 peak_rss_kib=175045364
SLIM_PROGRESS runs=1238433792/2739737285 resolve_wall=306.040 lce_wall=3801.334 write_wall=40.129 lf_steps=0 cache_hits=0
SLIM_PHASE query-chunks wall=3.545 cumulative=10911.244 peak_rss_kib=175062260
SLIM_PROGRESS runs=1239482368/2739737285 resolve_wall=306.302 lce_wall=3805.008 write_wall=40.162 lf_steps=0 cache_hits=0
SLIM_PHASE query-chunks wall=3.970 cumulative=10915.214 peak_rss_kib=175069684
SLIM_PROGRESS runs=1240530944/2739737285 resolve_wall=306.565 lce_wall=3807.925 write_wall=40.196 lf_steps=0 cache_hits=0
SLIM_PHASE query-chunks wall=3.214 cumulative=10918.428 peak_rss_kib=175083764
SLIM_PROGRESS runs=1241579520/2739737285 resolve_wall=306.828 lce_wall=3811.235 write_wall=40.230 lf_steps=0 cache_hits=0
SLIM_PHASE query-chunks wall=3.606 cumulative=10922.034 peak_rss_kib=175103108
SLIM_PROGRESS runs=1242628096/2739737285 resolve_wall=307.090 lce_wall=3814.274 write_wall=40.263 lf_steps=0 cache_hits=0
SLIM_PHASE query-chunks wall=3.335 cumulative=10925.369 peak_rss_kib=175119900
SLIM_PROGRESS runs=1243676672/2739737285 resolve_wall=307.354 lce_wall=3817.512 write_wall=40.299 lf_steps=0 cache_hits=0
SLIM_PHASE query-chunks wall=3.537 cumulative=10928.906 peak_rss_kib=175127832
SLIM_PROGRESS runs=1244725248/2739737285 resolve_wall=307.617 lce_wall=3820.686 write_wall=40.334 lf_steps=0 cache_hits=0
SLIM_PHASE query-chunks wall=3.473 cumulative=10932.380 peak_rss_kib=175128184
SLIM_PROGRESS runs=1245773824/2739737285 resolve_wall=307.883 lce_wall=3824.059 write_wall=40.368 lf_steps=0 cache_hits=0
SLIM_PHASE query-chunks wall=3.672 cumulative=10936.052 peak_rss_kib=175134012
SLIM_PROGRESS runs=1246822400/2739737285 resolve_wall=308.147 lce_wall=3827.401 write_wall=40.403 lf_steps=0 cache_hits=0
SLIM_PHASE query-chunks wall=3.642 cumulative=10939.694 peak_rss_kib=175135448
SLIM_PROGRESS runs=1247870976/2739737285 resolve_wall=308.409 lce_wall=3830.887 write_wall=40.438 lf_steps=0 cache_hits=0
SLIM_PHASE query-chunks wall=3.783 cumulative=10943.477 peak_rss_kib=175146232
SLIM_PROGRESS runs=1248919552/2739737285 resolve_wall=308.672 lce_wall=3834.128 write_wall=40.472 lf_steps=0 cache_hits=0
SLIM_PHASE query-chunks wall=3.538 cumulative=10947.015 peak_rss_kib=175156028
SLIM_PROGRESS runs=1249968128/2739737285 resolve_wall=308.934 lce_wall=3837.463 write_wall=40.506 lf_steps=0 cache_hits=0
SLIM_PHASE query-chunks wall=3.632 cumulative=10950.647 peak_rss_kib=175166084
SLIM_PROGRESS runs=1251016704/2739737285 resolve_wall=309.195 lce_wall=3840.606 write_wall=40.538 lf_steps=0 cache_hits=0
SLIM_PHASE query-chunks wall=3.436 cumulative=10954.082 peak_rss_kib=175173708
SLIM_PROGRESS runs=1252065280/2739737285 resolve_wall=309.458 lce_wall=3843.923 write_wall=40.574 lf_steps=0 cache_hits=0
SLIM_PHASE query-chunks wall=3.616 cumulative=10957.698 peak_rss_kib=175177772
SLIM_PROGRESS runs=1253113856/2739737285 resolve_wall=309.721 lce_wall=3846.994 write_wall=40.608 lf_steps=0 cache_hits=0
SLIM_PHASE query-chunks wall=3.368 cumulative=10961.066 peak_rss_kib=175182828
SLIM_PROGRESS runs=1254162432/2739737285 resolve_wall=309.983 lce_wall=3850.439 write_wall=40.642 lf_steps=0 cache_hits=0
SLIM_PHASE query-chunks wall=3.742 cumulative=10964.808 peak_rss_kib=175187436
SLIM_PROGRESS runs=1255211008/2739737285 resolve_wall=310.243 lce_wall=3853.991 write_wall=40.678 lf_steps=0 cache_hits=0
SLIM_PHASE query-chunks wall=3.848 cumulative=10968.655 peak_rss_kib=175191492
SLIM_PROGRESS runs=1256259584/2739737285 resolve_wall=310.508 lce_wall=3857.004 write_wall=40.714 lf_steps=0 cache_hits=0
SLIM_PHASE query-chunks wall=3.315 cumulative=10971.970 peak_rss_kib=175195000
SLIM_PROGRESS runs=1257308160/2739737285 resolve_wall=310.773 lce_wall=3860.145 write_wall=40.748 lf_steps=0 cache_hits=0
SLIM_PHASE query-chunks wall=3.440 cumulative=10975.410 peak_rss_kib=175196256
SLIM_PROGRESS runs=1258356736/2739737285 resolve_wall=311.039 lce_wall=3863.404 write_wall=40.783 lf_steps=0 cache_hits=0
SLIM_PHASE query-chunks wall=3.560 cumulative=10978.970 peak_rss_kib=175200572
SLIM_PROGRESS runs=1259405312/2739737285 resolve_wall=311.299 lce_wall=3866.672 write_wall=40.816 lf_steps=0 cache_hits=0
SLIM_PHASE query-chunks wall=3.562 cumulative=10982.532 peak_rss_kib=175203988
SLIM_PROGRESS runs=1260453888/2739737285 resolve_wall=311.562 lce_wall=3870.039 write_wall=40.850 lf_steps=0 cache_hits=0
SLIM_PHASE query-chunks wall=3.663 cumulative=10986.195 peak_rss_kib=175218040
SLIM_PROGRESS runs=1261502464/2739737285 resolve_wall=311.824 lce_wall=3873.329 write_wall=40.882 lf_steps=0 cache_hits=0
SLIM_PHASE query-chunks wall=3.584 cumulative=10989.779 peak_rss_kib=175220016
SLIM_PROGRESS runs=1262551040/2739737285 resolve_wall=312.086 lce_wall=3876.940 write_wall=40.916 lf_steps=0 cache_hits=0
SLIM_PHASE query-chunks wall=3.908 cumulative=10993.687 peak_rss_kib=175231236
SLIM_PROGRESS runs=1263599616/2739737285 resolve_wall=312.346 lce_wall=3880.088 write_wall=40.949 lf_steps=0 cache_hits=0
SLIM_PHASE query-chunks wall=3.441 cumulative=10997.128 peak_rss_kib=175234404
SLIM_PROGRESS runs=1264648192/2739737285 resolve_wall=312.613 lce_wall=3883.331 write_wall=40.984 lf_steps=0 cache_hits=0
SLIM_PHASE query-chunks wall=3.545 cumulative=11000.674 peak_rss_kib=175247140
SLIM_PROGRESS runs=1265696768/2739737285 resolve_wall=312.880 lce_wall=3886.422 write_wall=41.019 lf_steps=0 cache_hits=0
SLIM_PHASE query-chunks wall=3.392 cumulative=11004.066 peak_rss_kib=175249576
SLIM_PROGRESS runs=1266745344/2739737285 resolve_wall=313.143 lce_wall=3889.450 write_wall=41.053 lf_steps=0 cache_hits=0
SLIM_PHASE query-chunks wall=3.325 cumulative=11007.391 peak_rss_kib=175253704
SLIM_PROGRESS runs=1267793920/2739737285 resolve_wall=313.405 lce_wall=3892.412 write_wall=41.086 lf_steps=0 cache_hits=0
SLIM_PHASE query-chunks wall=3.258 cumulative=11010.649 peak_rss_kib=175259544
SLIM_PROGRESS runs=1268842496/2739737285 resolve_wall=313.668 lce_wall=3895.363 write_wall=41.120 lf_steps=0 cache_hits=0
SLIM_PHASE query-chunks wall=3.247 cumulative=11013.896 peak_rss_kib=175275240
SLIM_PROGRESS runs=1269891072/2739737285 resolve_wall=313.931 lce_wall=3898.373 write_wall=41.154 lf_steps=0 cache_hits=0
SLIM_PHASE query-chunks wall=3.308 cumulative=11017.204 peak_rss_kib=175281608
SLIM_PROGRESS runs=1270939648/2739737285 resolve_wall=314.196 lce_wall=3901.318 write_wall=41.189 lf_steps=0 cache_hits=0
SLIM_PHASE query-chunks wall=3.245 cumulative=11020.449 peak_rss_kib=175302888
SLIM_PROGRESS runs=1271988224/2739737285 resolve_wall=314.461 lce_wall=3904.249 write_wall=41.223 lf_steps=0 cache_hits=0
SLIM_PHASE query-chunks wall=3.230 cumulative=11023.679 peak_rss_kib=175309636
SLIM_PROGRESS runs=1273036800/2739737285 resolve_wall=314.722 lce_wall=3907.227 write_wall=41.257 lf_steps=0 cache_hits=0
SLIM_PHASE query-chunks wall=3.274 cumulative=11026.953 peak_rss_kib=175312980
SLIM_PROGRESS runs=1274085376/2739737285 resolve_wall=314.988 lce_wall=3910.315 write_wall=41.292 lf_steps=0 cache_hits=0
SLIM_PHASE query-chunks wall=3.389 cumulative=11030.342 peak_rss_kib=175324608
SLIM_PROGRESS runs=1275133952/2739737285 resolve_wall=315.247 lce_wall=3913.243 write_wall=41.326 lf_steps=0 cache_hits=0
SLIM_PHASE query-chunks wall=3.221 cumulative=11033.563 peak_rss_kib=175334032
SLIM_PROGRESS runs=1276182528/2739737285 resolve_wall=315.508 lce_wall=3916.253 write_wall=41.360 lf_steps=0 cache_hits=0
SLIM_PHASE query-chunks wall=3.305 cumulative=11036.868 peak_rss_kib=175346504
SLIM_PROGRESS runs=1277231104/2739737285 resolve_wall=315.769 lce_wall=3919.228 write_wall=41.395 lf_steps=0 cache_hits=0
SLIM_PHASE query-chunks wall=3.270 cumulative=11040.139 peak_rss_kib=175353448
SLIM_PROGRESS runs=1278279680/2739737285 resolve_wall=316.030 lce_wall=3923.859 write_wall=41.431 lf_steps=0 cache_hits=0
SLIM_PHASE query-chunks wall=4.928 cumulative=11045.067 peak_rss_kib=175359304
SLIM_PROGRESS runs=1279328256/2739737285 resolve_wall=316.299 lce_wall=3926.995 write_wall=41.466 lf_steps=0 cache_hits=0
SLIM_PHASE query-chunks wall=3.442 cumulative=11048.508 peak_rss_kib=175374864
SLIM_PROGRESS runs=1280376832/2739737285 resolve_wall=316.580 lce_wall=3930.230 write_wall=41.506 lf_steps=0 cache_hits=0
SLIM_PHASE query-chunks wall=3.555 cumulative=11052.063 peak_rss_kib=175381300
SLIM_PROGRESS runs=1281425408/2739737285 resolve_wall=316.873 lce_wall=3933.540 write_wall=41.550 lf_steps=0 cache_hits=0
SLIM_PHASE query-chunks wall=3.648 cumulative=11055.710 peak_rss_kib=175398196
SLIM_PROGRESS runs=1282473984/2739737285 resolve_wall=317.156 lce_wall=3936.675 write_wall=41.590 lf_steps=0 cache_hits=0
SLIM_PHASE query-chunks wall=3.458 cumulative=11059.169 peak_rss_kib=175404852
SLIM_PROGRESS runs=1283522560/2739737285 resolve_wall=317.448 lce_wall=3939.862 write_wall=41.632 lf_steps=0 cache_hits=0
SLIM_PHASE query-chunks wall=3.522 cumulative=11062.691 peak_rss_kib=175408820
SLIM_PROGRESS runs=1284571136/2739737285 resolve_wall=317.743 lce_wall=3942.882 write_wall=41.674 lf_steps=0 cache_hits=0
SLIM_PHASE query-chunks wall=3.357 cumulative=11066.048 peak_rss_kib=175411208
SLIM_PROGRESS runs=1285619712/2739737285 resolve_wall=318.029 lce_wall=3946.019 write_wall=41.716 lf_steps=0 cache_hits=0
SLIM_PHASE query-chunks wall=3.464 cumulative=11069.512 peak_rss_kib=175421640
SLIM_PROGRESS runs=1286668288/2739737285 resolve_wall=318.354 lce_wall=3949.233 write_wall=41.765 lf_steps=0 cache_hits=0
SLIM_PHASE query-chunks wall=3.587 cumulative=11073.099 peak_rss_kib=175430344
SLIM_PROGRESS runs=1287716864/2739737285 resolve_wall=318.649 lce_wall=3952.085 write_wall=41.810 lf_steps=0 cache_hits=0
SLIM_PHASE query-chunks wall=3.194 cumulative=11076.294 peak_rss_kib=175439048
SLIM_PROGRESS runs=1288765440/2739737285 resolve_wall=318.954 lce_wall=3954.876 write_wall=41.855 lf_steps=0 cache_hits=0
SLIM_PHASE query-chunks wall=3.141 cumulative=11079.434 peak_rss_kib=175459596
SLIM_PROGRESS runs=1289814016/2739737285 resolve_wall=319.237 lce_wall=3957.775 write_wall=41.899 lf_steps=0 cache_hits=0
SLIM_PHASE query-chunks wall=3.226 cumulative=11082.660 peak_rss_kib=175463552
SLIM_PROGRESS runs=1290862592/2739737285 resolve_wall=319.528 lce_wall=3960.567 write_wall=41.942 lf_steps=0 cache_hits=0
SLIM_PHASE query-chunks wall=3.126 cumulative=11085.786 peak_rss_kib=175469128
SLIM_PROGRESS runs=1291911168/2739737285 resolve_wall=319.809 lce_wall=3963.479 write_wall=41.982 lf_steps=0 cache_hits=0
SLIM_PHASE query-chunks wall=3.233 cumulative=11089.019 peak_rss_kib=175472328
SLIM_PROGRESS runs=1292959744/2739737285 resolve_wall=320.088 lce_wall=3966.249 write_wall=42.021 lf_steps=0 cache_hits=0
SLIM_PHASE query-chunks wall=3.088 cumulative=11092.107 peak_rss_kib=175481032
SLIM_PROGRESS runs=1294008320/2739737285 resolve_wall=320.382 lce_wall=3968.984 write_wall=42.065 lf_steps=0 cache_hits=0
SLIM_PHASE query-chunks wall=3.075 cumulative=11095.182 peak_rss_kib=175486960
SLIM_PROGRESS runs=1295056896/2739737285 resolve_wall=320.669 lce_wall=3971.659 write_wall=42.109 lf_steps=0 cache_hits=0
SLIM_PHASE query-chunks wall=3.005 cumulative=11098.187 peak_rss_kib=175490248
SLIM_PROGRESS runs=1296105472/2739737285 resolve_wall=320.969 lce_wall=3974.437 write_wall=42.154 lf_steps=0 cache_hits=0
SLIM_PHASE query-chunks wall=3.124 cumulative=11101.310 peak_rss_kib=175494128
SLIM_PROGRESS runs=1297154048/2739737285 resolve_wall=321.276 lce_wall=3977.251 write_wall=42.203 lf_steps=0 cache_hits=0
SLIM_PHASE query-chunks wall=3.171 cumulative=11104.481 peak_rss_kib=175494128
SLIM_PROGRESS runs=1298202624/2739737285 resolve_wall=321.564 lce_wall=3980.013 write_wall=42.248 lf_steps=0 cache_hits=0
SLIM_PHASE query-chunks wall=3.094 cumulative=11107.575 peak_rss_kib=175497968
SLIM_PROGRESS runs=1299251200/2739737285 resolve_wall=321.859 lce_wall=3982.782 write_wall=42.292 lf_steps=0 cache_hits=0
SLIM_PHASE query-chunks wall=3.108 cumulative=11110.683 peak_rss_kib=175500488
SLIM_PROGRESS runs=1300299776/2739737285 resolve_wall=322.148 lce_wall=3985.630 write_wall=42.335 lf_steps=0 cache_hits=0
SLIM_PHASE query-chunks wall=3.180 cumulative=11113.863 peak_rss_kib=175502320
SLIM_PROGRESS runs=1301348352/2739737285 resolve_wall=322.432 lce_wall=3988.475 write_wall=42.376 lf_steps=0 cache_hits=0
SLIM_PHASE query-chunks wall=3.170 cumulative=11117.034 peak_rss_kib=175517256
SLIM_PROGRESS runs=1302396928/2739737285 resolve_wall=322.705 lce_wall=3991.255 write_wall=42.412 lf_steps=0 cache_hits=0
SLIM_PHASE query-chunks wall=3.089 cumulative=11120.122 peak_rss_kib=175521776
SLIM_PROGRESS runs=1303445504/2739737285 resolve_wall=322.997 lce_wall=3994.108 write_wall=42.457 lf_steps=0 cache_hits=0
SLIM_PHASE query-chunks wall=3.191 cumulative=11123.313 peak_rss_kib=175525104
SLIM_PROGRESS runs=1304494080/2739737285 resolve_wall=323.289 lce_wall=3997.161 write_wall=42.501 lf_steps=0 cache_hits=0
SLIM_PHASE query-chunks wall=3.390 cumulative=11126.703 peak_rss_kib=175534208
SLIM_PROGRESS runs=1305542656/2739737285 resolve_wall=323.584 lce_wall=4000.269 write_wall=42.547 lf_steps=0 cache_hits=0
SLIM_PHASE query-chunks wall=3.448 cumulative=11130.151 peak_rss_kib=175537572
SLIM_PROGRESS runs=1306591232/2739737285 resolve_wall=323.872 lce_wall=4003.086 write_wall=42.591 lf_steps=0 cache_hits=0
SLIM_PHASE query-chunks wall=3.150 cumulative=11133.301 peak_rss_kib=175548324
SLIM_PROGRESS runs=1307639808/2739737285 resolve_wall=324.173 lce_wall=4005.967 write_wall=42.638 lf_steps=0 cache_hits=0
SLIM_PHASE query-chunks wall=3.229 cumulative=11136.530 peak_rss_kib=175573412
SLIM_PROGRESS runs=1308688384/2739737285 resolve_wall=324.468 lce_wall=4008.788 write_wall=42.680 lf_steps=0 cache_hits=0
SLIM_PHASE query-chunks wall=3.158 cumulative=11139.688 peak_rss_kib=175581676
SLIM_PROGRESS runs=1309736960/2739737285 resolve_wall=324.770 lce_wall=4011.955 write_wall=42.729 lf_steps=0 cache_hits=0
SLIM_PHASE query-chunks wall=3.517 cumulative=11143.206 peak_rss_kib=175592868
SLIM_PROGRESS runs=1310785536/2739737285 resolve_wall=325.047 lce_wall=4014.984 write_wall=42.768 lf_steps=0 cache_hits=0
SLIM_PHASE query-chunks wall=3.346 cumulative=11146.552 peak_rss_kib=175597476
SLIM_PROGRESS runs=1311834112/2739737285 resolve_wall=325.331 lce_wall=4018.386 write_wall=42.813 lf_steps=0 cache_hits=0
SLIM_PHASE query-chunks wall=3.731 cumulative=11150.283 peak_rss_kib=175609836
SLIM_PROGRESS runs=1312882688/2739737285 resolve_wall=325.610 lce_wall=4021.411 write_wall=42.850 lf_steps=0 cache_hits=0
SLIM_PHASE query-chunks wall=3.341 cumulative=11153.624 peak_rss_kib=175612836
SLIM_PROGRESS runs=1313931264/2739737285 resolve_wall=325.927 lce_wall=4024.693 write_wall=42.901 lf_steps=0 cache_hits=0
SLIM_PHASE query-chunks wall=3.649 cumulative=11157.273 peak_rss_kib=175625636
SLIM_PROGRESS runs=1314979840/2739737285 resolve_wall=326.240 lce_wall=4028.798 write_wall=42.948 lf_steps=0 cache_hits=0
SLIM_PHASE query-chunks wall=4.466 cumulative=11161.739 peak_rss_kib=175638436
SLIM_PROGRESS runs=1316028416/2739737285 resolve_wall=326.536 lce_wall=4033.892 write_wall=42.992 lf_steps=0 cache_hits=0
SLIM_PHASE query-chunks wall=5.434 cumulative=11167.173 peak_rss_kib=175657380
SLIM_PROGRESS runs=1317076992/2739737285 resolve_wall=326.830 lce_wall=4038.886 write_wall=43.035 lf_steps=0 cache_hits=0
SLIM_PHASE query-chunks wall=5.332 cumulative=11172.505 peak_rss_kib=175659500
SLIM_PROGRESS runs=1318125568/2739737285 resolve_wall=327.108 lce_wall=4043.665 write_wall=43.075 lf_steps=0 cache_hits=0
SLIM_PHASE query-chunks wall=5.097 cumulative=11177.602 peak_rss_kib=175663268
SLIM_PROGRESS runs=1319174144/2739737285 resolve_wall=327.390 lce_wall=4047.990 write_wall=43.118 lf_steps=0 cache_hits=0
SLIM_PHASE query-chunks wall=4.651 cumulative=11182.252 peak_rss_kib=175668980
SLIM_PROGRESS runs=1320222720/2739737285 resolve_wall=327.677 lce_wall=4051.301 write_wall=43.158 lf_steps=0 cache_hits=0
SLIM_PHASE query-chunks wall=3.638 cumulative=11185.890 peak_rss_kib=175678284
SLIM_PROGRESS runs=1321271296/2739737285 resolve_wall=327.977 lce_wall=4054.626 write_wall=43.202 lf_steps=0 cache_hits=0
SLIM_PHASE query-chunks wall=3.668 cumulative=11189.558 peak_rss_kib=175687428
SLIM_PROGRESS runs=1322319872/2739737285 resolve_wall=328.279 lce_wall=4058.031 write_wall=43.252 lf_steps=0 cache_hits=0
SLIM_PHASE query-chunks wall=3.759 cumulative=11193.317 peak_rss_kib=175703444
SLIM_PROGRESS runs=1323368448/2739737285 resolve_wall=328.575 lce_wall=4061.742 write_wall=43.296 lf_steps=0 cache_hits=0
SLIM_PHASE query-chunks wall=4.051 cumulative=11197.367 peak_rss_kib=175711252
SLIM_PROGRESS runs=1324417024/2739737285 resolve_wall=328.868 lce_wall=4064.933 write_wall=43.340 lf_steps=0 cache_hits=0
SLIM_PHASE query-chunks wall=3.528 cumulative=11200.895 peak_rss_kib=175712292
SLIM_PROGRESS runs=1325465600/2739737285 resolve_wall=329.164 lce_wall=4068.296 write_wall=43.385 lf_steps=0 cache_hits=0
SLIM_PHASE query-chunks wall=3.704 cumulative=11204.599 peak_rss_kib=175722804
SLIM_PROGRESS runs=1326514176/2739737285 resolve_wall=329.467 lce_wall=4071.423 write_wall=43.435 lf_steps=0 cache_hits=0
SLIM_PHASE query-chunks wall=3.481 cumulative=11208.080 peak_rss_kib=175736396
SLIM_PROGRESS runs=1327562752/2739737285 resolve_wall=329.764 lce_wall=4074.644 write_wall=43.480 lf_steps=0 cache_hits=0
SLIM_PHASE query-chunks wall=3.563 cumulative=11211.644 peak_rss_kib=175740452
SLIM_PROGRESS runs=1328611328/2739737285 resolve_wall=330.076 lce_wall=4077.589 write_wall=43.532 lf_steps=0 cache_hits=0
SLIM_PHASE query-chunks wall=3.307 cumulative=11214.951 peak_rss_kib=175752724
SLIM_PROGRESS runs=1329659904/2739737285 resolve_wall=330.379 lce_wall=4080.533 write_wall=43.581 lf_steps=0 cache_hits=0
SLIM_PHASE query-chunks wall=3.298 cumulative=11218.248 peak_rss_kib=175761716
SLIM_PROGRESS runs=1330708480/2739737285 resolve_wall=330.680 lce_wall=4083.447 write_wall=43.624 lf_steps=0 cache_hits=0
SLIM_PHASE query-chunks wall=3.258 cumulative=11221.507 peak_rss_kib=175765396
SLIM_PROGRESS runs=1331757056/2739737285 resolve_wall=330.981 lce_wall=4086.878 write_wall=43.669 lf_steps=0 cache_hits=0
SLIM_PHASE query-chunks wall=3.778 cumulative=11225.284 peak_rss_kib=175778196
SLIM_PROGRESS runs=1332805632/2739737285 resolve_wall=331.286 lce_wall=4090.532 write_wall=43.714 lf_steps=0 cache_hits=0
SLIM_PHASE query-chunks wall=4.004 cumulative=11229.288 peak_rss_kib=175785404
SLIM_PROGRESS runs=1333854208/2739737285 resolve_wall=331.581 lce_wall=4093.597 write_wall=43.757 lf_steps=0 cache_hits=0
SLIM_PHASE query-chunks wall=3.403 cumulative=11232.692 peak_rss_kib=175793664
SLIM_PROGRESS runs=1334902784/2739737285 resolve_wall=331.844 lce_wall=4096.492 write_wall=43.792 lf_steps=0 cache_hits=0
SLIM_PHASE query-chunks wall=3.193 cumulative=11235.885 peak_rss_kib=175800320
SLIM_PROGRESS runs=1335951360/2739737285 resolve_wall=332.106 lce_wall=4099.508 write_wall=43.826 lf_steps=0 cache_hits=0
SLIM_PHASE query-chunks wall=3.311 cumulative=11239.196 peak_rss_kib=175815040
SLIM_PROGRESS runs=1336999936/2739737285 resolve_wall=332.369 lce_wall=4102.921 write_wall=43.860 lf_steps=0 cache_hits=0
SLIM_PHASE query-chunks wall=3.711 cumulative=11242.907 peak_rss_kib=175820884
SLIM_PROGRESS runs=1338048512/2739737285 resolve_wall=332.628 lce_wall=4105.932 write_wall=43.892 lf_steps=0 cache_hits=0
SLIM_PHASE query-chunks wall=3.301 cumulative=11246.208 peak_rss_kib=175825492
SLIM_PROGRESS runs=1339097088/2739737285 resolve_wall=332.889 lce_wall=4109.170 write_wall=43.925 lf_steps=0 cache_hits=0
SLIM_PHASE query-chunks wall=3.532 cumulative=11249.741 peak_rss_kib=175831916
SLIM_PROGRESS runs=1340145664/2739737285 resolve_wall=333.152 lce_wall=4112.512 write_wall=43.960 lf_steps=0 cache_hits=0
SLIM_PHASE query-chunks wall=3.641 cumulative=11253.382 peak_rss_kib=175843720
SLIM_PROGRESS runs=1341194240/2739737285 resolve_wall=333.413 lce_wall=4115.354 write_wall=43.995 lf_steps=0 cache_hits=0
SLIM_PHASE query-chunks wall=3.138 cumulative=11256.520 peak_rss_kib=175846636
SLIM_PROGRESS runs=1342242816/2739737285 resolve_wall=333.674 lce_wall=4118.382 write_wall=44.030 lf_steps=0 cache_hits=0
SLIM_PHASE query-chunks wall=3.324 cumulative=11259.844 peak_rss_kib=175860340
SLIM_PROGRESS runs=1343291392/2739737285 resolve_wall=333.936 lce_wall=4121.578 write_wall=44.065 lf_steps=0 cache_hits=0
SLIM_PHASE query-chunks wall=3.493 cumulative=11263.337 peak_rss_kib=175867676
SLIM_PROGRESS runs=1344339968/2739737285 resolve_wall=334.200 lce_wall=4124.416 write_wall=44.100 lf_steps=0 cache_hits=0
SLIM_PHASE query-chunks wall=3.137 cumulative=11266.474 peak_rss_kib=175880556
SLIM_PROGRESS runs=1345388544/2739737285 resolve_wall=334.463 lce_wall=4127.302 write_wall=44.135 lf_steps=0 cache_hits=0
SLIM_PHASE query-chunks wall=3.184 cumulative=11269.658 peak_rss_kib=175884440
SLIM_PROGRESS runs=1346437120/2739737285 resolve_wall=334.724 lce_wall=4130.259 write_wall=44.170 lf_steps=0 cache_hits=0
SLIM_PHASE query-chunks wall=3.252 cumulative=11272.911 peak_rss_kib=175896544
SLIM_PROGRESS runs=1347485696/2739737285 resolve_wall=334.988 lce_wall=4133.274 write_wall=44.204 lf_steps=0 cache_hits=0
SLIM_PHASE query-chunks wall=3.313 cumulative=11276.224 peak_rss_kib=175902496
SLIM_PROGRESS runs=1348534272/2739737285 resolve_wall=335.255 lce_wall=4136.351 write_wall=44.238 lf_steps=0 cache_hits=0
SLIM_PHASE query-chunks wall=3.378 cumulative=11279.602 peak_rss_kib=175907356
SLIM_PROGRESS runs=1349582848/2739737285 resolve_wall=335.518 lce_wall=4139.580 write_wall=44.270 lf_steps=0 cache_hits=0
SLIM_PHASE query-chunks wall=3.525 cumulative=11283.127 peak_rss_kib=175919984
SLIM_PROGRESS runs=1350631424/2739737285 resolve_wall=335.779 lce_wall=4143.082 write_wall=44.304 lf_steps=0 cache_hits=0
SLIM_PHASE query-chunks wall=3.797 cumulative=11286.924 peak_rss_kib=175926000
SLIM_PROGRESS runs=1351680000/2739737285 resolve_wall=336.040 lce_wall=4146.184 write_wall=44.336 lf_steps=0 cache_hits=0
SLIM_PHASE query-chunks wall=3.395 cumulative=11290.319 peak_rss_kib=175933296
SLIM_PROGRESS runs=1352728576/2739737285 resolve_wall=336.303 lce_wall=4149.258 write_wall=44.371 lf_steps=0 cache_hits=0
SLIM_PHASE query-chunks wall=3.371 cumulative=11293.690 peak_rss_kib=175937264
SLIM_PROGRESS runs=1353777152/2739737285 resolve_wall=336.574 lce_wall=4152.311 write_wall=44.405 lf_steps=0 cache_hits=0
SLIM_PHASE query-chunks wall=3.360 cumulative=11297.049 peak_rss_kib=175938336
SLIM_PROGRESS runs=1354825728/2739737285 resolve_wall=336.835 lce_wall=4155.665 write_wall=44.437 lf_steps=0 cache_hits=0
SLIM_PHASE query-chunks wall=3.647 cumulative=11300.696 peak_rss_kib=175952152
SLIM_PROGRESS runs=1355874304/2739737285 resolve_wall=337.097 lce_wall=4158.732 write_wall=44.468 lf_steps=0 cache_hits=0
SLIM_PHASE query-chunks wall=3.361 cumulative=11304.057 peak_rss_kib=175960112
SLIM_PROGRESS runs=1356922880/2739737285 resolve_wall=337.356 lce_wall=4162.738 write_wall=44.501 lf_steps=0 cache_hits=0
SLIM_PHASE query-chunks wall=4.298 cumulative=11308.355 peak_rss_kib=175966888
SLIM_PROGRESS runs=1357971456/2739737285 resolve_wall=337.618 lce_wall=4165.885 write_wall=44.535 lf_steps=0 cache_hits=0
SLIM_PHASE query-chunks wall=3.443 cumulative=11311.798 peak_rss_kib=175971092
SLIM_PROGRESS runs=1359020032/2739737285 resolve_wall=337.882 lce_wall=4169.111 write_wall=44.568 lf_steps=0 cache_hits=0
SLIM_PHASE query-chunks wall=3.522 cumulative=11315.320 peak_rss_kib=175980480
SLIM_PROGRESS runs=1360068608/2739737285 resolve_wall=338.145 lce_wall=4172.579 write_wall=44.602 lf_steps=0 cache_hits=0
SLIM_PHASE query-chunks wall=3.766 cumulative=11319.086 peak_rss_kib=175987164
SLIM_PROGRESS runs=1361117184/2739737285 resolve_wall=338.410 lce_wall=4175.859 write_wall=44.637 lf_steps=0 cache_hits=0
SLIM_PHASE query-chunks wall=3.580 cumulative=11322.666 peak_rss_kib=175992088
SLIM_PROGRESS runs=1362165760/2739737285 resolve_wall=338.674 lce_wall=4179.101 write_wall=44.672 lf_steps=0 cache_hits=0
SLIM_PHASE query-chunks wall=3.542 cumulative=11326.207 peak_rss_kib=176020116
SLIM_PROGRESS runs=1363214336/2739737285 resolve_wall=338.940 lce_wall=4182.474 write_wall=44.707 lf_steps=0 cache_hits=0
SLIM_PHASE query-chunks wall=3.673 cumulative=11329.881 peak_rss_kib=176022756
SLIM_PROGRESS runs=1364262912/2739737285 resolve_wall=339.203 lce_wall=4185.716 write_wall=44.741 lf_steps=0 cache_hits=0
SLIM_PHASE query-chunks wall=3.539 cumulative=11333.420 peak_rss_kib=176027764
SLIM_PROGRESS runs=1365311488/2739737285 resolve_wall=339.468 lce_wall=4189.081 write_wall=44.774 lf_steps=0 cache_hits=0
SLIM_PHASE query-chunks wall=3.664 cumulative=11337.084 peak_rss_kib=176029284
SLIM_PROGRESS runs=1366360064/2739737285 resolve_wall=339.733 lce_wall=4192.431 write_wall=44.808 lf_steps=0 cache_hits=0
SLIM_PHASE query-chunks wall=3.649 cumulative=11340.733 peak_rss_kib=176039436
SLIM_PROGRESS runs=1367408640/2739737285 resolve_wall=339.996 lce_wall=4196.386 write_wall=44.842 lf_steps=0 cache_hits=0
SLIM_PHASE query-chunks wall=4.252 cumulative=11344.986 peak_rss_kib=176048028
SLIM_PROGRESS runs=1368457216/2739737285 resolve_wall=340.259 lce_wall=4200.168 write_wall=44.875 lf_steps=0 cache_hits=0
SLIM_PHASE query-chunks wall=4.078 cumulative=11349.063 peak_rss_kib=176062324
SLIM_PROGRESS runs=1369505792/2739737285 resolve_wall=340.522 lce_wall=4203.696 write_wall=44.909 lf_steps=0 cache_hits=0
SLIM_PHASE query-chunks wall=3.826 cumulative=11352.889 peak_rss_kib=176081476
SLIM_PROGRESS runs=1370554368/2739737285 resolve_wall=340.785 lce_wall=4207.143 write_wall=44.944 lf_steps=0 cache_hits=0
SLIM_PHASE query-chunks wall=3.745 cumulative=11356.634 peak_rss_kib=176092272
SLIM_PROGRESS runs=1371602944/2739737285 resolve_wall=341.049 lce_wall=4210.378 write_wall=44.976 lf_steps=0 cache_hits=0
SLIM_PHASE query-chunks wall=3.531 cumulative=11360.165 peak_rss_kib=176101424
SLIM_PROGRESS runs=1372651520/2739737285 resolve_wall=341.310 lce_wall=4213.862 write_wall=45.007 lf_steps=0 cache_hits=0
SLIM_PHASE query-chunks wall=3.776 cumulative=11363.941 peak_rss_kib=176104256
SLIM_PROGRESS runs=1373700096/2739737285 resolve_wall=341.573 lce_wall=4217.188 write_wall=45.039 lf_steps=0 cache_hits=0
SLIM_PHASE query-chunks wall=3.621 cumulative=11367.562 peak_rss_kib=176117784
SLIM_PROGRESS runs=1374748672/2739737285 resolve_wall=341.837 lce_wall=4220.441 write_wall=45.073 lf_steps=0 cache_hits=0
SLIM_PHASE query-chunks wall=3.551 cumulative=11371.113 peak_rss_kib=176120136
SLIM_PROGRESS runs=1375797248/2739737285 resolve_wall=342.098 lce_wall=4223.700 write_wall=45.106 lf_steps=0 cache_hits=0
SLIM_PHASE query-chunks wall=3.552 cumulative=11374.666 peak_rss_kib=176134952
SLIM_PROGRESS runs=1376845824/2739737285 resolve_wall=342.361 lce_wall=4226.807 write_wall=45.140 lf_steps=0 cache_hits=0
SLIM_PHASE query-chunks wall=3.405 cumulative=11378.070 peak_rss_kib=176142312
SLIM_PROGRESS runs=1377894400/2739737285 resolve_wall=342.625 lce_wall=4229.780 write_wall=45.173 lf_steps=0 cache_hits=0
SLIM_PHASE query-chunks wall=3.269 cumulative=11381.340 peak_rss_kib=176152836
SLIM_PROGRESS runs=1378942976/2739737285 resolve_wall=342.888 lce_wall=4233.077 write_wall=45.207 lf_steps=0 cache_hits=0
SLIM_PHASE query-chunks wall=3.595 cumulative=11384.935 peak_rss_kib=176161052
SLIM_PROGRESS runs=1379991552/2739737285 resolve_wall=343.149 lce_wall=4237.143 write_wall=45.240 lf_steps=0 cache_hits=0
SLIM_PHASE query-chunks wall=4.360 cumulative=11389.294 peak_rss_kib=176170532
SLIM_PROGRESS runs=1381040128/2739737285 resolve_wall=343.410 lce_wall=4240.357 write_wall=45.273 lf_steps=0 cache_hits=0
SLIM_PHASE query-chunks wall=3.508 cumulative=11392.802 peak_rss_kib=176174956
SLIM_PROGRESS runs=1382088704/2739737285 resolve_wall=343.673 lce_wall=4243.495 write_wall=45.306 lf_steps=0 cache_hits=0
SLIM_PHASE query-chunks wall=3.435 cumulative=11396.237 peak_rss_kib=176183640
SLIM_PROGRESS runs=1383137280/2739737285 resolve_wall=343.939 lce_wall=4246.534 write_wall=45.340 lf_steps=0 cache_hits=0
SLIM_PHASE query-chunks wall=3.340 cumulative=11399.576 peak_rss_kib=176188212
SLIM_PROGRESS runs=1384185856/2739737285 resolve_wall=344.200 lce_wall=4249.744 write_wall=45.373 lf_steps=0 cache_hits=0
SLIM_PHASE query-chunks wall=3.503 cumulative=11403.080 peak_rss_kib=176195012
SLIM_PROGRESS runs=1385234432/2739737285 resolve_wall=344.462 lce_wall=4252.850 write_wall=45.405 lf_steps=0 cache_hits=0
SLIM_PHASE query-chunks wall=3.401 cumulative=11406.481 peak_rss_kib=176200864
SLIM_PROGRESS runs=1386283008/2739737285 resolve_wall=344.726 lce_wall=4255.804 write_wall=45.439 lf_steps=0 cache_hits=0
SLIM_PHASE query-chunks wall=3.252 cumulative=11409.733 peak_rss_kib=176204592
SLIM_PROGRESS runs=1387331584/2739737285 resolve_wall=344.989 lce_wall=4258.790 write_wall=45.471 lf_steps=0 cache_hits=0
SLIM_PHASE query-chunks wall=3.281 cumulative=11413.013 peak_rss_kib=176221516
SLIM_PROGRESS runs=1388380160/2739737285 resolve_wall=345.254 lce_wall=4261.917 write_wall=45.505 lf_steps=0 cache_hits=0
SLIM_PHASE query-chunks wall=3.426 cumulative=11416.439 peak_rss_kib=176229556
SLIM_PROGRESS runs=1389428736/2739737285 resolve_wall=345.515 lce_wall=4264.786 write_wall=45.539 lf_steps=0 cache_hits=0
SLIM_PHASE query-chunks wall=3.165 cumulative=11419.604 peak_rss_kib=176238368
SLIM_PROGRESS runs=1390477312/2739737285 resolve_wall=345.778 lce_wall=4267.671 write_wall=45.575 lf_steps=0 cache_hits=0
SLIM_PHASE query-chunks wall=3.183 cumulative=11422.788 peak_rss_kib=176240224
SLIM_PROGRESS runs=1391525888/2739737285 resolve_wall=346.040 lce_wall=4270.611 write_wall=45.607 lf_steps=0 cache_hits=0
SLIM_PHASE query-chunks wall=3.234 cumulative=11426.022 peak_rss_kib=176247500
SLIM_PROGRESS runs=1392574464/2739737285 resolve_wall=346.302 lce_wall=4273.618 write_wall=45.641 lf_steps=0 cache_hits=0
SLIM_PHASE query-chunks wall=3.304 cumulative=11429.326 peak_rss_kib=176255172
SLIM_PROGRESS runs=1393623040/2739737285 resolve_wall=346.565 lce_wall=4276.561 write_wall=45.676 lf_steps=0 cache_hits=0
SLIM_PHASE query-chunks wall=3.242 cumulative=11432.567 peak_rss_kib=176261916
SLIM_PROGRESS runs=1394671616/2739737285 resolve_wall=346.824 lce_wall=4279.439 write_wall=45.709 lf_steps=0 cache_hits=0
SLIM_PHASE query-chunks wall=3.170 cumulative=11435.738 peak_rss_kib=176271172
SLIM_PROGRESS runs=1395720192/2739737285 resolve_wall=347.086 lce_wall=4282.534 write_wall=45.742 lf_steps=0 cache_hits=0
SLIM_PHASE query-chunks wall=3.390 cumulative=11439.128 peak_rss_kib=176273732
SLIM_PROGRESS runs=1396768768/2739737285 resolve_wall=347.349 lce_wall=4285.478 write_wall=45.777 lf_steps=0 cache_hits=0
SLIM_PHASE query-chunks wall=3.242 cumulative=11442.370 peak_rss_kib=176279428
SLIM_PROGRESS runs=1397817344/2739737285 resolve_wall=347.610 lce_wall=4288.410 write_wall=45.813 lf_steps=0 cache_hits=0
SLIM_PHASE query-chunks wall=3.229 cumulative=11445.599 peak_rss_kib=176287704
SLIM_PROGRESS runs=1398865920/2739737285 resolve_wall=347.869 lce_wall=4291.722 write_wall=45.847 lf_steps=0 cache_hits=0
SLIM_PHASE query-chunks wall=3.606 cumulative=11449.204 peak_rss_kib=176294928
SLIM_PROGRESS runs=1399914496/2739737285 resolve_wall=348.131 lce_wall=4295.003 write_wall=45.880 lf_steps=0 cache_hits=0
SLIM_PHASE query-chunks wall=3.576 cumulative=11452.780 peak_rss_kib=176304372
SLIM_PROGRESS runs=1400963072/2739737285 resolve_wall=348.394 lce_wall=4298.464 write_wall=45.915 lf_steps=0 cache_hits=0
SLIM_PHASE query-chunks wall=3.758 cumulative=11456.538 peak_rss_kib=176310484
SLIM_PROGRESS runs=1402011648/2739737285 resolve_wall=348.659 lce_wall=4301.526 write_wall=45.949 lf_steps=0 cache_hits=0
SLIM_PHASE query-chunks wall=3.362 cumulative=11459.900 peak_rss_kib=176321368
SLIM_PROGRESS runs=1403060224/2739737285 resolve_wall=348.922 lce_wall=4304.654 write_wall=45.984 lf_steps=0 cache_hits=0
SLIM_PHASE query-chunks wall=3.425 cumulative=11463.326 peak_rss_kib=176332012
SLIM_PROGRESS runs=1404108800/2739737285 resolve_wall=349.180 lce_wall=4307.591 write_wall=46.017 lf_steps=0 cache_hits=0
SLIM_PHASE query-chunks wall=3.229 cumulative=11466.555 peak_rss_kib=176346788
SLIM_PROGRESS runs=1405157376/2739737285 resolve_wall=349.444 lce_wall=4311.035 write_wall=46.052 lf_steps=0 cache_hits=0
SLIM_PHASE query-chunks wall=3.743 cumulative=11470.298 peak_rss_kib=176356036
SLIM_PROGRESS runs=1406205952/2739737285 resolve_wall=349.706 lce_wall=4314.133 write_wall=46.085 lf_steps=0 cache_hits=0
SLIM_PHASE query-chunks wall=3.393 cumulative=11473.691 peak_rss_kib=176369376
SLIM_PROGRESS runs=1407254528/2739737285 resolve_wall=349.970 lce_wall=4317.190 write_wall=46.119 lf_steps=0 cache_hits=0
SLIM_PHASE query-chunks wall=3.354 cumulative=11477.045 peak_rss_kib=176378632
SLIM_PROGRESS runs=1408303104/2739737285 resolve_wall=350.234 lce_wall=4320.237 write_wall=46.152 lf_steps=0 cache_hits=0
SLIM_PHASE query-chunks wall=3.344 cumulative=11480.389 peak_rss_kib=176388952
SLIM_PROGRESS runs=1409351680/2739737285 resolve_wall=350.494 lce_wall=4323.338 write_wall=46.182 lf_steps=0 cache_hits=0
SLIM_PHASE query-chunks wall=3.392 cumulative=11483.781 peak_rss_kib=176399880
SLIM_PROGRESS runs=1410400256/2739737285 resolve_wall=350.756 lce_wall=4326.335 write_wall=46.212 lf_steps=0 cache_hits=0
SLIM_PHASE query-chunks wall=3.289 cumulative=11487.071 peak_rss_kib=176410228
SLIM_PROGRESS runs=1411448832/2739737285 resolve_wall=351.021 lce_wall=4329.277 write_wall=46.248 lf_steps=0 cache_hits=0
SLIM_PHASE query-chunks wall=3.243 cumulative=11490.314 peak_rss_kib=176410228
SLIM_PROGRESS runs=1412497408/2739737285 resolve_wall=351.289 lce_wall=4332.382 write_wall=46.284 lf_steps=0 cache_hits=0
SLIM_PHASE query-chunks wall=3.409 cumulative=11493.723 peak_rss_kib=176415628
SLIM_PROGRESS runs=1413545984/2739737285 resolve_wall=351.556 lce_wall=4335.278 write_wall=46.321 lf_steps=0 cache_hits=0
SLIM_PHASE query-chunks wall=3.200 cumulative=11496.924 peak_rss_kib=176424808
SLIM_PROGRESS runs=1414594560/2739737285 resolve_wall=351.821 lce_wall=4338.177 write_wall=46.357 lf_steps=0 cache_hits=0
SLIM_PHASE query-chunks wall=3.200 cumulative=11500.123 peak_rss_kib=176433104
SLIM_PROGRESS runs=1415643136/2739737285 resolve_wall=352.086 lce_wall=4341.226 write_wall=46.389 lf_steps=0 cache_hits=0
SLIM_PHASE query-chunks wall=3.345 cumulative=11503.468 peak_rss_kib=176433532
SLIM_PROGRESS runs=1416691712/2739737285 resolve_wall=352.349 lce_wall=4344.203 write_wall=46.423 lf_steps=0 cache_hits=0
SLIM_PHASE query-chunks wall=3.275 cumulative=11506.743 peak_rss_kib=176446916
SLIM_PROGRESS runs=1417740288/2739737285 resolve_wall=352.611 lce_wall=4347.221 write_wall=46.458 lf_steps=0 cache_hits=0
SLIM_PHASE query-chunks wall=3.315 cumulative=11510.058 peak_rss_kib=176450156
SLIM_PROGRESS runs=1418788864/2739737285 resolve_wall=352.873 lce_wall=4350.205 write_wall=46.492 lf_steps=0 cache_hits=0
SLIM_PHASE query-chunks wall=3.281 cumulative=11513.338 peak_rss_kib=176462016
SLIM_PROGRESS runs=1419837440/2739737285 resolve_wall=353.138 lce_wall=4353.278 write_wall=46.528 lf_steps=0 cache_hits=0
SLIM_PHASE query-chunks wall=3.375 cumulative=11516.713 peak_rss_kib=176470808
SLIM_PROGRESS runs=1420886016/2739737285 resolve_wall=353.403 lce_wall=4356.321 write_wall=46.564 lf_steps=0 cache_hits=0
SLIM_PHASE query-chunks wall=3.344 cumulative=11520.057 peak_rss_kib=176477060
SLIM_PROGRESS runs=1421934592/2739737285 resolve_wall=353.665 lce_wall=4359.580 write_wall=46.598 lf_steps=0 cache_hits=0
SLIM_PHASE query-chunks wall=3.555 cumulative=11523.612 peak_rss_kib=176487808
SLIM_PROGRESS runs=1422983168/2739737285 resolve_wall=353.929 lce_wall=4362.870 write_wall=46.633 lf_steps=0 cache_hits=0
SLIM_PHASE query-chunks wall=3.589 cumulative=11527.201 peak_rss_kib=176490460
SLIM_PROGRESS runs=1424031744/2739737285 resolve_wall=354.197 lce_wall=4366.292 write_wall=46.670 lf_steps=0 cache_hits=0
SLIM_PHASE query-chunks wall=3.727 cumulative=11530.929 peak_rss_kib=176495204
SLIM_PROGRESS runs=1425080320/2739737285 resolve_wall=354.460 lce_wall=4369.441 write_wall=46.706 lf_steps=0 cache_hits=0
SLIM_PHASE query-chunks wall=3.447 cumulative=11534.376 peak_rss_kib=176499060
SLIM_PROGRESS runs=1426128896/2739737285 resolve_wall=354.723 lce_wall=4372.624 write_wall=46.740 lf_steps=0 cache_hits=0
SLIM_PHASE query-chunks wall=3.481 cumulative=11537.857 peak_rss_kib=176500852
SLIM_PROGRESS runs=1427177472/2739737285 resolve_wall=354.985 lce_wall=4375.862 write_wall=46.775 lf_steps=0 cache_hits=0
SLIM_PHASE query-chunks wall=3.535 cumulative=11541.392 peak_rss_kib=176508304
SLIM_PROGRESS runs=1428226048/2739737285 resolve_wall=355.259 lce_wall=4379.174 write_wall=46.813 lf_steps=0 cache_hits=0
SLIM_PHASE query-chunks wall=3.624 cumulative=11545.016 peak_rss_kib=176513420
SLIM_PROGRESS runs=1429274624/2739737285 resolve_wall=355.533 lce_wall=4382.715 write_wall=46.850 lf_steps=0 cache_hits=0
SLIM_PHASE query-chunks wall=3.852 cumulative=11548.868 peak_rss_kib=176521680
SLIM_PROGRESS runs=1430323200/2739737285 resolve_wall=355.836 lce_wall=4386.380 write_wall=46.893 lf_steps=0 cache_hits=0
SLIM_PHASE query-chunks wall=4.011 cumulative=11552.880 peak_rss_kib=176529684
SLIM_PROGRESS runs=1431371776/2739737285 resolve_wall=356.134 lce_wall=4390.583 write_wall=46.935 lf_steps=0 cache_hits=0
SLIM_PHASE query-chunks wall=4.543 cumulative=11557.423 peak_rss_kib=176543632
SLIM_PROGRESS runs=1432420352/2739737285 resolve_wall=356.465 lce_wall=4394.270 write_wall=46.980 lf_steps=0 cache_hits=0
SLIM_PHASE query-chunks wall=4.063 cumulative=11561.486 peak_rss_kib=176556964
SLIM_PROGRESS runs=1433468928/2739737285 resolve_wall=356.780 lce_wall=4397.806 write_wall=47.023 lf_steps=0 cache_hits=0
SLIM_PHASE query-chunks wall=3.894 cumulative=11565.380 peak_rss_kib=176571920
SLIM_PROGRESS runs=1434517504/2739737285 resolve_wall=357.086 lce_wall=4401.212 write_wall=47.064 lf_steps=0 cache_hits=0
SLIM_PHASE query-chunks wall=3.753 cumulative=11569.134 peak_rss_kib=176580620
SLIM_PROGRESS runs=1435566080/2739737285 resolve_wall=357.403 lce_wall=4404.826 write_wall=47.107 lf_steps=0 cache_hits=0
SLIM_PHASE query-chunks wall=3.974 cumulative=11573.107 peak_rss_kib=176586936
SLIM_PROGRESS runs=1436614656/2739737285 resolve_wall=357.720 lce_wall=4408.320 write_wall=47.150 lf_steps=0 cache_hits=0
SLIM_PHASE query-chunks wall=3.855 cumulative=11576.962 peak_rss_kib=176596828
SLIM_PROGRESS runs=1437663232/2739737285 resolve_wall=358.028 lce_wall=4411.805 write_wall=47.192 lf_steps=0 cache_hits=0
SLIM_PHASE query-chunks wall=3.835 cumulative=11580.797 peak_rss_kib=176599716
SLIM_PROGRESS runs=1438711808/2739737285 resolve_wall=358.338 lce_wall=4415.257 write_wall=47.241 lf_steps=0 cache_hits=0
SLIM_PHASE query-chunks wall=3.811 cumulative=11584.608 peak_rss_kib=176605908
SLIM_PROGRESS runs=1439760384/2739737285 resolve_wall=358.642 lce_wall=4418.696 write_wall=47.283 lf_steps=0 cache_hits=0
SLIM_PHASE query-chunks wall=3.785 cumulative=11588.393 peak_rss_kib=176612312
SLIM_PROGRESS runs=1440808960/2739737285 resolve_wall=358.959 lce_wall=4422.286 write_wall=47.329 lf_steps=0 cache_hits=0
SLIM_PHASE query-chunks wall=3.953 cumulative=11592.347 peak_rss_kib=176621672
SLIM_PROGRESS runs=1441857536/2739737285 resolve_wall=359.282 lce_wall=4426.026 write_wall=47.374 lf_steps=0 cache_hits=0
SLIM_PHASE query-chunks wall=4.108 cumulative=11596.454 peak_rss_kib=176631616
SLIM_PROGRESS runs=1442906112/2739737285 resolve_wall=359.607 lce_wall=4429.641 write_wall=47.418 lf_steps=0 cache_hits=0
SLIM_PHASE query-chunks wall=3.984 cumulative=11600.439 peak_rss_kib=176644292
SLIM_PROGRESS runs=1443954688/2739737285 resolve_wall=359.916 lce_wall=4433.143 write_wall=47.460 lf_steps=0 cache_hits=0
SLIM_PHASE query-chunks wall=3.853 cumulative=11604.292 peak_rss_kib=176649524
SLIM_PROGRESS runs=1445003264/2739737285 resolve_wall=360.210 lce_wall=4436.601 write_wall=47.499 lf_steps=0 cache_hits=0
SLIM_PHASE query-chunks wall=3.791 cumulative=11608.083 peak_rss_kib=176655520
SLIM_PROGRESS runs=1446051840/2739737285 resolve_wall=360.502 lce_wall=4440.016 write_wall=47.541 lf_steps=0 cache_hits=0
SLIM_PHASE query-chunks wall=3.750 cumulative=11611.833 peak_rss_kib=176666092
SLIM_PROGRESS runs=1447100416/2739737285 resolve_wall=360.770 lce_wall=4443.273 write_wall=47.580 lf_steps=0 cache_hits=0
SLIM_PHASE query-chunks wall=3.564 cumulative=11615.397 peak_rss_kib=176677724
SLIM_PROGRESS runs=1448148992/2739737285 resolve_wall=361.044 lce_wall=4446.589 write_wall=47.616 lf_steps=0 cache_hits=0
SLIM_PHASE query-chunks wall=3.626 cumulative=11619.023 peak_rss_kib=176685816
SLIM_PROGRESS runs=1449197568/2739737285 resolve_wall=361.307 lce_wall=4449.901 write_wall=47.650 lf_steps=0 cache_hits=0
SLIM_PHASE query-chunks wall=3.609 cumulative=11622.632 peak_rss_kib=176691456
SLIM_PROGRESS runs=1450246144/2739737285 resolve_wall=361.572 lce_wall=4453.023 write_wall=47.685 lf_steps=0 cache_hits=0
SLIM_PHASE query-chunks wall=3.422 cumulative=11626.055 peak_rss_kib=176692096
SLIM_PROGRESS runs=1451294720/2739737285 resolve_wall=361.839 lce_wall=4456.341 write_wall=47.721 lf_steps=0 cache_hits=0
SLIM_PHASE query-chunks wall=3.620 cumulative=11629.675 peak_rss_kib=176704720
SLIM_PROGRESS runs=1452343296/2739737285 resolve_wall=362.101 lce_wall=4459.191 write_wall=47.755 lf_steps=0 cache_hits=0
SLIM_PHASE query-chunks wall=3.147 cumulative=11632.822 peak_rss_kib=176719112
SLIM_PROGRESS runs=1453391872/2739737285 resolve_wall=362.365 lce_wall=4462.138 write_wall=47.790 lf_steps=0 cache_hits=0
SLIM_PHASE query-chunks wall=3.246 cumulative=11636.068 peak_rss_kib=176740304
SLIM_PROGRESS runs=1454440448/2739737285 resolve_wall=362.634 lce_wall=4465.351 write_wall=47.827 lf_steps=0 cache_hits=0
SLIM_PHASE query-chunks wall=3.518 cumulative=11639.586 peak_rss_kib=176753148
SLIM_PROGRESS runs=1455489024/2739737285 resolve_wall=362.907 lce_wall=4468.617 write_wall=47.863 lf_steps=0 cache_hits=0
SLIM_PHASE query-chunks wall=3.575 cumulative=11643.162 peak_rss_kib=176757192
SLIM_PROGRESS runs=1456537600/2739737285 resolve_wall=363.175 lce_wall=4471.859 write_wall=47.898 lf_steps=0 cache_hits=0
SLIM_PHASE query-chunks wall=3.545 cumulative=11646.707 peak_rss_kib=176763324
SLIM_PROGRESS runs=1457586176/2739737285 resolve_wall=363.474 lce_wall=4475.375 write_wall=47.940 lf_steps=0 cache_hits=0
SLIM_PHASE query-chunks wall=3.858 cumulative=11650.565 peak_rss_kib=176764236
SLIM_PROGRESS runs=1458634752/2739737285 resolve_wall=363.749 lce_wall=4478.709 write_wall=47.976 lf_steps=0 cache_hits=0
SLIM_PHASE query-chunks wall=3.645 cumulative=11654.210 peak_rss_kib=176773476
SLIM_PROGRESS runs=1459683328/2739737285 resolve_wall=364.009 lce_wall=4481.947 write_wall=48.009 lf_steps=0 cache_hits=0
SLIM_PHASE query-chunks wall=3.531 cumulative=11657.741 peak_rss_kib=176777420
SLIM_PROGRESS runs=1460731904/2739737285 resolve_wall=364.270 lce_wall=4485.016 write_wall=48.045 lf_steps=0 cache_hits=0
SLIM_PHASE query-chunks wall=3.366 cumulative=11661.107 peak_rss_kib=176793476
SLIM_PROGRESS runs=1461780480/2739737285 resolve_wall=364.647 lce_wall=4489.100 write_wall=48.101 lf_steps=0 cache_hits=0
SLIM_PHASE query-chunks wall=4.516 cumulative=11665.624 peak_rss_kib=176797156
SLIM_PROGRESS runs=1462829056/2739737285 resolve_wall=364.966 lce_wall=4492.568 write_wall=48.141 lf_steps=0 cache_hits=0
SLIM_PHASE query-chunks wall=3.828 cumulative=11669.452 peak_rss_kib=176802120
SLIM_PROGRESS runs=1463877632/2739737285 resolve_wall=365.236 lce_wall=4496.016 write_wall=48.178 lf_steps=0 cache_hits=0
SLIM_PHASE query-chunks wall=3.755 cumulative=11673.207 peak_rss_kib=176814928
SLIM_PROGRESS runs=1464926208/2739737285 resolve_wall=365.519 lce_wall=4499.324 write_wall=48.220 lf_steps=0 cache_hits=0
SLIM_PHASE query-chunks wall=3.634 cumulative=11676.840 peak_rss_kib=176820012
SLIM_PROGRESS runs=1465974784/2739737285 resolve_wall=365.838 lce_wall=4503.246 write_wall=48.265 lf_steps=0 cache_hits=0
SLIM_PHASE query-chunks wall=4.286 cumulative=11681.126 peak_rss_kib=176826884
SLIM_PROGRESS runs=1467023360/2739737285 resolve_wall=366.119 lce_wall=4506.486 write_wall=48.305 lf_steps=0 cache_hits=0
SLIM_PHASE query-chunks wall=3.561 cumulative=11684.688 peak_rss_kib=176830080
SLIM_PROGRESS runs=1468071936/2739737285 resolve_wall=366.387 lce_wall=4509.661 write_wall=48.340 lf_steps=0 cache_hits=0
SLIM_PHASE query-chunks wall=3.478 cumulative=11688.166 peak_rss_kib=176832360
SLIM_PROGRESS runs=1469120512/2739737285 resolve_wall=366.656 lce_wall=4512.997 write_wall=48.376 lf_steps=0 cache_hits=0
SLIM_PHASE query-chunks wall=3.642 cumulative=11691.808 peak_rss_kib=176843752
SLIM_PROGRESS runs=1470169088/2739737285 resolve_wall=366.920 lce_wall=4516.071 write_wall=48.412 lf_steps=0 cache_hits=0
SLIM_PHASE query-chunks wall=3.373 cumulative=11695.180 peak_rss_kib=176851176
SLIM_PROGRESS runs=1471217664/2739737285 resolve_wall=367.183 lce_wall=4519.284 write_wall=48.445 lf_steps=0 cache_hits=0
SLIM_PHASE query-chunks wall=3.510 cumulative=11698.691 peak_rss_kib=176851176
SLIM_PROGRESS runs=1472266240/2739737285 resolve_wall=367.444 lce_wall=4522.926 write_wall=48.480 lf_steps=0 cache_hits=0
SLIM_PHASE query-chunks wall=3.937 cumulative=11702.627 peak_rss_kib=176852876
SLIM_PROGRESS runs=1473314816/2739737285 resolve_wall=367.708 lce_wall=4526.475 write_wall=48.513 lf_steps=0 cache_hits=0
SLIM_PHASE query-chunks wall=3.847 cumulative=11706.474 peak_rss_kib=176869208
SLIM_PROGRESS runs=1474363392/2739737285 resolve_wall=367.972 lce_wall=4529.678 write_wall=48.548 lf_steps=0 cache_hits=0
SLIM_PHASE query-chunks wall=3.503 cumulative=11709.977 peak_rss_kib=176881060
SLIM_PROGRESS runs=1475411968/2739737285 resolve_wall=368.237 lce_wall=4532.929 write_wall=48.583 lf_steps=0 cache_hits=0
SLIM_PHASE query-chunks wall=3.550 cumulative=11713.528 peak_rss_kib=176894952
SLIM_PROGRESS runs=1476460544/2739737285 resolve_wall=368.501 lce_wall=4536.158 write_wall=48.619 lf_steps=0 cache_hits=0
SLIM_PHASE query-chunks wall=3.529 cumulative=11717.057 peak_rss_kib=176903216
SLIM_PROGRESS runs=1477509120/2739737285 resolve_wall=368.763 lce_wall=4540.079 write_wall=48.653 lf_steps=0 cache_hits=0
SLIM_PHASE query-chunks wall=4.218 cumulative=11721.275 peak_rss_kib=176910652
SLIM_PROGRESS runs=1478557696/2739737285 resolve_wall=369.031 lce_wall=4543.651 write_wall=48.690 lf_steps=0 cache_hits=0
SLIM_PHASE query-chunks wall=3.876 cumulative=11725.151 peak_rss_kib=176910652
SLIM_PROGRESS runs=1479606272/2739737285 resolve_wall=369.298 lce_wall=4547.044 write_wall=48.725 lf_steps=0 cache_hits=0
SLIM_PHASE query-chunks wall=3.695 cumulative=11728.846 peak_rss_kib=176911852
SLIM_PROGRESS runs=1480654848/2739737285 resolve_wall=369.560 lce_wall=4550.364 write_wall=48.760 lf_steps=0 cache_hits=0
SLIM_PHASE query-chunks wall=3.617 cumulative=11732.463 peak_rss_kib=176919932
SLIM_PROGRESS runs=1481703424/2739737285 resolve_wall=369.823 lce_wall=4553.743 write_wall=48.794 lf_steps=0 cache_hits=0
SLIM_PHASE query-chunks wall=3.675 cumulative=11736.138 peak_rss_kib=176931296
SLIM_PROGRESS runs=1482752000/2739737285 resolve_wall=370.084 lce_wall=4558.096 write_wall=48.828 lf_steps=0 cache_hits=0
SLIM_PHASE query-chunks wall=4.650 cumulative=11740.788 peak_rss_kib=176939252
SLIM_PROGRESS runs=1483800576/2739737285 resolve_wall=370.358 lce_wall=4561.473 write_wall=48.866 lf_steps=0 cache_hits=0
SLIM_PHASE query-chunks wall=3.689 cumulative=11744.477 peak_rss_kib=176959520
SLIM_PROGRESS runs=1484849152/2739737285 resolve_wall=370.631 lce_wall=4564.889 write_wall=48.904 lf_steps=0 cache_hits=0
SLIM_PHASE query-chunks wall=3.727 cumulative=11748.204 peak_rss_kib=176962208
SLIM_PROGRESS runs=1485897728/2739737285 resolve_wall=370.909 lce_wall=4568.443 write_wall=48.947 lf_steps=0 cache_hits=0
SLIM_PHASE query-chunks wall=3.875 cumulative=11752.079 peak_rss_kib=176976904
SLIM_PROGRESS runs=1486946304/2739737285 resolve_wall=371.194 lce_wall=4571.769 write_wall=48.986 lf_steps=0 cache_hits=0
SLIM_PHASE query-chunks wall=3.651 cumulative=11755.730 peak_rss_kib=176984948
SLIM_PROGRESS runs=1487994880/2739737285 resolve_wall=371.482 lce_wall=4575.108 write_wall=49.024 lf_steps=0 cache_hits=0
SLIM_PHASE query-chunks wall=3.665 cumulative=11759.395 peak_rss_kib=176989920
SLIM_PROGRESS runs=1489043456/2739737285 resolve_wall=371.761 lce_wall=4578.199 write_wall=49.062 lf_steps=0 cache_hits=0
SLIM_PHASE query-chunks wall=3.409 cumulative=11762.804 peak_rss_kib=176998624
SLIM_PROGRESS runs=1490092032/2739737285 resolve_wall=372.036 lce_wall=4581.530 write_wall=49.101 lf_steps=0 cache_hits=0
SLIM_PHASE query-chunks wall=3.645 cumulative=11766.448 peak_rss_kib=177010728
SLIM_PROGRESS runs=1491140608/2739737285 resolve_wall=372.308 lce_wall=4584.895 write_wall=49.137 lf_steps=0 cache_hits=0
SLIM_PHASE query-chunks wall=3.673 cumulative=11770.121 peak_rss_kib=177016612
SLIM_PROGRESS runs=1492189184/2739737285 resolve_wall=372.579 lce_wall=4588.511 write_wall=49.173 lf_steps=0 cache_hits=0
SLIM_PHASE query-chunks wall=3.922 cumulative=11774.044 peak_rss_kib=177027404
SLIM_PROGRESS runs=1493237760/2739737285 resolve_wall=372.847 lce_wall=4591.933 write_wall=49.210 lf_steps=0 cache_hits=0
SLIM_PHASE query-chunks wall=3.728 cumulative=11777.772 peak_rss_kib=177033612
SLIM_PROGRESS runs=1494286336/2739737285 resolve_wall=373.118 lce_wall=4595.077 write_wall=49.246 lf_steps=0 cache_hits=0
SLIM_PHASE query-chunks wall=3.452 cumulative=11781.224 peak_rss_kib=177043560
SLIM_PROGRESS runs=1495334912/2739737285 resolve_wall=373.382 lce_wall=4598.431 write_wall=49.281 lf_steps=0 cache_hits=0
SLIM_PHASE query-chunks wall=3.653 cumulative=11784.877 peak_rss_kib=177054080
SLIM_PROGRESS runs=1496383488/2739737285 resolve_wall=373.642 lce_wall=4601.688 write_wall=49.316 lf_steps=0 cache_hits=0
SLIM_PHASE query-chunks wall=3.551 cumulative=11788.427 peak_rss_kib=177061560
SLIM_PROGRESS runs=1497432064/2739737285 resolve_wall=373.904 lce_wall=4605.010 write_wall=49.352 lf_steps=0 cache_hits=0
SLIM_PHASE query-chunks wall=3.620 cumulative=11792.048 peak_rss_kib=177076424
SLIM_PROGRESS runs=1498480640/2739737285 resolve_wall=374.166 lce_wall=4608.314 write_wall=49.387 lf_steps=0 cache_hits=0
SLIM_PHASE query-chunks wall=3.602 cumulative=11795.650 peak_rss_kib=177086876
SLIM_PROGRESS runs=1499529216/2739737285 resolve_wall=374.427 lce_wall=4611.525 write_wall=49.422 lf_steps=0 cache_hits=0
SLIM_PHASE query-chunks wall=3.507 cumulative=11799.156 peak_rss_kib=177102236
SLIM_PROGRESS runs=1500577792/2739737285 resolve_wall=374.690 lce_wall=4614.764 write_wall=49.457 lf_steps=0 cache_hits=0
SLIM_PHASE query-chunks wall=3.537 cumulative=11802.693 peak_rss_kib=177107748
SLIM_PROGRESS runs=1501626368/2739737285 resolve_wall=374.952 lce_wall=4617.938 write_wall=49.493 lf_steps=0 cache_hits=0
SLIM_PHASE query-chunks wall=3.472 cumulative=11806.166 peak_rss_kib=177119844
SLIM_PROGRESS runs=1502674944/2739737285 resolve_wall=375.213 lce_wall=4621.110 write_wall=49.528 lf_steps=0 cache_hits=0
SLIM_PHASE query-chunks wall=3.468 cumulative=11809.634 peak_rss_kib=177126444
SLIM_PROGRESS runs=1503723520/2739737285 resolve_wall=375.476 lce_wall=4624.201 write_wall=49.562 lf_steps=0 cache_hits=0
SLIM_PHASE query-chunks wall=3.387 cumulative=11813.022 peak_rss_kib=177133668
SLIM_PROGRESS runs=1504772096/2739737285 resolve_wall=375.735 lce_wall=4627.239 write_wall=49.595 lf_steps=0 cache_hits=0
SLIM_PHASE query-chunks wall=3.331 cumulative=11816.352 peak_rss_kib=177142500
SLIM_PROGRESS runs=1505820672/2739737285 resolve_wall=375.994 lce_wall=4630.311 write_wall=49.629 lf_steps=0 cache_hits=0
SLIM_PHASE query-chunks wall=3.365 cumulative=11819.718 peak_rss_kib=177145060
SLIM_PROGRESS runs=1506869248/2739737285 resolve_wall=376.256 lce_wall=4633.449 write_wall=49.662 lf_steps=0 cache_hits=0
SLIM_PHASE query-chunks wall=3.434 cumulative=11823.152 peak_rss_kib=177147708
SLIM_PROGRESS runs=1507917824/2739737285 resolve_wall=376.519 lce_wall=4636.682 write_wall=49.695 lf_steps=0 cache_hits=0
SLIM_PHASE query-chunks wall=3.529 cumulative=11826.680 peak_rss_kib=177151992
SLIM_PROGRESS runs=1508966400/2739737285 resolve_wall=376.781 lce_wall=4639.916 write_wall=49.730 lf_steps=0 cache_hits=0
SLIM_PHASE query-chunks wall=3.530 cumulative=11830.211 peak_rss_kib=177165356
SLIM_PROGRESS runs=1510014976/2739737285 resolve_wall=377.040 lce_wall=4643.072 write_wall=49.764 lf_steps=0 cache_hits=0
SLIM_PHASE query-chunks wall=3.449 cumulative=11833.660 peak_rss_kib=177172072
SLIM_PROGRESS runs=1511063552/2739737285 resolve_wall=377.303 lce_wall=4646.194 write_wall=49.799 lf_steps=0 cache_hits=0
SLIM_PHASE query-chunks wall=3.420 cumulative=11837.080 peak_rss_kib=177179716
SLIM_PROGRESS runs=1512112128/2739737285 resolve_wall=377.563 lce_wall=4649.327 write_wall=49.834 lf_steps=0 cache_hits=0
SLIM_PHASE query-chunks wall=3.428 cumulative=11840.508 peak_rss_kib=177183220
SLIM_PROGRESS runs=1513160704/2739737285 resolve_wall=377.824 lce_wall=4652.426 write_wall=49.869 lf_steps=0 cache_hits=0
SLIM_PHASE query-chunks wall=3.396 cumulative=11843.904 peak_rss_kib=177198160
SLIM_PROGRESS runs=1514209280/2739737285 resolve_wall=378.081 lce_wall=4655.882 write_wall=49.901 lf_steps=0 cache_hits=0
SLIM_PHASE query-chunks wall=3.744 cumulative=11847.649 peak_rss_kib=177213192
SLIM_PROGRESS runs=1515257856/2739737285 resolve_wall=378.341 lce_wall=4659.277 write_wall=49.937 lf_steps=0 cache_hits=0
SLIM_PHASE query-chunks wall=3.691 cumulative=11851.340 peak_rss_kib=177213832
SLIM_PROGRESS runs=1516306432/2739737285 resolve_wall=378.606 lce_wall=4662.489 write_wall=49.971 lf_steps=0 cache_hits=0
SLIM_PHASE query-chunks wall=3.511 cumulative=11854.850 peak_rss_kib=177213832
SLIM_PROGRESS runs=1517355008/2739737285 resolve_wall=378.869 lce_wall=4665.535 write_wall=50.007 lf_steps=0 cache_hits=0
SLIM_PHASE query-chunks wall=3.345 cumulative=11858.195 peak_rss_kib=177213832
SLIM_PROGRESS runs=1518403584/2739737285 resolve_wall=379.134 lce_wall=4668.717 write_wall=50.041 lf_steps=0 cache_hits=0
SLIM_PHASE query-chunks wall=3.482 cumulative=11861.677 peak_rss_kib=177220584
SLIM_PROGRESS runs=1519452160/2739737285 resolve_wall=379.405 lce_wall=4671.905 write_wall=50.077 lf_steps=0 cache_hits=0
SLIM_PHASE query-chunks wall=3.495 cumulative=11865.172 peak_rss_kib=177225932
SLIM_PROGRESS runs=1520500736/2739737285 resolve_wall=379.677 lce_wall=4675.212 write_wall=50.115 lf_steps=0 cache_hits=0
SLIM_PHASE query-chunks wall=3.617 cumulative=11868.790 peak_rss_kib=177246832
SLIM_PROGRESS runs=1521549312/2739737285 resolve_wall=379.941 lce_wall=4678.569 write_wall=50.149 lf_steps=0 cache_hits=0
SLIM_PHASE query-chunks wall=3.655 cumulative=11872.445 peak_rss_kib=177255916
SLIM_PROGRESS runs=1522597888/2739737285 resolve_wall=380.201 lce_wall=4681.622 write_wall=50.182 lf_steps=0 cache_hits=0
SLIM_PHASE query-chunks wall=3.346 cumulative=11875.791 peak_rss_kib=177263924
SLIM_PROGRESS runs=1523646464/2739737285 resolve_wall=380.460 lce_wall=4684.550 write_wall=50.215 lf_steps=0 cache_hits=0
SLIM_PHASE query-chunks wall=3.219 cumulative=11879.010 peak_rss_kib=177269184
SLIM_PROGRESS runs=1524695040/2739737285 resolve_wall=380.738 lce_wall=4687.891 write_wall=50.252 lf_steps=0 cache_hits=0
SLIM_PHASE query-chunks wall=3.656 cumulative=11882.667 peak_rss_kib=177281564
SLIM_PROGRESS runs=1525743616/2739737285 resolve_wall=381.022 lce_wall=4690.995 write_wall=50.290 lf_steps=0 cache_hits=0
SLIM_PHASE query-chunks wall=3.427 cumulative=11886.094 peak_rss_kib=177291456
SLIM_PROGRESS runs=1526792192/2739737285 resolve_wall=381.306 lce_wall=4694.071 write_wall=50.330 lf_steps=0 cache_hits=0
SLIM_PHASE query-chunks wall=3.400 cumulative=11889.493 peak_rss_kib=177304508
SLIM_PROGRESS runs=1527840768/2739737285 resolve_wall=381.592 lce_wall=4697.223 write_wall=50.368 lf_steps=0 cache_hits=0
SLIM_PHASE query-chunks wall=3.477 cumulative=11892.970 peak_rss_kib=177306136
SLIM_PROGRESS runs=1528889344/2739737285 resolve_wall=381.875 lce_wall=4700.359 write_wall=50.407 lf_steps=0 cache_hits=0
SLIM_PHASE query-chunks wall=3.458 cumulative=11896.428 peak_rss_kib=177316724
SLIM_PROGRESS runs=1529937920/2739737285 resolve_wall=382.158 lce_wall=4703.576 write_wall=50.444 lf_steps=0 cache_hits=0
SLIM_PHASE query-chunks wall=3.537 cumulative=11899.965 peak_rss_kib=177323288
SLIM_PROGRESS runs=1530986496/2739737285 resolve_wall=382.440 lce_wall=4706.858 write_wall=50.485 lf_steps=0 cache_hits=0
SLIM_PHASE query-chunks wall=3.606 cumulative=11903.571 peak_rss_kib=177327756
SLIM_PROGRESS runs=1532035072/2739737285 resolve_wall=382.728 lce_wall=4710.208 write_wall=50.525 lf_steps=0 cache_hits=0
SLIM_PHASE query-chunks wall=3.678 cumulative=11907.249 peak_rss_kib=177334648
SLIM_PROGRESS runs=1533083648/2739737285 resolve_wall=383.009 lce_wall=4713.364 write_wall=50.563 lf_steps=0 cache_hits=0
SLIM_PHASE query-chunks wall=3.474 cumulative=11910.723 peak_rss_kib=177344072
SLIM_PROGRESS runs=1534132224/2739737285 resolve_wall=383.294 lce_wall=4716.501 write_wall=50.604 lf_steps=0 cache_hits=0
SLIM_PHASE query-chunks wall=3.464 cumulative=11914.187 peak_rss_kib=177345780
SLIM_PROGRESS runs=1535180800/2739737285 resolve_wall=383.577 lce_wall=4719.676 write_wall=50.640 lf_steps=0 cache_hits=0
SLIM_PHASE query-chunks wall=3.493 cumulative=11917.680 peak_rss_kib=177361088
SLIM_PROGRESS runs=1536229376/2739737285 resolve_wall=383.865 lce_wall=4722.863 write_wall=50.681 lf_steps=0 cache_hits=0
SLIM_PHASE query-chunks wall=3.517 cumulative=11921.198 peak_rss_kib=177374072
SLIM_PROGRESS runs=1537277952/2739737285 resolve_wall=384.152 lce_wall=4726.098 write_wall=50.720 lf_steps=0 cache_hits=0
SLIM_PHASE query-chunks wall=3.560 cumulative=11924.758 peak_rss_kib=177387400
SLIM_PROGRESS runs=1538326528/2739737285 resolve_wall=384.435 lce_wall=4729.621 write_wall=50.757 lf_steps=0 cache_hits=0
SLIM_PHASE query-chunks wall=3.844 cumulative=11928.602 peak_rss_kib=177391676
SLIM_PROGRESS runs=1539375104/2739737285 resolve_wall=384.715 lce_wall=4732.938 write_wall=50.796 lf_steps=0 cache_hits=0
SLIM_PHASE query-chunks wall=3.636 cumulative=11932.238 peak_rss_kib=177421216
SLIM_PROGRESS runs=1540423680/2739737285 resolve_wall=385.000 lce_wall=4736.217 write_wall=50.834 lf_steps=0 cache_hits=0
SLIM_PHASE query-chunks wall=3.602 cumulative=11935.840 peak_rss_kib=177429180
SLIM_PROGRESS runs=1541472256/2739737285 resolve_wall=385.285 lce_wall=4739.421 write_wall=50.873 lf_steps=0 cache_hits=0
SLIM_PHASE query-chunks wall=3.528 cumulative=11939.368 peak_rss_kib=177433756
SLIM_PROGRESS runs=1542520832/2739737285 resolve_wall=385.569 lce_wall=4742.564 write_wall=50.911 lf_steps=0 cache_hits=0
SLIM_PHASE query-chunks wall=3.465 cumulative=11942.833 peak_rss_kib=177433756
SLIM_PROGRESS runs=1543569408/2739737285 resolve_wall=385.851 lce_wall=4745.823 write_wall=50.948 lf_steps=0 cache_hits=0
SLIM_PHASE query-chunks wall=3.579 cumulative=11946.412 peak_rss_kib=177435736
SLIM_PROGRESS runs=1544617984/2739737285 resolve_wall=386.132 lce_wall=4749.162 write_wall=50.987 lf_steps=0 cache_hits=0
SLIM_PHASE query-chunks wall=3.659 cumulative=11950.071 peak_rss_kib=177442600
SLIM_PROGRESS runs=1545666560/2739737285 resolve_wall=386.412 lce_wall=4752.477 write_wall=51.026 lf_steps=0 cache_hits=0
SLIM_PHASE query-chunks wall=3.635 cumulative=11953.706 peak_rss_kib=177463328
SLIM_PROGRESS runs=1546715136/2739737285 resolve_wall=386.694 lce_wall=4755.794 write_wall=51.063 lf_steps=0 cache_hits=0
SLIM_PHASE query-chunks wall=3.635 cumulative=11957.341 peak_rss_kib=177472168
SLIM_PROGRESS runs=1547763712/2739737285 resolve_wall=386.972 lce_wall=4759.270 write_wall=51.098 lf_steps=0 cache_hits=0
SLIM_PHASE query-chunks wall=3.790 cumulative=11961.130 peak_rss_kib=177473480
SLIM_PROGRESS runs=1548812288/2739737285 resolve_wall=387.244 lce_wall=4762.581 write_wall=51.134 lf_steps=0 cache_hits=0
SLIM_PHASE query-chunks wall=3.620 cumulative=11964.750 peak_rss_kib=177481520
SLIM_PROGRESS runs=1549860864/2739737285 resolve_wall=387.520 lce_wall=4765.575 write_wall=51.171 lf_steps=0 cache_hits=0
SLIM_PHASE query-chunks wall=3.306 cumulative=11968.056 peak_rss_kib=177496808
SLIM_PROGRESS runs=1550909440/2739737285 resolve_wall=387.783 lce_wall=4768.465 write_wall=51.204 lf_steps=0 cache_hits=0
SLIM_PHASE query-chunks wall=3.188 cumulative=11971.244 peak_rss_kib=177504276
SLIM_PROGRESS runs=1551958016/2739737285 resolve_wall=388.043 lce_wall=4771.071 write_wall=51.236 lf_steps=0 cache_hits=0
SLIM_PHASE query-chunks wall=2.897 cumulative=11974.141 peak_rss_kib=177510988
SLIM_PROGRESS runs=1553006592/2739737285 resolve_wall=388.303 lce_wall=4773.677 write_wall=51.269 lf_steps=0 cache_hits=0
SLIM_PHASE query-chunks wall=2.901 cumulative=11977.041 peak_rss_kib=177521100
SLIM_PROGRESS runs=1554055168/2739737285 resolve_wall=388.565 lce_wall=4776.271 write_wall=51.303 lf_steps=0 cache_hits=0
SLIM_PHASE query-chunks wall=2.888 cumulative=11979.930 peak_rss_kib=177521376
SLIM_PROGRESS runs=1555103744/2739737285 resolve_wall=388.824 lce_wall=4778.764 write_wall=51.339 lf_steps=0 cache_hits=0
SLIM_PHASE query-chunks wall=2.788 cumulative=11982.718 peak_rss_kib=177527660
SLIM_PROGRESS runs=1556152320/2739737285 resolve_wall=389.082 lce_wall=4781.240 write_wall=51.374 lf_steps=0 cache_hits=0
SLIM_PHASE query-chunks wall=2.769 cumulative=11985.487 peak_rss_kib=177530308
SLIM_PROGRESS runs=1557200896/2739737285 resolve_wall=389.341 lce_wall=4783.973 write_wall=51.408 lf_steps=0 cache_hits=0
SLIM_PHASE query-chunks wall=3.027 cumulative=11988.515 peak_rss_kib=177535652
SLIM_PROGRESS runs=1558249472/2739737285 resolve_wall=389.602 lce_wall=4786.622 write_wall=51.444 lf_steps=0 cache_hits=0
SLIM_PHASE query-chunks wall=2.945 cumulative=11991.460 peak_rss_kib=177549116
SLIM_PROGRESS runs=1559298048/2739737285 resolve_wall=389.862 lce_wall=4789.303 write_wall=51.478 lf_steps=0 cache_hits=0
SLIM_PHASE query-chunks wall=2.975 cumulative=11994.435 peak_rss_kib=177552560
SLIM_PROGRESS runs=1560346624/2739737285 resolve_wall=390.123 lce_wall=4792.026 write_wall=51.513 lf_steps=0 cache_hits=0
SLIM_PHASE query-chunks wall=3.019 cumulative=11997.454 peak_rss_kib=177561132
SLIM_PROGRESS runs=1561395200/2739737285 resolve_wall=390.382 lce_wall=4794.529 write_wall=51.548 lf_steps=0 cache_hits=0
SLIM_PHASE query-chunks wall=2.797 cumulative=12000.251 peak_rss_kib=177561960
SLIM_PROGRESS runs=1562443776/2739737285 resolve_wall=390.643 lce_wall=4797.075 write_wall=51.583 lf_steps=0 cache_hits=0
SLIM_PHASE query-chunks wall=2.842 cumulative=12003.093 peak_rss_kib=177565048
SLIM_PROGRESS runs=1563492352/2739737285 resolve_wall=390.904 lce_wall=4800.191 write_wall=51.619 lf_steps=0 cache_hits=0
SLIM_PHASE query-chunks wall=3.414 cumulative=12006.508 peak_rss_kib=177573864
SLIM_PROGRESS runs=1564540928/2739737285 resolve_wall=391.167 lce_wall=4802.745 write_wall=51.655 lf_steps=0 cache_hits=0
SLIM_PHASE query-chunks wall=2.851 cumulative=12009.359 peak_rss_kib=177581688
SLIM_PROGRESS runs=1565589504/2739737285 resolve_wall=391.428 lce_wall=4805.646 write_wall=51.698 lf_steps=0 cache_hits=0
SLIM_PHASE query-chunks wall=3.206 cumulative=12012.565 peak_rss_kib=177588412
SLIM_PROGRESS runs=1566638080/2739737285 resolve_wall=391.694 lce_wall=4808.698 write_wall=51.730 lf_steps=0 cache_hits=0
SLIM_PHASE query-chunks wall=3.350 cumulative=12015.916 peak_rss_kib=177622112
SLIM_PROGRESS runs=1567686656/2739737285 resolve_wall=391.954 lce_wall=4811.637 write_wall=51.763 lf_steps=0 cache_hits=0
SLIM_PHASE query-chunks wall=3.232 cumulative=12019.147 peak_rss_kib=177633416
SLIM_PROGRESS runs=1568735232/2739737285 resolve_wall=392.219 lce_wall=4814.449 write_wall=51.795 lf_steps=0 cache_hits=0
SLIM_PHASE query-chunks wall=3.109 cumulative=12022.257 peak_rss_kib=177638244
SLIM_PROGRESS runs=1569783808/2739737285 resolve_wall=392.489 lce_wall=4817.454 write_wall=51.830 lf_steps=0 cache_hits=0
SLIM_PHASE query-chunks wall=3.310 cumulative=12025.567 peak_rss_kib=177652124
SLIM_PROGRESS runs=1570832384/2739737285 resolve_wall=392.744 lce_wall=4820.489 write_wall=51.870 lf_steps=0 cache_hits=0
SLIM_PHASE query-chunks wall=3.330 cumulative=12028.896 peak_rss_kib=177656952
SLIM_PROGRESS runs=1571880960/2739737285 resolve_wall=393.002 lce_wall=4823.798 write_wall=51.908 lf_steps=0 cache_hits=0
SLIM_PHASE query-chunks wall=3.605 cumulative=12032.502 peak_rss_kib=177667900
SLIM_PROGRESS runs=1572929536/2739737285 resolve_wall=393.264 lce_wall=4826.527 write_wall=51.947 lf_steps=0 cache_hits=0
SLIM_PHASE query-chunks wall=3.030 cumulative=12035.532 peak_rss_kib=177680960
SLIM_PROGRESS runs=1573978112/2739737285 resolve_wall=393.513 lce_wall=4829.295 write_wall=51.980 lf_steps=0 cache_hits=0
SLIM_PHASE query-chunks wall=3.050 cumulative=12038.582 peak_rss_kib=177681584
SLIM_PROGRESS runs=1575026688/2739737285 resolve_wall=393.741 lce_wall=4833.037 write_wall=52.015 lf_steps=0 cache_hits=0
SLIM_PHASE query-chunks wall=4.005 cumulative=12042.587 peak_rss_kib=177681584
SLIM_PROGRESS runs=1576075264/2739737285 resolve_wall=393.984 lce_wall=4836.051 write_wall=52.054 lf_steps=0 cache_hits=0
SLIM_PHASE query-chunks wall=3.298 cumulative=12045.885 peak_rss_kib=177692668
SLIM_PROGRESS runs=1577123840/2739737285 resolve_wall=394.252 lce_wall=4839.416 write_wall=52.092 lf_steps=0 cache_hits=0
SLIM_PHASE query-chunks wall=3.670 cumulative=12049.555 peak_rss_kib=177697352
SLIM_PROGRESS runs=1578172416/2739737285 resolve_wall=394.486 lce_wall=4842.767 write_wall=52.124 lf_steps=0 cache_hits=0
SLIM_PHASE query-chunks wall=3.617 cumulative=12053.172 peak_rss_kib=177698452
SLIM_PROGRESS runs=1579220992/2739737285 resolve_wall=394.713 lce_wall=4846.013 write_wall=52.159 lf_steps=0 cache_hits=0
SLIM_PHASE query-chunks wall=3.508 cumulative=12056.681 peak_rss_kib=177701180
SLIM_PROGRESS runs=1580269568/2739737285 resolve_wall=394.957 lce_wall=4849.525 write_wall=52.194 lf_steps=0 cache_hits=0
SLIM_PHASE query-chunks wall=3.791 cumulative=12060.471 peak_rss_kib=177715484
SLIM_PROGRESS runs=1581318144/2739737285 resolve_wall=395.212 lce_wall=4852.585 write_wall=52.229 lf_steps=0 cache_hits=0
SLIM_PHASE query-chunks wall=3.350 cumulative=12063.822 peak_rss_kib=177736784
SLIM_PROGRESS runs=1582366720/2739737285 resolve_wall=395.468 lce_wall=4855.777 write_wall=52.265 lf_steps=0 cache_hits=0
SLIM_PHASE query-chunks wall=3.484 cumulative=12067.306 peak_rss_kib=177744136
SLIM_PROGRESS runs=1583415296/2739737285 resolve_wall=395.711 lce_wall=4858.871 write_wall=52.299 lf_steps=0 cache_hits=0
SLIM_PHASE query-chunks wall=3.372 cumulative=12070.677 peak_rss_kib=177753716
SLIM_PROGRESS runs=1584463872/2739737285 resolve_wall=395.969 lce_wall=4862.156 write_wall=52.334 lf_steps=0 cache_hits=0
SLIM_PHASE query-chunks wall=3.578 cumulative=12074.256 peak_rss_kib=177769220
SLIM_PROGRESS runs=1585512448/2739737285 resolve_wall=396.209 lce_wall=4865.748 write_wall=52.368 lf_steps=0 cache_hits=0
SLIM_PHASE query-chunks wall=3.867 cumulative=12078.122 peak_rss_kib=177769408
SLIM_PROGRESS runs=1586561024/2739737285 resolve_wall=396.464 lce_wall=4868.952 write_wall=52.404 lf_steps=0 cache_hits=0
SLIM_PHASE query-chunks wall=3.494 cumulative=12081.616 peak_rss_kib=177769408
SLIM_PROGRESS runs=1587609600/2739737285 resolve_wall=396.709 lce_wall=4872.114 write_wall=52.438 lf_steps=0 cache_hits=0
SLIM_PHASE query-chunks wall=3.441 cumulative=12085.057 peak_rss_kib=177769932
SLIM_PROGRESS runs=1588658176/2739737285 resolve_wall=396.967 lce_wall=4875.161 write_wall=52.473 lf_steps=0 cache_hits=0
SLIM_PHASE query-chunks wall=3.341 cumulative=12088.398 peak_rss_kib=177785988
SLIM_PROGRESS runs=1589706752/2739737285 resolve_wall=397.223 lce_wall=4878.391 write_wall=52.509 lf_steps=0 cache_hits=0
SLIM_PHASE query-chunks wall=3.521 cumulative=12091.919 peak_rss_kib=177794960
SLIM_PROGRESS runs=1590755328/2739737285 resolve_wall=397.465 lce_wall=4881.622 write_wall=52.543 lf_steps=0 cache_hits=0
SLIM_PHASE query-chunks wall=3.508 cumulative=12095.427 peak_rss_kib=177811860
SLIM_PROGRESS runs=1591803904/2739737285 resolve_wall=397.704 lce_wall=4884.672 write_wall=52.575 lf_steps=0 cache_hits=0
SLIM_PHASE query-chunks wall=3.322 cumulative=12098.748 peak_rss_kib=177816828
SLIM_PROGRESS runs=1592852480/2739737285 resolve_wall=397.942 lce_wall=4888.087 write_wall=52.608 lf_steps=0 cache_hits=0
SLIM_PHASE query-chunks wall=3.687 cumulative=12102.435 peak_rss_kib=177829960
SLIM_PROGRESS runs=1593901056/2739737285 resolve_wall=398.212 lce_wall=4891.355 write_wall=52.655 lf_steps=0 cache_hits=0
SLIM_PHASE query-chunks wall=3.584 cumulative=12106.019 peak_rss_kib=177838112
SLIM_PROGRESS runs=1594949632/2739737285 resolve_wall=398.457 lce_wall=4894.564 write_wall=52.689 lf_steps=0 cache_hits=0
SLIM_PHASE query-chunks wall=3.488 cumulative=12109.507 peak_rss_kib=177846276
SLIM_PROGRESS runs=1595998208/2739737285 resolve_wall=398.700 lce_wall=4897.845 write_wall=52.724 lf_steps=0 cache_hits=0
SLIM_PHASE query-chunks wall=3.559 cumulative=12113.067 peak_rss_kib=177846276
SLIM_PROGRESS runs=1597046784/2739737285 resolve_wall=398.942 lce_wall=4900.855 write_wall=52.758 lf_steps=0 cache_hits=0
SLIM_PHASE query-chunks wall=3.287 cumulative=12116.354 peak_rss_kib=177855848
SLIM_PROGRESS runs=1598095360/2739737285 resolve_wall=399.189 lce_wall=4903.962 write_wall=52.793 lf_steps=0 cache_hits=0
SLIM_PHASE query-chunks wall=3.389 cumulative=12119.742 peak_rss_kib=177864024
SLIM_PROGRESS runs=1599143936/2739737285 resolve_wall=399.434 lce_wall=4907.081 write_wall=52.830 lf_steps=0 cache_hits=0
SLIM_PHASE query-chunks wall=3.401 cumulative=12123.143 peak_rss_kib=177865304
SLIM_PROGRESS runs=1600192512/2739737285 resolve_wall=399.677 lce_wall=4910.081 write_wall=52.865 lf_steps=0 cache_hits=0
SLIM_PHASE query-chunks wall=3.278 cumulative=12126.421 peak_rss_kib=177873852
SLIM_PROGRESS runs=1601241088/2739737285 resolve_wall=399.920 lce_wall=4913.036 write_wall=52.897 lf_steps=0 cache_hits=0
SLIM_PHASE query-chunks wall=3.230 cumulative=12129.651 peak_rss_kib=177877644
SLIM_PROGRESS runs=1602289664/2739737285 resolve_wall=400.161 lce_wall=4916.010 write_wall=52.931 lf_steps=0 cache_hits=0
SLIM_PHASE query-chunks wall=3.250 cumulative=12132.901 peak_rss_kib=177895624
SLIM_PROGRESS runs=1603338240/2739737285 resolve_wall=400.403 lce_wall=4919.023 write_wall=52.965 lf_steps=0 cache_hits=0
SLIM_PHASE query-chunks wall=3.289 cumulative=12136.190 peak_rss_kib=177910244
SLIM_PROGRESS runs=1604386816/2739737285 resolve_wall=400.646 lce_wall=4922.118 write_wall=52.997 lf_steps=0 cache_hits=0
SLIM_PHASE query-chunks wall=3.371 cumulative=12139.560 peak_rss_kib=177917640
SLIM_PROGRESS runs=1605435392/2739737285 resolve_wall=400.888 lce_wall=4925.151 write_wall=53.032 lf_steps=0 cache_hits=0
SLIM_PHASE query-chunks wall=3.310 cumulative=12142.870 peak_rss_kib=177928876
SLIM_PROGRESS runs=1606483968/2739737285 resolve_wall=401.133 lce_wall=4928.430 write_wall=53.067 lf_steps=0 cache_hits=0
SLIM_PHASE query-chunks wall=3.560 cumulative=12146.430 peak_rss_kib=177938020
SLIM_PROGRESS runs=1607532544/2739737285 resolve_wall=401.376 lce_wall=4931.580 write_wall=53.102 lf_steps=0 cache_hits=0
SLIM_PHASE query-chunks wall=3.427 cumulative=12149.857 peak_rss_kib=177940380
SLIM_PROGRESS runs=1608581120/2739737285 resolve_wall=401.621 lce_wall=4934.958 write_wall=53.135 lf_steps=0 cache_hits=0
SLIM_PHASE query-chunks wall=3.656 cumulative=12153.514 peak_rss_kib=177953476
SLIM_PROGRESS runs=1609629696/2739737285 resolve_wall=401.867 lce_wall=4938.374 write_wall=53.167 lf_steps=0 cache_hits=0
SLIM_PHASE query-chunks wall=3.694 cumulative=12157.208 peak_rss_kib=177956604
SLIM_PROGRESS runs=1610678272/2739737285 resolve_wall=402.108 lce_wall=4941.951 write_wall=53.199 lf_steps=0 cache_hits=0
SLIM_PHASE query-chunks wall=3.850 cumulative=12161.058 peak_rss_kib=177965936
SLIM_PROGRESS runs=1611726848/2739737285 resolve_wall=402.350 lce_wall=4945.256 write_wall=53.231 lf_steps=0 cache_hits=0
SLIM_PHASE query-chunks wall=3.578 cumulative=12164.636 peak_rss_kib=177968624
SLIM_PROGRESS runs=1612775424/2739737285 resolve_wall=402.586 lce_wall=4948.309 write_wall=53.262 lf_steps=0 cache_hits=0
SLIM_PHASE query-chunks wall=3.322 cumulative=12167.958 peak_rss_kib=177983508
SLIM_PROGRESS runs=1613824000/2739737285 resolve_wall=402.818 lce_wall=4951.652 write_wall=53.296 lf_steps=0 cache_hits=0
SLIM_PHASE query-chunks wall=3.609 cumulative=12171.567 peak_rss_kib=177986700
SLIM_PROGRESS runs=1614872576/2739737285 resolve_wall=403.038 lce_wall=4954.760 write_wall=53.329 lf_steps=0 cache_hits=0
SLIM_PHASE query-chunks wall=3.361 cumulative=12174.928 peak_rss_kib=177997400
SLIM_PROGRESS runs=1615921152/2739737285 resolve_wall=403.272 lce_wall=4958.187 write_wall=53.363 lf_steps=0 cache_hits=0
SLIM_PHASE query-chunks wall=3.695 cumulative=12178.623 peak_rss_kib=178013656
SLIM_PROGRESS runs=1616969728/2739737285 resolve_wall=403.502 lce_wall=4961.175 write_wall=53.394 lf_steps=0 cache_hits=0
SLIM_PHASE query-chunks wall=3.249 cumulative=12181.872 peak_rss_kib=178016180
SLIM_PROGRESS runs=1618018304/2739737285 resolve_wall=403.714 lce_wall=4964.203 write_wall=53.428 lf_steps=0 cache_hits=0
SLIM_PHASE query-chunks wall=3.273 cumulative=12185.146 peak_rss_kib=178022508
SLIM_PROGRESS runs=1619066880/2739737285 resolve_wall=403.932 lce_wall=4967.131 write_wall=53.462 lf_steps=0 cache_hits=0
SLIM_PHASE query-chunks wall=3.181 cumulative=12188.326 peak_rss_kib=178033900
SLIM_PROGRESS runs=1620115456/2739737285 resolve_wall=404.164 lce_wall=4970.286 write_wall=53.495 lf_steps=0 cache_hits=0
SLIM_PHASE query-chunks wall=3.420 cumulative=12191.746 peak_rss_kib=178042052
SLIM_PROGRESS runs=1621164032/2739737285 resolve_wall=404.382 lce_wall=4973.251 write_wall=53.528 lf_steps=0 cache_hits=0
SLIM_PHASE query-chunks wall=3.215 cumulative=12194.961 peak_rss_kib=178043420
SLIM_PROGRESS runs=1622212608/2739737285 resolve_wall=404.600 lce_wall=4976.185 write_wall=53.562 lf_steps=0 cache_hits=0
SLIM_PHASE query-chunks wall=3.188 cumulative=12198.149 peak_rss_kib=178046108
SLIM_PROGRESS runs=1623261184/2739737285 resolve_wall=404.839 lce_wall=4979.758 write_wall=53.596 lf_steps=0 cache_hits=0
SLIM_PHASE query-chunks wall=3.847 cumulative=12201.995 peak_rss_kib=178048636
SLIM_PROGRESS runs=1624309760/2739737285 resolve_wall=405.075 lce_wall=4982.955 write_wall=53.630 lf_steps=0 cache_hits=0
SLIM_PHASE query-chunks wall=3.467 cumulative=12205.462 peak_rss_kib=178058492
SLIM_PROGRESS runs=1625358336/2739737285 resolve_wall=405.300 lce_wall=4985.737 write_wall=53.662 lf_steps=0 cache_hits=0
SLIM_PHASE query-chunks wall=3.039 cumulative=12208.501 peak_rss_kib=178071104
SLIM_PROGRESS runs=1626406912/2739737285 resolve_wall=405.521 lce_wall=4988.488 write_wall=53.695 lf_steps=0 cache_hits=0
SLIM_PHASE query-chunks wall=3.005 cumulative=12211.506 peak_rss_kib=178073092
SLIM_PROGRESS runs=1627455488/2739737285 resolve_wall=405.734 lce_wall=4991.194 write_wall=53.728 lf_steps=0 cache_hits=0
SLIM_PHASE query-chunks wall=2.952 cumulative=12214.459 peak_rss_kib=178081300
SLIM_PROGRESS runs=1628504064/2739737285 resolve_wall=405.952 lce_wall=4993.921 write_wall=53.763 lf_steps=0 cache_hits=0
SLIM_PHASE query-chunks wall=2.980 cumulative=12217.439 peak_rss_kib=178089916
SLIM_PROGRESS runs=1629552640/2739737285 resolve_wall=406.195 lce_wall=4996.753 write_wall=53.798 lf_steps=0 cache_hits=0
SLIM_PHASE query-chunks wall=3.110 cumulative=12220.549 peak_rss_kib=178097300
SLIM_PROGRESS runs=1630601216/2739737285 resolve_wall=406.439 lce_wall=4999.539 write_wall=53.835 lf_steps=0 cache_hits=0
SLIM_PHASE query-chunks wall=3.066 cumulative=12223.615 peak_rss_kib=178104636
SLIM_PROGRESS runs=1631649792/2739737285 resolve_wall=406.684 lce_wall=5002.527 write_wall=53.871 lf_steps=0 cache_hits=0
SLIM_PHASE query-chunks wall=3.270 cumulative=12226.885 peak_rss_kib=178111052
SLIM_PROGRESS runs=1632698368/2739737285 resolve_wall=406.930 lce_wall=5005.460 write_wall=53.906 lf_steps=0 cache_hits=0
SLIM_PHASE query-chunks wall=3.214 cumulative=12230.099 peak_rss_kib=178119492
SLIM_PROGRESS runs=1633746944/2739737285 resolve_wall=407.173 lce_wall=5008.512 write_wall=53.941 lf_steps=0 cache_hits=0
SLIM_PHASE query-chunks wall=3.330 cumulative=12233.429 peak_rss_kib=178130268
SLIM_PROGRESS runs=1634795520/2739737285 resolve_wall=407.426 lce_wall=5011.545 write_wall=53.981 lf_steps=0 cache_hits=0
SLIM_PHASE query-chunks wall=3.326 cumulative=12236.755 peak_rss_kib=178151084
SLIM_PROGRESS runs=1635844096/2739737285 resolve_wall=407.674 lce_wall=5014.774 write_wall=54.016 lf_steps=0 cache_hits=0
SLIM_PHASE query-chunks wall=3.512 cumulative=12240.267 peak_rss_kib=178151084
SLIM_PROGRESS runs=1636892672/2739737285 resolve_wall=407.917 lce_wall=5017.848 write_wall=54.053 lf_steps=0 cache_hits=0
SLIM_PHASE query-chunks wall=3.354 cumulative=12243.621 peak_rss_kib=178161132
SLIM_PROGRESS runs=1637941248/2739737285 resolve_wall=408.159 lce_wall=5020.918 write_wall=54.086 lf_steps=0 cache_hits=0
SLIM_PHASE query-chunks wall=3.346 cumulative=12246.967 peak_rss_kib=178164980
SLIM_PROGRESS runs=1638989824/2739737285 resolve_wall=408.399 lce_wall=5023.974 write_wall=54.121 lf_steps=0 cache_hits=0
SLIM_PHASE query-chunks wall=3.331 cumulative=12250.298 peak_rss_kib=178175092
SLIM_PROGRESS runs=1640038400/2739737285 resolve_wall=408.641 lce_wall=5027.002 write_wall=54.156 lf_steps=0 cache_hits=0
SLIM_PHASE query-chunks wall=3.305 cumulative=12253.603 peak_rss_kib=178185480
SLIM_PROGRESS runs=1641086976/2739737285 resolve_wall=408.886 lce_wall=5029.871 write_wall=54.190 lf_steps=0 cache_hits=0
SLIM_PHASE query-chunks wall=3.148 cumulative=12256.752 peak_rss_kib=178188744
SLIM_PROGRESS runs=1642135552/2739737285 resolve_wall=409.128 lce_wall=5033.274 write_wall=54.223 lf_steps=0 cache_hits=0
SLIM_PHASE query-chunks wall=3.678 cumulative=12260.430 peak_rss_kib=178208736
SLIM_PROGRESS runs=1643184128/2739737285 resolve_wall=409.368 lce_wall=5036.413 write_wall=54.256 lf_steps=0 cache_hits=0
SLIM_PHASE query-chunks wall=3.413 cumulative=12263.842 peak_rss_kib=178217048
SLIM_PROGRESS runs=1644232704/2739737285 resolve_wall=409.610 lce_wall=5039.438 write_wall=54.290 lf_steps=0 cache_hits=0
SLIM_PHASE query-chunks wall=3.299 cumulative=12267.142 peak_rss_kib=178225144
SLIM_PROGRESS runs=1645281280/2739737285 resolve_wall=409.852 lce_wall=5042.468 write_wall=54.325 lf_steps=0 cache_hits=0
SLIM_PHASE query-chunks wall=3.308 cumulative=12270.450 peak_rss_kib=178226392
SLIM_PROGRESS runs=1646329856/2739737285 resolve_wall=410.094 lce_wall=5045.499 write_wall=54.359 lf_steps=0 cache_hits=0
SLIM_PHASE query-chunks wall=3.307 cumulative=12273.757 peak_rss_kib=178226424
SLIM_PROGRESS runs=1647378432/2739737285 resolve_wall=410.336 lce_wall=5048.674 write_wall=54.394 lf_steps=0 cache_hits=0
SLIM_PHASE query-chunks wall=3.452 cumulative=12277.210 peak_rss_kib=178237256
SLIM_PROGRESS runs=1648427008/2739737285 resolve_wall=410.581 lce_wall=5051.646 write_wall=54.430 lf_steps=0 cache_hits=0
SLIM_PHASE query-chunks wall=3.253 cumulative=12280.463 peak_rss_kib=178248008
SLIM_PROGRESS runs=1649475584/2739737285 resolve_wall=410.822 lce_wall=5054.652 write_wall=54.464 lf_steps=0 cache_hits=0
SLIM_PHASE query-chunks wall=3.281 cumulative=12283.744 peak_rss_kib=178260808
SLIM_PROGRESS runs=1650524160/2739737285 resolve_wall=411.062 lce_wall=5058.189 write_wall=54.499 lf_steps=0 cache_hits=0
SLIM_PHASE query-chunks wall=3.811 cumulative=12287.555 peak_rss_kib=178260808
SLIM_PROGRESS runs=1651572736/2739737285 resolve_wall=411.301 lce_wall=5062.591 write_wall=54.533 lf_steps=0 cache_hits=0
SLIM_PHASE query-chunks wall=4.676 cumulative=12292.232 peak_rss_kib=178268924
SLIM_PROGRESS runs=1652621312/2739737285 resolve_wall=411.544 lce_wall=5065.874 write_wall=54.568 lf_steps=0 cache_hits=0
SLIM_PHASE query-chunks wall=3.561 cumulative=12295.792 peak_rss_kib=178279676
SLIM_PROGRESS runs=1653669888/2739737285 resolve_wall=411.788 lce_wall=5068.971 write_wall=54.604 lf_steps=0 cache_hits=0
SLIM_PHASE query-chunks wall=3.376 cumulative=12299.169 peak_rss_kib=178285892
SLIM_PROGRESS runs=1654718464/2739737285 resolve_wall=412.032 lce_wall=5072.105 write_wall=54.638 lf_steps=0 cache_hits=0
SLIM_PHASE query-chunks wall=3.413 cumulative=12302.582 peak_rss_kib=178291476
SLIM_PROGRESS runs=1655767040/2739737285 resolve_wall=412.275 lce_wall=5075.155 write_wall=54.672 lf_steps=0 cache_hits=0
SLIM_PHASE query-chunks wall=3.327 cumulative=12305.908 peak_rss_kib=178305312
SLIM_PROGRESS runs=1656815616/2739737285 resolve_wall=412.517 lce_wall=5078.200 write_wall=54.704 lf_steps=0 cache_hits=0
SLIM_PHASE query-chunks wall=3.319 cumulative=12309.227 peak_rss_kib=178310296
SLIM_PROGRESS runs=1657864192/2739737285 resolve_wall=412.759 lce_wall=5081.250 write_wall=54.735 lf_steps=0 cache_hits=0
SLIM_PHASE query-chunks wall=3.324 cumulative=12312.551 peak_rss_kib=178322676
SLIM_PROGRESS runs=1658912768/2739737285 resolve_wall=413.004 lce_wall=5084.200 write_wall=54.770 lf_steps=0 cache_hits=0
SLIM_PHASE query-chunks wall=3.231 cumulative=12315.782 peak_rss_kib=178330856
SLIM_PROGRESS runs=1659961344/2739737285 resolve_wall=413.249 lce_wall=5087.230 write_wall=54.805 lf_steps=0 cache_hits=0
SLIM_PHASE query-chunks wall=3.308 cumulative=12319.090 peak_rss_kib=178337548
SLIM_PROGRESS runs=1661009920/2739737285 resolve_wall=413.493 lce_wall=5090.875 write_wall=54.838 lf_steps=0 cache_hits=0
SLIM_PHASE query-chunks wall=3.923 cumulative=12323.013 peak_rss_kib=178354888
SLIM_PROGRESS runs=1662058496/2739737285 resolve_wall=413.735 lce_wall=5094.324 write_wall=54.870 lf_steps=0 cache_hits=0
SLIM_PHASE query-chunks wall=3.723 cumulative=12326.736 peak_rss_kib=178369264
SLIM_PROGRESS runs=1663107072/2739737285 resolve_wall=413.980 lce_wall=5097.512 write_wall=54.903 lf_steps=0 cache_hits=0
SLIM_PHASE query-chunks wall=3.466 cumulative=12330.203 peak_rss_kib=178370344
SLIM_PROGRESS runs=1664155648/2739737285 resolve_wall=414.222 lce_wall=5100.633 write_wall=54.937 lf_steps=0 cache_hits=0
SLIM_PHASE query-chunks wall=3.397 cumulative=12333.600 peak_rss_kib=178374440
SLIM_PROGRESS runs=1665204224/2739737285 resolve_wall=414.464 lce_wall=5103.938 write_wall=54.970 lf_steps=0 cache_hits=0
SLIM_PHASE query-chunks wall=3.581 cumulative=12337.181 peak_rss_kib=178381304
SLIM_PROGRESS runs=1666252800/2739737285 resolve_wall=414.707 lce_wall=5106.906 write_wall=55.005 lf_steps=0 cache_hits=0
SLIM_PHASE query-chunks wall=3.245 cumulative=12340.426 peak_rss_kib=178388136
SLIM_PROGRESS runs=1667301376/2739737285 resolve_wall=414.951 lce_wall=5109.840 write_wall=55.039 lf_steps=0 cache_hits=0
SLIM_PHASE query-chunks wall=3.213 cumulative=12343.638 peak_rss_kib=178398712
SLIM_PROGRESS runs=1668349952/2739737285 resolve_wall=415.194 lce_wall=5112.937 write_wall=55.075 lf_steps=0 cache_hits=0
SLIM_PHASE query-chunks wall=3.376 cumulative=12347.014 peak_rss_kib=178419352
SLIM_PROGRESS runs=1669398528/2739737285 resolve_wall=415.435 lce_wall=5116.009 write_wall=55.108 lf_steps=0 cache_hits=0
SLIM_PHASE query-chunks wall=3.346 cumulative=12350.360 peak_rss_kib=178424416
SLIM_PROGRESS runs=1670447104/2739737285 resolve_wall=415.676 lce_wall=5119.032 write_wall=55.142 lf_steps=0 cache_hits=0
SLIM_PHASE query-chunks wall=3.297 cumulative=12353.658 peak_rss_kib=178426988
SLIM_PROGRESS runs=1671495680/2739737285 resolve_wall=415.918 lce_wall=5122.356 write_wall=55.178 lf_steps=0 cache_hits=0
SLIM_PHASE query-chunks wall=3.603 cumulative=12357.261 peak_rss_kib=178436220
SLIM_PROGRESS runs=1672544256/2739737285 resolve_wall=416.156 lce_wall=5124.890 write_wall=55.213 lf_steps=0 cache_hits=0
SLIM_PHASE query-chunks wall=2.808 cumulative=12360.069 peak_rss_kib=178440752
SLIM_PROGRESS runs=1673592832/2739737285 resolve_wall=416.397 lce_wall=5127.784 write_wall=55.247 lf_steps=0 cache_hits=0
SLIM_PHASE query-chunks wall=3.169 cumulative=12363.238 peak_rss_kib=178453552
SLIM_PROGRESS runs=1674641408/2739737285 resolve_wall=416.639 lce_wall=5130.848 write_wall=55.283 lf_steps=0 cache_hits=0
SLIM_PHASE query-chunks wall=3.342 cumulative=12366.579 peak_rss_kib=178462696
SLIM_PROGRESS runs=1675689984/2739737285 resolve_wall=416.879 lce_wall=5133.787 write_wall=55.316 lf_steps=0 cache_hits=0
SLIM_PHASE query-chunks wall=3.212 cumulative=12369.791 peak_rss_kib=178463748
SLIM_PROGRESS runs=1676738560/2739737285 resolve_wall=417.119 lce_wall=5136.691 write_wall=55.351 lf_steps=0 cache_hits=0
SLIM_PHASE query-chunks wall=3.179 cumulative=12372.970 peak_rss_kib=178475036
SLIM_PROGRESS runs=1677787136/2739737285 resolve_wall=417.337 lce_wall=5139.906 write_wall=55.385 lf_steps=0 cache_hits=0
SLIM_PHASE query-chunks wall=3.468 cumulative=12376.438 peak_rss_kib=178486272
SLIM_PROGRESS runs=1678835712/2739737285 resolve_wall=417.554 lce_wall=5142.936 write_wall=55.418 lf_steps=0 cache_hits=0
SLIM_PHASE query-chunks wall=3.280 cumulative=12379.718 peak_rss_kib=178495508
SLIM_PROGRESS runs=1679884288/2739737285 resolve_wall=417.788 lce_wall=5145.858 write_wall=55.451 lf_steps=0 cache_hits=0
SLIM_PHASE query-chunks wall=3.189 cumulative=12382.907 peak_rss_kib=178497752
SLIM_PROGRESS runs=1680932864/2739737285 resolve_wall=418.025 lce_wall=5148.673 write_wall=55.485 lf_steps=0 cache_hits=0
SLIM_PHASE query-chunks wall=3.086 cumulative=12385.993 peak_rss_kib=178502496
SLIM_PROGRESS runs=1681981440/2739737285 resolve_wall=418.267 lce_wall=5151.592 write_wall=55.521 lf_steps=0 cache_hits=0
SLIM_PHASE query-chunks wall=3.197 cumulative=12389.190 peak_rss_kib=178512752
SLIM_PROGRESS runs=1683030016/2739737285 resolve_wall=418.510 lce_wall=5154.451 write_wall=55.556 lf_steps=0 cache_hits=0
SLIM_PHASE query-chunks wall=3.138 cumulative=12392.328 peak_rss_kib=178527004
SLIM_PROGRESS runs=1684078592/2739737285 resolve_wall=418.753 lce_wall=5157.292 write_wall=55.590 lf_steps=0 cache_hits=0
SLIM_PHASE query-chunks wall=3.117 cumulative=12395.445 peak_rss_kib=178533280
SLIM_PROGRESS runs=1685127168/2739737285 resolve_wall=418.998 lce_wall=5160.195 write_wall=55.626 lf_steps=0 cache_hits=0
SLIM_PHASE query-chunks wall=3.185 cumulative=12398.630 peak_rss_kib=178535856
SLIM_PROGRESS runs=1686175744/2739737285 resolve_wall=419.241 lce_wall=5163.396 write_wall=55.660 lf_steps=0 cache_hits=0
SLIM_PHASE query-chunks wall=3.478 cumulative=12402.108 peak_rss_kib=178541684
SLIM_PROGRESS runs=1687224320/2739737285 resolve_wall=419.485 lce_wall=5166.433 write_wall=55.695 lf_steps=0 cache_hits=0
SLIM_PHASE query-chunks wall=3.316 cumulative=12405.424 peak_rss_kib=178548952
SLIM_PROGRESS runs=1688272896/2739737285 resolve_wall=419.723 lce_wall=5169.400 write_wall=55.728 lf_steps=0 cache_hits=0
SLIM_PHASE query-chunks wall=3.239 cumulative=12408.663 peak_rss_kib=178549952
SLIM_PROGRESS runs=1689321472/2739737285 resolve_wall=419.964 lce_wall=5172.458 write_wall=55.763 lf_steps=0 cache_hits=0
SLIM_PHASE query-chunks wall=3.334 cumulative=12411.996 peak_rss_kib=178555400
SLIM_PROGRESS runs=1690370048/2739737285 resolve_wall=420.206 lce_wall=5175.483 write_wall=55.798 lf_steps=0 cache_hits=0
SLIM_PHASE query-chunks wall=3.302 cumulative=12415.299 peak_rss_kib=178562676
SLIM_PROGRESS runs=1691418624/2739737285 resolve_wall=420.449 lce_wall=5178.455 write_wall=55.833 lf_steps=0 cache_hits=0
SLIM_PHASE query-chunks wall=3.249 cumulative=12418.548 peak_rss_kib=178577776
SLIM_PROGRESS runs=1692467200/2739737285 resolve_wall=420.686 lce_wall=5181.325 write_wall=55.865 lf_steps=0 cache_hits=0
SLIM_PHASE query-chunks wall=3.140 cumulative=12421.688 peak_rss_kib=178594672
SLIM_PROGRESS runs=1693515776/2739737285 resolve_wall=420.925 lce_wall=5184.211 write_wall=55.896 lf_steps=0 cache_hits=0
SLIM_PHASE query-chunks wall=3.156 cumulative=12424.844 peak_rss_kib=178599408
SLIM_PROGRESS runs=1694564352/2739737285 resolve_wall=421.166 lce_wall=5187.184 write_wall=55.929 lf_steps=0 cache_hits=0
SLIM_PHASE query-chunks wall=3.248 cumulative=12428.092 peak_rss_kib=178610056
SLIM_PROGRESS runs=1695612928/2739737285 resolve_wall=421.407 lce_wall=5190.221 write_wall=55.964 lf_steps=0 cache_hits=0
SLIM_PHASE query-chunks wall=3.312 cumulative=12431.404 peak_rss_kib=178616260
SLIM_PROGRESS runs=1696661504/2739737285 resolve_wall=421.652 lce_wall=5193.351 write_wall=56.001 lf_steps=0 cache_hits=0
SLIM_PHASE query-chunks wall=3.413 cumulative=12434.817 peak_rss_kib=178629588
SLIM_PROGRESS runs=1697710080/2739737285 resolve_wall=421.896 lce_wall=5196.184 write_wall=56.038 lf_steps=0 cache_hits=0
SLIM_PHASE query-chunks wall=3.114 cumulative=12437.931 peak_rss_kib=178640340
SLIM_PROGRESS runs=1698758656/2739737285 resolve_wall=422.139 lce_wall=5198.920 write_wall=56.074 lf_steps=0 cache_hits=0
SLIM_PHASE query-chunks wall=3.015 cumulative=12440.946 peak_rss_kib=178654020
SLIM_PROGRESS runs=1699807232/2739737285 resolve_wall=422.379 lce_wall=5201.943 write_wall=56.111 lf_steps=0 cache_hits=0
SLIM_PHASE query-chunks wall=3.299 cumulative=12444.245 peak_rss_kib=178661116
SLIM_PROGRESS runs=1700855808/2739737285 resolve_wall=422.621 lce_wall=5205.037 write_wall=56.146 lf_steps=0 cache_hits=0
SLIM_PHASE query-chunks wall=3.372 cumulative=12447.617 peak_rss_kib=178672392
SLIM_PROGRESS runs=1701904384/2739737285 resolve_wall=422.858 lce_wall=5208.250 write_wall=56.182 lf_steps=0 cache_hits=0
SLIM_PHASE query-chunks wall=3.487 cumulative=12451.104 peak_rss_kib=178674312
SLIM_PROGRESS runs=1702952960/2739737285 resolve_wall=423.095 lce_wall=5211.153 write_wall=56.217 lf_steps=0 cache_hits=0
SLIM_PHASE query-chunks wall=3.174 cumulative=12454.278 peak_rss_kib=178677604
SLIM_PROGRESS runs=1704001536/2739737285 resolve_wall=423.322 lce_wall=5214.140 write_wall=56.251 lf_steps=0 cache_hits=0
SLIM_PHASE query-chunks wall=3.248 cumulative=12457.526 peak_rss_kib=178688332
SLIM_PROGRESS runs=1705050112/2739737285 resolve_wall=423.540 lce_wall=5217.126 write_wall=56.281 lf_steps=0 cache_hits=0
SLIM_PHASE query-chunks wall=3.234 cumulative=12460.761 peak_rss_kib=178693236
SLIM_PROGRESS runs=1706098688/2739737285 resolve_wall=423.778 lce_wall=5219.979 write_wall=56.315 lf_steps=0 cache_hits=0
SLIM_PHASE query-chunks wall=3.125 cumulative=12463.885 peak_rss_kib=178699196
SLIM_PROGRESS runs=1707147264/2739737285 resolve_wall=424.007 lce_wall=5222.797 write_wall=56.351 lf_steps=0 cache_hits=0
SLIM_PHASE query-chunks wall=3.084 cumulative=12466.969 peak_rss_kib=178708108
SLIM_PROGRESS runs=1708195840/2739737285 resolve_wall=424.252 lce_wall=5225.652 write_wall=56.384 lf_steps=0 cache_hits=0
SLIM_PHASE query-chunks wall=3.133 cumulative=12470.102 peak_rss_kib=178721988
SLIM_PROGRESS runs=1709244416/2739737285 resolve_wall=424.493 lce_wall=5228.507 write_wall=56.417 lf_steps=0 cache_hits=0
SLIM_PHASE query-chunks wall=3.129 cumulative=12473.231 peak_rss_kib=178729464
SLIM_PROGRESS runs=1710292992/2739737285 resolve_wall=424.732 lce_wall=5231.339 write_wall=56.451 lf_steps=0 cache_hits=0
SLIM_PHASE query-chunks wall=3.106 cumulative=12476.337 peak_rss_kib=178737424
SLIM_PROGRESS runs=1711341568/2739737285 resolve_wall=424.970 lce_wall=5234.260 write_wall=56.487 lf_steps=0 cache_hits=0
SLIM_PHASE query-chunks wall=3.195 cumulative=12479.531 peak_rss_kib=178741592
SLIM_PROGRESS runs=1712390144/2739737285 resolve_wall=425.212 lce_wall=5237.202 write_wall=56.520 lf_steps=0 cache_hits=0
SLIM_PHASE query-chunks wall=3.218 cumulative=12482.750 peak_rss_kib=178746852
SLIM_PROGRESS runs=1713438720/2739737285 resolve_wall=425.455 lce_wall=5240.285 write_wall=56.554 lf_steps=0 cache_hits=0
SLIM_PHASE query-chunks wall=3.359 cumulative=12486.109 peak_rss_kib=178753836
SLIM_PROGRESS runs=1714487296/2739737285 resolve_wall=425.685 lce_wall=5243.259 write_wall=56.589 lf_steps=0 cache_hits=0
SLIM_PHASE query-chunks wall=3.239 cumulative=12489.348 peak_rss_kib=178757916
SLIM_PROGRESS runs=1715535872/2739737285 resolve_wall=425.918 lce_wall=5246.275 write_wall=56.630 lf_steps=0 cache_hits=0
SLIM_PHASE query-chunks wall=3.290 cumulative=12492.638 peak_rss_kib=178762876
SLIM_PROGRESS runs=1716584448/2739737285 resolve_wall=426.156 lce_wall=5249.628 write_wall=56.667 lf_steps=0 cache_hits=0
SLIM_PHASE query-chunks wall=3.629 cumulative=12496.267 peak_rss_kib=178775324
SLIM_PROGRESS runs=1717633024/2739737285 resolve_wall=426.380 lce_wall=5252.837 write_wall=56.702 lf_steps=0 cache_hits=0
SLIM_PHASE query-chunks wall=3.467 cumulative=12499.734 peak_rss_kib=178780372
SLIM_PROGRESS runs=1718681600/2739737285 resolve_wall=426.602 lce_wall=5256.038 write_wall=56.739 lf_steps=0 cache_hits=0
SLIM_PHASE query-chunks wall=3.461 cumulative=12503.195 peak_rss_kib=178797268
SLIM_PROGRESS runs=1719730176/2739737285 resolve_wall=426.823 lce_wall=5259.255 write_wall=56.778 lf_steps=0 cache_hits=0
SLIM_PHASE query-chunks wall=3.477 cumulative=12506.672 peak_rss_kib=178797780
SLIM_PROGRESS runs=1720778752/2739737285 resolve_wall=427.050 lce_wall=5262.349 write_wall=56.815 lf_steps=0 cache_hits=0
SLIM_PHASE query-chunks wall=3.358 cumulative=12510.030 peak_rss_kib=178803552
SLIM_PROGRESS runs=1721827328/2739737285 resolve_wall=427.292 lce_wall=5265.458 write_wall=56.852 lf_steps=0 cache_hits=0
SLIM_PHASE query-chunks wall=3.388 cumulative=12513.418 peak_rss_kib=178819040
SLIM_PROGRESS runs=1722875904/2739737285 resolve_wall=427.522 lce_wall=5268.497 write_wall=56.887 lf_steps=0 cache_hits=0
SLIM_PHASE query-chunks wall=3.305 cumulative=12516.723 peak_rss_kib=178823936
SLIM_PROGRESS runs=1723924480/2739737285 resolve_wall=427.756 lce_wall=5271.355 write_wall=56.921 lf_steps=0 cache_hits=0
SLIM_PHASE query-chunks wall=3.126 cumulative=12519.849 peak_rss_kib=178834908
SLIM_PROGRESS runs=1724973056/2739737285 resolve_wall=427.970 lce_wall=5274.220 write_wall=56.955 lf_steps=0 cache_hits=0
SLIM_PHASE query-chunks wall=3.112 cumulative=12522.961 peak_rss_kib=178847796
SLIM_PROGRESS runs=1726021632/2739737285 resolve_wall=428.208 lce_wall=5277.383 write_wall=56.994 lf_steps=0 cache_hits=0
SLIM_PHASE query-chunks wall=3.440 cumulative=12526.401 peak_rss_kib=178862468
SLIM_PROGRESS runs=1727070208/2739737285 resolve_wall=428.440 lce_wall=5280.447 write_wall=57.031 lf_steps=0 cache_hits=0
SLIM_PHASE query-chunks wall=3.334 cumulative=12529.735 peak_rss_kib=178871064
SLIM_PROGRESS runs=1728118784/2739737285 resolve_wall=428.687 lce_wall=5283.890 write_wall=57.068 lf_steps=0 cache_hits=0
SLIM_PHASE query-chunks wall=3.728 cumulative=12533.462 peak_rss_kib=178878688
SLIM_PROGRESS runs=1729167360/2739737285 resolve_wall=428.930 lce_wall=5286.515 write_wall=57.103 lf_steps=0 cache_hits=0
SLIM_PHASE query-chunks wall=2.903 cumulative=12536.365 peak_rss_kib=178881952
SLIM_PROGRESS runs=1730215936/2739737285 resolve_wall=429.168 lce_wall=5288.779 write_wall=57.138 lf_steps=0 cache_hits=0
SLIM_PHASE query-chunks wall=2.539 cumulative=12538.904 peak_rss_kib=178883508
SLIM_PROGRESS runs=1731264512/2739737285 resolve_wall=429.403 lce_wall=5291.111 write_wall=57.172 lf_steps=0 cache_hits=0
SLIM_PHASE query-chunks wall=2.600 cumulative=12541.504 peak_rss_kib=178890940
SLIM_PROGRESS runs=1732313088/2739737285 resolve_wall=429.640 lce_wall=5293.598 write_wall=57.206 lf_steps=0 cache_hits=0
SLIM_PHASE query-chunks wall=2.757 cumulative=12544.261 peak_rss_kib=178901468
SLIM_PROGRESS runs=1733361664/2739737285 resolve_wall=429.881 lce_wall=5296.584 write_wall=57.239 lf_steps=0 cache_hits=0
SLIM_PHASE query-chunks wall=3.260 cumulative=12547.522 peak_rss_kib=178916024
SLIM_PROGRESS runs=1734410240/2739737285 resolve_wall=430.120 lce_wall=5299.818 write_wall=57.273 lf_steps=0 cache_hits=0
SLIM_PHASE query-chunks wall=3.507 cumulative=12551.029 peak_rss_kib=178926072
SLIM_PROGRESS runs=1735458816/2739737285 resolve_wall=430.361 lce_wall=5302.803 write_wall=57.309 lf_steps=0 cache_hits=0
SLIM_PHASE query-chunks wall=3.262 cumulative=12554.291 peak_rss_kib=178937776
SLIM_PROGRESS runs=1736507392/2739737285 resolve_wall=430.601 lce_wall=5305.637 write_wall=57.342 lf_steps=0 cache_hits=0
SLIM_PHASE query-chunks wall=3.107 cumulative=12557.398 peak_rss_kib=178946992
SLIM_PROGRESS runs=1737555968/2739737285 resolve_wall=430.842 lce_wall=5308.699 write_wall=57.377 lf_steps=0 cache_hits=0
SLIM_PHASE query-chunks wall=3.338 cumulative=12560.736 peak_rss_kib=178948912
SLIM_PROGRESS runs=1738604544/2739737285 resolve_wall=431.086 lce_wall=5311.755 write_wall=57.409 lf_steps=0 cache_hits=0
SLIM_PHASE query-chunks wall=3.332 cumulative=12564.068 peak_rss_kib=178954276
SLIM_PROGRESS runs=1739653120/2739737285 resolve_wall=431.329 lce_wall=5314.701 write_wall=57.443 lf_steps=0 cache_hits=0
SLIM_PHASE query-chunks wall=3.223 cumulative=12567.292 peak_rss_kib=178960708
SLIM_PROGRESS runs=1740701696/2739737285 resolve_wall=431.571 lce_wall=5317.698 write_wall=57.478 lf_steps=0 cache_hits=0
SLIM_PHASE query-chunks wall=3.274 cumulative=12570.566 peak_rss_kib=178972100
SLIM_PROGRESS runs=1741750272/2739737285 resolve_wall=431.812 lce_wall=5320.622 write_wall=57.512 lf_steps=0 cache_hits=0
SLIM_PHASE query-chunks wall=3.200 cumulative=12573.765 peak_rss_kib=178978328
SLIM_PROGRESS runs=1742798848/2739737285 resolve_wall=432.059 lce_wall=5323.543 write_wall=57.549 lf_steps=0 cache_hits=0
SLIM_PHASE query-chunks wall=3.205 cumulative=12576.970 peak_rss_kib=178988000
SLIM_PROGRESS runs=1743847424/2739737285 resolve_wall=432.310 lce_wall=5326.654 write_wall=57.586 lf_steps=0 cache_hits=0
SLIM_PHASE query-chunks wall=3.399 cumulative=12580.370 peak_rss_kib=178991840
SLIM_PROGRESS runs=1744896000/2739737285 resolve_wall=432.556 lce_wall=5329.653 write_wall=57.620 lf_steps=0 cache_hits=0
SLIM_PHASE query-chunks wall=3.280 cumulative=12583.650 peak_rss_kib=178997656
SLIM_PROGRESS runs=1745944576/2739737285 resolve_wall=432.802 lce_wall=5332.645 write_wall=57.657 lf_steps=0 cache_hits=0
SLIM_PHASE query-chunks wall=3.274 cumulative=12586.924 peak_rss_kib=179003632
SLIM_PROGRESS runs=1746993152/2739737285 resolve_wall=433.048 lce_wall=5335.561 write_wall=57.691 lf_steps=0 cache_hits=0
SLIM_PHASE query-chunks wall=3.196 cumulative=12590.120 peak_rss_kib=179014276
SLIM_PROGRESS runs=1748041728/2739737285 resolve_wall=433.294 lce_wall=5338.463 write_wall=57.725 lf_steps=0 cache_hits=0
SLIM_PHASE query-chunks wall=3.182 cumulative=12593.301 peak_rss_kib=179025892
SLIM_PROGRESS runs=1749090304/2739737285 resolve_wall=433.543 lce_wall=5341.554 write_wall=57.762 lf_steps=0 cache_hits=0
SLIM_PHASE query-chunks wall=3.378 cumulative=12596.679 peak_rss_kib=179034596
SLIM_PROGRESS runs=1750138880/2739737285 resolve_wall=433.788 lce_wall=5344.545 write_wall=57.797 lf_steps=0 cache_hits=0
SLIM_PHASE query-chunks wall=3.271 cumulative=12599.950 peak_rss_kib=179042704
SLIM_PROGRESS runs=1751187456/2739737285 resolve_wall=434.027 lce_wall=5347.552 write_wall=57.834 lf_steps=0 cache_hits=0
SLIM_PHASE query-chunks wall=3.283 cumulative=12603.234 peak_rss_kib=179047332
SLIM_PROGRESS runs=1752236032/2739737285 resolve_wall=434.271 lce_wall=5350.533 write_wall=57.870 lf_steps=0 cache_hits=0
SLIM_PHASE query-chunks wall=3.261 cumulative=12606.495 peak_rss_kib=179052580
SLIM_PROGRESS runs=1753284608/2739737285 resolve_wall=434.513 lce_wall=5353.621 write_wall=57.904 lf_steps=0 cache_hits=0
SLIM_PHASE query-chunks wall=3.364 cumulative=12609.859 peak_rss_kib=179057796
SLIM_PROGRESS runs=1754333184/2739737285 resolve_wall=434.754 lce_wall=5356.475 write_wall=57.938 lf_steps=0 cache_hits=0
SLIM_PHASE query-chunks wall=3.130 cumulative=12612.989 peak_rss_kib=179065716
SLIM_PROGRESS runs=1755381760/2739737285 resolve_wall=434.997 lce_wall=5359.515 write_wall=57.974 lf_steps=0 cache_hits=0
SLIM_PHASE query-chunks wall=3.319 cumulative=12616.308 peak_rss_kib=179077216
SLIM_PROGRESS runs=1756430336/2739737285 resolve_wall=435.241 lce_wall=5362.640 write_wall=58.009 lf_steps=0 cache_hits=0
SLIM_PHASE query-chunks wall=3.404 cumulative=12619.712 peak_rss_kib=179083232
SLIM_PROGRESS runs=1757478912/2739737285 resolve_wall=435.481 lce_wall=5365.592 write_wall=58.044 lf_steps=0 cache_hits=0
SLIM_PHASE query-chunks wall=3.227 cumulative=12622.939 peak_rss_kib=179091656
SLIM_PROGRESS runs=1758527488/2739737285 resolve_wall=435.723 lce_wall=5368.770 write_wall=58.080 lf_steps=0 cache_hits=0
SLIM_PHASE query-chunks wall=3.456 cumulative=12626.395 peak_rss_kib=179102784
SLIM_PROGRESS runs=1759576064/2739737285 resolve_wall=435.965 lce_wall=5371.875 write_wall=58.115 lf_steps=0 cache_hits=0
SLIM_PHASE query-chunks wall=3.383 cumulative=12629.778 peak_rss_kib=179119084
SLIM_PROGRESS runs=1760624640/2739737285 resolve_wall=436.213 lce_wall=5374.858 write_wall=58.150 lf_steps=0 cache_hits=0
SLIM_PHASE query-chunks wall=3.266 cumulative=12633.044 peak_rss_kib=179132676
SLIM_PROGRESS runs=1761673216/2739737285 resolve_wall=436.458 lce_wall=5378.059 write_wall=58.184 lf_steps=0 cache_hits=0
SLIM_PHASE query-chunks wall=3.480 cumulative=12636.524 peak_rss_kib=179139708
SLIM_PROGRESS runs=1762721792/2739737285 resolve_wall=436.701 lce_wall=5381.102 write_wall=58.218 lf_steps=0 cache_hits=0
SLIM_PHASE query-chunks wall=3.320 cumulative=12639.843 peak_rss_kib=179142748
SLIM_PROGRESS runs=1763770368/2739737285 resolve_wall=436.943 lce_wall=5383.905 write_wall=58.252 lf_steps=0 cache_hits=0
SLIM_PHASE query-chunks wall=3.080 cumulative=12642.923 peak_rss_kib=179154560
SLIM_PROGRESS runs=1764818944/2739737285 resolve_wall=437.186 lce_wall=5386.820 write_wall=58.287 lf_steps=0 cache_hits=0
SLIM_PHASE query-chunks wall=3.193 cumulative=12646.116 peak_rss_kib=179161128
SLIM_PROGRESS runs=1765867520/2739737285 resolve_wall=437.431 lce_wall=5389.573 write_wall=58.322 lf_steps=0 cache_hits=0
SLIM_PHASE query-chunks wall=3.032 cumulative=12649.148 peak_rss_kib=179177584
SLIM_PROGRESS runs=1766916096/2739737285 resolve_wall=437.675 lce_wall=5392.575 write_wall=58.356 lf_steps=0 cache_hits=0
SLIM_PHASE query-chunks wall=3.282 cumulative=12652.430 peak_rss_kib=179183560
SLIM_PROGRESS runs=1767964672/2739737285 resolve_wall=437.920 lce_wall=5395.455 write_wall=58.392 lf_steps=0 cache_hits=0
SLIM_PHASE query-chunks wall=3.160 cumulative=12655.590 peak_rss_kib=179187120
SLIM_PROGRESS runs=1769013248/2739737285 resolve_wall=438.165 lce_wall=5398.393 write_wall=58.428 lf_steps=0 cache_hits=0
SLIM_PHASE query-chunks wall=3.220 cumulative=12658.810 peak_rss_kib=179196520
SLIM_PROGRESS runs=1770061824/2739737285 resolve_wall=438.410 lce_wall=5401.623 write_wall=58.462 lf_steps=0 cache_hits=0
SLIM_PHASE query-chunks wall=3.509 cumulative=12662.319 peak_rss_kib=179211568
SLIM_PROGRESS runs=1771110400/2739737285 resolve_wall=438.654 lce_wall=5404.645 write_wall=58.496 lf_steps=0 cache_hits=0
SLIM_PHASE query-chunks wall=3.301 cumulative=12665.619 peak_rss_kib=179211568
SLIM_PROGRESS runs=1772158976/2739737285 resolve_wall=438.899 lce_wall=5407.491 write_wall=58.533 lf_steps=0 cache_hits=0
SLIM_PHASE query-chunks wall=3.127 cumulative=12668.746 peak_rss_kib=179221476
SLIM_PROGRESS runs=1773207552/2739737285 resolve_wall=439.142 lce_wall=5410.393 write_wall=58.566 lf_steps=0 cache_hits=0
SLIM_PHASE query-chunks wall=3.179 cumulative=12671.925 peak_rss_kib=179228040
SLIM_PROGRESS runs=1774256128/2739737285 resolve_wall=439.375 lce_wall=5413.388 write_wall=58.602 lf_steps=0 cache_hits=0
SLIM_PHASE query-chunks wall=3.264 cumulative=12675.189 peak_rss_kib=179243000
SLIM_PROGRESS runs=1775304704/2739737285 resolve_wall=439.589 lce_wall=5416.478 write_wall=58.640 lf_steps=0 cache_hits=0
SLIM_PHASE query-chunks wall=3.341 cumulative=12678.530 peak_rss_kib=179248136
SLIM_PROGRESS runs=1776353280/2739737285 resolve_wall=439.802 lce_wall=5419.473 write_wall=58.676 lf_steps=0 cache_hits=0
SLIM_PHASE query-chunks wall=3.245 cumulative=12681.775 peak_rss_kib=179260208
SLIM_PROGRESS runs=1777401856/2739737285 resolve_wall=440.016 lce_wall=5422.390 write_wall=58.710 lf_steps=0 cache_hits=0
SLIM_PHASE query-chunks wall=3.165 cumulative=12684.940 peak_rss_kib=179261928
SLIM_PROGRESS runs=1778450432/2739737285 resolve_wall=440.229 lce_wall=5425.200 write_wall=58.746 lf_steps=0 cache_hits=0
SLIM_PHASE query-chunks wall=3.060 cumulative=12688.000 peak_rss_kib=179263372
SLIM_PROGRESS runs=1779499008/2739737285 resolve_wall=440.440 lce_wall=5428.238 write_wall=58.780 lf_steps=0 cache_hits=0
SLIM_PHASE query-chunks wall=3.283 cumulative=12691.283 peak_rss_kib=179270028
SLIM_PROGRESS runs=1780547584/2739737285 resolve_wall=440.654 lce_wall=5431.017 write_wall=58.813 lf_steps=0 cache_hits=0
SLIM_PHASE query-chunks wall=3.026 cumulative=12694.309 peak_rss_kib=179280864
SLIM_PROGRESS runs=1781596160/2739737285 resolve_wall=440.866 lce_wall=5433.941 write_wall=58.847 lf_steps=0 cache_hits=0
SLIM_PHASE query-chunks wall=3.170 cumulative=12697.479 peak_rss_kib=179289336
SLIM_PROGRESS runs=1782644736/2739737285 resolve_wall=441.079 lce_wall=5436.861 write_wall=58.882 lf_steps=0 cache_hits=0
SLIM_PHASE query-chunks wall=3.168 cumulative=12700.647 peak_rss_kib=179294584
SLIM_PROGRESS runs=1783693312/2739737285 resolve_wall=441.292 lce_wall=5439.626 write_wall=58.917 lf_steps=0 cache_hits=0
SLIM_PHASE query-chunks wall=3.013 cumulative=12703.660 peak_rss_kib=179309432
SLIM_PROGRESS runs=1784741888/2739737285 resolve_wall=441.506 lce_wall=5442.460 write_wall=58.952 lf_steps=0 cache_hits=0
SLIM_PHASE query-chunks wall=3.083 cumulative=12706.743 peak_rss_kib=179321904
SLIM_PROGRESS runs=1785790464/2739737285 resolve_wall=441.716 lce_wall=5445.433 write_wall=58.986 lf_steps=0 cache_hits=0
SLIM_PHASE query-chunks wall=3.218 cumulative=12709.961 peak_rss_kib=179330632
SLIM_PROGRESS runs=1786839040/2739737285 resolve_wall=441.929 lce_wall=5448.383 write_wall=59.022 lf_steps=0 cache_hits=0
SLIM_PHASE query-chunks wall=3.199 cumulative=12713.160 peak_rss_kib=179330632
SLIM_PROGRESS runs=1787887616/2739737285 resolve_wall=442.142 lce_wall=5451.578 write_wall=59.056 lf_steps=0 cache_hits=0
SLIM_PHASE query-chunks wall=3.442 cumulative=12716.603 peak_rss_kib=179331376
SLIM_PROGRESS runs=1788936192/2739737285 resolve_wall=442.354 lce_wall=5454.500 write_wall=59.092 lf_steps=0 cache_hits=0
SLIM_PHASE query-chunks wall=3.170 cumulative=12719.772 peak_rss_kib=179333168
SLIM_PROGRESS runs=1789984768/2739737285 resolve_wall=442.567 lce_wall=5457.465 write_wall=59.126 lf_steps=0 cache_hits=0
SLIM_PHASE query-chunks wall=3.212 cumulative=12722.984 peak_rss_kib=179342160
SLIM_PROGRESS runs=1791033344/2739737285 resolve_wall=442.779 lce_wall=5460.669 write_wall=59.160 lf_steps=0 cache_hits=0
SLIM_PHASE query-chunks wall=3.451 cumulative=12726.435 peak_rss_kib=179346284
SLIM_PROGRESS runs=1792081920/2739737285 resolve_wall=442.991 lce_wall=5463.740 write_wall=59.195 lf_steps=0 cache_hits=0
SLIM_PHASE query-chunks wall=3.317 cumulative=12729.752 peak_rss_kib=179356520
SLIM_PROGRESS runs=1793130496/2739737285 resolve_wall=443.200 lce_wall=5466.612 write_wall=59.227 lf_steps=0 cache_hits=0
SLIM_PHASE query-chunks wall=3.114 cumulative=12732.866 peak_rss_kib=179366040
SLIM_PROGRESS runs=1794179072/2739737285 resolve_wall=443.414 lce_wall=5469.713 write_wall=59.262 lf_steps=0 cache_hits=0
SLIM_PHASE query-chunks wall=3.350 cumulative=12736.215 peak_rss_kib=179380600
SLIM_PROGRESS runs=1795227648/2739737285 resolve_wall=443.656 lce_wall=5472.610 write_wall=59.296 lf_steps=0 cache_hits=0
SLIM_PHASE query-chunks wall=3.174 cumulative=12739.390 peak_rss_kib=179384680
SLIM_PROGRESS runs=1796276224/2739737285 resolve_wall=443.898 lce_wall=5475.531 write_wall=59.333 lf_steps=0 cache_hits=0
SLIM_PHASE query-chunks wall=3.200 cumulative=12742.590 peak_rss_kib=179394028
SLIM_PROGRESS runs=1797324800/2739737285 resolve_wall=444.139 lce_wall=5478.496 write_wall=59.366 lf_steps=0 cache_hits=0
SLIM_PHASE query-chunks wall=3.238 cumulative=12745.828 peak_rss_kib=179415824
SLIM_PROGRESS runs=1798373376/2739737285 resolve_wall=444.365 lce_wall=5481.406 write_wall=59.400 lf_steps=0 cache_hits=0
SLIM_PHASE query-chunks wall=3.171 cumulative=12748.999 peak_rss_kib=179425344
SLIM_PROGRESS runs=1799421952/2739737285 resolve_wall=444.609 lce_wall=5484.360 write_wall=59.436 lf_steps=0 cache_hits=0
SLIM_PHASE query-chunks wall=3.233 cumulative=12752.232 peak_rss_kib=179429664
SLIM_PROGRESS runs=1800470528/2739737285 resolve_wall=444.853 lce_wall=5487.276 write_wall=59.469 lf_steps=0 cache_hits=0
SLIM_PHASE query-chunks wall=3.193 cumulative=12755.425 peak_rss_kib=179441144
SLIM_PROGRESS runs=1801519104/2739737285 resolve_wall=445.083 lce_wall=5490.232 write_wall=59.505 lf_steps=0 cache_hits=0
SLIM_PHASE query-chunks wall=3.223 cumulative=12758.648 peak_rss_kib=179454624
SLIM_PROGRESS runs=1802567680/2739737285 resolve_wall=445.326 lce_wall=5493.174 write_wall=59.540 lf_steps=0 cache_hits=0
SLIM_PHASE query-chunks wall=3.220 cumulative=12761.868 peak_rss_kib=179458652
SLIM_PROGRESS runs=1803616256/2739737285 resolve_wall=445.565 lce_wall=5496.188 write_wall=59.573 lf_steps=0 cache_hits=0
SLIM_PHASE query-chunks wall=3.286 cumulative=12765.155 peak_rss_kib=179465064
SLIM_PROGRESS runs=1804664832/2739737285 resolve_wall=445.783 lce_wall=5499.106 write_wall=59.607 lf_steps=0 cache_hits=0
SLIM_PHASE query-chunks wall=3.170 cumulative=12768.325 peak_rss_kib=179473552
SLIM_PROGRESS runs=1805713408/2739737285 resolve_wall=446.025 lce_wall=5502.205 write_wall=59.642 lf_steps=0 cache_hits=0
SLIM_PHASE query-chunks wall=3.375 cumulative=12771.700 peak_rss_kib=179483420
SLIM_PROGRESS runs=1806761984/2739737285 resolve_wall=446.270 lce_wall=5505.086 write_wall=59.676 lf_steps=0 cache_hits=0
SLIM_PHASE query-chunks wall=3.161 cumulative=12774.861 peak_rss_kib=179494212
SLIM_PROGRESS runs=1807810560/2739737285 resolve_wall=446.513 lce_wall=5508.004 write_wall=59.711 lf_steps=0 cache_hits=0
SLIM_PHASE query-chunks wall=3.196 cumulative=12778.057 peak_rss_kib=179499788
SLIM_PROGRESS runs=1808859136/2739737285 resolve_wall=446.755 lce_wall=5511.217 write_wall=59.746 lf_steps=0 cache_hits=0
SLIM_PHASE query-chunks wall=3.491 cumulative=12781.547 peak_rss_kib=179505968
SLIM_PROGRESS runs=1809907712/2739737285 resolve_wall=446.996 lce_wall=5514.200 write_wall=59.781 lf_steps=0 cache_hits=0
SLIM_PHASE query-chunks wall=3.258 cumulative=12784.806 peak_rss_kib=179518072
SLIM_PROGRESS runs=1810956288/2739737285 resolve_wall=447.238 lce_wall=5517.229 write_wall=59.816 lf_steps=0 cache_hits=0
SLIM_PHASE query-chunks wall=3.307 cumulative=12788.112 peak_rss_kib=179530876
SLIM_PROGRESS runs=1812004864/2739737285 resolve_wall=447.472 lce_wall=5520.302 write_wall=59.851 lf_steps=0 cache_hits=0
SLIM_PHASE query-chunks wall=3.343 cumulative=12791.455 peak_rss_kib=179533624
SLIM_PROGRESS runs=1813053440/2739737285 resolve_wall=447.704 lce_wall=5523.305 write_wall=59.885 lf_steps=0 cache_hits=0
SLIM_PHASE query-chunks wall=3.269 cumulative=12794.724 peak_rss_kib=179534132
SLIM_PROGRESS runs=1814102016/2739737285 resolve_wall=447.932 lce_wall=5526.124 write_wall=59.920 lf_steps=0 cache_hits=0
SLIM_PHASE query-chunks wall=3.082 cumulative=12797.806 peak_rss_kib=179546780
SLIM_PROGRESS runs=1815150592/2739737285 resolve_wall=448.144 lce_wall=5529.128 write_wall=59.955 lf_steps=0 cache_hits=0
SLIM_PHASE query-chunks wall=3.251 cumulative=12801.057 peak_rss_kib=179549772
SLIM_PROGRESS runs=1816199168/2739737285 resolve_wall=448.356 lce_wall=5532.143 write_wall=59.989 lf_steps=0 cache_hits=0
SLIM_PHASE query-chunks wall=3.262 cumulative=12804.319 peak_rss_kib=179558476
SLIM_PROGRESS runs=1817247744/2739737285 resolve_wall=448.578 lce_wall=5535.153 write_wall=60.026 lf_steps=0 cache_hits=0
SLIM_PHASE query-chunks wall=3.270 cumulative=12807.588 peak_rss_kib=179571248
SLIM_PROGRESS runs=1818296320/2739737285 resolve_wall=448.848 lce_wall=5538.177 write_wall=60.065 lf_steps=0 cache_hits=0
SLIM_PHASE query-chunks wall=3.332 cumulative=12810.920 peak_rss_kib=179583280
SLIM_PROGRESS runs=1819344896/2739737285 resolve_wall=449.096 lce_wall=5541.367 write_wall=60.106 lf_steps=0 cache_hits=0
SLIM_PHASE query-chunks wall=3.480 cumulative=12814.400 peak_rss_kib=179591628
SLIM_PROGRESS runs=1820393472/2739737285 resolve_wall=449.309 lce_wall=5544.578 write_wall=60.139 lf_steps=0 cache_hits=0
SLIM_PHASE query-chunks wall=3.456 cumulative=12817.856 peak_rss_kib=179596696
SLIM_PROGRESS runs=1821442048/2739737285 resolve_wall=449.524 lce_wall=5547.663 write_wall=60.174 lf_steps=0 cache_hits=0
SLIM_PHASE query-chunks wall=3.336 cumulative=12821.192 peak_rss_kib=179603992
SLIM_PROGRESS runs=1822490624/2739737285 resolve_wall=449.767 lce_wall=5550.556 write_wall=60.209 lf_steps=0 cache_hits=0
SLIM_PHASE query-chunks wall=3.171 cumulative=12824.362 peak_rss_kib=179614980
SLIM_PROGRESS runs=1823539200/2739737285 resolve_wall=450.011 lce_wall=5553.482 write_wall=60.243 lf_steps=0 cache_hits=0
SLIM_PHASE query-chunks wall=3.206 cumulative=12827.568 peak_rss_kib=179626172
SLIM_PROGRESS runs=1824587776/2739737285 resolve_wall=450.257 lce_wall=5556.336 write_wall=60.279 lf_steps=0 cache_hits=0
SLIM_PHASE query-chunks wall=3.135 cumulative=12830.703 peak_rss_kib=179631132
SLIM_PROGRESS runs=1825636352/2739737285 resolve_wall=450.500 lce_wall=5559.299 write_wall=60.312 lf_steps=0 cache_hits=0
SLIM_PHASE query-chunks wall=3.240 cumulative=12833.943 peak_rss_kib=179635588
SLIM_PROGRESS runs=1826684928/2739737285 resolve_wall=450.730 lce_wall=5562.260 write_wall=60.345 lf_steps=0 cache_hits=0
SLIM_PHASE query-chunks wall=3.225 cumulative=12837.167 peak_rss_kib=179648568
SLIM_PROGRESS runs=1827733504/2739737285 resolve_wall=450.946 lce_wall=5565.071 write_wall=60.378 lf_steps=0 cache_hits=0
SLIM_PHASE query-chunks wall=3.059 cumulative=12840.226 peak_rss_kib=179652524
SLIM_PROGRESS runs=1828782080/2739737285 resolve_wall=451.159 lce_wall=5567.952 write_wall=60.411 lf_steps=0 cache_hits=0
SLIM_PHASE query-chunks wall=3.128 cumulative=12843.354 peak_rss_kib=179653040
SLIM_PROGRESS runs=1829830656/2739737285 resolve_wall=451.370 lce_wall=5570.752 write_wall=60.445 lf_steps=0 cache_hits=0
SLIM_PHASE query-chunks wall=3.045 cumulative=12846.399 peak_rss_kib=179670632
SLIM_PROGRESS runs=1830879232/2739737285 resolve_wall=451.585 lce_wall=5573.463 write_wall=60.478 lf_steps=0 cache_hits=0
SLIM_PHASE query-chunks wall=2.960 cumulative=12849.358 peak_rss_kib=179684924
SLIM_PROGRESS runs=1831927808/2739737285 resolve_wall=451.833 lce_wall=5576.103 write_wall=60.512 lf_steps=0 cache_hits=0
SLIM_PHASE query-chunks wall=2.922 cumulative=12852.280 peak_rss_kib=179693628
SLIM_PROGRESS runs=1832976384/2739737285 resolve_wall=452.080 lce_wall=5578.797 write_wall=60.548 lf_steps=0 cache_hits=0
SLIM_PHASE query-chunks wall=2.977 cumulative=12855.258 peak_rss_kib=179696628
SLIM_PROGRESS runs=1834024960/2739737285 resolve_wall=452.331 lce_wall=5581.528 write_wall=60.585 lf_steps=0 cache_hits=0
SLIM_PHASE query-chunks wall=3.019 cumulative=12858.276 peak_rss_kib=179700900
SLIM_PROGRESS runs=1835073536/2739737285 resolve_wall=452.579 lce_wall=5584.624 write_wall=60.619 lf_steps=0 cache_hits=0
SLIM_PHASE query-chunks wall=3.379 cumulative=12861.655 peak_rss_kib=179714580
SLIM_PROGRESS runs=1836122112/2739737285 resolve_wall=452.800 lce_wall=5587.544 write_wall=60.655 lf_steps=0 cache_hits=0
SLIM_PHASE query-chunks wall=3.176 cumulative=12864.831 peak_rss_kib=179717124
SLIM_PROGRESS runs=1837170688/2739737285 resolve_wall=453.013 lce_wall=5590.235 write_wall=60.688 lf_steps=0 cache_hits=0
SLIM_PHASE query-chunks wall=2.938 cumulative=12867.769 peak_rss_kib=179718916
SLIM_PROGRESS runs=1838219264/2739737285 resolve_wall=453.225 lce_wall=5593.085 write_wall=60.723 lf_steps=0 cache_hits=0
SLIM_PHASE query-chunks wall=3.097 cumulative=12870.867 peak_rss_kib=179726152
SLIM_PROGRESS runs=1839267840/2739737285 resolve_wall=453.438 lce_wall=5596.102 write_wall=60.757 lf_steps=0 cache_hits=0
SLIM_PHASE query-chunks wall=3.264 cumulative=12874.131 peak_rss_kib=179729624
SLIM_PROGRESS runs=1840316416/2739737285 resolve_wall=453.650 lce_wall=5599.096 write_wall=60.790 lf_steps=0 cache_hits=0
SLIM_PHASE query-chunks wall=3.239 cumulative=12877.370 peak_rss_kib=179734368
SLIM_PROGRESS runs=1841364992/2739737285 resolve_wall=453.864 lce_wall=5602.054 write_wall=60.826 lf_steps=0 cache_hits=0
SLIM_PHASE query-chunks wall=3.208 cumulative=12880.578 peak_rss_kib=179748776
SLIM_PROGRESS runs=1842413568/2739737285 resolve_wall=454.104 lce_wall=5605.373 write_wall=60.860 lf_steps=0 cache_hits=0
SLIM_PHASE query-chunks wall=3.593 cumulative=12884.171 peak_rss_kib=179759736
SLIM_PROGRESS runs=1843462144/2739737285 resolve_wall=454.349 lce_wall=5608.388 write_wall=60.896 lf_steps=0 cache_hits=0
SLIM_PHASE query-chunks wall=3.296 cumulative=12887.467 peak_rss_kib=179765720
SLIM_PROGRESS runs=1844510720/2739737285 resolve_wall=454.595 lce_wall=5611.326 write_wall=60.932 lf_steps=0 cache_hits=0
SLIM_PHASE query-chunks wall=3.220 cumulative=12890.687 peak_rss_kib=179775296
SLIM_PROGRESS runs=1845559296/2739737285 resolve_wall=454.840 lce_wall=5614.306 write_wall=60.967 lf_steps=0 cache_hits=0
SLIM_PHASE query-chunks wall=3.260 cumulative=12893.947 peak_rss_kib=179777560
SLIM_PROGRESS runs=1846607872/2739737285 resolve_wall=455.086 lce_wall=5617.273 write_wall=61.002 lf_steps=0 cache_hits=0
SLIM_PHASE query-chunks wall=3.249 cumulative=12897.195 peak_rss_kib=179786264
SLIM_PROGRESS runs=1847656448/2739737285 resolve_wall=455.332 lce_wall=5620.222 write_wall=61.038 lf_steps=0 cache_hits=0
SLIM_PHASE query-chunks wall=3.231 cumulative=12900.426 peak_rss_kib=179790872
SLIM_PROGRESS runs=1848705024/2739737285 resolve_wall=455.578 lce_wall=5623.124 write_wall=61.073 lf_steps=0 cache_hits=0
SLIM_PHASE query-chunks wall=3.183 cumulative=12903.610 peak_rss_kib=179803672
SLIM_PROGRESS runs=1849753600/2739737285 resolve_wall=455.825 lce_wall=5626.174 write_wall=61.108 lf_steps=0 cache_hits=0
SLIM_PHASE query-chunks wall=3.332 cumulative=12906.942 peak_rss_kib=179814536
SLIM_PROGRESS runs=1850802176/2739737285 resolve_wall=456.070 lce_wall=5629.193 write_wall=61.143 lf_steps=0 cache_hits=0
SLIM_PHASE query-chunks wall=3.298 cumulative=12910.240 peak_rss_kib=179821920
SLIM_PROGRESS runs=1851850752/2739737285 resolve_wall=456.315 lce_wall=5632.119 write_wall=61.177 lf_steps=0 cache_hits=0
SLIM_PHASE query-chunks wall=3.206 cumulative=12913.446 peak_rss_kib=179828708
SLIM_PROGRESS runs=1852899328/2739737285 resolve_wall=456.558 lce_wall=5635.441 write_wall=61.211 lf_steps=0 cache_hits=0
SLIM_PHASE query-chunks wall=3.599 cumulative=12917.045 peak_rss_kib=179837156
SLIM_PROGRESS runs=1853947904/2739737285 resolve_wall=456.801 lce_wall=5639.656 write_wall=61.245 lf_steps=0 cache_hits=0
SLIM_PHASE query-chunks wall=4.492 cumulative=12921.537 peak_rss_kib=179847192
SLIM_PROGRESS runs=1854996480/2739737285 resolve_wall=457.040 lce_wall=5644.665 write_wall=61.280 lf_steps=0 cache_hits=0
SLIM_PHASE query-chunks wall=5.283 cumulative=12926.820 peak_rss_kib=179853468
SLIM_PROGRESS runs=1856045056/2739737285 resolve_wall=457.284 lce_wall=5648.456 write_wall=61.315 lf_steps=0 cache_hits=0
SLIM_PHASE query-chunks wall=4.070 cumulative=12930.890 peak_rss_kib=179861148
SLIM_PROGRESS runs=1857093632/2739737285 resolve_wall=457.515 lce_wall=5651.311 write_wall=61.355 lf_steps=0 cache_hits=0
SLIM_PHASE query-chunks wall=3.127 cumulative=12934.018 peak_rss_kib=179874236
SLIM_PROGRESS runs=1858142208/2739737285 resolve_wall=457.735 lce_wall=5654.303 write_wall=61.393 lf_steps=0 cache_hits=0
SLIM_PHASE query-chunks wall=3.251 cumulative=12937.268 peak_rss_kib=179883380
SLIM_PROGRESS runs=1859190784/2739737285 resolve_wall=457.952 lce_wall=5657.576 write_wall=61.430 lf_steps=0 cache_hits=0
SLIM_PHASE query-chunks wall=3.527 cumulative=12940.795 peak_rss_kib=179893404
SLIM_PROGRESS runs=1860239360/2739737285 resolve_wall=458.168 lce_wall=5660.654 write_wall=61.469 lf_steps=0 cache_hits=0
SLIM_PHASE query-chunks wall=3.332 cumulative=12944.127 peak_rss_kib=179900828
SLIM_PROGRESS runs=1861287936/2739737285 resolve_wall=458.388 lce_wall=5663.579 write_wall=61.507 lf_steps=0 cache_hits=0
SLIM_PHASE query-chunks wall=3.183 cumulative=12947.311 peak_rss_kib=179914908
SLIM_PROGRESS runs=1862336512/2739737285 resolve_wall=458.609 lce_wall=5666.547 write_wall=61.546 lf_steps=0 cache_hits=0
SLIM_PHASE query-chunks wall=3.228 cumulative=12950.539 peak_rss_kib=179925660
SLIM_PROGRESS runs=1863385088/2739737285 resolve_wall=458.823 lce_wall=5669.508 write_wall=61.583 lf_steps=0 cache_hits=0
SLIM_PHASE query-chunks wall=3.213 cumulative=12953.751 peak_rss_kib=179934748
SLIM_PROGRESS runs=1864433664/2739737285 resolve_wall=459.040 lce_wall=5672.767 write_wall=61.621 lf_steps=0 cache_hits=0
SLIM_PHASE query-chunks wall=3.515 cumulative=12957.266 peak_rss_kib=179941604
SLIM_PROGRESS runs=1865482240/2739737285 resolve_wall=459.262 lce_wall=5675.855 write_wall=61.661 lf_steps=0 cache_hits=0
SLIM_PHASE query-chunks wall=3.349 cumulative=12960.615 peak_rss_kib=179948612
SLIM_PROGRESS runs=1866530816/2739737285 resolve_wall=459.478 lce_wall=5678.833 write_wall=61.697 lf_steps=0 cache_hits=0
SLIM_PHASE query-chunks wall=3.230 cumulative=12963.845 peak_rss_kib=179967116
SLIM_PROGRESS runs=1867579392/2739737285 resolve_wall=459.699 lce_wall=5681.736 write_wall=61.735 lf_steps=0 cache_hits=0
SLIM_PHASE query-chunks wall=3.162 cumulative=12967.008 peak_rss_kib=179971172
SLIM_PROGRESS runs=1868627968/2739737285 resolve_wall=459.916 lce_wall=5684.716 write_wall=61.772 lf_steps=0 cache_hits=0
SLIM_PHASE query-chunks wall=3.234 cumulative=12970.241 peak_rss_kib=179985000
SLIM_PROGRESS runs=1869676544/2739737285 resolve_wall=460.144 lce_wall=5687.585 write_wall=61.815 lf_steps=0 cache_hits=0
SLIM_PHASE query-chunks wall=3.141 cumulative=12973.382 peak_rss_kib=179991896
SLIM_PROGRESS runs=1870725120/2739737285 resolve_wall=460.398 lce_wall=5690.683 write_wall=61.858 lf_steps=0 cache_hits=0
SLIM_PHASE query-chunks wall=3.396 cumulative=12976.778 peak_rss_kib=179993048
SLIM_PROGRESS runs=1871773696/2739737285 resolve_wall=460.651 lce_wall=5693.691 write_wall=61.901 lf_steps=0 cache_hits=0
SLIM_PHASE query-chunks wall=3.303 cumulative=12980.081 peak_rss_kib=180006576
SLIM_PROGRESS runs=1872822272/2739737285 resolve_wall=460.897 lce_wall=5696.615 write_wall=61.943 lf_steps=0 cache_hits=0
SLIM_PHASE query-chunks wall=3.213 cumulative=12983.293 peak_rss_kib=180018208
SLIM_PROGRESS runs=1873870848/2739737285 resolve_wall=461.177 lce_wall=5699.475 write_wall=61.989 lf_steps=0 cache_hits=0
SLIM_PHASE query-chunks wall=3.187 cumulative=12986.480 peak_rss_kib=180021336
SLIM_PROGRESS runs=1874919424/2739737285 resolve_wall=461.425 lce_wall=5702.315 write_wall=62.030 lf_steps=0 cache_hits=0
SLIM_PHASE query-chunks wall=3.128 cumulative=12989.609 peak_rss_kib=180027864
SLIM_PROGRESS runs=1875968000/2739737285 resolve_wall=461.684 lce_wall=5705.343 write_wall=62.067 lf_steps=0 cache_hits=0
SLIM_PHASE query-chunks wall=3.324 cumulative=12992.933 peak_rss_kib=180035688
SLIM_PROGRESS runs=1877016576/2739737285 resolve_wall=461.945 lce_wall=5708.111 write_wall=62.106 lf_steps=0 cache_hits=0
SLIM_PHASE query-chunks wall=3.068 cumulative=12996.001 peak_rss_kib=180037352
SLIM_PROGRESS runs=1878065152/2739737285 resolve_wall=462.212 lce_wall=5711.004 write_wall=62.150 lf_steps=0 cache_hits=0
SLIM_PHASE query-chunks wall=3.204 cumulative=12999.205 peak_rss_kib=180037352
SLIM_PROGRESS runs=1879113728/2739737285 resolve_wall=462.481 lce_wall=5713.936 write_wall=62.195 lf_steps=0 cache_hits=0
SLIM_PHASE query-chunks wall=3.248 cumulative=13002.452 peak_rss_kib=180043640
SLIM_PROGRESS runs=1880162304/2739737285 resolve_wall=462.745 lce_wall=5716.886 write_wall=62.236 lf_steps=0 cache_hits=0
SLIM_PHASE query-chunks wall=3.255 cumulative=13005.708 peak_rss_kib=180050824
SLIM_PROGRESS runs=1881210880/2739737285 resolve_wall=462.992 lce_wall=5719.920 write_wall=62.270 lf_steps=0 cache_hits=0
SLIM_PHASE query-chunks wall=3.314 cumulative=13009.022 peak_rss_kib=180052792
SLIM_PROGRESS runs=1882259456/2739737285 resolve_wall=463.237 lce_wall=5722.797 write_wall=62.304 lf_steps=0 cache_hits=0
SLIM_PHASE query-chunks wall=3.156 cumulative=13012.178 peak_rss_kib=180061168
SLIM_PROGRESS runs=1883308032/2739737285 resolve_wall=463.481 lce_wall=5725.737 write_wall=62.339 lf_steps=0 cache_hits=0
SLIM_PHASE query-chunks wall=3.219 cumulative=13015.397 peak_rss_kib=180073968
SLIM_PROGRESS runs=1884356608/2739737285 resolve_wall=463.741 lce_wall=5728.640 write_wall=62.374 lf_steps=0 cache_hits=0
SLIM_PHASE query-chunks wall=3.198 cumulative=13018.595 peak_rss_kib=180082796
SLIM_PROGRESS runs=1885405184/2739737285 resolve_wall=463.991 lce_wall=5731.639 write_wall=62.410 lf_steps=0 cache_hits=0
SLIM_PHASE query-chunks wall=3.285 cumulative=13021.880 peak_rss_kib=180088764
SLIM_PROGRESS runs=1886453760/2739737285 resolve_wall=464.238 lce_wall=5734.570 write_wall=62.444 lf_steps=0 cache_hits=0
SLIM_PHASE query-chunks wall=3.213 cumulative=13025.093 peak_rss_kib=180096444
SLIM_PROGRESS runs=1887502336/2739737285 resolve_wall=464.482 lce_wall=5737.477 write_wall=62.479 lf_steps=0 cache_hits=0
SLIM_PHASE query-chunks wall=3.186 cumulative=13028.279 peak_rss_kib=180112172
SLIM_PROGRESS runs=1888550912/2739737285 resolve_wall=464.725 lce_wall=5740.473 write_wall=62.515 lf_steps=0 cache_hits=0
SLIM_PHASE query-chunks wall=3.276 cumulative=13031.555 peak_rss_kib=180113564
SLIM_PROGRESS runs=1889599488/2739737285 resolve_wall=464.973 lce_wall=5743.559 write_wall=62.550 lf_steps=0 cache_hits=0
SLIM_PHASE query-chunks wall=3.368 cumulative=13034.923 peak_rss_kib=180130748
SLIM_PROGRESS runs=1890648064/2739737285 resolve_wall=465.219 lce_wall=5746.695 write_wall=62.586 lf_steps=0 cache_hits=0
SLIM_PHASE query-chunks wall=3.418 cumulative=13038.341 peak_rss_kib=180136676
SLIM_PROGRESS runs=1891696640/2739737285 resolve_wall=465.461 lce_wall=5749.971 write_wall=62.618 lf_steps=0 cache_hits=0
SLIM_PHASE query-chunks wall=3.550 cumulative=13041.891 peak_rss_kib=180152480
SLIM_PROGRESS runs=1892745216/2739737285 resolve_wall=465.685 lce_wall=5753.013 write_wall=62.653 lf_steps=0 cache_hits=0
SLIM_PHASE query-chunks wall=3.302 cumulative=13045.193 peak_rss_kib=180162344
SLIM_PROGRESS runs=1893793792/2739737285 resolve_wall=465.917 lce_wall=5756.213 write_wall=62.687 lf_steps=0 cache_hits=0
SLIM_PHASE query-chunks wall=3.465 cumulative=13048.659 peak_rss_kib=180167868
SLIM_PROGRESS runs=1894842368/2739737285 resolve_wall=466.166 lce_wall=5759.379 write_wall=62.721 lf_steps=0 cache_hits=0
SLIM_PHASE query-chunks wall=3.450 cumulative=13052.108 peak_rss_kib=180172496
SLIM_PROGRESS runs=1895890944/2739737285 resolve_wall=466.412 lce_wall=5762.407 write_wall=62.755 lf_steps=0 cache_hits=0
SLIM_PHASE query-chunks wall=3.307 cumulative=13055.416 peak_rss_kib=180186360
SLIM_PROGRESS runs=1896939520/2739737285 resolve_wall=466.658 lce_wall=5765.654 write_wall=62.791 lf_steps=0 cache_hits=0
SLIM_PHASE query-chunks wall=3.529 cumulative=13058.945 peak_rss_kib=180187000
SLIM_PROGRESS runs=1897988096/2739737285 resolve_wall=466.903 lce_wall=5768.739 write_wall=62.825 lf_steps=0 cache_hits=0
SLIM_PHASE query-chunks wall=3.365 cumulative=13062.310 peak_rss_kib=180187000
SLIM_PROGRESS runs=1899036672/2739737285 resolve_wall=467.150 lce_wall=5771.933 write_wall=62.860 lf_steps=0 cache_hits=0
SLIM_PHASE query-chunks wall=3.476 cumulative=13065.786 peak_rss_kib=180192788
SLIM_PROGRESS runs=1900085248/2739737285 resolve_wall=467.396 lce_wall=5774.870 write_wall=62.895 lf_steps=0 cache_hits=0
SLIM_PHASE query-chunks wall=3.218 cumulative=13069.004 peak_rss_kib=180192972
SLIM_PROGRESS runs=1901133824/2739737285 resolve_wall=467.640 lce_wall=5777.967 write_wall=62.931 lf_steps=0 cache_hits=0
SLIM_PHASE query-chunks wall=3.377 cumulative=13072.381 peak_rss_kib=180208260
SLIM_PROGRESS runs=1902182400/2739737285 resolve_wall=467.885 lce_wall=5781.175 write_wall=62.966 lf_steps=0 cache_hits=0
SLIM_PHASE query-chunks wall=3.489 cumulative=13075.870 peak_rss_kib=180223708
SLIM_PROGRESS runs=1903230976/2739737285 resolve_wall=468.135 lce_wall=5784.323 write_wall=63.001 lf_steps=0 cache_hits=0
SLIM_PHASE query-chunks wall=3.433 cumulative=13079.303 peak_rss_kib=180231604
SLIM_PROGRESS runs=1904279552/2739737285 resolve_wall=468.395 lce_wall=5787.369 write_wall=63.036 lf_steps=0 cache_hits=0
SLIM_PHASE query-chunks wall=3.340 cumulative=13082.644 peak_rss_kib=180239032
SLIM_PROGRESS runs=1905328128/2739737285 resolve_wall=468.644 lce_wall=5790.504 write_wall=63.070 lf_steps=0 cache_hits=0
SLIM_PHASE query-chunks wall=3.418 cumulative=13086.061 peak_rss_kib=180251832
SLIM_PROGRESS runs=1906376704/2739737285 resolve_wall=468.871 lce_wall=5793.810 write_wall=63.105 lf_steps=0 cache_hits=0
SLIM_PHASE query-chunks wall=3.568 cumulative=13089.629 peak_rss_kib=180272712
SLIM_PROGRESS runs=1907425280/2739737285 resolve_wall=469.125 lce_wall=5797.048 write_wall=63.140 lf_steps=0 cache_hits=0
SLIM_PHASE query-chunks wall=3.528 cumulative=13093.158 peak_rss_kib=180275512
SLIM_PROGRESS runs=1908473856/2739737285 resolve_wall=469.373 lce_wall=5800.475 write_wall=63.176 lf_steps=0 cache_hits=0
SLIM_PHASE query-chunks wall=3.711 cumulative=13096.868 peak_rss_kib=180280760
SLIM_PROGRESS runs=1909522432/2739737285 resolve_wall=469.605 lce_wall=5805.026 write_wall=63.211 lf_steps=0 cache_hits=0
SLIM_PHASE query-chunks wall=4.819 cumulative=13101.687 peak_rss_kib=180291512
SLIM_PROGRESS runs=1910571008/2739737285 resolve_wall=469.846 lce_wall=5808.473 write_wall=63.248 lf_steps=0 cache_hits=0
SLIM_PHASE query-chunks wall=3.724 cumulative=13105.411 peak_rss_kib=180294360
SLIM_PROGRESS runs=1911619584/2739737285 resolve_wall=470.085 lce_wall=5811.876 write_wall=63.284 lf_steps=0 cache_hits=0
SLIM_PHASE query-chunks wall=3.679 cumulative=13109.090 peak_rss_kib=180299492
SLIM_PROGRESS runs=1912668160/2739737285 resolve_wall=470.332 lce_wall=5815.210 write_wall=63.320 lf_steps=0 cache_hits=0
SLIM_PHASE query-chunks wall=3.618 cumulative=13112.707 peak_rss_kib=180305508
SLIM_PROGRESS runs=1913716736/2739737285 resolve_wall=470.579 lce_wall=5818.583 write_wall=63.354 lf_steps=0 cache_hits=0
SLIM_PHASE query-chunks wall=3.655 cumulative=13116.362 peak_rss_kib=180308708
SLIM_PROGRESS runs=1914765312/2739737285 resolve_wall=470.828 lce_wall=5821.724 write_wall=63.390 lf_steps=0 cache_hits=0
SLIM_PHASE query-chunks wall=3.425 cumulative=13119.787 peak_rss_kib=180317632
SLIM_PROGRESS runs=1915813888/2739737285 resolve_wall=471.072 lce_wall=5825.025 write_wall=63.424 lf_steps=0 cache_hits=0
SLIM_PHASE query-chunks wall=3.579 cumulative=13123.366 peak_rss_kib=180334632
SLIM_PROGRESS runs=1916862464/2739737285 resolve_wall=471.320 lce_wall=5828.183 write_wall=63.459 lf_steps=0 cache_hits=0
SLIM_PHASE query-chunks wall=3.441 cumulative=13126.807 peak_rss_kib=180348816
SLIM_PROGRESS runs=1917911040/2739737285 resolve_wall=471.563 lce_wall=5831.697 write_wall=63.493 lf_steps=0 cache_hits=0
SLIM_PHASE query-chunks wall=3.792 cumulative=13130.599 peak_rss_kib=180357180
SLIM_PROGRESS runs=1918959616/2739737285 resolve_wall=471.809 lce_wall=5834.943 write_wall=63.528 lf_steps=0 cache_hits=0
SLIM_PHASE query-chunks wall=3.526 cumulative=13134.126 peak_rss_kib=180364360
SLIM_PROGRESS runs=1920008192/2739737285 resolve_wall=472.056 lce_wall=5838.262 write_wall=63.563 lf_steps=0 cache_hits=0
SLIM_PHASE query-chunks wall=3.601 cumulative=13137.727 peak_rss_kib=180379440
SLIM_PROGRESS runs=1921056768/2739737285 resolve_wall=472.302 lce_wall=5841.358 write_wall=63.598 lf_steps=0 cache_hits=0
SLIM_PHASE query-chunks wall=3.379 cumulative=13141.105 peak_rss_kib=180388812
SLIM_PROGRESS runs=1922105344/2739737285 resolve_wall=472.548 lce_wall=5844.379 write_wall=63.633 lf_steps=0 cache_hits=0
SLIM_PHASE query-chunks wall=3.300 cumulative=13144.406 peak_rss_kib=180394060
SLIM_PROGRESS runs=1923153920/2739737285 resolve_wall=472.793 lce_wall=5847.518 write_wall=63.667 lf_steps=0 cache_hits=0
SLIM_PHASE query-chunks wall=3.418 cumulative=13147.824 peak_rss_kib=180396620
SLIM_PROGRESS runs=1924202496/2739737285 resolve_wall=473.038 lce_wall=5850.705 write_wall=63.703 lf_steps=0 cache_hits=0
SLIM_PHASE query-chunks wall=3.468 cumulative=13151.292 peak_rss_kib=180407372
SLIM_PROGRESS runs=1925251072/2739737285 resolve_wall=473.286 lce_wall=5854.067 write_wall=63.740 lf_steps=0 cache_hits=0
SLIM_PHASE query-chunks wall=3.648 cumulative=13154.940 peak_rss_kib=180414028
SLIM_PROGRESS runs=1926299648/2739737285 resolve_wall=473.533 lce_wall=5857.238 write_wall=63.776 lf_steps=0 cache_hits=0
SLIM_PHASE query-chunks wall=3.454 cumulative=13158.394 peak_rss_kib=180426828
SLIM_PROGRESS runs=1927348224/2739737285 resolve_wall=473.779 lce_wall=5860.496 write_wall=63.810 lf_steps=0 cache_hits=0
SLIM_PHASE query-chunks wall=3.538 cumulative=13161.932 peak_rss_kib=180431436
SLIM_PROGRESS runs=1928396800/2739737285 resolve_wall=474.026 lce_wall=5863.592 write_wall=63.845 lf_steps=0 cache_hits=0
SLIM_PHASE query-chunks wall=3.378 cumulative=13165.310 peak_rss_kib=180432164
SLIM_PROGRESS runs=1929445376/2739737285 resolve_wall=474.272 lce_wall=5866.811 write_wall=63.879 lf_steps=0 cache_hits=0
SLIM_PHASE query-chunks wall=3.500 cumulative=13168.810 peak_rss_kib=180433616
SLIM_PROGRESS runs=1930493952/2739737285 resolve_wall=474.518 lce_wall=5870.268 write_wall=63.914 lf_steps=0 cache_hits=0
SLIM_PHASE query-chunks wall=3.737 cumulative=13172.547 peak_rss_kib=180445584
SLIM_PROGRESS runs=1931542528/2739737285 resolve_wall=474.763 lce_wall=5873.564 write_wall=63.951 lf_steps=0 cache_hits=0
SLIM_PHASE query-chunks wall=3.579 cumulative=13176.126 peak_rss_kib=180464528
SLIM_PROGRESS runs=1932591104/2739737285 resolve_wall=475.009 lce_wall=5876.753 write_wall=63.986 lf_steps=0 cache_hits=0
SLIM_PHASE query-chunks wall=3.470 cumulative=13179.595 peak_rss_kib=180475208
SLIM_PROGRESS runs=1933639680/2739737285 resolve_wall=475.256 lce_wall=5879.739 write_wall=64.023 lf_steps=0 cache_hits=0
SLIM_PHASE query-chunks wall=3.270 cumulative=13182.865 peak_rss_kib=180483272
SLIM_PROGRESS runs=1934688256/2739737285 resolve_wall=475.503 lce_wall=5882.876 write_wall=64.060 lf_steps=0 cache_hits=0
SLIM_PHASE query-chunks wall=3.421 cumulative=13186.286 peak_rss_kib=180486032
SLIM_PROGRESS runs=1935736832/2739737285 resolve_wall=475.752 lce_wall=5886.006 write_wall=64.095 lf_steps=0 cache_hits=0
SLIM_PHASE query-chunks wall=3.415 cumulative=13189.701 peak_rss_kib=180490304
SLIM_PROGRESS runs=1936785408/2739737285 resolve_wall=475.998 lce_wall=5889.262 write_wall=64.132 lf_steps=0 cache_hits=0
SLIM_PHASE query-chunks wall=3.539 cumulative=13193.240 peak_rss_kib=180503896
SLIM_PROGRESS runs=1937833984/2739737285 resolve_wall=476.243 lce_wall=5892.237 write_wall=64.167 lf_steps=0 cache_hits=0
SLIM_PHASE query-chunks wall=3.255 cumulative=13196.495 peak_rss_kib=180510640
SLIM_PROGRESS runs=1938882560/2739737285 resolve_wall=476.489 lce_wall=5895.270 write_wall=64.202 lf_steps=0 cache_hits=0
SLIM_PHASE query-chunks wall=3.315 cumulative=13199.809 peak_rss_kib=180512260
SLIM_PROGRESS runs=1939931136/2739737285 resolve_wall=476.734 lce_wall=5898.171 write_wall=64.235 lf_steps=0 cache_hits=0
SLIM_PHASE query-chunks wall=3.179 cumulative=13202.989 peak_rss_kib=180520560
SLIM_PROGRESS runs=1940979712/2739737285 resolve_wall=476.982 lce_wall=5900.998 write_wall=64.269 lf_steps=0 cache_hits=0
SLIM_PHASE query-chunks wall=3.110 cumulative=13206.099 peak_rss_kib=180531312
SLIM_PROGRESS runs=1942028288/2739737285 resolve_wall=477.227 lce_wall=5904.084 write_wall=64.304 lf_steps=0 cache_hits=0
SLIM_PHASE query-chunks wall=3.366 cumulative=13209.464 peak_rss_kib=180539164
SLIM_PROGRESS runs=1943076864/2739737285 resolve_wall=477.473 lce_wall=5906.898 write_wall=64.338 lf_steps=0 cache_hits=0
SLIM_PHASE query-chunks wall=3.095 cumulative=13212.559 peak_rss_kib=180541084
SLIM_PROGRESS runs=1944125440/2739737285 resolve_wall=477.721 lce_wall=5909.848 write_wall=64.373 lf_steps=0 cache_hits=0
SLIM_PHASE query-chunks wall=3.234 cumulative=13215.792 peak_rss_kib=180548784
SLIM_PROGRESS runs=1945174016/2739737285 resolve_wall=477.967 lce_wall=5912.822 write_wall=64.407 lf_steps=0 cache_hits=0
SLIM_PHASE query-chunks wall=3.254 cumulative=13219.046 peak_rss_kib=180572108
SLIM_PROGRESS runs=1946222592/2739737285 resolve_wall=478.210 lce_wall=5915.866 write_wall=64.439 lf_steps=0 cache_hits=0
SLIM_PHASE query-chunks wall=3.319 cumulative=13222.365 peak_rss_kib=180579904
SLIM_PROGRESS runs=1947271168/2739737285 resolve_wall=478.457 lce_wall=5919.126 write_wall=64.475 lf_steps=0 cache_hits=0
SLIM_PHASE query-chunks wall=3.542 cumulative=13225.908 peak_rss_kib=180588168
SLIM_PROGRESS runs=1948319744/2739737285 resolve_wall=478.704 lce_wall=5922.367 write_wall=64.508 lf_steps=0 cache_hits=0
SLIM_PHASE query-chunks wall=3.521 cumulative=13229.428 peak_rss_kib=180598484
SLIM_PROGRESS runs=1949368320/2739737285 resolve_wall=478.950 lce_wall=5925.500 write_wall=64.542 lf_steps=0 cache_hits=0
SLIM_PHASE query-chunks wall=3.414 cumulative=13232.843 peak_rss_kib=180607952
SLIM_PROGRESS runs=1950416896/2739737285 resolve_wall=479.197 lce_wall=5928.553 write_wall=64.576 lf_steps=0 cache_hits=0
SLIM_PHASE query-chunks wall=3.334 cumulative=13236.177 peak_rss_kib=180614144
SLIM_PROGRESS runs=1951465472/2739737285 resolve_wall=479.442 lce_wall=5931.990 write_wall=64.611 lf_steps=0 cache_hits=0
SLIM_PHASE query-chunks wall=3.716 cumulative=13239.893 peak_rss_kib=180623120
SLIM_PROGRESS runs=1952514048/2739737285 resolve_wall=479.686 lce_wall=5935.056 write_wall=64.644 lf_steps=0 cache_hits=0
SLIM_PHASE query-chunks wall=3.345 cumulative=13243.238 peak_rss_kib=180623232
SLIM_PROGRESS runs=1953562624/2739737285 resolve_wall=479.931 lce_wall=5938.384 write_wall=64.678 lf_steps=0 cache_hits=0
SLIM_PHASE query-chunks wall=3.606 cumulative=13246.843 peak_rss_kib=180637240
SLIM_PROGRESS runs=1954611200/2739737285 resolve_wall=480.182 lce_wall=5941.531 write_wall=64.711 lf_steps=0 cache_hits=0
SLIM_PHASE query-chunks wall=3.432 cumulative=13250.275 peak_rss_kib=180639048
SLIM_PROGRESS runs=1955659776/2739737285 resolve_wall=480.426 lce_wall=5944.574 write_wall=64.743 lf_steps=0 cache_hits=0
SLIM_PHASE query-chunks wall=3.320 cumulative=13253.595 peak_rss_kib=180640928
SLIM_PROGRESS runs=1956708352/2739737285 resolve_wall=480.669 lce_wall=5948.049 write_wall=64.779 lf_steps=0 cache_hits=0
SLIM_PHASE query-chunks wall=3.754 cumulative=13257.349 peak_rss_kib=180643928
SLIM_PROGRESS runs=1957756928/2739737285 resolve_wall=480.915 lce_wall=5950.567 write_wall=64.815 lf_steps=0 cache_hits=0
SLIM_PHASE query-chunks wall=2.800 cumulative=13260.149 peak_rss_kib=180657688
SLIM_PROGRESS runs=1958805504/2739737285 resolve_wall=481.160 lce_wall=5952.833 write_wall=64.849 lf_steps=0 cache_hits=0
SLIM_PHASE query-chunks wall=2.545 cumulative=13262.694 peak_rss_kib=180668520
SLIM_PROGRESS runs=1959854080/2739737285 resolve_wall=481.401 lce_wall=5955.156 write_wall=64.883 lf_steps=0 cache_hits=0
SLIM_PHASE query-chunks wall=2.597 cumulative=13265.291 peak_rss_kib=180682096
SLIM_PROGRESS runs=1960902656/2739737285 resolve_wall=481.640 lce_wall=5957.589 write_wall=64.915 lf_steps=0 cache_hits=0
SLIM_PHASE query-chunks wall=2.704 cumulative=13267.996 peak_rss_kib=180703592
SLIM_PROGRESS runs=1961951232/2739737285 resolve_wall=481.885 lce_wall=5959.882 write_wall=64.948 lf_steps=0 cache_hits=0
SLIM_PHASE query-chunks wall=2.572 cumulative=13270.568 peak_rss_kib=180710308
SLIM_PROGRESS runs=1962999808/2739737285 resolve_wall=482.134 lce_wall=5962.882 write_wall=64.982 lf_steps=0 cache_hits=0
SLIM_PHASE query-chunks wall=3.283 cumulative=13273.851 peak_rss_kib=180714916
SLIM_PROGRESS runs=1964048384/2739737285 resolve_wall=482.379 lce_wall=5965.884 write_wall=65.014 lf_steps=0 cache_hits=0
SLIM_PHASE query-chunks wall=3.279 cumulative=13277.129 peak_rss_kib=180722904
SLIM_PROGRESS runs=1965096960/2739737285 resolve_wall=482.630 lce_wall=5968.960 write_wall=65.048 lf_steps=0 cache_hits=0
SLIM_PHASE query-chunks wall=3.362 cumulative=13280.491 peak_rss_kib=180735824
SLIM_PROGRESS runs=1966145536/2739737285 resolve_wall=482.874 lce_wall=5971.873 write_wall=65.081 lf_steps=0 cache_hits=0
SLIM_PHASE query-chunks wall=3.190 cumulative=13283.681 peak_rss_kib=180742040
SLIM_PROGRESS runs=1967194112/2739737285 resolve_wall=483.118 lce_wall=5974.882 write_wall=65.115 lf_steps=0 cache_hits=0
SLIM_PHASE query-chunks wall=3.286 cumulative=13286.967 peak_rss_kib=180761528
SLIM_PROGRESS runs=1968242688/2739737285 resolve_wall=483.360 lce_wall=5978.044 write_wall=65.149 lf_steps=0 cache_hits=0
SLIM_PHASE query-chunks wall=3.439 cumulative=13290.407 peak_rss_kib=180761528
SLIM_PROGRESS runs=1969291264/2739737285 resolve_wall=483.607 lce_wall=5981.243 write_wall=65.185 lf_steps=0 cache_hits=0
SLIM_PHASE query-chunks wall=3.482 cumulative=13293.888 peak_rss_kib=180761528
SLIM_PROGRESS runs=1970339840/2739737285 resolve_wall=483.852 lce_wall=5984.742 write_wall=65.220 lf_steps=0 cache_hits=0
SLIM_PHASE query-chunks wall=3.779 cumulative=13297.668 peak_rss_kib=180761528
SLIM_PROGRESS runs=1971388416/2739737285 resolve_wall=484.097 lce_wall=5987.717 write_wall=65.255 lf_steps=0 cache_hits=0
SLIM_PHASE query-chunks wall=3.255 cumulative=13300.923 peak_rss_kib=180769624
SLIM_PROGRESS runs=1972436992/2739737285 resolve_wall=484.342 lce_wall=5990.955 write_wall=65.291 lf_steps=0 cache_hits=0
SLIM_PHASE query-chunks wall=3.520 cumulative=13304.442 peak_rss_kib=180775484
SLIM_PROGRESS runs=1973485568/2739737285 resolve_wall=484.597 lce_wall=5994.109 write_wall=65.327 lf_steps=0 cache_hits=0
SLIM_PHASE query-chunks wall=3.445 cumulative=13307.887 peak_rss_kib=180786812
SLIM_PROGRESS runs=1974534144/2739737285 resolve_wall=484.844 lce_wall=5996.926 write_wall=65.360 lf_steps=0 cache_hits=0
SLIM_PHASE query-chunks wall=3.097 cumulative=13310.984 peak_rss_kib=180795400
SLIM_PROGRESS runs=1975582720/2739737285 resolve_wall=485.093 lce_wall=5999.840 write_wall=65.396 lf_steps=0 cache_hits=0
SLIM_PHASE query-chunks wall=3.199 cumulative=13314.183 peak_rss_kib=180802552
SLIM_PROGRESS runs=1976631296/2739737285 resolve_wall=485.339 lce_wall=6002.801 write_wall=65.431 lf_steps=0 cache_hits=0
SLIM_PHASE query-chunks wall=3.242 cumulative=13317.426 peak_rss_kib=180815584
SLIM_PROGRESS runs=1977679872/2739737285 resolve_wall=485.586 lce_wall=6005.679 write_wall=65.468 lf_steps=0 cache_hits=0
SLIM_PHASE query-chunks wall=3.162 cumulative=13320.587 peak_rss_kib=180822240
SLIM_PROGRESS runs=1978728448/2739737285 resolve_wall=485.831 lce_wall=6008.807 write_wall=65.503 lf_steps=0 cache_hits=0
SLIM_PHASE query-chunks wall=3.408 cumulative=13323.995 peak_rss_kib=180830360
SLIM_PROGRESS runs=1979777024/2739737285 resolve_wall=486.079 lce_wall=6011.877 write_wall=65.538 lf_steps=0 cache_hits=0
SLIM_PHASE query-chunks wall=3.353 cumulative=13327.349 peak_rss_kib=180833916
SLIM_PROGRESS runs=1980825600/2739737285 resolve_wall=486.325 lce_wall=6014.819 write_wall=65.573 lf_steps=0 cache_hits=0
SLIM_PHASE query-chunks wall=3.224 cumulative=13330.573 peak_rss_kib=180852860
SLIM_PROGRESS runs=1981874176/2739737285 resolve_wall=486.569 lce_wall=6017.897 write_wall=65.606 lf_steps=0 cache_hits=0
SLIM_PHASE query-chunks wall=3.355 cumulative=13333.928 peak_rss_kib=180855844
SLIM_PROGRESS runs=1982922752/2739737285 resolve_wall=486.815 lce_wall=6021.074 write_wall=65.642 lf_steps=0 cache_hits=0
SLIM_PHASE query-chunks wall=3.459 cumulative=13337.387 peak_rss_kib=180856996
SLIM_PROGRESS runs=1983971328/2739737285 resolve_wall=487.058 lce_wall=6024.339 write_wall=65.673 lf_steps=0 cache_hits=0
SLIM_PHASE query-chunks wall=3.539 cumulative=13340.925 peak_rss_kib=180864964
SLIM_PROGRESS runs=1985019904/2739737285 resolve_wall=487.306 lce_wall=6027.434 write_wall=65.708 lf_steps=0 cache_hits=0
SLIM_PHASE query-chunks wall=3.379 cumulative=13344.304 peak_rss_kib=180867128
SLIM_PROGRESS runs=1986068480/2739737285 resolve_wall=487.520 lce_wall=6030.496 write_wall=65.743 lf_steps=0 cache_hits=0
SLIM_PHASE query-chunks wall=3.311 cumulative=13347.615 peak_rss_kib=180870008
SLIM_PROGRESS runs=1987117056/2739737285 resolve_wall=487.769 lce_wall=6033.531 write_wall=65.776 lf_steps=0 cache_hits=0
SLIM_PHASE query-chunks wall=3.318 cumulative=13350.932 peak_rss_kib=180889260
SLIM_PROGRESS runs=1988165632/2739737285 resolve_wall=487.994 lce_wall=6036.769 write_wall=65.810 lf_steps=0 cache_hits=0
SLIM_PHASE query-chunks wall=3.497 cumulative=13354.430 peak_rss_kib=180896268
SLIM_PROGRESS runs=1989214208/2739737285 resolve_wall=488.240 lce_wall=6039.733 write_wall=65.845 lf_steps=0 cache_hits=0
SLIM_PHASE query-chunks wall=3.245 cumulative=13357.674 peak_rss_kib=180903980
SLIM_PROGRESS runs=1990262784/2739737285 resolve_wall=488.459 lce_wall=6042.701 write_wall=65.881 lf_steps=0 cache_hits=0
SLIM_PHASE query-chunks wall=3.224 cumulative=13360.898 peak_rss_kib=180911756
SLIM_PROGRESS runs=1991311360/2739737285 resolve_wall=488.715 lce_wall=6045.760 write_wall=65.918 lf_steps=0 cache_hits=0
SLIM_PHASE query-chunks wall=3.352 cumulative=13364.250 peak_rss_kib=180926604
SLIM_PROGRESS runs=1992359936/2739737285 resolve_wall=488.957 lce_wall=6048.666 write_wall=65.954 lf_steps=0 cache_hits=0
SLIM_PHASE query-chunks wall=3.184 cumulative=13367.433 peak_rss_kib=180935376
SLIM_PROGRESS runs=1993408512/2739737285 resolve_wall=489.182 lce_wall=6051.547 write_wall=65.988 lf_steps=0 cache_hits=0
SLIM_PHASE query-chunks wall=3.142 cumulative=13370.575 peak_rss_kib=180944096
SLIM_PROGRESS runs=1994457088/2739737285 resolve_wall=489.393 lce_wall=6054.667 write_wall=66.024 lf_steps=0 cache_hits=0
SLIM_PHASE query-chunks wall=3.366 cumulative=13373.941 peak_rss_kib=180954900
SLIM_PROGRESS runs=1995505664/2739737285 resolve_wall=489.635 lce_wall=6057.707 write_wall=66.066 lf_steps=0 cache_hits=0
SLIM_PHASE query-chunks wall=3.324 cumulative=13377.265 peak_rss_kib=180957132
SLIM_PROGRESS runs=1996554240/2739737285 resolve_wall=489.884 lce_wall=6061.182 write_wall=66.108 lf_steps=0 cache_hits=0
SLIM_PHASE query-chunks wall=3.766 cumulative=13381.031 peak_rss_kib=180962068
SLIM_PROGRESS runs=1997602816/2739737285 resolve_wall=490.102 lce_wall=6064.285 write_wall=66.144 lf_steps=0 cache_hits=0
SLIM_PHASE query-chunks wall=3.358 cumulative=13384.389 peak_rss_kib=180987124
SLIM_PROGRESS runs=1998651392/2739737285 resolve_wall=490.313 lce_wall=6067.250 write_wall=66.179 lf_steps=0 cache_hits=0
SLIM_PHASE query-chunks wall=3.210 cumulative=13387.599 peak_rss_kib=180990564
SLIM_PROGRESS runs=1999699968/2739737285 resolve_wall=490.525 lce_wall=6070.243 write_wall=66.213 lf_steps=0 cache_hits=0
SLIM_PHASE query-chunks wall=3.241 cumulative=13390.839 peak_rss_kib=180998100
SLIM_PROGRESS runs=2000748544/2739737285 resolve_wall=490.737 lce_wall=6073.088 write_wall=66.248 lf_steps=0 cache_hits=0
SLIM_PHASE query-chunks wall=3.092 cumulative=13393.931 peak_rss_kib=181004144
SLIM_PROGRESS runs=2001797120/2739737285 resolve_wall=490.949 lce_wall=6075.962 write_wall=66.283 lf_steps=0 cache_hits=0
SLIM_PHASE query-chunks wall=3.121 cumulative=13397.051 peak_rss_kib=181007520
SLIM_PROGRESS runs=2002845696/2739737285 resolve_wall=491.160 lce_wall=6078.880 write_wall=66.318 lf_steps=0 cache_hits=0
SLIM_PHASE query-chunks wall=3.164 cumulative=13400.215 peak_rss_kib=181014764
SLIM_PROGRESS runs=2003894272/2739737285 resolve_wall=491.384 lce_wall=6081.745 write_wall=66.351 lf_steps=0 cache_hits=0
SLIM_PHASE query-chunks wall=3.123 cumulative=13403.338 peak_rss_kib=181021148
SLIM_PROGRESS runs=2004942848/2739737285 resolve_wall=491.627 lce_wall=6084.596 write_wall=66.384 lf_steps=0 cache_hits=0
SLIM_PHASE query-chunks wall=3.127 cumulative=13406.465 peak_rss_kib=181027536
SLIM_PROGRESS runs=2005991424/2739737285 resolve_wall=491.871 lce_wall=6087.671 write_wall=66.419 lf_steps=0 cache_hits=0
SLIM_PHASE query-chunks wall=3.354 cumulative=13409.819 peak_rss_kib=181041376
SLIM_PROGRESS runs=2007040000/2739737285 resolve_wall=492.117 lce_wall=6090.670 write_wall=66.454 lf_steps=0 cache_hits=0
SLIM_PHASE query-chunks wall=3.281 cumulative=13413.100 peak_rss_kib=181046928
SLIM_PROGRESS runs=2008088576/2739737285 resolve_wall=492.358 lce_wall=6095.142 write_wall=66.487 lf_steps=0 cache_hits=0
SLIM_PHASE query-chunks wall=4.747 cumulative=13417.847 peak_rss_kib=181059752
SLIM_PROGRESS runs=2009137152/2739737285 resolve_wall=492.602 lce_wall=6099.109 write_wall=66.524 lf_steps=0 cache_hits=0
SLIM_PHASE query-chunks wall=4.247 cumulative=13422.093 peak_rss_kib=181065944
SLIM_PROGRESS runs=2010185728/2739737285 resolve_wall=492.849 lce_wall=6102.330 write_wall=66.560 lf_steps=0 cache_hits=0
SLIM_PHASE query-chunks wall=3.506 cumulative=13425.599 peak_rss_kib=181082752
SLIM_PROGRESS runs=2011234304/2739737285 resolve_wall=493.093 lce_wall=6105.348 write_wall=66.595 lf_steps=0 cache_hits=0
SLIM_PHASE query-chunks wall=3.296 cumulative=13428.895 peak_rss_kib=181087360
SLIM_PROGRESS runs=2012282880/2739737285 resolve_wall=493.338 lce_wall=6108.180 write_wall=66.629 lf_steps=0 cache_hits=0
SLIM_PHASE query-chunks wall=3.111 cumulative=13432.006 peak_rss_kib=181093864
SLIM_PROGRESS runs=2013331456/2739737285 resolve_wall=493.583 lce_wall=6110.956 write_wall=66.664 lf_steps=0 cache_hits=0
SLIM_PHASE query-chunks wall=3.056 cumulative=13435.063 peak_rss_kib=181097192
SLIM_PROGRESS runs=2014380032/2739737285 resolve_wall=493.825 lce_wall=6113.856 write_wall=66.698 lf_steps=0 cache_hits=0
SLIM_PHASE query-chunks wall=3.177 cumulative=13438.240 peak_rss_kib=181117460
SLIM_PROGRESS runs=2015428608/2739737285 resolve_wall=494.068 lce_wall=6116.764 write_wall=66.734 lf_steps=0 cache_hits=0
SLIM_PHASE query-chunks wall=3.186 cumulative=13441.426 peak_rss_kib=181124644
SLIM_PROGRESS runs=2016477184/2739737285 resolve_wall=494.312 lce_wall=6119.649 write_wall=66.768 lf_steps=0 cache_hits=0
SLIM_PHASE query-chunks wall=3.163 cumulative=13444.589 peak_rss_kib=181134036
SLIM_PROGRESS runs=2017525760/2739737285 resolve_wall=494.555 lce_wall=6122.564 write_wall=66.803 lf_steps=0 cache_hits=0
SLIM_PHASE query-chunks wall=3.193 cumulative=13447.782 peak_rss_kib=181136068
SLIM_PROGRESS runs=2018574336/2739737285 resolve_wall=494.804 lce_wall=6125.660 write_wall=66.838 lf_steps=0 cache_hits=0
SLIM_PHASE query-chunks wall=3.381 cumulative=13451.163 peak_rss_kib=181136096
SLIM_PROGRESS runs=2019622912/2739737285 resolve_wall=495.052 lce_wall=6129.149 write_wall=66.874 lf_steps=0 cache_hits=0
SLIM_PHASE query-chunks wall=3.772 cumulative=13454.935 peak_rss_kib=181137544
SLIM_PROGRESS runs=2020671488/2739737285 resolve_wall=495.296 lce_wall=6132.483 write_wall=66.908 lf_steps=0 cache_hits=0
SLIM_PHASE query-chunks wall=3.613 cumulative=13458.548 peak_rss_kib=181137656
SLIM_PROGRESS runs=2021720064/2739737285 resolve_wall=495.543 lce_wall=6135.734 write_wall=66.942 lf_steps=0 cache_hits=0
SLIM_PHASE query-chunks wall=3.531 cumulative=13462.079 peak_rss_kib=181148264
SLIM_PROGRESS runs=2022768640/2739737285 resolve_wall=495.787 lce_wall=6138.692 write_wall=66.974 lf_steps=0 cache_hits=0
SLIM_PHASE query-chunks wall=3.235 cumulative=13465.314 peak_rss_kib=181161172
SLIM_PROGRESS runs=2023817216/2739737285 resolve_wall=496.031 lce_wall=6141.521 write_wall=67.006 lf_steps=0 cache_hits=0
SLIM_PHASE query-chunks wall=3.105 cumulative=13468.419 peak_rss_kib=181175732
SLIM_PROGRESS runs=2024865792/2739737285 resolve_wall=496.276 lce_wall=6144.414 write_wall=67.039 lf_steps=0 cache_hits=0
SLIM_PHASE query-chunks wall=3.171 cumulative=13471.589 peak_rss_kib=181182828
SLIM_PROGRESS runs=2025914368/2739737285 resolve_wall=496.524 lce_wall=6147.411 write_wall=67.073 lf_steps=0 cache_hits=0
SLIM_PHASE query-chunks wall=3.280 cumulative=13474.869 peak_rss_kib=181195188
SLIM_PROGRESS runs=2026962944/2739737285 resolve_wall=496.773 lce_wall=6150.244 write_wall=67.110 lf_steps=0 cache_hits=0
SLIM_PHASE query-chunks wall=3.120 cumulative=13477.989 peak_rss_kib=181203660
SLIM_PROGRESS runs=2028011520/2739737285 resolve_wall=497.023 lce_wall=6153.210 write_wall=67.144 lf_steps=0 cache_hits=0
SLIM_PHASE query-chunks wall=3.251 cumulative=13481.240 peak_rss_kib=181212804
SLIM_PROGRESS runs=2029060096/2739737285 resolve_wall=497.273 lce_wall=6156.252 write_wall=67.181 lf_steps=0 cache_hits=0
SLIM_PHASE query-chunks wall=3.328 cumulative=13484.568 peak_rss_kib=181219840
SLIM_PROGRESS runs=2030108672/2739737285 resolve_wall=497.522 lce_wall=6159.376 write_wall=67.216 lf_steps=0 cache_hits=0
SLIM_PHASE query-chunks wall=3.408 cumulative=13487.976 peak_rss_kib=181232328
SLIM_PROGRESS runs=2031157248/2739737285 resolve_wall=497.770 lce_wall=6162.463 write_wall=67.251 lf_steps=0 cache_hits=0
SLIM_PHASE query-chunks wall=3.371 cumulative=13491.346 peak_rss_kib=181242020
SLIM_PROGRESS runs=2032205824/2739737285 resolve_wall=498.018 lce_wall=6165.591 write_wall=67.285 lf_steps=0 cache_hits=0
SLIM_PHASE query-chunks wall=3.410 cumulative=13494.757 peak_rss_kib=181251928
SLIM_PROGRESS runs=2033254400/2739737285 resolve_wall=498.268 lce_wall=6168.881 write_wall=67.318 lf_steps=0 cache_hits=0
SLIM_PHASE query-chunks wall=3.573 cumulative=13498.329 peak_rss_kib=181260560
SLIM_PROGRESS runs=2034302976/2739737285 resolve_wall=498.517 lce_wall=6171.964 write_wall=67.352 lf_steps=0 cache_hits=0
SLIM_PHASE query-chunks wall=3.366 cumulative=13501.696 peak_rss_kib=181270128
SLIM_PROGRESS runs=2035351552/2739737285 resolve_wall=498.767 lce_wall=6175.004 write_wall=67.386 lf_steps=0 cache_hits=0
SLIM_PHASE query-chunks wall=3.325 cumulative=13505.021 peak_rss_kib=181279508
SLIM_PROGRESS runs=2036400128/2739737285 resolve_wall=499.017 lce_wall=6177.986 write_wall=67.420 lf_steps=0 cache_hits=0
SLIM_PHASE query-chunks wall=3.265 cumulative=13508.286 peak_rss_kib=181293656
SLIM_PROGRESS runs=2037448704/2739737285 resolve_wall=499.267 lce_wall=6180.923 write_wall=67.452 lf_steps=0 cache_hits=0
SLIM_PHASE query-chunks wall=3.219 cumulative=13511.505 peak_rss_kib=181300180
SLIM_PROGRESS runs=2038497280/2739737285 resolve_wall=499.512 lce_wall=6183.818 write_wall=67.487 lf_steps=0 cache_hits=0
SLIM_PHASE query-chunks wall=3.176 cumulative=13514.681 peak_rss_kib=181308292
SLIM_PROGRESS runs=2039545856/2739737285 resolve_wall=499.759 lce_wall=6186.803 write_wall=67.523 lf_steps=0 cache_hits=0
SLIM_PHASE query-chunks wall=3.267 cumulative=13517.948 peak_rss_kib=181316556
SLIM_PROGRESS runs=2040594432/2739737285 resolve_wall=500.005 lce_wall=6189.842 write_wall=67.557 lf_steps=0 cache_hits=0
SLIM_PHASE query-chunks wall=3.320 cumulative=13521.268 peak_rss_kib=181319004
SLIM_PROGRESS runs=2041643008/2739737285 resolve_wall=500.248 lce_wall=6192.988 write_wall=67.588 lf_steps=0 cache_hits=0
SLIM_PHASE query-chunks wall=3.420 cumulative=13524.688 peak_rss_kib=181329060
SLIM_PROGRESS runs=2042691584/2739737285 resolve_wall=500.498 lce_wall=6196.050 write_wall=67.622 lf_steps=0 cache_hits=0
SLIM_PHASE query-chunks wall=3.346 cumulative=13528.034 peak_rss_kib=181338532
SLIM_PROGRESS runs=2043740160/2739737285 resolve_wall=500.753 lce_wall=6199.698 write_wall=67.658 lf_steps=0 cache_hits=0
SLIM_PHASE query-chunks wall=3.939 cumulative=13531.973 peak_rss_kib=181350712
SLIM_PROGRESS runs=2044788736/2739737285 resolve_wall=501.000 lce_wall=6202.557 write_wall=67.692 lf_steps=0 cache_hits=0
SLIM_PHASE query-chunks wall=3.140 cumulative=13535.113 peak_rss_kib=181350712
SLIM_PROGRESS runs=2045837312/2739737285 resolve_wall=501.244 lce_wall=6205.574 write_wall=67.729 lf_steps=0 cache_hits=0
SLIM_PHASE query-chunks wall=3.298 cumulative=13538.411 peak_rss_kib=181353788
SLIM_PROGRESS runs=2046885888/2739737285 resolve_wall=501.489 lce_wall=6208.197 write_wall=67.763 lf_steps=0 cache_hits=0
SLIM_PHASE query-chunks wall=2.903 cumulative=13541.314 peak_rss_kib=181363052
SLIM_PROGRESS runs=2047934464/2739737285 resolve_wall=501.733 lce_wall=6211.612 write_wall=67.796 lf_steps=0 cache_hits=0
SLIM_PHASE query-chunks wall=3.692 cumulative=13545.007 peak_rss_kib=181363064
SLIM_PROGRESS runs=2048983040/2739737285 resolve_wall=501.978 lce_wall=6214.452 write_wall=67.832 lf_steps=0 cache_hits=0
SLIM_PHASE query-chunks wall=3.121 cumulative=13548.128 peak_rss_kib=181366196
SLIM_PROGRESS runs=2050031616/2739737285 resolve_wall=502.223 lce_wall=6217.416 write_wall=67.867 lf_steps=0 cache_hits=0
SLIM_PHASE query-chunks wall=3.244 cumulative=13551.372 peak_rss_kib=181370804
SLIM_PROGRESS runs=2051080192/2739737285 resolve_wall=502.470 lce_wall=6220.333 write_wall=67.901 lf_steps=0 cache_hits=0
SLIM_PHASE query-chunks wall=3.197 cumulative=13554.569 peak_rss_kib=181372800
SLIM_PROGRESS runs=2052128768/2739737285 resolve_wall=502.716 lce_wall=6223.271 write_wall=67.936 lf_steps=0 cache_hits=0
SLIM_PHASE query-chunks wall=3.220 cumulative=13557.790 peak_rss_kib=181382996
SLIM_PROGRESS runs=2053177344/2739737285 resolve_wall=502.962 lce_wall=6226.277 write_wall=67.972 lf_steps=0 cache_hits=0
SLIM_PHASE query-chunks wall=3.287 cumulative=13561.076 peak_rss_kib=181401412
SLIM_PROGRESS runs=2054225920/2739737285 resolve_wall=503.206 lce_wall=6229.233 write_wall=68.004 lf_steps=0 cache_hits=0
SLIM_PHASE query-chunks wall=3.232 cumulative=13564.309 peak_rss_kib=181411332
SLIM_PROGRESS runs=2055274496/2739737285 resolve_wall=503.451 lce_wall=6232.191 write_wall=68.037 lf_steps=0 cache_hits=0
SLIM_PHASE query-chunks wall=3.236 cumulative=13567.545 peak_rss_kib=181430836
SLIM_PROGRESS runs=2056323072/2739737285 resolve_wall=503.697 lce_wall=6235.328 write_wall=68.072 lf_steps=0 cache_hits=0
SLIM_PHASE query-chunks wall=3.418 cumulative=13570.963 peak_rss_kib=181431348
SLIM_PROGRESS runs=2057371648/2739737285 resolve_wall=503.943 lce_wall=6238.349 write_wall=68.107 lf_steps=0 cache_hits=0
SLIM_PHASE query-chunks wall=3.302 cumulative=13574.265 peak_rss_kib=181446196
SLIM_PROGRESS runs=2058420224/2739737285 resolve_wall=504.188 lce_wall=6241.839 write_wall=68.143 lf_steps=0 cache_hits=0
SLIM_PHASE query-chunks wall=3.771 cumulative=13578.036 peak_rss_kib=181450372
SLIM_PROGRESS runs=2059468800/2739737285 resolve_wall=504.433 lce_wall=6244.788 write_wall=68.180 lf_steps=0 cache_hits=0
SLIM_PHASE query-chunks wall=3.232 cumulative=13581.268 peak_rss_kib=181462224
SLIM_PROGRESS runs=2060517376/2739737285 resolve_wall=504.678 lce_wall=6247.602 write_wall=68.212 lf_steps=0 cache_hits=0
SLIM_PHASE query-chunks wall=3.092 cumulative=13584.360 peak_rss_kib=181472868
SLIM_PROGRESS runs=2061565952/2739737285 resolve_wall=504.932 lce_wall=6250.666 write_wall=68.251 lf_steps=0 cache_hits=0
SLIM_PHASE query-chunks wall=3.355 cumulative=13587.715 peak_rss_kib=181487188
SLIM_PROGRESS runs=2062614528/2739737285 resolve_wall=505.176 lce_wall=6253.726 write_wall=68.283 lf_steps=0 cache_hits=0
SLIM_PHASE query-chunks wall=3.337 cumulative=13591.052 peak_rss_kib=181498288
SLIM_PROGRESS runs=2063663104/2739737285 resolve_wall=505.420 lce_wall=6256.703 write_wall=68.319 lf_steps=0 cache_hits=0
SLIM_PHASE query-chunks wall=3.258 cumulative=13594.310 peak_rss_kib=181499456
SLIM_PROGRESS runs=2064711680/2739737285 resolve_wall=505.669 lce_wall=6259.962 write_wall=68.354 lf_steps=0 cache_hits=0
SLIM_PHASE query-chunks wall=3.543 cumulative=13597.853 peak_rss_kib=181508804
SLIM_PROGRESS runs=2065760256/2739737285 resolve_wall=505.916 lce_wall=6262.964 write_wall=68.389 lf_steps=0 cache_hits=0
SLIM_PHASE query-chunks wall=3.283 cumulative=13601.136 peak_rss_kib=181514624
SLIM_PROGRESS runs=2066808832/2739737285 resolve_wall=506.160 lce_wall=6266.321 write_wall=68.423 lf_steps=0 cache_hits=0
SLIM_PHASE query-chunks wall=3.635 cumulative=13604.771 peak_rss_kib=181518836
SLIM_PROGRESS runs=2067857408/2739737285 resolve_wall=506.405 lce_wall=6269.804 write_wall=68.457 lf_steps=0 cache_hits=0
SLIM_PHASE query-chunks wall=3.762 cumulative=13608.534 peak_rss_kib=181528612
SLIM_PROGRESS runs=2068905984/2739737285 resolve_wall=506.649 lce_wall=6273.437 write_wall=68.492 lf_steps=0 cache_hits=0
SLIM_PHASE query-chunks wall=3.913 cumulative=13612.447 peak_rss_kib=181531300
SLIM_PROGRESS runs=2069954560/2739737285 resolve_wall=506.893 lce_wall=6277.031 write_wall=68.526 lf_steps=0 cache_hits=0
SLIM_PHASE query-chunks wall=3.872 cumulative=13616.318 peak_rss_kib=181538556
SLIM_PROGRESS runs=2071003136/2739737285 resolve_wall=507.145 lce_wall=6280.416 write_wall=68.562 lf_steps=0 cache_hits=0
SLIM_PHASE query-chunks wall=3.673 cumulative=13619.991 peak_rss_kib=181548464
SLIM_PROGRESS runs=2072051712/2739737285 resolve_wall=507.397 lce_wall=6283.588 write_wall=68.598 lf_steps=0 cache_hits=0
SLIM_PHASE query-chunks wall=3.460 cumulative=13623.452 peak_rss_kib=181564892
SLIM_PROGRESS runs=2073100288/2739737285 resolve_wall=507.643 lce_wall=6287.009 write_wall=68.634 lf_steps=0 cache_hits=0
SLIM_PHASE query-chunks wall=3.704 cumulative=13627.155 peak_rss_kib=181582044
SLIM_PROGRESS runs=2074148864/2739737285 resolve_wall=507.891 lce_wall=6290.311 write_wall=68.668 lf_steps=0 cache_hits=0
SLIM_PHASE query-chunks wall=3.584 cumulative=13630.740 peak_rss_kib=181582684
SLIM_PROGRESS runs=2075197440/2739737285 resolve_wall=508.135 lce_wall=6293.542 write_wall=68.704 lf_steps=0 cache_hits=0
SLIM_PHASE query-chunks wall=3.511 cumulative=13634.251 peak_rss_kib=181592948
SLIM_PROGRESS runs=2076246016/2739737285 resolve_wall=508.380 lce_wall=6296.515 write_wall=68.738 lf_steps=0 cache_hits=0
SLIM_PHASE query-chunks wall=3.252 cumulative=13637.503 peak_rss_kib=181602624
SLIM_PROGRESS runs=2077294592/2739737285 resolve_wall=508.624 lce_wall=6299.476 write_wall=68.772 lf_steps=0 cache_hits=0
SLIM_PHASE query-chunks wall=3.238 cumulative=13640.740 peak_rss_kib=181608048
SLIM_PROGRESS runs=2078343168/2739737285 resolve_wall=508.868 lce_wall=6302.723 write_wall=68.808 lf_steps=0 cache_hits=0
SLIM_PHASE query-chunks wall=3.527 cumulative=13644.267 peak_rss_kib=181612584
SLIM_PROGRESS runs=2079391744/2739737285 resolve_wall=509.113 lce_wall=6305.717 write_wall=68.844 lf_steps=0 cache_hits=0
SLIM_PHASE query-chunks wall=3.277 cumulative=13647.544 peak_rss_kib=181617380
SLIM_PROGRESS runs=2080440320/2739737285 resolve_wall=509.362 lce_wall=6308.800 write_wall=68.879 lf_steps=0 cache_hits=0
SLIM_PHASE query-chunks wall=3.367 cumulative=13650.911 peak_rss_kib=181621320
SLIM_PROGRESS runs=2081488896/2739737285 resolve_wall=509.605 lce_wall=6312.399 write_wall=68.913 lf_steps=0 cache_hits=0
SLIM_PHASE query-chunks wall=3.876 cumulative=13654.787 peak_rss_kib=181625292
SLIM_PROGRESS runs=2082537472/2739737285 resolve_wall=509.847 lce_wall=6315.869 write_wall=68.947 lf_steps=0 cache_hits=0
SLIM_PHASE query-chunks wall=3.747 cumulative=13658.533 peak_rss_kib=181630592
SLIM_PROGRESS runs=2083586048/2739737285 resolve_wall=510.087 lce_wall=6320.138 write_wall=68.980 lf_steps=0 cache_hits=0
SLIM_PHASE query-chunks wall=4.542 cumulative=13663.076 peak_rss_kib=181647544
SLIM_PROGRESS runs=2084634624/2739737285 resolve_wall=510.326 lce_wall=6324.909 write_wall=69.015 lf_steps=0 cache_hits=0
SLIM_PHASE query-chunks wall=5.045 cumulative=13668.120 peak_rss_kib=181660432
SLIM_PROGRESS runs=2085683200/2739737285 resolve_wall=510.566 lce_wall=6329.867 write_wall=69.050 lf_steps=0 cache_hits=0
SLIM_PHASE query-chunks wall=5.235 cumulative=13673.355 peak_rss_kib=181671560
SLIM_PROGRESS runs=2086731776/2739737285 resolve_wall=510.804 lce_wall=6334.768 write_wall=69.086 lf_steps=0 cache_hits=0
SLIM_PHASE query-chunks wall=5.173 cumulative=13678.528 peak_rss_kib=181679024
SLIM_PROGRESS runs=2087780352/2739737285 resolve_wall=511.044 lce_wall=6339.662 write_wall=69.120 lf_steps=0 cache_hits=0
SLIM_PHASE query-chunks wall=5.170 cumulative=13683.698 peak_rss_kib=181686268
SLIM_PROGRESS runs=2088828928/2739737285 resolve_wall=511.286 lce_wall=6344.340 write_wall=69.155 lf_steps=0 cache_hits=0
SLIM_PHASE query-chunks wall=4.955 cumulative=13688.653 peak_rss_kib=181687324
SLIM_PROGRESS runs=2089877504/2739737285 resolve_wall=511.530 lce_wall=6348.343 write_wall=69.191 lf_steps=0 cache_hits=0
SLIM_PHASE query-chunks wall=4.282 cumulative=13692.935 peak_rss_kib=181692400
SLIM_PROGRESS runs=2090926080/2739737285 resolve_wall=511.776 lce_wall=6351.782 write_wall=69.227 lf_steps=0 cache_hits=0
SLIM_PHASE query-chunks wall=3.722 cumulative=13696.657 peak_rss_kib=181700612
SLIM_PROGRESS runs=2091974656/2739737285 resolve_wall=512.023 lce_wall=6355.003 write_wall=69.262 lf_steps=0 cache_hits=0
SLIM_PHASE query-chunks wall=3.504 cumulative=13700.161 peak_rss_kib=181714060
SLIM_PROGRESS runs=2093023232/2739737285 resolve_wall=512.267 lce_wall=6358.488 write_wall=69.295 lf_steps=0 cache_hits=0
SLIM_PHASE query-chunks wall=3.761 cumulative=13703.921 peak_rss_kib=181726428
SLIM_PROGRESS runs=2094071808/2739737285 resolve_wall=512.511 lce_wall=6361.710 write_wall=69.330 lf_steps=0 cache_hits=0
SLIM_PHASE query-chunks wall=3.501 cumulative=13707.422 peak_rss_kib=181731364
SLIM_PROGRESS runs=2095120384/2739737285 resolve_wall=512.756 lce_wall=6364.820 write_wall=69.366 lf_steps=0 cache_hits=0
SLIM_PHASE query-chunks wall=3.391 cumulative=13710.814 peak_rss_kib=181733668
SLIM_PROGRESS runs=2096168960/2739737285 resolve_wall=513.002 lce_wall=6367.669 write_wall=69.401 lf_steps=0 cache_hits=0
SLIM_PHASE query-chunks wall=3.132 cumulative=13713.945 peak_rss_kib=181747160
SLIM_PROGRESS runs=2097217536/2739737285 resolve_wall=513.247 lce_wall=6370.531 write_wall=69.436 lf_steps=0 cache_hits=0
SLIM_PHASE query-chunks wall=3.142 cumulative=13717.087 peak_rss_kib=181749720
SLIM_PROGRESS runs=2098266112/2739737285 resolve_wall=513.491 lce_wall=6373.367 write_wall=69.472 lf_steps=0 cache_hits=0
SLIM_PHASE query-chunks wall=3.116 cumulative=13720.203 peak_rss_kib=181760660
SLIM_PROGRESS runs=2099314688/2739737285 resolve_wall=513.736 lce_wall=6376.284 write_wall=69.508 lf_steps=0 cache_hits=0
SLIM_PHASE query-chunks wall=3.197 cumulative=13723.400 peak_rss_kib=181765392
SLIM_PROGRESS runs=2100363264/2739737285 resolve_wall=513.978 lce_wall=6379.101 write_wall=69.541 lf_steps=0 cache_hits=0
SLIM_PHASE query-chunks wall=3.093 cumulative=13726.492 peak_rss_kib=181776684
SLIM_PROGRESS runs=2101411840/2739737285 resolve_wall=514.217 lce_wall=6382.493 write_wall=69.574 lf_steps=0 cache_hits=0
SLIM_PHASE query-chunks wall=3.664 cumulative=13730.156 peak_rss_kib=181789504
SLIM_PROGRESS runs=2102460416/2739737285 resolve_wall=514.462 lce_wall=6385.489 write_wall=69.608 lf_steps=0 cache_hits=0
SLIM_PHASE query-chunks wall=3.276 cumulative=13733.432 peak_rss_kib=181802604
SLIM_PROGRESS runs=2103508992/2739737285 resolve_wall=514.702 lce_wall=6388.624 write_wall=69.644 lf_steps=0 cache_hits=0
SLIM_PHASE query-chunks wall=3.410 cumulative=13736.842 peak_rss_kib=181813848
SLIM_PROGRESS runs=2104557568/2739737285 resolve_wall=514.927 lce_wall=6391.721 write_wall=69.680 lf_steps=0 cache_hits=0
SLIM_PHASE query-chunks wall=3.359 cumulative=13740.201 peak_rss_kib=181817264
SLIM_PROGRESS runs=2105606144/2739737285 resolve_wall=515.154 lce_wall=6394.634 write_wall=69.714 lf_steps=0 cache_hits=0
SLIM_PHASE query-chunks wall=3.174 cumulative=13743.375 peak_rss_kib=181829208
SLIM_PROGRESS runs=2106654720/2739737285 resolve_wall=515.374 lce_wall=6397.514 write_wall=69.748 lf_steps=0 cache_hits=0
SLIM_PHASE query-chunks wall=3.135 cumulative=13746.510 peak_rss_kib=181845752
SLIM_PROGRESS runs=2107703296/2739737285 resolve_wall=515.595 lce_wall=6400.308 write_wall=69.783 lf_steps=0 cache_hits=0
SLIM_PHASE query-chunks wall=3.050 cumulative=13749.560 peak_rss_kib=181855308
SLIM_PROGRESS runs=2108751872/2739737285 resolve_wall=515.810 lce_wall=6403.092 write_wall=69.819 lf_steps=0 cache_hits=0
SLIM_PHASE query-chunks wall=3.034 cumulative=13752.595 peak_rss_kib=181859916
SLIM_PROGRESS runs=2109800448/2739737285 resolve_wall=516.036 lce_wall=6406.244 write_wall=69.855 lf_steps=0 cache_hits=0
SLIM_PHASE query-chunks wall=3.414 cumulative=13756.009 peak_rss_kib=181865836
SLIM_PROGRESS runs=2110849024/2739737285 resolve_wall=516.271 lce_wall=6409.439 write_wall=69.890 lf_steps=0 cache_hits=0
SLIM_PHASE query-chunks wall=3.466 cumulative=13759.474 peak_rss_kib=181866892
SLIM_PROGRESS runs=2111897600/2739737285 resolve_wall=516.498 lce_wall=6412.632 write_wall=69.923 lf_steps=0 cache_hits=0
SLIM_PHASE query-chunks wall=3.452 cumulative=13762.927 peak_rss_kib=181874552
SLIM_PROGRESS runs=2112946176/2739737285 resolve_wall=516.727 lce_wall=6415.702 write_wall=69.959 lf_steps=0 cache_hits=0
SLIM_PHASE query-chunks wall=3.335 cumulative=13766.262 peak_rss_kib=181878280
SLIM_PROGRESS runs=2113994752/2739737285 resolve_wall=516.947 lce_wall=6418.919 write_wall=69.992 lf_steps=0 cache_hits=0
SLIM_PHASE query-chunks wall=3.471 cumulative=13769.733 peak_rss_kib=181882172
SLIM_PROGRESS runs=2115043328/2739737285 resolve_wall=517.179 lce_wall=6422.133 write_wall=70.027 lf_steps=0 cache_hits=0
SLIM_PHASE query-chunks wall=3.482 cumulative=13773.215 peak_rss_kib=181882172
SLIM_PROGRESS runs=2116091904/2739737285 resolve_wall=517.413 lce_wall=6425.187 write_wall=70.063 lf_steps=0 cache_hits=0
SLIM_PHASE query-chunks wall=3.323 cumulative=13776.538 peak_rss_kib=181895884
SLIM_PROGRESS runs=2117140480/2739737285 resolve_wall=517.646 lce_wall=6428.500 write_wall=70.099 lf_steps=0 cache_hits=0
SLIM_PHASE query-chunks wall=3.583 cumulative=13780.121 peak_rss_kib=181909092
SLIM_PROGRESS runs=2118189056/2739737285 resolve_wall=517.854 lce_wall=6431.801 write_wall=70.135 lf_steps=0 cache_hits=0
SLIM_PHASE query-chunks wall=3.545 cumulative=13783.666 peak_rss_kib=181911204
SLIM_PROGRESS runs=2119237632/2739737285 resolve_wall=518.067 lce_wall=6434.700 write_wall=70.172 lf_steps=0 cache_hits=0
SLIM_PHASE query-chunks wall=3.149 cumulative=13786.815 peak_rss_kib=181919908
SLIM_PROGRESS runs=2120286208/2739737285 resolve_wall=518.297 lce_wall=6437.571 write_wall=70.207 lf_steps=0 cache_hits=0
SLIM_PHASE query-chunks wall=3.136 cumulative=13789.951 peak_rss_kib=181926564
SLIM_PROGRESS runs=2121334784/2739737285 resolve_wall=518.532 lce_wall=6440.521 write_wall=70.243 lf_steps=0 cache_hits=0
SLIM_PHASE query-chunks wall=3.221 cumulative=13793.171 peak_rss_kib=181937316
SLIM_PROGRESS runs=2122383360/2739737285 resolve_wall=518.771 lce_wall=6443.340 write_wall=70.279 lf_steps=0 cache_hits=0
SLIM_PHASE query-chunks wall=3.094 cumulative=13796.266 peak_rss_kib=181949036
SLIM_PROGRESS runs=2123431936/2739737285 resolve_wall=518.989 lce_wall=6446.389 write_wall=70.315 lf_steps=0 cache_hits=0
SLIM_PHASE query-chunks wall=3.303 cumulative=13799.569 peak_rss_kib=181956772
SLIM_PROGRESS runs=2124480512/2739737285 resolve_wall=519.207 lce_wall=6449.524 write_wall=70.351 lf_steps=0 cache_hits=0
SLIM_PHASE query-chunks wall=3.390 cumulative=13802.958 peak_rss_kib=181961380
SLIM_PROGRESS runs=2125529088/2739737285 resolve_wall=519.432 lce_wall=6452.908 write_wall=70.389 lf_steps=0 cache_hits=0
SLIM_PHASE query-chunks wall=3.647 cumulative=13806.605 peak_rss_kib=181983280
SLIM_PROGRESS runs=2126577664/2739737285 resolve_wall=519.659 lce_wall=6455.939 write_wall=70.426 lf_steps=0 cache_hits=0
SLIM_PHASE query-chunks wall=3.295 cumulative=13809.900 peak_rss_kib=181984112
SLIM_PROGRESS runs=2127626240/2739737285 resolve_wall=519.877 lce_wall=6458.990 write_wall=70.459 lf_steps=0 cache_hits=0
SLIM_PHASE query-chunks wall=3.304 cumulative=13813.204 peak_rss_kib=181991972
SLIM_PROGRESS runs=2128674816/2739737285 resolve_wall=520.094 lce_wall=6462.430 write_wall=70.495 lf_steps=0 cache_hits=0
SLIM_PHASE query-chunks wall=3.693 cumulative=13816.897 peak_rss_kib=181991972
SLIM_PROGRESS runs=2129723392/2739737285 resolve_wall=520.307 lce_wall=6465.630 write_wall=70.531 lf_steps=0 cache_hits=0
SLIM_PHASE query-chunks wall=3.449 cumulative=13820.346 peak_rss_kib=181998260
SLIM_PROGRESS runs=2130771968/2739737285 resolve_wall=520.535 lce_wall=6469.021 write_wall=70.567 lf_steps=0 cache_hits=0
SLIM_PHASE query-chunks wall=3.655 cumulative=13824.001 peak_rss_kib=181998260
SLIM_PROGRESS runs=2131820544/2739737285 resolve_wall=520.775 lce_wall=6472.334 write_wall=70.603 lf_steps=0 cache_hits=0
SLIM_PHASE query-chunks wall=3.588 cumulative=13827.589 peak_rss_kib=182008564
SLIM_PROGRESS runs=2132869120/2739737285 resolve_wall=521.018 lce_wall=6475.536 write_wall=70.640 lf_steps=0 cache_hits=0
SLIM_PHASE query-chunks wall=3.483 cumulative=13831.072 peak_rss_kib=182014192
SLIM_PROGRESS runs=2133917696/2739737285 resolve_wall=521.260 lce_wall=6478.934 write_wall=70.675 lf_steps=0 cache_hits=0
SLIM_PHASE query-chunks wall=3.676 cumulative=13834.748 peak_rss_kib=182022136
SLIM_PROGRESS runs=2134966272/2739737285 resolve_wall=521.508 lce_wall=6481.982 write_wall=70.712 lf_steps=0 cache_hits=0
SLIM_PHASE query-chunks wall=3.332 cumulative=13838.080 peak_rss_kib=182036020
SLIM_PROGRESS runs=2136014848/2739737285 resolve_wall=521.768 lce_wall=6484.949 write_wall=70.745 lf_steps=0 cache_hits=0
SLIM_PHASE query-chunks wall=3.260 cumulative=13841.340 peak_rss_kib=182048468
SLIM_PROGRESS runs=2137063424/2739737285 resolve_wall=522.023 lce_wall=6487.744 write_wall=70.781 lf_steps=0 cache_hits=0
SLIM_PHASE query-chunks wall=3.087 cumulative=13844.426 peak_rss_kib=182057736
SLIM_PROGRESS runs=2138112000/2739737285 resolve_wall=522.282 lce_wall=6491.074 write_wall=70.816 lf_steps=0 cache_hits=0
SLIM_PHASE query-chunks wall=3.624 cumulative=13848.051 peak_rss_kib=182065884
SLIM_PROGRESS runs=2139160576/2739737285 resolve_wall=522.525 lce_wall=6494.028 write_wall=70.850 lf_steps=0 cache_hits=0
SLIM_PHASE query-chunks wall=3.231 cumulative=13851.282 peak_rss_kib=182070492
SLIM_PROGRESS runs=2140209152/2739737285 resolve_wall=522.768 lce_wall=6496.920 write_wall=70.883 lf_steps=0 cache_hits=0
SLIM_PHASE query-chunks wall=3.168 cumulative=13854.450 peak_rss_kib=182079648
SLIM_PROGRESS runs=2141257728/2739737285 resolve_wall=523.011 lce_wall=6499.966 write_wall=70.918 lf_steps=0 cache_hits=0
SLIM_PHASE query-chunks wall=3.325 cumulative=13857.774 peak_rss_kib=182094496
SLIM_PROGRESS runs=2142306304/2739737285 resolve_wall=523.255 lce_wall=6502.873 write_wall=70.951 lf_steps=0 cache_hits=0
SLIM_PHASE query-chunks wall=3.184 cumulative=13860.959 peak_rss_kib=182101380
SLIM_PROGRESS runs=2143354880/2739737285 resolve_wall=523.499 lce_wall=6505.838 write_wall=70.986 lf_steps=0 cache_hits=0
SLIM_PHASE query-chunks wall=3.243 cumulative=13864.202 peak_rss_kib=182114380
SLIM_PROGRESS runs=2144403456/2739737285 resolve_wall=523.728 lce_wall=6509.268 write_wall=71.020 lf_steps=0 cache_hits=0
SLIM_PHASE query-chunks wall=3.694 cumulative=13867.896 peak_rss_kib=182116408
SLIM_PROGRESS runs=2145452032/2739737285 resolve_wall=523.940 lce_wall=6512.280 write_wall=71.055 lf_steps=0 cache_hits=0
SLIM_PHASE query-chunks wall=3.258 cumulative=13871.154 peak_rss_kib=182116408
SLIM_PROGRESS runs=2146500608/2739737285 resolve_wall=524.155 lce_wall=6515.130 write_wall=71.090 lf_steps=0 cache_hits=0
SLIM_PHASE query-chunks wall=3.100 cumulative=13874.254 peak_rss_kib=182116408
SLIM_PROGRESS runs=2147549184/2739737285 resolve_wall=524.380 lce_wall=6517.984 write_wall=71.126 lf_steps=0 cache_hits=0
SLIM_PHASE query-chunks wall=3.116 cumulative=13877.370 peak_rss_kib=182118720
SLIM_PROGRESS runs=2148597760/2739737285 resolve_wall=524.612 lce_wall=6520.958 write_wall=71.162 lf_steps=0 cache_hits=0
SLIM_PHASE query-chunks wall=3.242 cumulative=13880.612 peak_rss_kib=182138544
SLIM_PROGRESS runs=2149646336/2739737285 resolve_wall=524.845 lce_wall=6524.298 write_wall=71.193 lf_steps=0 cache_hits=0
SLIM_PHASE query-chunks wall=3.605 cumulative=13884.216 peak_rss_kib=182148892
SLIM_PROGRESS runs=2150694912/2739737285 resolve_wall=525.074 lce_wall=6527.162 write_wall=71.227 lf_steps=0 cache_hits=0
SLIM_PHASE query-chunks wall=3.127 cumulative=13887.344 peak_rss_kib=182158476
SLIM_PROGRESS runs=2151743488/2739737285 resolve_wall=525.300 lce_wall=6530.253 write_wall=71.262 lf_steps=0 cache_hits=0
SLIM_PHASE query-chunks wall=3.352 cumulative=13890.696 peak_rss_kib=182158476
SLIM_PROGRESS runs=2152792064/2739737285 resolve_wall=525.510 lce_wall=6533.148 write_wall=71.298 lf_steps=0 cache_hits=0
SLIM_PHASE query-chunks wall=3.141 cumulative=13893.837 peak_rss_kib=182171640
SLIM_PROGRESS runs=2153840640/2739737285 resolve_wall=525.720 lce_wall=6536.131 write_wall=71.335 lf_steps=0 cache_hits=0
SLIM_PHASE query-chunks wall=3.230 cumulative=13897.067 peak_rss_kib=182196728
SLIM_PROGRESS runs=2154889216/2739737285 resolve_wall=525.928 lce_wall=6539.104 write_wall=71.372 lf_steps=0 cache_hits=0
SLIM_PHASE query-chunks wall=3.218 cumulative=13900.284 peak_rss_kib=182204152
SLIM_PROGRESS runs=2155937792/2739737285 resolve_wall=526.144 lce_wall=6542.126 write_wall=71.411 lf_steps=0 cache_hits=0
SLIM_PHASE query-chunks wall=3.278 cumulative=13903.563 peak_rss_kib=182208900
SLIM_PROGRESS runs=2156986368/2739737285 resolve_wall=526.376 lce_wall=6545.045 write_wall=71.445 lf_steps=0 cache_hits=0
SLIM_PHASE query-chunks wall=3.186 cumulative=13906.748 peak_rss_kib=182232392
SLIM_PROGRESS runs=2158034944/2739737285 resolve_wall=526.614 lce_wall=6547.834 write_wall=71.478 lf_steps=0 cache_hits=0
SLIM_PHASE query-chunks wall=3.059 cumulative=13909.807 peak_rss_kib=182234692
SLIM_PROGRESS runs=2159083520/2739737285 resolve_wall=526.827 lce_wall=6550.623 write_wall=71.512 lf_steps=0 cache_hits=0
SLIM_PHASE query-chunks wall=3.035 cumulative=13912.843 peak_rss_kib=182242560
SLIM_PROGRESS runs=2160132096/2739737285 resolve_wall=527.071 lce_wall=6553.670 write_wall=71.546 lf_steps=0 cache_hits=0
SLIM_PHASE query-chunks wall=3.326 cumulative=13916.169 peak_rss_kib=182258272
SLIM_PROGRESS runs=2161180672/2739737285 resolve_wall=527.311 lce_wall=6556.531 write_wall=71.578 lf_steps=0 cache_hits=0
SLIM_PHASE query-chunks wall=3.133 cumulative=13919.302 peak_rss_kib=182263936
SLIM_PROGRESS runs=2162229248/2739737285 resolve_wall=527.548 lce_wall=6559.442 write_wall=71.615 lf_steps=0 cache_hits=0
SLIM_PHASE query-chunks wall=3.186 cumulative=13922.488 peak_rss_kib=182268900
SLIM_PROGRESS runs=2163277824/2739737285 resolve_wall=527.786 lce_wall=6562.395 write_wall=71.650 lf_steps=0 cache_hits=0
SLIM_PHASE query-chunks wall=3.226 cumulative=13925.713 peak_rss_kib=182290136
SLIM_PROGRESS runs=2164326400/2739737285 resolve_wall=528.021 lce_wall=6565.331 write_wall=71.682 lf_steps=0 cache_hits=0
SLIM_PHASE query-chunks wall=3.202 cumulative=13928.916 peak_rss_kib=182300448
SLIM_PROGRESS runs=2165374976/2739737285 resolve_wall=528.262 lce_wall=6568.592 write_wall=71.716 lf_steps=0 cache_hits=0
SLIM_PHASE query-chunks wall=3.536 cumulative=13932.452 peak_rss_kib=182300760
SLIM_PROGRESS runs=2166423552/2739737285 resolve_wall=528.506 lce_wall=6571.688 write_wall=71.751 lf_steps=0 cache_hits=0
SLIM_PHASE query-chunks wall=3.376 cumulative=13935.828 peak_rss_kib=182312376
SLIM_PROGRESS runs=2167472128/2739737285 resolve_wall=528.750 lce_wall=6574.922 write_wall=71.785 lf_steps=0 cache_hits=0
SLIM_PHASE query-chunks wall=3.511 cumulative=13939.339 peak_rss_kib=182324888
SLIM_PROGRESS runs=2168520704/2739737285 resolve_wall=528.999 lce_wall=6577.889 write_wall=71.817 lf_steps=0 cache_hits=0
SLIM_PHASE query-chunks wall=3.250 cumulative=13942.589 peak_rss_kib=182327848
SLIM_PROGRESS runs=2169569280/2739737285 resolve_wall=529.245 lce_wall=6580.644 write_wall=71.852 lf_steps=0 cache_hits=0
SLIM_PHASE query-chunks wall=3.035 cumulative=13945.624 peak_rss_kib=182332456
SLIM_PROGRESS runs=2170617856/2739737285 resolve_wall=529.491 lce_wall=6583.567 write_wall=71.887 lf_steps=0 cache_hits=0
SLIM_PHASE query-chunks wall=3.204 cumulative=13948.828 peak_rss_kib=182338228
SLIM_PROGRESS runs=2171666432/2739737285 resolve_wall=529.734 lce_wall=6586.455 write_wall=71.921 lf_steps=0 cache_hits=0
SLIM_PHASE query-chunks wall=3.166 cumulative=13951.994 peak_rss_kib=182343364
SLIM_PROGRESS runs=2172715008/2739737285 resolve_wall=529.978 lce_wall=6589.423 write_wall=71.955 lf_steps=0 cache_hits=0
SLIM_PHASE query-chunks wall=3.246 cumulative=13955.239 peak_rss_kib=182355144
SLIM_PROGRESS runs=2173763584/2739737285 resolve_wall=530.227 lce_wall=6592.582 write_wall=71.989 lf_steps=0 cache_hits=0
SLIM_PHASE query-chunks wall=3.443 cumulative=13958.682 peak_rss_kib=182358884
SLIM_PROGRESS runs=2174812160/2739737285 resolve_wall=530.473 lce_wall=6595.491 write_wall=72.023 lf_steps=0 cache_hits=0
SLIM_PHASE query-chunks wall=3.189 cumulative=13961.872 peak_rss_kib=182364260
SLIM_PROGRESS runs=2175860736/2739737285 resolve_wall=530.719 lce_wall=6598.357 write_wall=72.058 lf_steps=0 cache_hits=0
SLIM_PHASE query-chunks wall=3.146 cumulative=13965.018 peak_rss_kib=182367488
SLIM_PROGRESS runs=2176909312/2739737285 resolve_wall=530.968 lce_wall=6601.381 write_wall=72.095 lf_steps=0 cache_hits=0
SLIM_PHASE query-chunks wall=3.310 cumulative=13968.328 peak_rss_kib=182382224
SLIM_PROGRESS runs=2177957888/2739737285 resolve_wall=531.213 lce_wall=6604.275 write_wall=72.131 lf_steps=0 cache_hits=0
SLIM_PHASE query-chunks wall=3.176 cumulative=13971.503 peak_rss_kib=182391024
SLIM_PROGRESS runs=2179006464/2739737285 resolve_wall=531.458 lce_wall=6607.202 write_wall=72.165 lf_steps=0 cache_hits=0
SLIM_PHASE query-chunks wall=3.206 cumulative=13974.710 peak_rss_kib=182411576
SLIM_PROGRESS runs=2180055040/2739737285 resolve_wall=531.705 lce_wall=6610.072 write_wall=72.201 lf_steps=0 cache_hits=0
SLIM_PHASE query-chunks wall=3.153 cumulative=13977.862 peak_rss_kib=182413976
SLIM_PROGRESS runs=2181103616/2739737285 resolve_wall=531.950 lce_wall=6613.020 write_wall=72.236 lf_steps=0 cache_hits=0
SLIM_PHASE query-chunks wall=3.228 cumulative=13981.090 peak_rss_kib=182420504
SLIM_PROGRESS runs=2182152192/2739737285 resolve_wall=532.196 lce_wall=6615.803 write_wall=72.273 lf_steps=0 cache_hits=0
SLIM_PHASE query-chunks wall=3.066 cumulative=13984.157 peak_rss_kib=182420704
SLIM_PROGRESS runs=2183200768/2739737285 resolve_wall=532.441 lce_wall=6618.777 write_wall=72.309 lf_steps=0 cache_hits=0
SLIM_PHASE query-chunks wall=3.255 cumulative=13987.411 peak_rss_kib=182424344
SLIM_PROGRESS runs=2184249344/2739737285 resolve_wall=532.686 lce_wall=6621.936 write_wall=72.345 lf_steps=0 cache_hits=0
SLIM_PHASE query-chunks wall=3.441 cumulative=13990.852 peak_rss_kib=182435936
SLIM_PROGRESS runs=2185297920/2739737285 resolve_wall=532.930 lce_wall=6624.718 write_wall=72.380 lf_steps=0 cache_hits=0
SLIM_PHASE query-chunks wall=3.062 cumulative=13993.914 peak_rss_kib=182442152
SLIM_PROGRESS runs=2186346496/2739737285 resolve_wall=533.174 lce_wall=6627.554 write_wall=72.416 lf_steps=0 cache_hits=0
SLIM_PHASE query-chunks wall=3.115 cumulative=13997.029 peak_rss_kib=182454404
SLIM_PROGRESS runs=2187395072/2739737285 resolve_wall=533.422 lce_wall=6630.552 write_wall=72.451 lf_steps=0 cache_hits=0
SLIM_PHASE query-chunks wall=3.282 cumulative=14000.311 peak_rss_kib=182460424
SLIM_PROGRESS runs=2188443648/2739737285 resolve_wall=533.667 lce_wall=6633.569 write_wall=72.485 lf_steps=0 cache_hits=0
SLIM_PHASE query-chunks wall=3.295 cumulative=14003.606 peak_rss_kib=182460776
SLIM_PROGRESS runs=2189492224/2739737285 resolve_wall=533.910 lce_wall=6636.392 write_wall=72.518 lf_steps=0 cache_hits=0
SLIM_PHASE query-chunks wall=3.100 cumulative=14006.706 peak_rss_kib=182469732
SLIM_PROGRESS runs=2190540800/2739737285 resolve_wall=534.163 lce_wall=6639.339 write_wall=72.551 lf_steps=0 cache_hits=0
SLIM_PHASE query-chunks wall=3.233 cumulative=14009.939 peak_rss_kib=182476464
SLIM_PROGRESS runs=2191589376/2739737285 resolve_wall=534.431 lce_wall=6642.794 write_wall=72.589 lf_steps=0 cache_hits=0
SLIM_PHASE query-chunks wall=3.761 cumulative=14013.700 peak_rss_kib=182486996
SLIM_PROGRESS runs=2192637952/2739737285 resolve_wall=534.678 lce_wall=6645.764 write_wall=72.626 lf_steps=0 cache_hits=0
SLIM_PHASE query-chunks wall=3.255 cumulative=14016.955 peak_rss_kib=182492044
SLIM_PROGRESS runs=2193686528/2739737285 resolve_wall=534.968 lce_wall=6649.433 write_wall=72.671 lf_steps=0 cache_hits=0
SLIM_PHASE query-chunks wall=4.003 cumulative=14020.958 peak_rss_kib=182493196
SLIM_PROGRESS runs=2194735104/2739737285 resolve_wall=535.272 lce_wall=6653.062 write_wall=72.715 lf_steps=0 cache_hits=0
SLIM_PHASE query-chunks wall=3.978 cumulative=14024.936 peak_rss_kib=182503068
SLIM_PROGRESS runs=2195783680/2739737285 resolve_wall=535.566 lce_wall=6656.774 write_wall=72.762 lf_steps=0 cache_hits=0
SLIM_PHASE query-chunks wall=4.054 cumulative=14028.989 peak_rss_kib=182513528
SLIM_PROGRESS runs=2196832256/2739737285 resolve_wall=535.869 lce_wall=6659.740 write_wall=72.809 lf_steps=0 cache_hits=0
SLIM_PHASE query-chunks wall=3.315 cumulative=14032.304 peak_rss_kib=182522232
SLIM_PROGRESS runs=2197880832/2739737285 resolve_wall=536.139 lce_wall=6662.726 write_wall=72.850 lf_steps=0 cache_hits=0
SLIM_PHASE query-chunks wall=3.299 cumulative=14035.603 peak_rss_kib=182526840
SLIM_PROGRESS runs=2198929408/2739737285 resolve_wall=536.430 lce_wall=6665.916 write_wall=72.894 lf_steps=0 cache_hits=0
SLIM_PHASE query-chunks wall=3.524 cumulative=14039.127 peak_rss_kib=182535180
SLIM_PROGRESS runs=2199977984/2739737285 resolve_wall=536.727 lce_wall=6669.290 write_wall=72.946 lf_steps=0 cache_hits=0
SLIM_PHASE query-chunks wall=3.724 cumulative=14042.851 peak_rss_kib=182550952
SLIM_PROGRESS runs=2201026560/2739737285 resolve_wall=537.019 lce_wall=6672.746 write_wall=72.993 lf_steps=0 cache_hits=0
SLIM_PHASE query-chunks wall=3.796 cumulative=14046.647 peak_rss_kib=182554500
SLIM_PROGRESS runs=2202075136/2739737285 resolve_wall=537.281 lce_wall=6676.553 write_wall=73.029 lf_steps=0 cache_hits=0
SLIM_PHASE query-chunks wall=4.104 cumulative=14050.750 peak_rss_kib=182554500
SLIM_PROGRESS runs=2203123712/2739737285 resolve_wall=537.539 lce_wall=6679.498 write_wall=73.065 lf_steps=0 cache_hits=0
SLIM_PHASE query-chunks wall=3.241 cumulative=14053.991 peak_rss_kib=182580336
SLIM_PROGRESS runs=2204172288/2739737285 resolve_wall=537.805 lce_wall=6682.854 write_wall=73.099 lf_steps=0 cache_hits=0
SLIM_PHASE query-chunks wall=3.655 cumulative=14057.646 peak_rss_kib=182581616
SLIM_PROGRESS runs=2205220864/2739737285 resolve_wall=538.078 lce_wall=6686.218 write_wall=73.134 lf_steps=0 cache_hits=0
SLIM_PHASE query-chunks wall=3.673 cumulative=14061.319 peak_rss_kib=182591260
SLIM_PROGRESS runs=2206269440/2739737285 resolve_wall=538.345 lce_wall=6689.552 write_wall=73.170 lf_steps=0 cache_hits=0
SLIM_PHASE query-chunks wall=3.637 cumulative=14064.956 peak_rss_kib=182593820
SLIM_PROGRESS runs=2207318016/2739737285 resolve_wall=538.612 lce_wall=6692.942 write_wall=73.214 lf_steps=0 cache_hits=0
SLIM_PHASE query-chunks wall=3.701 cumulative=14068.657 peak_rss_kib=182599044
SLIM_PROGRESS runs=2208366592/2739737285 resolve_wall=538.883 lce_wall=6696.561 write_wall=73.252 lf_steps=0 cache_hits=0
SLIM_PHASE query-chunks wall=3.928 cumulative=14072.585 peak_rss_kib=182609656
SLIM_PROGRESS runs=2209415168/2739737285 resolve_wall=539.153 lce_wall=6699.485 write_wall=73.291 lf_steps=0 cache_hits=0
SLIM_PHASE query-chunks wall=3.234 cumulative=14075.819 peak_rss_kib=182616312
SLIM_PROGRESS runs=2210463744/2739737285 resolve_wall=539.436 lce_wall=6702.741 write_wall=73.339 lf_steps=0 cache_hits=0
SLIM_PHASE query-chunks wall=3.586 cumulative=14079.405 peak_rss_kib=182617464
SLIM_PROGRESS runs=2211512320/2739737285 resolve_wall=539.706 lce_wall=6705.469 write_wall=73.376 lf_steps=0 cache_hits=0
SLIM_PHASE query-chunks wall=3.035 cumulative=14082.440 peak_rss_kib=182620024
SLIM_PROGRESS runs=2212560896/2739737285 resolve_wall=539.985 lce_wall=6708.435 write_wall=73.421 lf_steps=0 cache_hits=0
SLIM_PHASE query-chunks wall=3.292 cumulative=14085.732 peak_rss_kib=182636192
SLIM_PROGRESS runs=2213609472/2739737285 resolve_wall=540.252 lce_wall=6711.621 write_wall=73.459 lf_steps=0 cache_hits=0
SLIM_PHASE query-chunks wall=3.491 cumulative=14089.222 peak_rss_kib=182638048
SLIM_PROGRESS runs=2214658048/2739737285 resolve_wall=540.499 lce_wall=6715.168 write_wall=73.492 lf_steps=0 cache_hits=0
SLIM_PHASE query-chunks wall=3.826 cumulative=14093.048 peak_rss_kib=182648560
SLIM_PROGRESS runs=2215706624/2739737285 resolve_wall=540.744 lce_wall=6718.198 write_wall=73.524 lf_steps=0 cache_hits=0
SLIM_PHASE query-chunks wall=3.308 cumulative=14096.356 peak_rss_kib=182657176
SLIM_PROGRESS runs=2216755200/2739737285 resolve_wall=540.991 lce_wall=6721.300 write_wall=73.555 lf_steps=0 cache_hits=0
SLIM_PHASE query-chunks wall=3.380 cumulative=14099.736 peak_rss_kib=182669976
SLIM_PROGRESS runs=2217803776/2739737285 resolve_wall=541.272 lce_wall=6724.520 write_wall=73.597 lf_steps=0 cache_hits=0
SLIM_PHASE query-chunks wall=3.544 cumulative=14103.279 peak_rss_kib=182675112
SLIM_PROGRESS runs=2218852352/2739737285 resolve_wall=541.559 lce_wall=6727.660 write_wall=73.643 lf_steps=0 cache_hits=0
SLIM_PHASE query-chunks wall=3.473 cumulative=14106.752 peak_rss_kib=182695576
SLIM_PROGRESS runs=2219900928/2739737285 resolve_wall=541.848 lce_wall=6730.579 write_wall=73.691 lf_steps=0 cache_hits=0
SLIM_PHASE query-chunks wall=3.257 cumulative=14110.009 peak_rss_kib=182704280
SLIM_PROGRESS runs=2220949504/2739737285 resolve_wall=542.146 lce_wall=6733.418 write_wall=73.743 lf_steps=0 cache_hits=0
SLIM_PHASE query-chunks wall=3.189 cumulative=14113.198 peak_rss_kib=182705148
SLIM_PROGRESS runs=2221998080/2739737285 resolve_wall=542.426 lce_wall=6736.405 write_wall=73.788 lf_steps=0 cache_hits=0
SLIM_PHASE query-chunks wall=3.312 cumulative=14116.510 peak_rss_kib=182707420
SLIM_PROGRESS runs=2223046656/2739737285 resolve_wall=542.692 lce_wall=6739.288 write_wall=73.832 lf_steps=0 cache_hits=0
SLIM_PHASE query-chunks wall=3.194 cumulative=14119.704 peak_rss_kib=182716124
SLIM_PROGRESS runs=2224095232/2739737285 resolve_wall=542.968 lce_wall=6742.511 write_wall=73.878 lf_steps=0 cache_hits=0
SLIM_PHASE query-chunks wall=3.544 cumulative=14123.248 peak_rss_kib=182730092
SLIM_PROGRESS runs=2225143808/2739737285 resolve_wall=543.200 lce_wall=6745.372 write_wall=73.922 lf_steps=0 cache_hits=0
SLIM_PHASE query-chunks wall=3.137 cumulative=14126.385 peak_rss_kib=182734700
SLIM_PROGRESS runs=2226192384/2739737285 resolve_wall=543.442 lce_wall=6748.651 write_wall=73.963 lf_steps=0 cache_hits=0
SLIM_PHASE query-chunks wall=3.563 cumulative=14129.948 peak_rss_kib=182736992
SLIM_PROGRESS runs=2227240960/2739737285 resolve_wall=543.668 lce_wall=6751.832 write_wall=74.001 lf_steps=0 cache_hits=0
SLIM_PHASE query-chunks wall=3.444 cumulative=14133.392 peak_rss_kib=182745108
SLIM_PROGRESS runs=2228289536/2739737285 resolve_wall=543.882 lce_wall=6754.762 write_wall=74.038 lf_steps=0 cache_hits=0
SLIM_PHASE query-chunks wall=3.182 cumulative=14136.574 peak_rss_kib=182757624
SLIM_PROGRESS runs=2229338112/2739737285 resolve_wall=544.090 lce_wall=6757.448 write_wall=74.074 lf_steps=0 cache_hits=0
SLIM_PHASE query-chunks wall=2.930 cumulative=14139.504 peak_rss_kib=182769920
SLIM_PROGRESS runs=2230386688/2739737285 resolve_wall=544.299 lce_wall=6760.231 write_wall=74.111 lf_steps=0 cache_hits=0
SLIM_PHASE query-chunks wall=3.030 cumulative=14142.534 peak_rss_kib=182780384
SLIM_PROGRESS runs=2231435264/2739737285 resolve_wall=544.513 lce_wall=6763.427 write_wall=74.146 lf_steps=0 cache_hits=0
SLIM_PHASE query-chunks wall=3.445 cumulative=14145.979 peak_rss_kib=182787568
SLIM_PROGRESS runs=2232483840/2739737285 resolve_wall=544.728 lce_wall=6766.732 write_wall=74.186 lf_steps=0 cache_hits=0
SLIM_PHASE query-chunks wall=3.559 cumulative=14149.539 peak_rss_kib=182797884
SLIM_PROGRESS runs=2233532416/2739737285 resolve_wall=544.982 lce_wall=6770.083 write_wall=74.234 lf_steps=0 cache_hits=0
SLIM_PHASE query-chunks wall=3.654 cumulative=14153.193 peak_rss_kib=182812188
SLIM_PROGRESS runs=2234580992/2739737285 resolve_wall=545.202 lce_wall=6773.030 write_wall=74.273 lf_steps=0 cache_hits=0
SLIM_PHASE query-chunks wall=3.206 cumulative=14156.399 peak_rss_kib=182820180
SLIM_PROGRESS runs=2235629568/2739737285 resolve_wall=545.414 lce_wall=6775.888 write_wall=74.310 lf_steps=0 cache_hits=0
SLIM_PHASE query-chunks wall=3.107 cumulative=14159.506 peak_rss_kib=182825428
SLIM_PROGRESS runs=2236678144/2739737285 resolve_wall=545.638 lce_wall=6778.734 write_wall=74.352 lf_steps=0 cache_hits=0
SLIM_PHASE query-chunks wall=3.112 cumulative=14162.618 peak_rss_kib=182834132
SLIM_PROGRESS runs=2237726720/2739737285 resolve_wall=545.857 lce_wall=6781.738 write_wall=74.392 lf_steps=0 cache_hits=0
SLIM_PHASE query-chunks wall=3.263 cumulative=14165.880 peak_rss_kib=182844444
SLIM_PROGRESS runs=2238775296/2739737285 resolve_wall=546.090 lce_wall=6784.686 write_wall=74.429 lf_steps=0 cache_hits=0
SLIM_PHASE query-chunks wall=3.219 cumulative=14169.099 peak_rss_kib=182846996
SLIM_PROGRESS runs=2239823872/2739737285 resolve_wall=546.337 lce_wall=6787.797 write_wall=74.463 lf_steps=0 cache_hits=0
SLIM_PHASE query-chunks wall=3.392 cumulative=14172.492 peak_rss_kib=182851516
SLIM_PROGRESS runs=2240872448/2739737285 resolve_wall=546.582 lce_wall=6790.727 write_wall=74.497 lf_steps=0 cache_hits=0
SLIM_PHASE query-chunks wall=3.208 cumulative=14175.700 peak_rss_kib=182860236
SLIM_PROGRESS runs=2241921024/2739737285 resolve_wall=546.829 lce_wall=6793.599 write_wall=74.529 lf_steps=0 cache_hits=0
SLIM_PHASE query-chunks wall=3.152 cumulative=14178.852 peak_rss_kib=182876624
SLIM_PROGRESS runs=2242969600/2739737285 resolve_wall=547.078 lce_wall=6796.817 write_wall=74.565 lf_steps=0 cache_hits=0
SLIM_PHASE query-chunks wall=3.502 cumulative=14182.354 peak_rss_kib=182884008
SLIM_PROGRESS runs=2244018176/2739737285 resolve_wall=547.331 lce_wall=6800.073 write_wall=74.597 lf_steps=0 cache_hits=0
SLIM_PHASE query-chunks wall=3.542 cumulative=14185.896 peak_rss_kib=182894124
SLIM_PROGRESS runs=2245066752/2739737285 resolve_wall=547.582 lce_wall=6803.202 write_wall=74.631 lf_steps=0 cache_hits=0
SLIM_PHASE query-chunks wall=3.414 cumulative=14189.310 peak_rss_kib=182898152
SLIM_PROGRESS runs=2246115328/2739737285 resolve_wall=547.830 lce_wall=6806.367 write_wall=74.663 lf_steps=0 cache_hits=0
SLIM_PHASE query-chunks wall=3.445 cumulative=14192.755 peak_rss_kib=182909024
SLIM_PROGRESS runs=2247163904/2739737285 resolve_wall=548.079 lce_wall=6809.531 write_wall=74.695 lf_steps=0 cache_hits=0
SLIM_PHASE query-chunks wall=3.444 cumulative=14196.199 peak_rss_kib=182912792
SLIM_PROGRESS runs=2248212480/2739737285 resolve_wall=548.325 lce_wall=6812.631 write_wall=74.728 lf_steps=0 cache_hits=0
SLIM_PHASE query-chunks wall=3.380 cumulative=14199.580 peak_rss_kib=182926012
SLIM_PROGRESS runs=2249261056/2739737285 resolve_wall=548.582 lce_wall=6815.975 write_wall=74.760 lf_steps=0 cache_hits=0
SLIM_PHASE query-chunks wall=3.633 cumulative=14203.212 peak_rss_kib=182927680
SLIM_PROGRESS runs=2250309632/2739737285 resolve_wall=548.832 lce_wall=6819.036 write_wall=74.795 lf_steps=0 cache_hits=0
SLIM_PHASE query-chunks wall=3.345 cumulative=14206.558 peak_rss_kib=182941848
SLIM_PROGRESS runs=2251358208/2739737285 resolve_wall=549.078 lce_wall=6822.116 write_wall=74.829 lf_steps=0 cache_hits=0
SLIM_PHASE query-chunks wall=3.362 cumulative=14209.919 peak_rss_kib=182947864
SLIM_PROGRESS runs=2252406784/2739737285 resolve_wall=549.332 lce_wall=6825.489 write_wall=74.866 lf_steps=0 cache_hits=0
SLIM_PHASE query-chunks wall=3.664 cumulative=14213.583 peak_rss_kib=182955240
SLIM_PROGRESS runs=2253455360/2739737285 resolve_wall=549.582 lce_wall=6828.631 write_wall=74.899 lf_steps=0 cache_hits=0
SLIM_PHASE query-chunks wall=3.425 cumulative=14217.008 peak_rss_kib=182965932
SLIM_PROGRESS runs=2254503936/2739737285 resolve_wall=549.833 lce_wall=6831.797 write_wall=74.934 lf_steps=0 cache_hits=0
SLIM_PHASE query-chunks wall=3.452 cumulative=14220.460 peak_rss_kib=182974744
SLIM_PROGRESS runs=2255552512/2739737285 resolve_wall=550.083 lce_wall=6834.788 write_wall=74.969 lf_steps=0 cache_hits=0
SLIM_PHASE query-chunks wall=3.277 cumulative=14223.738 peak_rss_kib=182977036
SLIM_PROGRESS runs=2256601088/2739737285 resolve_wall=550.335 lce_wall=6837.793 write_wall=75.006 lf_steps=0 cache_hits=0
SLIM_PHASE query-chunks wall=3.293 cumulative=14227.031 peak_rss_kib=182984560
SLIM_PROGRESS runs=2257649664/2739737285 resolve_wall=550.583 lce_wall=6840.803 write_wall=75.039 lf_steps=0 cache_hits=0
SLIM_PHASE query-chunks wall=3.291 cumulative=14230.322 peak_rss_kib=183001196
SLIM_PROGRESS runs=2258698240/2739737285 resolve_wall=550.831 lce_wall=6843.906 write_wall=75.072 lf_steps=0 cache_hits=0
SLIM_PHASE query-chunks wall=3.384 cumulative=14233.706 peak_rss_kib=183005296
SLIM_PROGRESS runs=2259746816/2739737285 resolve_wall=551.078 lce_wall=6846.910 write_wall=75.106 lf_steps=0 cache_hits=0
SLIM_PHASE query-chunks wall=3.285 cumulative=14236.991 peak_rss_kib=183022672
SLIM_PROGRESS runs=2260795392/2739737285 resolve_wall=551.324 lce_wall=6849.913 write_wall=75.140 lf_steps=0 cache_hits=0
SLIM_PHASE query-chunks wall=3.284 cumulative=14240.274 peak_rss_kib=183031904
SLIM_PROGRESS runs=2261843968/2739737285 resolve_wall=551.571 lce_wall=6853.099 write_wall=75.175 lf_steps=0 cache_hits=0
SLIM_PHASE query-chunks wall=3.469 cumulative=14243.743 peak_rss_kib=183044176
SLIM_PROGRESS runs=2262892544/2739737285 resolve_wall=551.818 lce_wall=6856.455 write_wall=75.211 lf_steps=0 cache_hits=0
SLIM_PHASE query-chunks wall=3.639 cumulative=14247.382 peak_rss_kib=183050832
SLIM_PROGRESS runs=2263941120/2739737285 resolve_wall=552.069 lce_wall=6859.471 write_wall=75.249 lf_steps=0 cache_hits=0
SLIM_PHASE query-chunks wall=3.305 cumulative=14250.687 peak_rss_kib=183050904
SLIM_PROGRESS runs=2264989696/2739737285 resolve_wall=552.323 lce_wall=6862.716 write_wall=75.286 lf_steps=0 cache_hits=0
SLIM_PHASE query-chunks wall=3.536 cumulative=14254.223 peak_rss_kib=183050904
SLIM_PROGRESS runs=2266038272/2739737285 resolve_wall=552.569 lce_wall=6866.199 write_wall=75.322 lf_steps=0 cache_hits=0
SLIM_PHASE query-chunks wall=3.765 cumulative=14257.988 peak_rss_kib=183062612
SLIM_PROGRESS runs=2267086848/2739737285 resolve_wall=552.817 lce_wall=6869.249 write_wall=75.356 lf_steps=0 cache_hits=0
SLIM_PHASE query-chunks wall=3.332 cumulative=14261.320 peak_rss_kib=183067684
SLIM_PROGRESS runs=2268135424/2739737285 resolve_wall=553.061 lce_wall=6872.227 write_wall=75.388 lf_steps=0 cache_hits=0
SLIM_PHASE query-chunks wall=3.255 cumulative=14264.575 peak_rss_kib=183084756
SLIM_PROGRESS runs=2269184000/2739737285 resolve_wall=553.308 lce_wall=6875.322 write_wall=75.421 lf_steps=0 cache_hits=0
SLIM_PHASE query-chunks wall=3.375 cumulative=14267.950 peak_rss_kib=183099236
SLIM_PROGRESS runs=2270232576/2739737285 resolve_wall=553.555 lce_wall=6878.305 write_wall=75.453 lf_steps=0 cache_hits=0
SLIM_PHASE query-chunks wall=3.262 cumulative=14271.212 peak_rss_kib=183102336
SLIM_PROGRESS runs=2271281152/2739737285 resolve_wall=553.799 lce_wall=6881.364 write_wall=75.486 lf_steps=0 cache_hits=0
SLIM_PHASE query-chunks wall=3.337 cumulative=14274.548 peak_rss_kib=183115640
SLIM_PROGRESS runs=2272329728/2739737285 resolve_wall=554.050 lce_wall=6884.390 write_wall=75.521 lf_steps=0 cache_hits=0
SLIM_PHASE query-chunks wall=3.312 cumulative=14277.860 peak_rss_kib=183122296
SLIM_PROGRESS runs=2273378304/2739737285 resolve_wall=554.296 lce_wall=6887.274 write_wall=75.553 lf_steps=0 cache_hits=0
SLIM_PHASE query-chunks wall=3.163 cumulative=14281.023 peak_rss_kib=183122296
SLIM_PROGRESS runs=2274426880/2739737285 resolve_wall=554.542 lce_wall=6890.500 write_wall=75.588 lf_steps=0 cache_hits=0
SLIM_PHASE query-chunks wall=3.507 cumulative=14284.530 peak_rss_kib=183123060
SLIM_PROGRESS runs=2275475456/2739737285 resolve_wall=554.793 lce_wall=6893.641 write_wall=75.623 lf_steps=0 cache_hits=0
SLIM_PHASE query-chunks wall=3.427 cumulative=14287.957 peak_rss_kib=183131124
SLIM_PROGRESS runs=2276524032/2739737285 resolve_wall=555.045 lce_wall=6896.892 write_wall=75.658 lf_steps=0 cache_hits=0
SLIM_PHASE query-chunks wall=3.537 cumulative=14291.495 peak_rss_kib=183133948
SLIM_PROGRESS runs=2277572608/2739737285 resolve_wall=555.291 lce_wall=6901.906 write_wall=75.694 lf_steps=0 cache_hits=0
SLIM_PHASE query-chunks wall=5.295 cumulative=14296.790 peak_rss_kib=183142784
SLIM_PROGRESS runs=2278621184/2739737285 resolve_wall=555.524 lce_wall=6905.955 write_wall=75.728 lf_steps=0 cache_hits=0
SLIM_PHASE query-chunks wall=4.317 cumulative=14301.107 peak_rss_kib=183154168
SLIM_PROGRESS runs=2279669760/2739737285 resolve_wall=555.765 lce_wall=6909.063 write_wall=75.763 lf_steps=0 cache_hits=0
SLIM_PHASE query-chunks wall=3.384 cumulative=14304.491 peak_rss_kib=183159340
SLIM_PROGRESS runs=2280718336/2739737285 resolve_wall=556.015 lce_wall=6912.308 write_wall=75.797 lf_steps=0 cache_hits=0
SLIM_PHASE query-chunks wall=3.530 cumulative=14308.021 peak_rss_kib=183172216
SLIM_PROGRESS runs=2281766912/2739737285 resolve_wall=556.266 lce_wall=6915.662 write_wall=75.831 lf_steps=0 cache_hits=0
SLIM_PHASE query-chunks wall=3.638 cumulative=14311.659 peak_rss_kib=183174552
SLIM_PROGRESS runs=2282815488/2739737285 resolve_wall=556.514 lce_wall=6918.641 write_wall=75.867 lf_steps=0 cache_hits=0
SLIM_PHASE query-chunks wall=3.262 cumulative=14314.921 peak_rss_kib=183181208
SLIM_PROGRESS runs=2283864064/2739737285 resolve_wall=556.758 lce_wall=6921.997 write_wall=75.899 lf_steps=0 cache_hits=0
SLIM_PHASE query-chunks wall=3.633 cumulative=14318.554 peak_rss_kib=183193788
SLIM_PROGRESS runs=2284912640/2739737285 resolve_wall=557.003 lce_wall=6924.879 write_wall=75.932 lf_steps=0 cache_hits=0
SLIM_PHASE query-chunks wall=3.161 cumulative=14321.715 peak_rss_kib=183204952
SLIM_PROGRESS runs=2285961216/2739737285 resolve_wall=557.250 lce_wall=6927.646 write_wall=75.965 lf_steps=0 cache_hits=0
SLIM_PHASE query-chunks wall=3.048 cumulative=14324.763 peak_rss_kib=183213200
SLIM_PROGRESS runs=2287009792/2739737285 resolve_wall=557.497 lce_wall=6930.838 write_wall=75.999 lf_steps=0 cache_hits=0
SLIM_PHASE query-chunks wall=3.473 cumulative=14328.235 peak_rss_kib=183222888
SLIM_PROGRESS runs=2288058368/2739737285 resolve_wall=557.743 lce_wall=6933.953 write_wall=76.032 lf_steps=0 cache_hits=0
SLIM_PHASE query-chunks wall=3.395 cumulative=14331.630 peak_rss_kib=183230520
SLIM_PROGRESS runs=2289106944/2739737285 resolve_wall=557.990 lce_wall=6936.992 write_wall=76.066 lf_steps=0 cache_hits=0
SLIM_PHASE query-chunks wall=3.319 cumulative=14334.949 peak_rss_kib=183246040
SLIM_PROGRESS runs=2290155520/2739737285 resolve_wall=558.236 lce_wall=6940.313 write_wall=76.099 lf_steps=0 cache_hits=0
SLIM_PHASE query-chunks wall=3.601 cumulative=14338.550 peak_rss_kib=183257288
SLIM_PROGRESS runs=2291204096/2739737285 resolve_wall=558.484 lce_wall=6943.354 write_wall=76.133 lf_steps=0 cache_hits=0
SLIM_PHASE query-chunks wall=3.324 cumulative=14341.874 peak_rss_kib=183258548
SLIM_PROGRESS runs=2292252672/2739737285 resolve_wall=558.731 lce_wall=6946.539 write_wall=76.167 lf_steps=0 cache_hits=0
SLIM_PHASE query-chunks wall=3.465 cumulative=14345.339 peak_rss_kib=183264708
SLIM_PROGRESS runs=2293301248/2739737285 resolve_wall=558.976 lce_wall=6949.784 write_wall=76.200 lf_steps=0 cache_hits=0
SLIM_PHASE query-chunks wall=3.523 cumulative=14348.862 peak_rss_kib=183278092
SLIM_PROGRESS runs=2294349824/2739737285 resolve_wall=559.222 lce_wall=6953.321 write_wall=76.233 lf_steps=0 cache_hits=0
SLIM_PHASE query-chunks wall=3.817 cumulative=14352.678 peak_rss_kib=183283264
SLIM_PROGRESS runs=2295398400/2739737285 resolve_wall=559.467 lce_wall=6956.698 write_wall=76.265 lf_steps=0 cache_hits=0
SLIM_PHASE query-chunks wall=3.655 cumulative=14356.333 peak_rss_kib=183285848
SLIM_PROGRESS runs=2296446976/2739737285 resolve_wall=559.714 lce_wall=6959.964 write_wall=76.298 lf_steps=0 cache_hits=0
SLIM_PHASE query-chunks wall=3.545 cumulative=14359.878 peak_rss_kib=183292212
SLIM_PROGRESS runs=2297495552/2739737285 resolve_wall=559.963 lce_wall=6963.165 write_wall=76.332 lf_steps=0 cache_hits=0
SLIM_PHASE query-chunks wall=3.485 cumulative=14363.363 peak_rss_kib=183298860
SLIM_PROGRESS runs=2298544128/2739737285 resolve_wall=560.209 lce_wall=6966.145 write_wall=76.364 lf_steps=0 cache_hits=0
SLIM_PHASE query-chunks wall=3.258 cumulative=14366.621 peak_rss_kib=183315028
SLIM_PROGRESS runs=2299592704/2739737285 resolve_wall=560.456 lce_wall=6969.270 write_wall=76.400 lf_steps=0 cache_hits=0
SLIM_PHASE query-chunks wall=3.408 cumulative=14370.029 peak_rss_kib=183320364
SLIM_PROGRESS runs=2300641280/2739737285 resolve_wall=560.708 lce_wall=6972.528 write_wall=76.435 lf_steps=0 cache_hits=0
SLIM_PHASE query-chunks wall=3.546 cumulative=14373.575 peak_rss_kib=183331556
SLIM_PROGRESS runs=2301689856/2739737285 resolve_wall=560.954 lce_wall=6975.916 write_wall=76.467 lf_steps=0 cache_hits=0
SLIM_PHASE query-chunks wall=3.666 cumulative=14377.240 peak_rss_kib=183345352
SLIM_PROGRESS runs=2302738432/2739737285 resolve_wall=561.201 lce_wall=6978.884 write_wall=76.502 lf_steps=0 cache_hits=0
SLIM_PHASE query-chunks wall=3.250 cumulative=14380.490 peak_rss_kib=183360492
SLIM_PROGRESS runs=2303787008/2739737285 resolve_wall=561.446 lce_wall=6981.836 write_wall=76.533 lf_steps=0 cache_hits=0
SLIM_PHASE query-chunks wall=3.229 cumulative=14383.719 peak_rss_kib=183371696
SLIM_PROGRESS runs=2304835584/2739737285 resolve_wall=561.693 lce_wall=6984.974 write_wall=76.568 lf_steps=0 cache_hits=0
SLIM_PHASE query-chunks wall=3.420 cumulative=14387.139 peak_rss_kib=183376512
SLIM_PROGRESS runs=2305884160/2739737285 resolve_wall=561.945 lce_wall=6988.300 write_wall=76.601 lf_steps=0 cache_hits=0
SLIM_PHASE query-chunks wall=3.611 cumulative=14390.750 peak_rss_kib=183388268
SLIM_PROGRESS runs=2306932736/2739737285 resolve_wall=562.167 lce_wall=6991.601 write_wall=76.635 lf_steps=0 cache_hits=0
SLIM_PHASE query-chunks wall=3.558 cumulative=14394.308 peak_rss_kib=183391708
SLIM_PROGRESS runs=2307981312/2739737285 resolve_wall=562.413 lce_wall=6994.908 write_wall=76.670 lf_steps=0 cache_hits=0
SLIM_PHASE query-chunks wall=3.587 cumulative=14397.895 peak_rss_kib=183400244
SLIM_PROGRESS runs=2309029888/2739737285 resolve_wall=562.655 lce_wall=6999.246 write_wall=76.705 lf_steps=0 cache_hits=0
SLIM_PHASE query-chunks wall=4.615 cumulative=14402.511 peak_rss_kib=183400244
SLIM_PROGRESS runs=2310078464/2739737285 resolve_wall=562.903 lce_wall=7002.503 write_wall=76.739 lf_steps=0 cache_hits=0
SLIM_PHASE query-chunks wall=3.540 cumulative=14406.051 peak_rss_kib=183406220
SLIM_PROGRESS runs=2311127040/2739737285 resolve_wall=563.154 lce_wall=7005.927 write_wall=76.772 lf_steps=0 cache_hits=0
SLIM_PHASE query-chunks wall=3.707 cumulative=14409.757 peak_rss_kib=183413296
SLIM_PROGRESS runs=2312175616/2739737285 resolve_wall=563.404 lce_wall=7009.272 write_wall=76.809 lf_steps=0 cache_hits=0
SLIM_PHASE query-chunks wall=3.633 cumulative=14413.390 peak_rss_kib=183422776
SLIM_PROGRESS runs=2313224192/2739737285 resolve_wall=563.676 lce_wall=7012.719 write_wall=76.850 lf_steps=0 cache_hits=0
SLIM_PHASE query-chunks wall=3.760 cumulative=14417.150 peak_rss_kib=183433704
SLIM_PROGRESS runs=2314272768/2739737285 resolve_wall=563.943 lce_wall=7016.289 write_wall=76.895 lf_steps=0 cache_hits=0
SLIM_PHASE query-chunks wall=3.881 cumulative=14421.032 peak_rss_kib=183433704
SLIM_PROGRESS runs=2315321344/2739737285 resolve_wall=564.213 lce_wall=7019.532 write_wall=76.936 lf_steps=0 cache_hits=0
SLIM_PHASE query-chunks wall=3.554 cumulative=14424.586 peak_rss_kib=183436848
SLIM_PROGRESS runs=2316369920/2739737285 resolve_wall=564.483 lce_wall=7022.911 write_wall=76.973 lf_steps=0 cache_hits=0
SLIM_PHASE query-chunks wall=3.687 cumulative=14428.273 peak_rss_kib=183446128
SLIM_PROGRESS runs=2317418496/2739737285 resolve_wall=564.754 lce_wall=7026.170 write_wall=77.015 lf_steps=0 cache_hits=0
SLIM_PHASE query-chunks wall=3.572 cumulative=14431.845 peak_rss_kib=183455036
SLIM_PROGRESS runs=2318467072/2739737285 resolve_wall=565.018 lce_wall=7029.365 write_wall=77.058 lf_steps=0 cache_hits=0
SLIM_PHASE query-chunks wall=3.503 cumulative=14435.348 peak_rss_kib=183459536
SLIM_PROGRESS runs=2319515648/2739737285 resolve_wall=565.280 lce_wall=7032.481 write_wall=77.100 lf_steps=0 cache_hits=0
SLIM_PHASE query-chunks wall=3.420 cumulative=14438.768 peak_rss_kib=183476332
SLIM_PROGRESS runs=2320564224/2739737285 resolve_wall=565.521 lce_wall=7035.718 write_wall=77.143 lf_steps=0 cache_hits=0
SLIM_PHASE query-chunks wall=3.520 cumulative=14442.288 peak_rss_kib=183487900
SLIM_PROGRESS runs=2321612800/2739737285 resolve_wall=565.786 lce_wall=7038.916 write_wall=77.187 lf_steps=0 cache_hits=0
SLIM_PHASE query-chunks wall=3.507 cumulative=14445.795 peak_rss_kib=183493948
SLIM_PROGRESS runs=2322661376/2739737285 resolve_wall=566.054 lce_wall=7042.012 write_wall=77.229 lf_steps=0 cache_hits=0
SLIM_PHASE query-chunks wall=3.407 cumulative=14449.202 peak_rss_kib=183497676
SLIM_PROGRESS runs=2323709952/2739737285 resolve_wall=566.320 lce_wall=7045.121 write_wall=77.272 lf_steps=0 cache_hits=0
SLIM_PHASE query-chunks wall=3.418 cumulative=14452.621 peak_rss_kib=183508468
SLIM_PROGRESS runs=2324758528/2739737285 resolve_wall=566.586 lce_wall=7048.247 write_wall=77.315 lf_steps=0 cache_hits=0
SLIM_PHASE query-chunks wall=3.435 cumulative=14456.056 peak_rss_kib=183517096
SLIM_PROGRESS runs=2325807104/2739737285 resolve_wall=566.853 lce_wall=7051.272 write_wall=77.358 lf_steps=0 cache_hits=0
SLIM_PHASE query-chunks wall=3.335 cumulative=14459.391 peak_rss_kib=183519076
SLIM_PROGRESS runs=2326855680/2739737285 resolve_wall=567.121 lce_wall=7054.407 write_wall=77.400 lf_steps=0 cache_hits=0
SLIM_PHASE query-chunks wall=3.444 cumulative=14462.835 peak_rss_kib=183526556
SLIM_PROGRESS runs=2327904256/2739737285 resolve_wall=567.387 lce_wall=7057.555 write_wall=77.444 lf_steps=0 cache_hits=0
SLIM_PHASE query-chunks wall=3.460 cumulative=14466.295 peak_rss_kib=183530640
SLIM_PROGRESS runs=2328952832/2739737285 resolve_wall=567.657 lce_wall=7060.659 write_wall=77.487 lf_steps=0 cache_hits=0
SLIM_PHASE query-chunks wall=3.416 cumulative=14469.711 peak_rss_kib=183534284
SLIM_PROGRESS runs=2330001408/2739737285 resolve_wall=567.922 lce_wall=7063.792 write_wall=77.530 lf_steps=0 cache_hits=0
SLIM_PHASE query-chunks wall=3.441 cumulative=14473.153 peak_rss_kib=183548780
SLIM_PROGRESS runs=2331049984/2739737285 resolve_wall=568.191 lce_wall=7066.834 write_wall=77.574 lf_steps=0 cache_hits=0
SLIM_PHASE query-chunks wall=3.355 cumulative=14476.508 peak_rss_kib=183569484
SLIM_PROGRESS runs=2332098560/2739737285 resolve_wall=568.459 lce_wall=7069.960 write_wall=77.618 lf_steps=0 cache_hits=0
SLIM_PHASE query-chunks wall=3.438 cumulative=14479.946 peak_rss_kib=183574524
SLIM_PROGRESS runs=2333147136/2739737285 resolve_wall=568.723 lce_wall=7073.101 write_wall=77.662 lf_steps=0 cache_hits=0
SLIM_PHASE query-chunks wall=3.450 cumulative=14483.396 peak_rss_kib=183575604
SLIM_PROGRESS runs=2334195712/2739737285 resolve_wall=568.994 lce_wall=7076.319 write_wall=77.706 lf_steps=0 cache_hits=0
SLIM_PHASE query-chunks wall=3.532 cumulative=14486.928 peak_rss_kib=183586156
SLIM_PROGRESS runs=2335244288/2739737285 resolve_wall=569.266 lce_wall=7079.445 write_wall=77.750 lf_steps=0 cache_hits=0
SLIM_PHASE query-chunks wall=3.442 cumulative=14490.370 peak_rss_kib=183599124
SLIM_PROGRESS runs=2336292864/2739737285 resolve_wall=569.531 lce_wall=7082.546 write_wall=77.794 lf_steps=0 cache_hits=0
SLIM_PHASE query-chunks wall=3.410 cumulative=14493.780 peak_rss_kib=183606740
SLIM_PROGRESS runs=2337341440/2739737285 resolve_wall=569.798 lce_wall=7085.607 write_wall=77.837 lf_steps=0 cache_hits=0
SLIM_PHASE query-chunks wall=3.371 cumulative=14497.152 peak_rss_kib=183622088
SLIM_PROGRESS runs=2338390016/2739737285 resolve_wall=570.063 lce_wall=7088.831 write_wall=77.879 lf_steps=0 cache_hits=0
SLIM_PHASE query-chunks wall=3.532 cumulative=14500.683 peak_rss_kib=183627608
SLIM_PROGRESS runs=2339438592/2739737285 resolve_wall=570.326 lce_wall=7092.284 write_wall=77.923 lf_steps=0 cache_hits=0
SLIM_PHASE query-chunks wall=3.761 cumulative=14504.444 peak_rss_kib=183627608
SLIM_PROGRESS runs=2340487168/2739737285 resolve_wall=570.595 lce_wall=7095.373 write_wall=77.966 lf_steps=0 cache_hits=0
SLIM_PHASE query-chunks wall=3.402 cumulative=14507.845 peak_rss_kib=183632572
SLIM_PROGRESS runs=2341535744/2739737285 resolve_wall=570.862 lce_wall=7098.521 write_wall=78.009 lf_steps=0 cache_hits=0
SLIM_PHASE query-chunks wall=3.457 cumulative=14511.303 peak_rss_kib=183643760
SLIM_PROGRESS runs=2342584320/2739737285 resolve_wall=571.129 lce_wall=7101.743 write_wall=78.052 lf_steps=0 cache_hits=0
SLIM_PHASE query-chunks wall=3.533 cumulative=14514.835 peak_rss_kib=183656652
SLIM_PROGRESS runs=2343632896/2739737285 resolve_wall=571.395 lce_wall=7105.056 write_wall=78.095 lf_steps=0 cache_hits=0
SLIM_PHASE query-chunks wall=3.622 cumulative=14518.458 peak_rss_kib=183662140
SLIM_PROGRESS runs=2344681472/2739737285 resolve_wall=571.660 lce_wall=7108.197 write_wall=78.139 lf_steps=0 cache_hits=0
SLIM_PHASE query-chunks wall=3.450 cumulative=14521.908 peak_rss_kib=183666556
SLIM_PROGRESS runs=2345730048/2739737285 resolve_wall=571.926 lce_wall=7111.281 write_wall=78.182 lf_steps=0 cache_hits=0
SLIM_PHASE query-chunks wall=3.394 cumulative=14525.301 peak_rss_kib=183683064
SLIM_PROGRESS runs=2346778624/2739737285 resolve_wall=572.184 lce_wall=7114.409 write_wall=78.220 lf_steps=0 cache_hits=0
SLIM_PHASE query-chunks wall=3.424 cumulative=14528.726 peak_rss_kib=183693564
SLIM_PROGRESS runs=2347827200/2739737285 resolve_wall=572.429 lce_wall=7117.611 write_wall=78.255 lf_steps=0 cache_hits=0
SLIM_PHASE query-chunks wall=3.482 cumulative=14532.207 peak_rss_kib=183696216
SLIM_PROGRESS runs=2348875776/2739737285 resolve_wall=572.675 lce_wall=7120.738 write_wall=78.291 lf_steps=0 cache_hits=0
SLIM_PHASE query-chunks wall=3.408 cumulative=14535.616 peak_rss_kib=183699332
SLIM_PROGRESS runs=2349924352/2739737285 resolve_wall=572.923 lce_wall=7123.742 write_wall=78.327 lf_steps=0 cache_hits=0
SLIM_PHASE query-chunks wall=3.289 cumulative=14538.905 peak_rss_kib=183715440
SLIM_PROGRESS runs=2350972928/2739737285 resolve_wall=573.173 lce_wall=7126.864 write_wall=78.360 lf_steps=0 cache_hits=0
SLIM_PHASE query-chunks wall=3.405 cumulative=14542.310 peak_rss_kib=183719424
SLIM_PROGRESS runs=2352021504/2739737285 resolve_wall=573.418 lce_wall=7129.806 write_wall=78.393 lf_steps=0 cache_hits=0
SLIM_PHASE query-chunks wall=3.221 cumulative=14545.530 peak_rss_kib=183723592
SLIM_PROGRESS runs=2353070080/2739737285 resolve_wall=573.661 lce_wall=7132.954 write_wall=78.429 lf_steps=0 cache_hits=0
SLIM_PHASE query-chunks wall=3.426 cumulative=14548.956 peak_rss_kib=183724760
SLIM_PROGRESS runs=2354118656/2739737285 resolve_wall=573.904 lce_wall=7135.963 write_wall=78.462 lf_steps=0 cache_hits=0
SLIM_PHASE query-chunks wall=3.286 cumulative=14552.242 peak_rss_kib=183743360
SLIM_PROGRESS runs=2355167232/2739737285 resolve_wall=574.148 lce_wall=7139.164 write_wall=78.495 lf_steps=0 cache_hits=0
SLIM_PHASE query-chunks wall=3.478 cumulative=14555.721 peak_rss_kib=183746888
SLIM_PROGRESS runs=2356215808/2739737285 resolve_wall=574.395 lce_wall=7141.969 write_wall=78.529 lf_steps=0 cache_hits=0
SLIM_PHASE query-chunks wall=3.085 cumulative=14558.806 peak_rss_kib=183751912
SLIM_PROGRESS runs=2357264384/2739737285 resolve_wall=574.639 lce_wall=7144.642 write_wall=78.562 lf_steps=0 cache_hits=0
SLIM_PHASE query-chunks wall=2.952 cumulative=14561.758 peak_rss_kib=183757520
SLIM_PROGRESS runs=2358312960/2739737285 resolve_wall=574.881 lce_wall=7147.388 write_wall=78.594 lf_steps=0 cache_hits=0
SLIM_PHASE query-chunks wall=3.020 cumulative=14564.777 peak_rss_kib=183764204
SLIM_PROGRESS runs=2359361536/2739737285 resolve_wall=575.124 lce_wall=7150.102 write_wall=78.625 lf_steps=0 cache_hits=0
SLIM_PHASE query-chunks wall=2.987 cumulative=14567.764 peak_rss_kib=183774956
SLIM_PROGRESS runs=2360410112/2739737285 resolve_wall=575.369 lce_wall=7152.944 write_wall=78.656 lf_steps=0 cache_hits=0
SLIM_PHASE query-chunks wall=3.120 cumulative=14570.884 peak_rss_kib=183785636
SLIM_PROGRESS runs=2361458688/2739737285 resolve_wall=575.616 lce_wall=7155.610 write_wall=78.691 lf_steps=0 cache_hits=0
SLIM_PHASE query-chunks wall=2.946 cumulative=14573.830 peak_rss_kib=183790484
SLIM_PROGRESS runs=2362507264/2739737285 resolve_wall=575.864 lce_wall=7158.643 write_wall=78.724 lf_steps=0 cache_hits=0
SLIM_PHASE query-chunks wall=3.315 cumulative=14577.145 peak_rss_kib=183805364
SLIM_PROGRESS runs=2363555840/2739737285 resolve_wall=576.111 lce_wall=7161.679 write_wall=78.760 lf_steps=0 cache_hits=0
SLIM_PHASE query-chunks wall=3.318 cumulative=14580.463 peak_rss_kib=183819852
SLIM_PROGRESS runs=2364604416/2739737285 resolve_wall=576.356 lce_wall=7164.548 write_wall=78.792 lf_steps=0 cache_hits=0
SLIM_PHASE query-chunks wall=3.147 cumulative=14583.610 peak_rss_kib=183834196
SLIM_PROGRESS runs=2365652992/2739737285 resolve_wall=576.600 lce_wall=7167.464 write_wall=78.825 lf_steps=0 cache_hits=0
SLIM_PHASE query-chunks wall=3.194 cumulative=14586.804 peak_rss_kib=183836668
SLIM_PROGRESS runs=2366701568/2739737285 resolve_wall=576.873 lce_wall=7170.462 write_wall=78.868 lf_steps=0 cache_hits=0
SLIM_PHASE query-chunks wall=3.314 cumulative=14590.118 peak_rss_kib=183845624
SLIM_PROGRESS runs=2367750144/2739737285 resolve_wall=577.142 lce_wall=7173.606 write_wall=78.907 lf_steps=0 cache_hits=0
SLIM_PHASE query-chunks wall=3.452 cumulative=14593.570 peak_rss_kib=183856792
SLIM_PROGRESS runs=2368798720/2739737285 resolve_wall=577.405 lce_wall=7176.504 write_wall=78.947 lf_steps=0 cache_hits=0
SLIM_PHASE query-chunks wall=3.201 cumulative=14596.771 peak_rss_kib=183862768
SLIM_PROGRESS runs=2369847296/2739737285 resolve_wall=577.671 lce_wall=7179.495 write_wall=78.984 lf_steps=0 cache_hits=0
SLIM_PHASE query-chunks wall=3.295 cumulative=14600.066 peak_rss_kib=183871244
SLIM_PROGRESS runs=2370895872/2739737285 resolve_wall=577.934 lce_wall=7182.456 write_wall=79.023 lf_steps=0 cache_hits=0
SLIM_PHASE query-chunks wall=3.262 cumulative=14603.328 peak_rss_kib=183883404
SLIM_PROGRESS runs=2371944448/2739737285 resolve_wall=578.203 lce_wall=7185.311 write_wall=79.062 lf_steps=0 cache_hits=0
SLIM_PHASE query-chunks wall=3.163 cumulative=14606.491 peak_rss_kib=183889896
SLIM_PROGRESS runs=2372993024/2739737285 resolve_wall=578.461 lce_wall=7187.943 write_wall=79.101 lf_steps=0 cache_hits=0
SLIM_PHASE query-chunks wall=2.930 cumulative=14609.420 peak_rss_kib=183899576
SLIM_PROGRESS runs=2374041600/2739737285 resolve_wall=578.722 lce_wall=7190.805 write_wall=79.140 lf_steps=0 cache_hits=0
SLIM_PHASE query-chunks wall=3.162 cumulative=14612.583 peak_rss_kib=183903548
SLIM_PROGRESS runs=2375090176/2739737285 resolve_wall=578.985 lce_wall=7193.575 write_wall=79.179 lf_steps=0 cache_hits=0
SLIM_PHASE query-chunks wall=3.072 cumulative=14615.655 peak_rss_kib=183909844
SLIM_PROGRESS runs=2376138752/2739737285 resolve_wall=579.249 lce_wall=7197.161 write_wall=79.217 lf_steps=0 cache_hits=0
SLIM_PHASE query-chunks wall=3.889 cumulative=14619.544 peak_rss_kib=183918148
SLIM_PROGRESS runs=2377187328/2739737285 resolve_wall=579.515 lce_wall=7200.080 write_wall=79.257 lf_steps=0 cache_hits=0
SLIM_PHASE query-chunks wall=3.224 cumulative=14622.769 peak_rss_kib=183918148
SLIM_PROGRESS runs=2378235904/2739737285 resolve_wall=579.780 lce_wall=7203.169 write_wall=79.296 lf_steps=0 cache_hits=0
SLIM_PHASE query-chunks wall=3.393 cumulative=14626.162 peak_rss_kib=183926668
SLIM_PROGRESS runs=2379284480/2739737285 resolve_wall=580.053 lce_wall=7206.362 write_wall=79.336 lf_steps=0 cache_hits=0
SLIM_PHASE query-chunks wall=3.507 cumulative=14629.669 peak_rss_kib=183938688
SLIM_PROGRESS runs=2380333056/2739737285 resolve_wall=580.319 lce_wall=7209.295 write_wall=79.375 lf_steps=0 cache_hits=0
SLIM_PHASE query-chunks wall=3.237 cumulative=14632.906 peak_rss_kib=183955736
SLIM_PROGRESS runs=2381381632/2739737285 resolve_wall=580.591 lce_wall=7212.420 write_wall=79.415 lf_steps=0 cache_hits=0
SLIM_PHASE query-chunks wall=3.437 cumulative=14636.343 peak_rss_kib=183962632
SLIM_PROGRESS runs=2382430208/2739737285 resolve_wall=580.849 lce_wall=7215.395 write_wall=79.453 lf_steps=0 cache_hits=0
SLIM_PHASE query-chunks wall=3.272 cumulative=14639.615 peak_rss_kib=183966000
SLIM_PROGRESS runs=2383478784/2739737285 resolve_wall=581.115 lce_wall=7218.300 write_wall=79.494 lf_steps=0 cache_hits=0
SLIM_PHASE query-chunks wall=3.212 cumulative=14642.826 peak_rss_kib=183973272
SLIM_PROGRESS runs=2384527360/2739737285 resolve_wall=581.383 lce_wall=7221.250 write_wall=79.533 lf_steps=0 cache_hits=0
SLIM_PHASE query-chunks wall=3.257 cumulative=14646.083 peak_rss_kib=183980752
SLIM_PROGRESS runs=2385575936/2739737285 resolve_wall=581.660 lce_wall=7224.349 write_wall=79.572 lf_steps=0 cache_hits=0
SLIM_PHASE query-chunks wall=3.416 cumulative=14649.499 peak_rss_kib=183980752
SLIM_PROGRESS runs=2386624512/2739737285 resolve_wall=581.925 lce_wall=7227.384 write_wall=79.612 lf_steps=0 cache_hits=0
SLIM_PHASE query-chunks wall=3.340 cumulative=14652.839 peak_rss_kib=183994908
SLIM_PROGRESS runs=2387673088/2739737285 resolve_wall=582.208 lce_wall=7230.528 write_wall=79.651 lf_steps=0 cache_hits=0
SLIM_PHASE query-chunks wall=3.468 cumulative=14656.307 peak_rss_kib=184000612
SLIM_PROGRESS runs=2388721664/2739737285 resolve_wall=582.483 lce_wall=7233.536 write_wall=79.691 lf_steps=0 cache_hits=0
SLIM_PHASE query-chunks wall=3.322 cumulative=14659.629 peak_rss_kib=184006256
SLIM_PROGRESS runs=2389770240/2739737285 resolve_wall=582.751 lce_wall=7236.593 write_wall=79.731 lf_steps=0 cache_hits=0
SLIM_PHASE query-chunks wall=3.366 cumulative=14662.995 peak_rss_kib=184015408
SLIM_PROGRESS runs=2390818816/2739737285 resolve_wall=583.031 lce_wall=7239.716 write_wall=79.771 lf_steps=0 cache_hits=0
SLIM_PHASE query-chunks wall=3.442 cumulative=14666.437 peak_rss_kib=184022688
SLIM_PROGRESS runs=2391867392/2739737285 resolve_wall=583.302 lce_wall=7243.009 write_wall=79.811 lf_steps=0 cache_hits=0
SLIM_PHASE query-chunks wall=3.604 cumulative=14670.041 peak_rss_kib=184025164
SLIM_PROGRESS runs=2392915968/2739737285 resolve_wall=583.579 lce_wall=7246.294 write_wall=79.852 lf_steps=0 cache_hits=0
SLIM_PHASE query-chunks wall=3.604 cumulative=14673.645 peak_rss_kib=184036924
SLIM_PROGRESS runs=2393964544/2739737285 resolve_wall=583.861 lce_wall=7249.365 write_wall=79.893 lf_steps=0 cache_hits=0
SLIM_PHASE query-chunks wall=3.394 cumulative=14677.039 peak_rss_kib=184045236
SLIM_PROGRESS runs=2395013120/2739737285 resolve_wall=584.137 lce_wall=7252.422 write_wall=79.934 lf_steps=0 cache_hits=0
SLIM_PHASE query-chunks wall=3.373 cumulative=14680.412 peak_rss_kib=184048712
SLIM_PROGRESS runs=2396061696/2739737285 resolve_wall=584.419 lce_wall=7255.629 write_wall=79.976 lf_steps=0 cache_hits=0
SLIM_PHASE query-chunks wall=3.531 cumulative=14683.944 peak_rss_kib=184058824
SLIM_PROGRESS runs=2397110272/2739737285 resolve_wall=584.699 lce_wall=7258.788 write_wall=80.020 lf_steps=0 cache_hits=0
SLIM_PHASE query-chunks wall=3.483 cumulative=14687.427 peak_rss_kib=184072264
SLIM_PROGRESS runs=2398158848/2739737285 resolve_wall=584.975 lce_wall=7261.907 write_wall=80.062 lf_steps=0 cache_hits=0
SLIM_PHASE query-chunks wall=3.438 cumulative=14690.865 peak_rss_kib=184087596
SLIM_PROGRESS runs=2399207424/2739737285 resolve_wall=585.256 lce_wall=7264.964 write_wall=80.103 lf_steps=0 cache_hits=0
SLIM_PHASE query-chunks wall=3.378 cumulative=14694.243 peak_rss_kib=184092436
SLIM_PROGRESS runs=2400256000/2739737285 resolve_wall=585.541 lce_wall=7268.055 write_wall=80.142 lf_steps=0 cache_hits=0
SLIM_PHASE query-chunks wall=3.417 cumulative=14697.660 peak_rss_kib=184100300
SLIM_PROGRESS runs=2401304576/2739737285 resolve_wall=585.816 lce_wall=7271.405 write_wall=80.184 lf_steps=0 cache_hits=0
SLIM_PHASE query-chunks wall=3.667 cumulative=14701.326 peak_rss_kib=184105036
SLIM_PROGRESS runs=2402353152/2739737285 resolve_wall=586.065 lce_wall=7274.941 write_wall=80.217 lf_steps=0 cache_hits=0
SLIM_PHASE query-chunks wall=3.817 cumulative=14705.144 peak_rss_kib=184108524
SLIM_PROGRESS runs=2403401728/2739737285 resolve_wall=586.311 lce_wall=7278.086 write_wall=80.250 lf_steps=0 cache_hits=0
SLIM_PHASE query-chunks wall=3.425 cumulative=14708.569 peak_rss_kib=184118108
SLIM_PROGRESS runs=2404450304/2739737285 resolve_wall=586.555 lce_wall=7281.339 write_wall=80.284 lf_steps=0 cache_hits=0
SLIM_PHASE query-chunks wall=3.531 cumulative=14712.099 peak_rss_kib=184130316
SLIM_PROGRESS runs=2405498880/2739737285 resolve_wall=586.798 lce_wall=7284.463 write_wall=80.317 lf_steps=0 cache_hits=0
SLIM_PHASE query-chunks wall=3.400 cumulative=14715.499 peak_rss_kib=184145048
SLIM_PROGRESS runs=2406547456/2739737285 resolve_wall=587.040 lce_wall=7287.454 write_wall=80.349 lf_steps=0 cache_hits=0
SLIM_PHASE query-chunks wall=3.266 cumulative=14718.765 peak_rss_kib=184154592
SLIM_PROGRESS runs=2407596032/2739737285 resolve_wall=587.284 lce_wall=7290.504 write_wall=80.381 lf_steps=0 cache_hits=0
SLIM_PHASE query-chunks wall=3.326 cumulative=14722.091 peak_rss_kib=184157760
SLIM_PROGRESS runs=2408644608/2739737285 resolve_wall=587.526 lce_wall=7293.419 write_wall=80.414 lf_steps=0 cache_hits=0
SLIM_PHASE query-chunks wall=3.189 cumulative=14725.281 peak_rss_kib=184175672
SLIM_PROGRESS runs=2409693184/2739737285 resolve_wall=587.773 lce_wall=7296.401 write_wall=80.446 lf_steps=0 cache_hits=0
SLIM_PHASE query-chunks wall=3.262 cumulative=14728.542 peak_rss_kib=184181776
SLIM_PROGRESS runs=2410741760/2739737285 resolve_wall=588.021 lce_wall=7299.493 write_wall=80.478 lf_steps=0 cache_hits=0
SLIM_PHASE query-chunks wall=3.372 cumulative=14731.914 peak_rss_kib=184181776
SLIM_PROGRESS runs=2411790336/2739737285 resolve_wall=588.271 lce_wall=7302.406 write_wall=80.511 lf_steps=0 cache_hits=0
SLIM_PHASE query-chunks wall=3.197 cumulative=14735.111 peak_rss_kib=184183532
SLIM_PROGRESS runs=2412838912/2739737285 resolve_wall=588.521 lce_wall=7305.312 write_wall=80.545 lf_steps=0 cache_hits=0
SLIM_PHASE query-chunks wall=3.190 cumulative=14738.301 peak_rss_kib=184193564
SLIM_PROGRESS runs=2413887488/2739737285 resolve_wall=588.768 lce_wall=7308.288 write_wall=80.578 lf_steps=0 cache_hits=0
SLIM_PHASE query-chunks wall=3.255 cumulative=14741.557 peak_rss_kib=184198184
SLIM_PROGRESS runs=2414936064/2739737285 resolve_wall=589.015 lce_wall=7311.622 write_wall=80.613 lf_steps=0 cache_hits=0
SLIM_PHASE query-chunks wall=3.617 cumulative=14745.173 peak_rss_kib=184210440
SLIM_PROGRESS runs=2415984640/2739737285 resolve_wall=589.264 lce_wall=7314.962 write_wall=80.650 lf_steps=0 cache_hits=0
SLIM_PHASE query-chunks wall=3.626 cumulative=14748.799 peak_rss_kib=184221640
SLIM_PROGRESS runs=2417033216/2739737285 resolve_wall=589.514 lce_wall=7318.028 write_wall=80.686 lf_steps=0 cache_hits=0
SLIM_PHASE query-chunks wall=3.352 cumulative=14752.151 peak_rss_kib=184223472
SLIM_PROGRESS runs=2418081792/2739737285 resolve_wall=589.764 lce_wall=7321.258 write_wall=80.722 lf_steps=0 cache_hits=0
SLIM_PHASE query-chunks wall=3.516 cumulative=14755.667 peak_rss_kib=184227200
SLIM_PROGRESS runs=2419130368/2739737285 resolve_wall=590.013 lce_wall=7324.433 write_wall=80.756 lf_steps=0 cache_hits=0
SLIM_PHASE query-chunks wall=3.459 cumulative=14759.126 peak_rss_kib=184234760
SLIM_PROGRESS runs=2420178944/2739737285 resolve_wall=590.262 lce_wall=7327.361 write_wall=80.791 lf_steps=0 cache_hits=0
SLIM_PHASE query-chunks wall=3.212 cumulative=14762.338 peak_rss_kib=184238052
SLIM_PROGRESS runs=2421227520/2739737285 resolve_wall=590.512 lce_wall=7330.397 write_wall=80.827 lf_steps=0 cache_hits=0
SLIM_PHASE query-chunks wall=3.321 cumulative=14765.659 peak_rss_kib=184246428
SLIM_PROGRESS runs=2422276096/2739737285 resolve_wall=590.762 lce_wall=7333.248 write_wall=80.863 lf_steps=0 cache_hits=0
SLIM_PHASE query-chunks wall=3.139 cumulative=14768.798 peak_rss_kib=184255920
SLIM_PROGRESS runs=2423324672/2739737285 resolve_wall=591.012 lce_wall=7336.172 write_wall=80.899 lf_steps=0 cache_hits=0
SLIM_PHASE query-chunks wall=3.209 cumulative=14772.007 peak_rss_kib=184260268
SLIM_PROGRESS runs=2424373248/2739737285 resolve_wall=591.260 lce_wall=7339.149 write_wall=80.933 lf_steps=0 cache_hits=0
SLIM_PHASE query-chunks wall=3.260 cumulative=14775.267 peak_rss_kib=184265404
SLIM_PROGRESS runs=2425421824/2739737285 resolve_wall=591.507 lce_wall=7342.484 write_wall=80.965 lf_steps=0 cache_hits=0
SLIM_PHASE query-chunks wall=3.614 cumulative=14778.880 peak_rss_kib=184273800
SLIM_PROGRESS runs=2426470400/2739737285 resolve_wall=591.758 lce_wall=7345.528 write_wall=81.002 lf_steps=0 cache_hits=0
SLIM_PHASE query-chunks wall=3.332 cumulative=14782.213 peak_rss_kib=184286764
SLIM_PROGRESS runs=2427518976/2739737285 resolve_wall=592.002 lce_wall=7348.926 write_wall=81.035 lf_steps=0 cache_hits=0
SLIM_PHASE query-chunks wall=3.676 cumulative=14785.888 peak_rss_kib=184295468
SLIM_PROGRESS runs=2428567552/2739737285 resolve_wall=592.248 lce_wall=7353.583 write_wall=81.070 lf_steps=0 cache_hits=0
SLIM_PHASE query-chunks wall=4.937 cumulative=14790.825 peak_rss_kib=184301268
SLIM_PROGRESS runs=2429616128/2739737285 resolve_wall=592.487 lce_wall=7358.568 write_wall=81.105 lf_steps=0 cache_hits=0
SLIM_PHASE query-chunks wall=5.260 cumulative=14796.085 peak_rss_kib=184304892
SLIM_PROGRESS runs=2430664704/2739737285 resolve_wall=592.732 lce_wall=7363.593 write_wall=81.141 lf_steps=0 cache_hits=0
SLIM_PHASE query-chunks wall=5.307 cumulative=14801.392 peak_rss_kib=184314256
SLIM_PROGRESS runs=2431713280/2739737285 resolve_wall=592.973 lce_wall=7368.558 write_wall=81.176 lf_steps=0 cache_hits=0
SLIM_PHASE query-chunks wall=5.241 cumulative=14806.633 peak_rss_kib=184341148
SLIM_PROGRESS runs=2432761856/2739737285 resolve_wall=593.219 lce_wall=7373.429 write_wall=81.212 lf_steps=0 cache_hits=0
SLIM_PHASE query-chunks wall=5.152 cumulative=14811.786 peak_rss_kib=184345744
SLIM_PROGRESS runs=2433810432/2739737285 resolve_wall=593.466 lce_wall=7376.717 write_wall=81.246 lf_steps=0 cache_hits=0
SLIM_PHASE query-chunks wall=3.570 cumulative=14815.355 peak_rss_kib=184350336
SLIM_PROGRESS runs=2434859008/2739737285 resolve_wall=593.705 lce_wall=7379.836 write_wall=81.279 lf_steps=0 cache_hits=0
SLIM_PHASE query-chunks wall=3.390 cumulative=14818.745 peak_rss_kib=184361528
SLIM_PROGRESS runs=2435907584/2739737285 resolve_wall=593.954 lce_wall=7382.868 write_wall=81.313 lf_steps=0 cache_hits=0
SLIM_PHASE query-chunks wall=3.316 cumulative=14822.061 peak_rss_kib=184371928
SLIM_PROGRESS runs=2436956160/2739737285 resolve_wall=594.200 lce_wall=7385.857 write_wall=81.346 lf_steps=0 cache_hits=0
SLIM_PHASE query-chunks wall=3.269 cumulative=14825.330 peak_rss_kib=184382620
SLIM_PROGRESS runs=2438004736/2739737285 resolve_wall=594.449 lce_wall=7388.818 write_wall=81.382 lf_steps=0 cache_hits=0
SLIM_PHASE query-chunks wall=3.245 cumulative=14828.575 peak_rss_kib=184389276
SLIM_PROGRESS runs=2439053312/2739737285 resolve_wall=594.696 lce_wall=7391.744 write_wall=81.417 lf_steps=0 cache_hits=0
SLIM_PHASE query-chunks wall=3.209 cumulative=14831.784 peak_rss_kib=184398948
SLIM_PROGRESS runs=2440101888/2739737285 resolve_wall=594.942 lce_wall=7394.714 write_wall=81.452 lf_steps=0 cache_hits=0
SLIM_PHASE query-chunks wall=3.251 cumulative=14835.034 peak_rss_kib=184410860
SLIM_PROGRESS runs=2441150464/2739737285 resolve_wall=595.190 lce_wall=7397.577 write_wall=81.488 lf_steps=0 cache_hits=0
SLIM_PHASE query-chunks wall=3.148 cumulative=14838.182 peak_rss_kib=184414828
SLIM_PROGRESS runs=2442199040/2739737285 resolve_wall=595.440 lce_wall=7400.610 write_wall=81.524 lf_steps=0 cache_hits=0
SLIM_PHASE query-chunks wall=3.319 cumulative=14841.501 peak_rss_kib=184428264
SLIM_PROGRESS runs=2443247616/2739737285 resolve_wall=595.658 lce_wall=7403.732 write_wall=81.561 lf_steps=0 cache_hits=0
SLIM_PHASE query-chunks wall=3.377 cumulative=14844.878 peak_rss_kib=184434720
SLIM_PROGRESS runs=2444296192/2739737285 resolve_wall=595.900 lce_wall=7406.906 write_wall=81.599 lf_steps=0 cache_hits=0
SLIM_PHASE query-chunks wall=3.454 cumulative=14848.332 peak_rss_kib=184446128
SLIM_PROGRESS runs=2445344768/2739737285 resolve_wall=596.143 lce_wall=7410.041 write_wall=81.631 lf_steps=0 cache_hits=0
SLIM_PHASE query-chunks wall=3.410 cumulative=14851.742 peak_rss_kib=184453356
SLIM_PROGRESS runs=2446393344/2739737285 resolve_wall=596.389 lce_wall=7413.320 write_wall=81.665 lf_steps=0 cache_hits=0
SLIM_PHASE query-chunks wall=3.560 cumulative=14855.302 peak_rss_kib=184455364
SLIM_PROGRESS runs=2447441920/2739737285 resolve_wall=596.778 lce_wall=7416.738 write_wall=81.724 lf_steps=0 cache_hits=0
SLIM_PHASE query-chunks wall=3.867 cumulative=14859.169 peak_rss_kib=184457804
SLIM_PROGRESS runs=2448490496/2739737285 resolve_wall=597.023 lce_wall=7420.384 write_wall=81.756 lf_steps=0 cache_hits=0
SLIM_PHASE query-chunks wall=3.922 cumulative=14863.090 peak_rss_kib=184461684
SLIM_PROGRESS runs=2449539072/2739737285 resolve_wall=597.269 lce_wall=7423.837 write_wall=81.792 lf_steps=0 cache_hits=0
SLIM_PHASE query-chunks wall=3.736 cumulative=14866.826 peak_rss_kib=184473252
SLIM_PROGRESS runs=2450587648/2739737285 resolve_wall=597.519 lce_wall=7427.142 write_wall=81.827 lf_steps=0 cache_hits=0
SLIM_PHASE query-chunks wall=3.590 cumulative=14870.416 peak_rss_kib=184478816
SLIM_PROGRESS runs=2451636224/2739737285 resolve_wall=597.762 lce_wall=7430.383 write_wall=81.860 lf_steps=0 cache_hits=0
SLIM_PHASE query-chunks wall=3.517 cumulative=14873.933 peak_rss_kib=184489152
SLIM_PROGRESS runs=2452684800/2739737285 resolve_wall=598.030 lce_wall=7433.714 write_wall=81.894 lf_steps=0 cache_hits=0
SLIM_PHASE query-chunks wall=3.633 cumulative=14877.567 peak_rss_kib=184502968
SLIM_PROGRESS runs=2453733376/2739737285 resolve_wall=598.426 lce_wall=7437.013 write_wall=81.932 lf_steps=0 cache_hits=0
SLIM_PHASE query-chunks wall=3.732 cumulative=14881.299 peak_rss_kib=184510864
SLIM_PROGRESS runs=2454781952/2739737285 resolve_wall=598.857 lce_wall=7440.305 write_wall=81.968 lf_steps=0 cache_hits=0
SLIM_PHASE query-chunks wall=3.760 cumulative=14885.059 peak_rss_kib=184523424
SLIM_PROGRESS runs=2455830528/2739737285 resolve_wall=599.070 lce_wall=7443.516 write_wall=82.004 lf_steps=0 cache_hits=0
SLIM_PHASE query-chunks wall=3.460 cumulative=14888.519 peak_rss_kib=184536664
SLIM_PROGRESS runs=2456879104/2739737285 resolve_wall=599.277 lce_wall=7446.516 write_wall=82.039 lf_steps=0 cache_hits=0
SLIM_PHASE query-chunks wall=3.243 cumulative=14891.761 peak_rss_kib=184542000
SLIM_PROGRESS runs=2457927680/2739737285 resolve_wall=599.609 lce_wall=7449.668 write_wall=82.102 lf_steps=0 cache_hits=0
SLIM_PHASE query-chunks wall=3.547 cumulative=14895.308 peak_rss_kib=184551676
SLIM_PROGRESS runs=2458976256/2739737285 resolve_wall=599.815 lce_wall=7453.019 write_wall=82.137 lf_steps=0 cache_hits=0
SLIM_PHASE query-chunks wall=3.592 cumulative=14898.900 peak_rss_kib=184560380
SLIM_PROGRESS runs=2460024832/2739737285 resolve_wall=600.024 lce_wall=7456.258 write_wall=82.171 lf_steps=0 cache_hits=0
SLIM_PHASE query-chunks wall=3.482 cumulative=14902.382 peak_rss_kib=184567036
SLIM_PROGRESS runs=2461073408/2739737285 resolve_wall=600.228 lce_wall=7459.374 write_wall=82.204 lf_steps=0 cache_hits=0
SLIM_PHASE query-chunks wall=3.354 cumulative=14905.736 peak_rss_kib=184571004
SLIM_PROGRESS runs=2462121984/2739737285 resolve_wall=600.447 lce_wall=7462.595 write_wall=82.242 lf_steps=0 cache_hits=0
SLIM_PHASE query-chunks wall=3.478 cumulative=14909.214 peak_rss_kib=184583364
SLIM_PROGRESS runs=2463170560/2739737285 resolve_wall=600.651 lce_wall=7465.835 write_wall=82.274 lf_steps=0 cache_hits=0
SLIM_PHASE query-chunks wall=3.477 cumulative=14912.691 peak_rss_kib=184583792
SLIM_PROGRESS runs=2464219136/2739737285 resolve_wall=600.856 lce_wall=7469.104 write_wall=82.307 lf_steps=0 cache_hits=0
SLIM_PHASE query-chunks wall=3.506 cumulative=14916.197 peak_rss_kib=184584492
SLIM_PROGRESS runs=2465267712/2739737285 resolve_wall=601.071 lce_wall=7472.201 write_wall=82.344 lf_steps=0 cache_hits=0
SLIM_PHASE query-chunks wall=3.348 cumulative=14919.546 peak_rss_kib=184591208
SLIM_PROGRESS runs=2466316288/2739737285 resolve_wall=601.277 lce_wall=7475.328 write_wall=82.379 lf_steps=0 cache_hits=0
SLIM_PHASE query-chunks wall=3.369 cumulative=14922.915 peak_rss_kib=184601916
SLIM_PROGRESS runs=2467364864/2739737285 resolve_wall=601.488 lce_wall=7478.503 write_wall=82.415 lf_steps=0 cache_hits=0
SLIM_PHASE query-chunks wall=3.422 cumulative=14926.336 peak_rss_kib=184611060
SLIM_PROGRESS runs=2468413440/2739737285 resolve_wall=601.697 lce_wall=7481.754 write_wall=82.450 lf_steps=0 cache_hits=0
SLIM_PHASE query-chunks wall=3.496 cumulative=14929.833 peak_rss_kib=184621812
SLIM_PROGRESS runs=2469462016/2739737285 resolve_wall=601.902 lce_wall=7484.929 write_wall=82.484 lf_steps=0 cache_hits=0
SLIM_PHASE query-chunks wall=3.414 cumulative=14933.246 peak_rss_kib=184633252
SLIM_PROGRESS runs=2470510592/2739737285 resolve_wall=602.111 lce_wall=7487.929 write_wall=82.520 lf_steps=0 cache_hits=0
SLIM_PHASE query-chunks wall=3.245 cumulative=14936.492 peak_rss_kib=184643344
SLIM_PROGRESS runs=2471559168/2739737285 resolve_wall=602.322 lce_wall=7491.045 write_wall=82.554 lf_steps=0 cache_hits=0
SLIM_PHASE query-chunks wall=3.361 cumulative=14939.853 peak_rss_kib=184656388
SLIM_PROGRESS runs=2472607744/2739737285 resolve_wall=602.535 lce_wall=7494.395 write_wall=82.587 lf_steps=0 cache_hits=0
SLIM_PHASE query-chunks wall=3.595 cumulative=14943.448 peak_rss_kib=184665336
SLIM_PROGRESS runs=2473656320/2739737285 resolve_wall=602.740 lce_wall=7497.493 write_wall=82.619 lf_steps=0 cache_hits=0
SLIM_PHASE query-chunks wall=3.335 cumulative=14946.784 peak_rss_kib=184675508
SLIM_PROGRESS runs=2474704896/2739737285 resolve_wall=602.946 lce_wall=7500.750 write_wall=82.654 lf_steps=0 cache_hits=0
SLIM_PHASE query-chunks wall=3.497 cumulative=14950.281 peak_rss_kib=184684500
SLIM_PROGRESS runs=2475753472/2739737285 resolve_wall=603.151 lce_wall=7504.714 write_wall=82.689 lf_steps=0 cache_hits=0
SLIM_PHASE query-chunks wall=4.205 cumulative=14954.486 peak_rss_kib=184689588
SLIM_PROGRESS runs=2476802048/2739737285 resolve_wall=603.355 lce_wall=7509.616 write_wall=82.724 lf_steps=0 cache_hits=0
SLIM_PHASE query-chunks wall=5.141 cumulative=14959.627 peak_rss_kib=184697980
SLIM_PROGRESS runs=2477850624/2739737285 resolve_wall=603.559 lce_wall=7514.855 write_wall=82.759 lf_steps=0 cache_hits=0
SLIM_PHASE query-chunks wall=5.478 cumulative=14965.105 peak_rss_kib=184706044
SLIM_PROGRESS runs=2478899200/2739737285 resolve_wall=603.765 lce_wall=7519.859 write_wall=82.795 lf_steps=0 cache_hits=0
SLIM_PHASE query-chunks wall=5.246 cumulative=14970.351 peak_rss_kib=184711180
SLIM_PROGRESS runs=2479947776/2739737285 resolve_wall=603.967 lce_wall=7524.539 write_wall=82.828 lf_steps=0 cache_hits=0
SLIM_PHASE query-chunks wall=4.915 cumulative=14975.266 peak_rss_kib=184715668
SLIM_PROGRESS runs=2480996352/2739737285 resolve_wall=604.168 lce_wall=7529.580 write_wall=82.861 lf_steps=0 cache_hits=0
SLIM_PHASE query-chunks wall=5.275 cumulative=14980.541 peak_rss_kib=184721244
SLIM_PROGRESS runs=2482044928/2739737285 resolve_wall=604.375 lce_wall=7533.887 write_wall=82.894 lf_steps=0 cache_hits=0
SLIM_PHASE query-chunks wall=4.546 cumulative=14985.088 peak_rss_kib=184722196
SLIM_PROGRESS runs=2483093504/2739737285 resolve_wall=604.582 lce_wall=7537.233 write_wall=82.927 lf_steps=0 cache_hits=0
SLIM_PHASE query-chunks wall=3.587 cumulative=14988.675 peak_rss_kib=184723676
SLIM_PROGRESS runs=2484142080/2739737285 resolve_wall=604.790 lce_wall=7540.503 write_wall=82.963 lf_steps=0 cache_hits=0
SLIM_PHASE query-chunks wall=3.515 cumulative=14992.190 peak_rss_kib=184727004
SLIM_PROGRESS runs=2485190656/2739737285 resolve_wall=604.992 lce_wall=7544.088 write_wall=82.996 lf_steps=0 cache_hits=0
SLIM_PHASE query-chunks wall=3.820 cumulative=14996.010 peak_rss_kib=184733220
SLIM_PROGRESS runs=2486239232/2739737285 resolve_wall=605.199 lce_wall=7547.466 write_wall=83.030 lf_steps=0 cache_hits=0
SLIM_PHASE query-chunks wall=3.619 cumulative=14999.628 peak_rss_kib=184738652
SLIM_PROGRESS runs=2487287808/2739737285 resolve_wall=605.411 lce_wall=7550.761 write_wall=83.064 lf_steps=0 cache_hits=0
SLIM_PHASE query-chunks wall=3.541 cumulative=15003.169 peak_rss_kib=184748744
SLIM_PROGRESS runs=2488336384/2739737285 resolve_wall=605.621 lce_wall=7554.199 write_wall=83.097 lf_steps=0 cache_hits=0
SLIM_PHASE query-chunks wall=3.681 cumulative=15006.851 peak_rss_kib=184752272
SLIM_PROGRESS runs=2489384960/2739737285 resolve_wall=605.832 lce_wall=7557.728 write_wall=83.131 lf_steps=0 cache_hits=0
SLIM_PHASE query-chunks wall=3.774 cumulative=15010.624 peak_rss_kib=184768780
SLIM_PROGRESS runs=2490433536/2739737285 resolve_wall=606.045 lce_wall=7561.255 write_wall=83.164 lf_steps=0 cache_hits=0
SLIM_PHASE query-chunks wall=3.774 cumulative=15014.398 peak_rss_kib=184779556
SLIM_PROGRESS runs=2491482112/2739737285 resolve_wall=606.253 lce_wall=7564.490 write_wall=83.198 lf_steps=0 cache_hits=0
SLIM_PHASE query-chunks wall=3.477 cumulative=15017.875 peak_rss_kib=184790308
SLIM_PROGRESS runs=2492530688/2739737285 resolve_wall=606.464 lce_wall=7567.875 write_wall=83.233 lf_steps=0 cache_hits=0
SLIM_PHASE query-chunks wall=3.631 cumulative=15021.506 peak_rss_kib=184794528
SLIM_PROGRESS runs=2493579264/2739737285 resolve_wall=606.671 lce_wall=7571.064 write_wall=83.266 lf_steps=0 cache_hits=0
SLIM_PHASE query-chunks wall=3.429 cumulative=15024.936 peak_rss_kib=184807328
SLIM_PROGRESS runs=2494627840/2739737285 resolve_wall=606.881 lce_wall=7574.702 write_wall=83.302 lf_steps=0 cache_hits=0
SLIM_PHASE query-chunks wall=3.884 cumulative=15028.820 peak_rss_kib=184826272
SLIM_PROGRESS runs=2495676416/2739737285 resolve_wall=607.091 lce_wall=7578.113 write_wall=83.337 lf_steps=0 cache_hits=0
SLIM_PHASE query-chunks wall=3.656 cumulative=15032.475 peak_rss_kib=184843168
SLIM_PROGRESS runs=2496724992/2739737285 resolve_wall=607.299 lce_wall=7581.383 write_wall=83.371 lf_steps=0 cache_hits=0
SLIM_PHASE query-chunks wall=3.513 cumulative=15035.988 peak_rss_kib=184849088
SLIM_PROGRESS runs=2497773568/2739737285 resolve_wall=607.506 lce_wall=7585.224 write_wall=83.406 lf_steps=0 cache_hits=0
SLIM_PHASE query-chunks wall=4.083 cumulative=15040.072 peak_rss_kib=184858140
SLIM_PROGRESS runs=2498822144/2739737285 resolve_wall=607.736 lce_wall=7589.096 write_wall=83.444 lf_steps=0 cache_hits=0
SLIM_PHASE query-chunks wall=4.140 cumulative=15044.211 peak_rss_kib=184865604
SLIM_PROGRESS runs=2499870720/2739737285 resolve_wall=607.954 lce_wall=7592.624 write_wall=83.478 lf_steps=0 cache_hits=0
SLIM_PHASE query-chunks wall=3.780 cumulative=15047.991 peak_rss_kib=184871856
SLIM_PROGRESS runs=2500919296/2739737285 resolve_wall=608.192 lce_wall=7596.693 write_wall=83.518 lf_steps=0 cache_hits=0
SLIM_PHASE query-chunks wall=4.347 cumulative=15052.338 peak_rss_kib=184876468
SLIM_PROGRESS runs=2501967872/2739737285 resolve_wall=608.433 lce_wall=7600.707 write_wall=83.558 lf_steps=0 cache_hits=0
SLIM_PHASE query-chunks wall=4.296 cumulative=15056.634 peak_rss_kib=184879808
SLIM_PROGRESS runs=2503016448/2739737285 resolve_wall=608.665 lce_wall=7603.896 write_wall=83.594 lf_steps=0 cache_hits=0
SLIM_PHASE query-chunks wall=3.456 cumulative=15060.091 peak_rss_kib=184887760
SLIM_PROGRESS runs=2504065024/2739737285 resolve_wall=608.914 lce_wall=7607.395 write_wall=83.628 lf_steps=0 cache_hits=0
SLIM_PHASE query-chunks wall=3.783 cumulative=15063.873 peak_rss_kib=184891288
SLIM_PROGRESS runs=2505113600/2739737285 resolve_wall=609.157 lce_wall=7610.787 write_wall=83.663 lf_steps=0 cache_hits=0
SLIM_PHASE query-chunks wall=3.670 cumulative=15067.543 peak_rss_kib=184895424
SLIM_PROGRESS runs=2506162176/2739737285 resolve_wall=609.400 lce_wall=7614.422 write_wall=83.697 lf_steps=0 cache_hits=0
SLIM_PHASE query-chunks wall=3.913 cumulative=15071.456 peak_rss_kib=184910272
SLIM_PROGRESS runs=2507210752/2739737285 resolve_wall=609.645 lce_wall=7617.793 write_wall=83.736 lf_steps=0 cache_hits=0
SLIM_PHASE query-chunks wall=3.655 cumulative=15075.111 peak_rss_kib=184913928
SLIM_PROGRESS runs=2508259328/2739737285 resolve_wall=609.892 lce_wall=7620.928 write_wall=83.770 lf_steps=0 cache_hits=0
SLIM_PHASE query-chunks wall=3.415 cumulative=15078.526 peak_rss_kib=184921608
SLIM_PROGRESS runs=2509307904/2739737285 resolve_wall=610.141 lce_wall=7624.069 write_wall=83.805 lf_steps=0 cache_hits=0
SLIM_PHASE query-chunks wall=3.426 cumulative=15081.952 peak_rss_kib=184935816
SLIM_PROGRESS runs=2510356480/2739737285 resolve_wall=610.383 lce_wall=7627.373 write_wall=83.838 lf_steps=0 cache_hits=0
SLIM_PHASE query-chunks wall=3.579 cumulative=15085.531 peak_rss_kib=184947208
SLIM_PROGRESS runs=2511405056/2739737285 resolve_wall=610.629 lce_wall=7631.038 write_wall=83.873 lf_steps=0 cache_hits=0
SLIM_PHASE query-chunks wall=3.946 cumulative=15089.477 peak_rss_kib=184962144
SLIM_PROGRESS runs=2512453632/2739737285 resolve_wall=610.884 lce_wall=7634.177 write_wall=83.906 lf_steps=0 cache_hits=0
SLIM_PHASE query-chunks wall=3.428 cumulative=15092.905 peak_rss_kib=184968712
SLIM_PROGRESS runs=2513502208/2739737285 resolve_wall=611.137 lce_wall=7637.563 write_wall=83.941 lf_steps=0 cache_hits=0
SLIM_PHASE query-chunks wall=3.674 cumulative=15096.579 peak_rss_kib=184972280
SLIM_PROGRESS runs=2514550784/2739737285 resolve_wall=611.385 lce_wall=7640.884 write_wall=83.974 lf_steps=0 cache_hits=0
SLIM_PHASE query-chunks wall=3.603 cumulative=15100.181 peak_rss_kib=184978476
SLIM_PROGRESS runs=2515599360/2739737285 resolve_wall=611.637 lce_wall=7644.553 write_wall=84.007 lf_steps=0 cache_hits=0
SLIM_PHASE query-chunks wall=3.953 cumulative=15104.135 peak_rss_kib=184993712
SLIM_PROGRESS runs=2516647936/2739737285 resolve_wall=611.885 lce_wall=7648.299 write_wall=84.042 lf_steps=0 cache_hits=0
SLIM_PHASE query-chunks wall=4.030 cumulative=15108.165 peak_rss_kib=185006732
SLIM_PROGRESS runs=2517696512/2739737285 resolve_wall=612.139 lce_wall=7651.585 write_wall=84.078 lf_steps=0 cache_hits=0
SLIM_PHASE query-chunks wall=3.575 cumulative=15111.740 peak_rss_kib=185006732
SLIM_PROGRESS runs=2518745088/2739737285 resolve_wall=612.387 lce_wall=7655.018 write_wall=84.111 lf_steps=0 cache_hits=0
SLIM_PHASE query-chunks wall=3.715 cumulative=15115.455 peak_rss_kib=185011592
SLIM_PROGRESS runs=2519793664/2739737285 resolve_wall=612.636 lce_wall=7658.586 write_wall=84.146 lf_steps=0 cache_hits=0
SLIM_PHASE query-chunks wall=3.852 cumulative=15119.307 peak_rss_kib=185022780
SLIM_PROGRESS runs=2520842240/2739737285 resolve_wall=612.882 lce_wall=7662.128 write_wall=84.179 lf_steps=0 cache_hits=0
SLIM_PHASE query-chunks wall=3.822 cumulative=15123.128 peak_rss_kib=185034516
SLIM_PROGRESS runs=2521890816/2739737285 resolve_wall=613.135 lce_wall=7665.616 write_wall=84.213 lf_steps=0 cache_hits=0
SLIM_PHASE query-chunks wall=3.774 cumulative=15126.902 peak_rss_kib=185044448
SLIM_PROGRESS runs=2522939392/2739737285 resolve_wall=613.383 lce_wall=7668.743 write_wall=84.246 lf_steps=0 cache_hits=0
SLIM_PHASE query-chunks wall=3.410 cumulative=15130.312 peak_rss_kib=185051572
SLIM_PROGRESS runs=2523987968/2739737285 resolve_wall=613.631 lce_wall=7671.947 write_wall=84.280 lf_steps=0 cache_hits=0
SLIM_PHASE query-chunks wall=3.485 cumulative=15133.797 peak_rss_kib=185061424
SLIM_PROGRESS runs=2525036544/2739737285 resolve_wall=613.881 lce_wall=7675.325 write_wall=84.313 lf_steps=0 cache_hits=0
SLIM_PHASE query-chunks wall=3.661 cumulative=15137.458 peak_rss_kib=185066732
SLIM_PROGRESS runs=2526085120/2739737285 resolve_wall=614.129 lce_wall=7678.572 write_wall=84.348 lf_steps=0 cache_hits=0
SLIM_PHASE query-chunks wall=3.531 cumulative=15140.989 peak_rss_kib=185079200
SLIM_PROGRESS runs=2527133696/2739737285 resolve_wall=614.375 lce_wall=7681.929 write_wall=84.382 lf_steps=0 cache_hits=0
SLIM_PHASE query-chunks wall=3.638 cumulative=15144.626 peak_rss_kib=185085524
SLIM_PROGRESS runs=2528182272/2739737285 resolve_wall=614.622 lce_wall=7685.085 write_wall=84.415 lf_steps=0 cache_hits=0
SLIM_PHASE query-chunks wall=3.436 cumulative=15148.062 peak_rss_kib=185103828
SLIM_PROGRESS runs=2529230848/2739737285 resolve_wall=614.868 lce_wall=7688.170 write_wall=84.448 lf_steps=0 cache_hits=0
SLIM_PHASE query-chunks wall=3.364 cumulative=15151.426 peak_rss_kib=185113612
SLIM_PROGRESS runs=2530279424/2739737285 resolve_wall=615.118 lce_wall=7691.553 write_wall=84.483 lf_steps=0 cache_hits=0
SLIM_PHASE query-chunks wall=3.668 cumulative=15155.094 peak_rss_kib=185113612
SLIM_PROGRESS runs=2531328000/2739737285 resolve_wall=615.370 lce_wall=7694.828 write_wall=84.517 lf_steps=0 cache_hits=0
SLIM_PHASE query-chunks wall=3.562 cumulative=15158.656 peak_rss_kib=185113612
SLIM_PROGRESS runs=2532376576/2739737285 resolve_wall=615.633 lce_wall=7698.434 write_wall=84.552 lf_steps=0 cache_hits=0
SLIM_PHASE query-chunks wall=3.903 cumulative=15162.559 peak_rss_kib=185121660
SLIM_PROGRESS runs=2533425152/2739737285 resolve_wall=615.885 lce_wall=7702.160 write_wall=84.592 lf_steps=0 cache_hits=0
SLIM_PHASE query-chunks wall=4.018 cumulative=15166.577 peak_rss_kib=185130084
SLIM_PROGRESS runs=2534473728/2739737285 resolve_wall=616.126 lce_wall=7705.748 write_wall=84.628 lf_steps=0 cache_hits=0
SLIM_PHASE query-chunks wall=3.867 cumulative=15170.444 peak_rss_kib=185134300
SLIM_PROGRESS runs=2535522304/2739737285 resolve_wall=616.371 lce_wall=7709.061 write_wall=84.661 lf_steps=0 cache_hits=0
SLIM_PHASE query-chunks wall=3.591 cumulative=15174.035 peak_rss_kib=185144172
SLIM_PROGRESS runs=2536570880/2739737285 resolve_wall=616.607 lce_wall=7712.543 write_wall=84.696 lf_steps=0 cache_hits=0
SLIM_PHASE query-chunks wall=3.753 cumulative=15177.788 peak_rss_kib=185147044
SLIM_PROGRESS runs=2537619456/2739737285 resolve_wall=616.889 lce_wall=7716.203 write_wall=84.741 lf_steps=0 cache_hits=0
SLIM_PHASE query-chunks wall=3.987 cumulative=15181.775 peak_rss_kib=185149668
SLIM_PROGRESS runs=2538668032/2739737285 resolve_wall=617.136 lce_wall=7720.043 write_wall=84.777 lf_steps=0 cache_hits=0
SLIM_PHASE query-chunks wall=4.122 cumulative=15185.897 peak_rss_kib=185150568
SLIM_PROGRESS runs=2539716608/2739737285 resolve_wall=617.387 lce_wall=7723.991 write_wall=84.814 lf_steps=0 cache_hits=0
SLIM_PHASE query-chunks wall=4.237 cumulative=15190.134 peak_rss_kib=185166880
SLIM_PROGRESS runs=2540765184/2739737285 resolve_wall=617.628 lce_wall=7727.697 write_wall=84.850 lf_steps=0 cache_hits=0
SLIM_PHASE query-chunks wall=3.983 cumulative=15194.118 peak_rss_kib=185175168
SLIM_PROGRESS runs=2541813760/2739737285 resolve_wall=617.875 lce_wall=7731.486 write_wall=84.885 lf_steps=0 cache_hits=0
SLIM_PHASE query-chunks wall=4.071 cumulative=15198.189 peak_rss_kib=185195088
SLIM_PROGRESS runs=2542862336/2739737285 resolve_wall=618.139 lce_wall=7735.268 write_wall=84.921 lf_steps=0 cache_hits=0
SLIM_PHASE query-chunks wall=4.082 cumulative=15202.271 peak_rss_kib=185202324
SLIM_PROGRESS runs=2543910912/2739737285 resolve_wall=618.358 lce_wall=7739.028 write_wall=84.954 lf_steps=0 cache_hits=0
SLIM_PHASE query-chunks wall=4.012 cumulative=15206.282 peak_rss_kib=185210336
SLIM_PROGRESS runs=2544959488/2739737285 resolve_wall=618.571 lce_wall=7743.478 write_wall=84.989 lf_steps=0 cache_hits=0
SLIM_PHASE query-chunks wall=4.698 cumulative=15210.981 peak_rss_kib=185219896
SLIM_PROGRESS runs=2546008064/2739737285 resolve_wall=618.779 lce_wall=7747.368 write_wall=85.022 lf_steps=0 cache_hits=0
SLIM_PHASE query-chunks wall=4.131 cumulative=15215.112 peak_rss_kib=185231300
SLIM_PROGRESS runs=2547056640/2739737285 resolve_wall=618.984 lce_wall=7750.890 write_wall=85.055 lf_steps=0 cache_hits=0
SLIM_PHASE query-chunks wall=3.762 cumulative=15218.873 peak_rss_kib=185245644
SLIM_PROGRESS runs=2548105216/2739737285 resolve_wall=619.218 lce_wall=7754.353 write_wall=85.090 lf_steps=0 cache_hits=0
SLIM_PHASE query-chunks wall=3.732 cumulative=15222.605 peak_rss_kib=185260588
SLIM_PROGRESS runs=2549153792/2739737285 resolve_wall=619.474 lce_wall=7757.769 write_wall=85.125 lf_steps=0 cache_hits=0
SLIM_PHASE query-chunks wall=3.706 cumulative=15226.311 peak_rss_kib=185278272
SLIM_PROGRESS runs=2550202368/2739737285 resolve_wall=619.729 lce_wall=7761.326 write_wall=85.160 lf_steps=0 cache_hits=0
SLIM_PHASE query-chunks wall=3.848 cumulative=15230.160 peak_rss_kib=185285368
SLIM_PROGRESS runs=2551250944/2739737285 resolve_wall=619.981 lce_wall=7764.823 write_wall=85.195 lf_steps=0 cache_hits=0
SLIM_PHASE query-chunks wall=3.784 cumulative=15233.943 peak_rss_kib=185286008
SLIM_PROGRESS runs=2552299520/2739737285 resolve_wall=620.234 lce_wall=7768.405 write_wall=85.228 lf_steps=0 cache_hits=0
SLIM_PHASE query-chunks wall=3.868 cumulative=15237.812 peak_rss_kib=185286008
SLIM_PROGRESS runs=2553348096/2739737285 resolve_wall=620.486 lce_wall=7771.819 write_wall=85.262 lf_steps=0 cache_hits=0
SLIM_PHASE query-chunks wall=3.700 cumulative=15241.512 peak_rss_kib=185295296
SLIM_PROGRESS runs=2554396672/2739737285 resolve_wall=620.736 lce_wall=7775.382 write_wall=85.297 lf_steps=0 cache_hits=0
SLIM_PHASE query-chunks wall=3.848 cumulative=15245.360 peak_rss_kib=185300408
SLIM_PROGRESS runs=2555445248/2739737285 resolve_wall=620.989 lce_wall=7779.008 write_wall=85.333 lf_steps=0 cache_hits=0
SLIM_PHASE query-chunks wall=3.914 cumulative=15249.274 peak_rss_kib=185303980
SLIM_PROGRESS runs=2556493824/2739737285 resolve_wall=621.223 lce_wall=7782.658 write_wall=85.367 lf_steps=0 cache_hits=0
SLIM_PHASE query-chunks wall=3.918 cumulative=15253.192 peak_rss_kib=185307836
SLIM_PROGRESS runs=2557542400/2739737285 resolve_wall=621.465 lce_wall=7786.462 write_wall=85.401 lf_steps=0 cache_hits=0
SLIM_PHASE query-chunks wall=4.080 cumulative=15257.272 peak_rss_kib=185307836
SLIM_PROGRESS runs=2558590976/2739737285 resolve_wall=621.714 lce_wall=7790.318 write_wall=85.435 lf_steps=0 cache_hits=0
SLIM_PHASE query-chunks wall=4.140 cumulative=15261.413 peak_rss_kib=185319364
SLIM_PROGRESS runs=2559639552/2739737285 resolve_wall=621.954 lce_wall=7794.058 write_wall=85.471 lf_steps=0 cache_hits=0
SLIM_PHASE query-chunks wall=4.016 cumulative=15265.428 peak_rss_kib=185332160
SLIM_PROGRESS runs=2560688128/2739737285 resolve_wall=622.190 lce_wall=7797.688 write_wall=85.504 lf_steps=0 cache_hits=0
SLIM_PHASE query-chunks wall=3.900 cumulative=15269.328 peak_rss_kib=185337300
SLIM_PROGRESS runs=2561736704/2739737285 resolve_wall=622.425 lce_wall=7801.287 write_wall=85.539 lf_steps=0 cache_hits=0
SLIM_PHASE query-chunks wall=3.869 cumulative=15273.197 peak_rss_kib=185346180
SLIM_PROGRESS runs=2562785280/2739737285 resolve_wall=622.663 lce_wall=7805.001 write_wall=85.573 lf_steps=0 cache_hits=0
SLIM_PHASE query-chunks wall=3.985 cumulative=15277.182 peak_rss_kib=185350884
SLIM_PROGRESS runs=2563833856/2739737285 resolve_wall=622.921 lce_wall=7808.878 write_wall=85.608 lf_steps=0 cache_hits=0
SLIM_PHASE query-chunks wall=4.171 cumulative=15281.353 peak_rss_kib=185367752
SLIM_PROGRESS runs=2564882432/2739737285 resolve_wall=623.168 lce_wall=7812.628 write_wall=85.642 lf_steps=0 cache_hits=0
SLIM_PHASE query-chunks wall=4.032 cumulative=15285.385 peak_rss_kib=185372576
SLIM_PROGRESS runs=2565931008/2739737285 resolve_wall=623.410 lce_wall=7816.338 write_wall=85.677 lf_steps=0 cache_hits=0
SLIM_PHASE query-chunks wall=3.987 cumulative=15289.372 peak_rss_kib=185385248
SLIM_PROGRESS runs=2566979584/2739737285 resolve_wall=623.663 lce_wall=7820.258 write_wall=85.714 lf_steps=0 cache_hits=0
SLIM_PHASE query-chunks wall=4.211 cumulative=15293.582 peak_rss_kib=185390888
SLIM_PROGRESS runs=2568028160/2739737285 resolve_wall=623.912 lce_wall=7824.060 write_wall=85.749 lf_steps=0 cache_hits=0
SLIM_PHASE query-chunks wall=4.085 cumulative=15297.668 peak_rss_kib=185399632
SLIM_PROGRESS runs=2569076736/2739737285 resolve_wall=624.153 lce_wall=7827.586 write_wall=85.781 lf_steps=0 cache_hits=0
SLIM_PHASE query-chunks wall=3.800 cumulative=15301.468 peak_rss_kib=185413640
SLIM_PROGRESS runs=2570125312/2739737285 resolve_wall=624.397 lce_wall=7831.147 write_wall=85.815 lf_steps=0 cache_hits=0
SLIM_PHASE query-chunks wall=3.837 cumulative=15305.306 peak_rss_kib=185427484
SLIM_PROGRESS runs=2571173888/2739737285 resolve_wall=624.646 lce_wall=7834.499 write_wall=85.848 lf_steps=0 cache_hits=0
SLIM_PHASE query-chunks wall=3.634 cumulative=15308.940 peak_rss_kib=185430692
SLIM_PROGRESS runs=2572222464/2739737285 resolve_wall=624.888 lce_wall=7838.443 write_wall=85.884 lf_steps=0 cache_hits=0
SLIM_PHASE query-chunks wall=4.223 cumulative=15313.163 peak_rss_kib=185434924
SLIM_PROGRESS runs=2573271040/2739737285 resolve_wall=625.138 lce_wall=7841.862 write_wall=85.918 lf_steps=0 cache_hits=0
SLIM_PHASE query-chunks wall=3.702 cumulative=15316.865 peak_rss_kib=185451592
SLIM_PROGRESS runs=2574319616/2739737285 resolve_wall=625.385 lce_wall=7845.175 write_wall=85.952 lf_steps=0 cache_hits=0
SLIM_PHASE query-chunks wall=3.595 cumulative=15320.460 peak_rss_kib=185455512
SLIM_PROGRESS runs=2575368192/2739737285 resolve_wall=625.630 lce_wall=7848.208 write_wall=85.985 lf_steps=0 cache_hits=0
SLIM_PHASE query-chunks wall=3.311 cumulative=15323.771 peak_rss_kib=185463868
SLIM_PROGRESS runs=2576416768/2739737285 resolve_wall=625.878 lce_wall=7851.248 write_wall=86.020 lf_steps=0 cache_hits=0
SLIM_PHASE query-chunks wall=3.323 cumulative=15327.095 peak_rss_kib=185472652
SLIM_PROGRESS runs=2577465344/2739737285 resolve_wall=626.123 lce_wall=7854.242 write_wall=86.055 lf_steps=0 cache_hits=0
SLIM_PHASE query-chunks wall=3.274 cumulative=15330.369 peak_rss_kib=185487152
SLIM_PROGRESS runs=2578513920/2739737285 resolve_wall=626.370 lce_wall=7857.172 write_wall=86.089 lf_steps=0 cache_hits=0
SLIM_PHASE query-chunks wall=3.212 cumulative=15333.580 peak_rss_kib=185494332
SLIM_PROGRESS runs=2579562496/2739737285 resolve_wall=626.618 lce_wall=7860.352 write_wall=86.124 lf_steps=0 cache_hits=0
SLIM_PHASE query-chunks wall=3.462 cumulative=15337.042 peak_rss_kib=185497432
SLIM_PROGRESS runs=2580611072/2739737285 resolve_wall=626.860 lce_wall=7863.517 write_wall=86.159 lf_steps=0 cache_hits=0
SLIM_PHASE query-chunks wall=3.442 cumulative=15340.485 peak_rss_kib=185497432
SLIM_PROGRESS runs=2581659648/2739737285 resolve_wall=627.106 lce_wall=7866.971 write_wall=86.193 lf_steps=0 cache_hits=0
SLIM_PHASE query-chunks wall=3.735 cumulative=15344.219 peak_rss_kib=185498580
SLIM_PROGRESS runs=2582708224/2739737285 resolve_wall=627.353 lce_wall=7870.262 write_wall=86.230 lf_steps=0 cache_hits=0
SLIM_PHASE query-chunks wall=3.575 cumulative=15347.794 peak_rss_kib=185501904
SLIM_PROGRESS runs=2583756800/2739737285 resolve_wall=627.600 lce_wall=7873.360 write_wall=86.264 lf_steps=0 cache_hits=0
SLIM_PHASE query-chunks wall=3.380 cumulative=15351.174 peak_rss_kib=185517648
SLIM_PROGRESS runs=2584805376/2739737285 resolve_wall=627.846 lce_wall=7876.433 write_wall=86.299 lf_steps=0 cache_hits=0
SLIM_PHASE query-chunks wall=3.353 cumulative=15354.528 peak_rss_kib=185522172
SLIM_PROGRESS runs=2585853952/2739737285 resolve_wall=628.095 lce_wall=7879.398 write_wall=86.334 lf_steps=0 cache_hits=0
SLIM_PHASE query-chunks wall=3.249 cumulative=15357.776 peak_rss_kib=185525172
SLIM_PROGRESS runs=2586902528/2739737285 resolve_wall=628.341 lce_wall=7882.285 write_wall=86.367 lf_steps=0 cache_hits=0
SLIM_PHASE query-chunks wall=3.166 cumulative=15360.943 peak_rss_kib=185539724
SLIM_PROGRESS runs=2587951104/2739737285 resolve_wall=628.584 lce_wall=7885.626 write_wall=86.400 lf_steps=0 cache_hits=0
SLIM_PHASE query-chunks wall=3.617 cumulative=15364.560 peak_rss_kib=185556688
SLIM_PROGRESS runs=2588999680/2739737285 resolve_wall=628.828 lce_wall=7888.793 write_wall=86.433 lf_steps=0 cache_hits=0
SLIM_PHASE query-chunks wall=3.444 cumulative=15368.004 peak_rss_kib=185563412
SLIM_PROGRESS runs=2590048256/2739737285 resolve_wall=629.076 lce_wall=7891.951 write_wall=86.465 lf_steps=0 cache_hits=0
SLIM_PHASE query-chunks wall=3.438 cumulative=15371.442 peak_rss_kib=185567788
SLIM_PROGRESS runs=2591096832/2739737285 resolve_wall=629.327 lce_wall=7895.054 write_wall=86.498 lf_steps=0 cache_hits=0
SLIM_PHASE query-chunks wall=3.388 cumulative=15374.830 peak_rss_kib=185572764
SLIM_PROGRESS runs=2592145408/2739737285 resolve_wall=629.572 lce_wall=7897.874 write_wall=86.533 lf_steps=0 cache_hits=0
SLIM_PHASE query-chunks wall=3.101 cumulative=15377.931 peak_rss_kib=185583516
SLIM_PROGRESS runs=2593193984/2739737285 resolve_wall=629.814 lce_wall=7901.488 write_wall=86.565 lf_steps=0 cache_hits=0
SLIM_PHASE query-chunks wall=3.887 cumulative=15381.818 peak_rss_kib=185592484
SLIM_PROGRESS runs=2594242560/2739737285 resolve_wall=630.058 lce_wall=7904.453 write_wall=86.599 lf_steps=0 cache_hits=0
SLIM_PHASE query-chunks wall=3.244 cumulative=15385.061 peak_rss_kib=185594680
SLIM_PROGRESS runs=2595291136/2739737285 resolve_wall=630.305 lce_wall=7907.311 write_wall=86.635 lf_steps=0 cache_hits=0
SLIM_PHASE query-chunks wall=3.141 cumulative=15388.202 peak_rss_kib=185607352
SLIM_PROGRESS runs=2596339712/2739737285 resolve_wall=630.546 lce_wall=7910.186 write_wall=86.668 lf_steps=0 cache_hits=0
SLIM_PHASE query-chunks wall=3.149 cumulative=15391.351 peak_rss_kib=185622832
SLIM_PROGRESS runs=2597388288/2739737285 resolve_wall=630.795 lce_wall=7913.408 write_wall=86.704 lf_steps=0 cache_hits=0
SLIM_PHASE query-chunks wall=3.507 cumulative=15394.859 peak_rss_kib=185626800
SLIM_PROGRESS runs=2598436864/2739737285 resolve_wall=631.043 lce_wall=7916.571 write_wall=86.737 lf_steps=0 cache_hits=0
SLIM_PHASE query-chunks wall=3.444 cumulative=15398.302 peak_rss_kib=185631720
SLIM_PROGRESS runs=2599485440/2739737285 resolve_wall=631.290 lce_wall=7919.581 write_wall=86.773 lf_steps=0 cache_hits=0
SLIM_PHASE query-chunks wall=3.293 cumulative=15401.596 peak_rss_kib=185641392
SLIM_PROGRESS runs=2600534016/2739737285 resolve_wall=631.534 lce_wall=7922.666 write_wall=86.805 lf_steps=0 cache_hits=0
SLIM_PHASE query-chunks wall=3.361 cumulative=15404.957 peak_rss_kib=185651860
SLIM_PROGRESS runs=2601582592/2739737285 resolve_wall=631.780 lce_wall=7925.719 write_wall=86.840 lf_steps=0 cache_hits=0
SLIM_PHASE query-chunks wall=3.335 cumulative=15408.292 peak_rss_kib=185664368
SLIM_PROGRESS runs=2602631168/2739737285 resolve_wall=632.025 lce_wall=7928.651 write_wall=86.874 lf_steps=0 cache_hits=0
SLIM_PHASE query-chunks wall=3.210 cumulative=15411.502 peak_rss_kib=185667012
SLIM_PROGRESS runs=2603679744/2739737285 resolve_wall=632.271 lce_wall=7931.685 write_wall=86.912 lf_steps=0 cache_hits=0
SLIM_PHASE query-chunks wall=3.319 cumulative=15414.821 peak_rss_kib=185668732
SLIM_PROGRESS runs=2604728320/2739737285 resolve_wall=632.521 lce_wall=7934.842 write_wall=86.948 lf_steps=0 cache_hits=0
SLIM_PHASE query-chunks wall=3.443 cumulative=15418.264 peak_rss_kib=185677876
SLIM_PROGRESS runs=2605776896/2739737285 resolve_wall=632.767 lce_wall=7937.830 write_wall=86.985 lf_steps=0 cache_hits=0
SLIM_PHASE query-chunks wall=3.271 cumulative=15421.535 peak_rss_kib=185692084
SLIM_PROGRESS runs=2606825472/2739737285 resolve_wall=633.012 lce_wall=7940.829 write_wall=87.019 lf_steps=0 cache_hits=0
SLIM_PHASE query-chunks wall=3.279 cumulative=15424.813 peak_rss_kib=185698100
SLIM_PROGRESS runs=2607874048/2739737285 resolve_wall=633.256 lce_wall=7944.123 write_wall=87.051 lf_steps=0 cache_hits=0
SLIM_PHASE query-chunks wall=3.570 cumulative=15428.384 peak_rss_kib=185710752
SLIM_PROGRESS runs=2608922624/2739737285 resolve_wall=633.503 lce_wall=7947.124 write_wall=87.085 lf_steps=0 cache_hits=0
SLIM_PHASE query-chunks wall=3.282 cumulative=15431.666 peak_rss_kib=185714168
SLIM_PROGRESS runs=2609971200/2739737285 resolve_wall=633.751 lce_wall=7950.132 write_wall=87.120 lf_steps=0 cache_hits=0
SLIM_PHASE query-chunks wall=3.291 cumulative=15434.957 peak_rss_kib=185722392
SLIM_PROGRESS runs=2611019776/2739737285 resolve_wall=634.003 lce_wall=7953.514 write_wall=87.156 lf_steps=0 cache_hits=0
SLIM_PHASE query-chunks wall=3.669 cumulative=15438.626 peak_rss_kib=185733584
SLIM_PROGRESS runs=2612068352/2739737285 resolve_wall=634.253 lce_wall=7956.805 write_wall=87.190 lf_steps=0 cache_hits=0
SLIM_PHASE query-chunks wall=3.576 cumulative=15442.202 peak_rss_kib=185751124
SLIM_PROGRESS runs=2613116928/2739737285 resolve_wall=634.492 lce_wall=7960.230 write_wall=87.225 lf_steps=0 cache_hits=0
SLIM_PHASE query-chunks wall=3.699 cumulative=15445.901 peak_rss_kib=185762172
SLIM_PROGRESS runs=2614165504/2739737285 resolve_wall=634.714 lce_wall=7963.508 write_wall=87.260 lf_steps=0 cache_hits=0
SLIM_PHASE query-chunks wall=3.534 cumulative=15449.436 peak_rss_kib=185773364
SLIM_PROGRESS runs=2615214080/2739737285 resolve_wall=634.944 lce_wall=7966.653 write_wall=87.296 lf_steps=0 cache_hits=0
SLIM_PHASE query-chunks wall=3.411 cumulative=15452.847 peak_rss_kib=185778740
SLIM_PROGRESS runs=2616262656/2739737285 resolve_wall=635.177 lce_wall=7969.830 write_wall=87.328 lf_steps=0 cache_hits=0
SLIM_PHASE query-chunks wall=3.442 cumulative=15456.289 peak_rss_kib=185785856
SLIM_PROGRESS runs=2617311232/2739737285 resolve_wall=635.412 lce_wall=7973.082 write_wall=87.362 lf_steps=0 cache_hits=0
SLIM_PHASE query-chunks wall=3.522 cumulative=15459.811 peak_rss_kib=185792356
SLIM_PROGRESS runs=2618359808/2739737285 resolve_wall=635.642 lce_wall=7976.306 write_wall=87.398 lf_steps=0 cache_hits=0
SLIM_PHASE query-chunks wall=3.490 cumulative=15463.301 peak_rss_kib=185794964
SLIM_PROGRESS runs=2619408384/2739737285 resolve_wall=635.878 lce_wall=7979.626 write_wall=87.431 lf_steps=0 cache_hits=0
SLIM_PHASE query-chunks wall=3.589 cumulative=15466.890 peak_rss_kib=185804104
SLIM_PROGRESS runs=2620456960/2739737285 resolve_wall=636.115 lce_wall=7982.864 write_wall=87.463 lf_steps=0 cache_hits=0
SLIM_PHASE query-chunks wall=3.507 cumulative=15470.397 peak_rss_kib=185813688
SLIM_PROGRESS runs=2621505536/2739737285 resolve_wall=636.357 lce_wall=7986.086 write_wall=87.499 lf_steps=0 cache_hits=0
SLIM_PHASE query-chunks wall=3.500 cumulative=15473.897 peak_rss_kib=185823560
SLIM_PROGRESS runs=2622554112/2739737285 resolve_wall=636.583 lce_wall=7989.733 write_wall=87.532 lf_steps=0 cache_hits=0
SLIM_PHASE query-chunks wall=3.906 cumulative=15477.803 peak_rss_kib=185828760
SLIM_PROGRESS runs=2623602688/2739737285 resolve_wall=636.824 lce_wall=7992.923 write_wall=87.567 lf_steps=0 cache_hits=0
SLIM_PHASE query-chunks wall=3.467 cumulative=15481.270 peak_rss_kib=185833368
SLIM_PROGRESS runs=2624651264/2739737285 resolve_wall=637.069 lce_wall=7996.096 write_wall=87.604 lf_steps=0 cache_hits=0
SLIM_PHASE query-chunks wall=3.455 cumulative=15484.724 peak_rss_kib=185845024
SLIM_PROGRESS runs=2625699840/2739737285 resolve_wall=637.318 lce_wall=7999.453 write_wall=87.642 lf_steps=0 cache_hits=0
SLIM_PHASE query-chunks wall=3.645 cumulative=15488.369 peak_rss_kib=185851328
SLIM_PROGRESS runs=2626748416/2739737285 resolve_wall=637.561 lce_wall=8002.724 write_wall=87.681 lf_steps=0 cache_hits=0
SLIM_PHASE query-chunks wall=3.553 cumulative=15491.922 peak_rss_kib=185859752
SLIM_PROGRESS runs=2627796992/2739737285 resolve_wall=637.802 lce_wall=8005.948 write_wall=87.717 lf_steps=0 cache_hits=0
SLIM_PHASE query-chunks wall=3.501 cumulative=15495.424 peak_rss_kib=185866460
SLIM_PROGRESS runs=2628845568/2739737285 resolve_wall=638.040 lce_wall=8009.081 write_wall=87.750 lf_steps=0 cache_hits=0
SLIM_PHASE query-chunks wall=3.403 cumulative=15498.827 peak_rss_kib=185873668
SLIM_PROGRESS runs=2629894144/2739737285 resolve_wall=638.267 lce_wall=8012.326 write_wall=87.781 lf_steps=0 cache_hits=0
SLIM_PHASE query-chunks wall=3.504 cumulative=15502.331 peak_rss_kib=185876164
SLIM_PROGRESS runs=2630942720/2739737285 resolve_wall=638.499 lce_wall=8015.586 write_wall=87.813 lf_steps=0 cache_hits=0
SLIM_PHASE query-chunks wall=3.524 cumulative=15505.855 peak_rss_kib=185876164
SLIM_PROGRESS runs=2631991296/2739737285 resolve_wall=638.731 lce_wall=8019.162 write_wall=87.848 lf_steps=0 cache_hits=0
SLIM_PHASE query-chunks wall=3.843 cumulative=15509.698 peak_rss_kib=185889956
SLIM_PROGRESS runs=2633039872/2739737285 resolve_wall=638.964 lce_wall=8022.590 write_wall=87.887 lf_steps=0 cache_hits=0
SLIM_PHASE query-chunks wall=3.700 cumulative=15513.398 peak_rss_kib=185903568
SLIM_PROGRESS runs=2634088448/2739737285 resolve_wall=639.203 lce_wall=8025.782 write_wall=87.922 lf_steps=0 cache_hits=0
SLIM_PHASE query-chunks wall=3.466 cumulative=15516.863 peak_rss_kib=185909784
SLIM_PROGRESS runs=2635137024/2739737285 resolve_wall=639.446 lce_wall=8028.949 write_wall=87.957 lf_steps=0 cache_hits=0
SLIM_PHASE query-chunks wall=3.446 cumulative=15520.309 peak_rss_kib=185918928
SLIM_PROGRESS runs=2636185600/2739737285 resolve_wall=639.686 lce_wall=8032.335 write_wall=87.991 lf_steps=0 cache_hits=0
SLIM_PHASE query-chunks wall=3.660 cumulative=15523.969 peak_rss_kib=185924932
SLIM_PROGRESS runs=2637234176/2739737285 resolve_wall=639.922 lce_wall=8035.580 write_wall=88.026 lf_steps=0 cache_hits=0
SLIM_PHASE query-chunks wall=3.517 cumulative=15527.486 peak_rss_kib=185937028
SLIM_PROGRESS runs=2638282752/2739737285 resolve_wall=640.152 lce_wall=8039.927 write_wall=88.060 lf_steps=0 cache_hits=0
SLIM_PHASE query-chunks wall=4.611 cumulative=15532.097 peak_rss_kib=185941760
SLIM_PROGRESS runs=2639331328/2739737285 resolve_wall=640.395 lce_wall=8043.466 write_wall=88.096 lf_steps=0 cache_hits=0
SLIM_PHASE query-chunks wall=3.817 cumulative=15535.915 peak_rss_kib=185947440
SLIM_PROGRESS runs=2640379904/2739737285 resolve_wall=640.636 lce_wall=8046.603 write_wall=88.127 lf_steps=0 cache_hits=0
SLIM_PHASE query-chunks wall=3.409 cumulative=15539.324 peak_rss_kib=185962260
SLIM_PROGRESS runs=2641428480/2739737285 resolve_wall=640.872 lce_wall=8049.780 write_wall=88.162 lf_steps=0 cache_hits=0
SLIM_PHASE query-chunks wall=3.449 cumulative=15542.772 peak_rss_kib=185964760
SLIM_PROGRESS runs=2642477056/2739737285 resolve_wall=641.102 lce_wall=8052.770 write_wall=88.195 lf_steps=0 cache_hits=0
SLIM_PHASE query-chunks wall=3.253 cumulative=15546.025 peak_rss_kib=185970464
SLIM_PROGRESS runs=2643525632/2739737285 resolve_wall=641.341 lce_wall=8055.944 write_wall=88.230 lf_steps=0 cache_hits=0
SLIM_PHASE query-chunks wall=3.448 cumulative=15549.473 peak_rss_kib=185980124
SLIM_PROGRESS runs=2644574208/2739737285 resolve_wall=641.580 lce_wall=8059.113 write_wall=88.265 lf_steps=0 cache_hits=0
SLIM_PHASE query-chunks wall=3.442 cumulative=15552.916 peak_rss_kib=185992176
SLIM_PROGRESS runs=2645622784/2739737285 resolve_wall=641.825 lce_wall=8062.222 write_wall=88.300 lf_steps=0 cache_hits=0
SLIM_PHASE query-chunks wall=3.391 cumulative=15556.306 peak_rss_kib=185994920
SLIM_PROGRESS runs=2646671360/2739737285 resolve_wall=642.062 lce_wall=8065.399 write_wall=88.335 lf_steps=0 cache_hits=0
SLIM_PHASE query-chunks wall=3.448 cumulative=15559.755 peak_rss_kib=186000868
SLIM_PROGRESS runs=2647719936/2739737285 resolve_wall=642.297 lce_wall=8068.681 write_wall=88.370 lf_steps=0 cache_hits=0
SLIM_PHASE query-chunks wall=3.553 cumulative=15563.308 peak_rss_kib=186005644
SLIM_PROGRESS runs=2648768512/2739737285 resolve_wall=642.531 lce_wall=8072.377 write_wall=88.405 lf_steps=0 cache_hits=0
SLIM_PHASE query-chunks wall=3.965 cumulative=15567.272 peak_rss_kib=186021372
SLIM_PROGRESS runs=2649817088/2739737285 resolve_wall=642.767 lce_wall=8075.493 write_wall=88.441 lf_steps=0 cache_hits=0
SLIM_PHASE query-chunks wall=3.388 cumulative=15570.660 peak_rss_kib=186035792
SLIM_PROGRESS runs=2650865664/2739737285 resolve_wall=643.004 lce_wall=8078.452 write_wall=88.476 lf_steps=0 cache_hits=0
SLIM_PHASE query-chunks wall=3.231 cumulative=15573.891 peak_rss_kib=186049028
SLIM_PROGRESS runs=2651914240/2739737285 resolve_wall=643.249 lce_wall=8081.593 write_wall=88.513 lf_steps=0 cache_hits=0
SLIM_PHASE query-chunks wall=3.423 cumulative=15577.315 peak_rss_kib=186055396
SLIM_PROGRESS runs=2652962816/2739737285 resolve_wall=643.485 lce_wall=8084.700 write_wall=88.545 lf_steps=0 cache_hits=0
SLIM_PHASE query-chunks wall=3.376 cumulative=15580.691 peak_rss_kib=186062404
SLIM_PROGRESS runs=2654011392/2739737285 resolve_wall=643.715 lce_wall=8087.964 write_wall=88.578 lf_steps=0 cache_hits=0
SLIM_PHASE query-chunks wall=3.527 cumulative=15584.218 peak_rss_kib=186075644
SLIM_PROGRESS runs=2655059968/2739737285 resolve_wall=643.953 lce_wall=8091.151 write_wall=88.612 lf_steps=0 cache_hits=0
SLIM_PHASE query-chunks wall=3.458 cumulative=15587.676 peak_rss_kib=186081924
SLIM_PROGRESS runs=2656108544/2739737285 resolve_wall=644.183 lce_wall=8094.207 write_wall=88.649 lf_steps=0 cache_hits=0
SLIM_PHASE query-chunks wall=3.324 cumulative=15591.000 peak_rss_kib=186084964
SLIM_PROGRESS runs=2657157120/2739737285 resolve_wall=644.419 lce_wall=8097.616 write_wall=88.684 lf_steps=0 cache_hits=0
SLIM_PHASE query-chunks wall=3.679 cumulative=15594.680 peak_rss_kib=186090852
SLIM_PROGRESS runs=2658205696/2739737285 resolve_wall=644.658 lce_wall=8100.908 write_wall=88.719 lf_steps=0 cache_hits=0
SLIM_PHASE query-chunks wall=3.567 cumulative=15598.246 peak_rss_kib=186103084
SLIM_PROGRESS runs=2659254272/2739737285 resolve_wall=644.894 lce_wall=8105.609 write_wall=88.757 lf_steps=0 cache_hits=0
SLIM_PHASE query-chunks wall=4.976 cumulative=15603.222 peak_rss_kib=186106812
SLIM_PROGRESS runs=2660302848/2739737285 resolve_wall=645.124 lce_wall=8109.282 write_wall=88.793 lf_steps=0 cache_hits=0
SLIM_PHASE query-chunks wall=3.937 cumulative=15607.160 peak_rss_kib=186115516
SLIM_PROGRESS runs=2661351424/2739737285 resolve_wall=645.369 lce_wall=8112.396 write_wall=88.826 lf_steps=0 cache_hits=0
SLIM_PHASE query-chunks wall=3.393 cumulative=15610.552 peak_rss_kib=186120300
SLIM_PROGRESS runs=2662400000/2739737285 resolve_wall=645.607 lce_wall=8115.541 write_wall=88.859 lf_steps=0 cache_hits=0
SLIM_PHASE query-chunks wall=3.416 cumulative=15613.968 peak_rss_kib=186133828
SLIM_PROGRESS runs=2663448576/2739737285 resolve_wall=645.850 lce_wall=8118.781 write_wall=88.895 lf_steps=0 cache_hits=0
SLIM_PHASE query-chunks wall=3.519 cumulative=15617.487 peak_rss_kib=186148004
SLIM_PROGRESS runs=2664497152/2739737285 resolve_wall=646.087 lce_wall=8122.015 write_wall=88.927 lf_steps=0 cache_hits=0
SLIM_PHASE query-chunks wall=3.503 cumulative=15620.990 peak_rss_kib=186156596
SLIM_PROGRESS runs=2665545728/2739737285 resolve_wall=646.327 lce_wall=8125.077 write_wall=88.962 lf_steps=0 cache_hits=0
SLIM_PHASE query-chunks wall=3.337 cumulative=15624.328 peak_rss_kib=186159444
SLIM_PROGRESS runs=2666594304/2739737285 resolve_wall=646.561 lce_wall=8128.049 write_wall=88.998 lf_steps=0 cache_hits=0
SLIM_PHASE query-chunks wall=3.243 cumulative=15627.570 peak_rss_kib=186168224
SLIM_PROGRESS runs=2667642880/2739737285 resolve_wall=646.796 lce_wall=8131.128 write_wall=89.032 lf_steps=0 cache_hits=0
SLIM_PHASE query-chunks wall=3.349 cumulative=15630.919 peak_rss_kib=186181328
SLIM_PROGRESS runs=2668691456/2739737285 resolve_wall=647.023 lce_wall=8134.127 write_wall=89.065 lf_steps=0 cache_hits=0
SLIM_PHASE query-chunks wall=3.258 cumulative=15634.177 peak_rss_kib=186186544
SLIM_PROGRESS runs=2669740032/2739737285 resolve_wall=647.261 lce_wall=8137.273 write_wall=89.100 lf_steps=0 cache_hits=0
SLIM_PHASE query-chunks wall=3.419 cumulative=15637.597 peak_rss_kib=186196616
SLIM_PROGRESS runs=2670788608/2739737285 resolve_wall=647.500 lce_wall=8140.522 write_wall=89.133 lf_steps=0 cache_hits=0
SLIM_PHASE query-chunks wall=3.521 cumulative=15641.118 peak_rss_kib=186214648
SLIM_PROGRESS runs=2671837184/2739737285 resolve_wall=647.737 lce_wall=8143.711 write_wall=89.169 lf_steps=0 cache_hits=0
SLIM_PHASE query-chunks wall=3.461 cumulative=15644.579 peak_rss_kib=186219288
SLIM_PROGRESS runs=2672885760/2739737285 resolve_wall=647.974 lce_wall=8146.945 write_wall=89.202 lf_steps=0 cache_hits=0
SLIM_PHASE query-chunks wall=3.506 cumulative=15648.085 peak_rss_kib=186228932
SLIM_PROGRESS runs=2673934336/2739737285 resolve_wall=648.218 lce_wall=8150.125 write_wall=89.235 lf_steps=0 cache_hits=0
SLIM_PHASE query-chunks wall=3.457 cumulative=15651.542 peak_rss_kib=186230412
SLIM_PROGRESS runs=2674982912/2739737285 resolve_wall=648.454 lce_wall=8153.566 write_wall=89.270 lf_steps=0 cache_hits=0
SLIM_PHASE query-chunks wall=3.711 cumulative=15655.253 peak_rss_kib=186238524
SLIM_PROGRESS runs=2676031488/2739737285 resolve_wall=648.695 lce_wall=8157.121 write_wall=89.301 lf_steps=0 cache_hits=0
SLIM_PHASE query-chunks wall=3.827 cumulative=15659.080 peak_rss_kib=186245392
SLIM_PROGRESS runs=2677080064/2739737285 resolve_wall=648.933 lce_wall=8160.336 write_wall=89.334 lf_steps=0 cache_hits=0
SLIM_PHASE query-chunks wall=3.487 cumulative=15662.567 peak_rss_kib=186253456
SLIM_PROGRESS runs=2678128640/2739737285 resolve_wall=649.176 lce_wall=8163.665 write_wall=89.367 lf_steps=0 cache_hits=0
SLIM_PHASE query-chunks wall=3.605 cumulative=15666.172 peak_rss_kib=186265164
SLIM_PROGRESS runs=2679177216/2739737285 resolve_wall=649.420 lce_wall=8166.961 write_wall=89.403 lf_steps=0 cache_hits=0
SLIM_PHASE query-chunks wall=3.576 cumulative=15669.748 peak_rss_kib=186275148
SLIM_PROGRESS runs=2680225792/2739737285 resolve_wall=649.660 lce_wall=8170.184 write_wall=89.435 lf_steps=0 cache_hits=0
SLIM_PHASE query-chunks wall=3.496 cumulative=15673.244 peak_rss_kib=186277708
SLIM_PROGRESS runs=2681274368/2739737285 resolve_wall=649.898 lce_wall=8173.479 write_wall=89.469 lf_steps=0 cache_hits=0
SLIM_PHASE query-chunks wall=3.567 cumulative=15676.810 peak_rss_kib=186281504
SLIM_PROGRESS runs=2682322944/2739737285 resolve_wall=650.131 lce_wall=8176.680 write_wall=89.503 lf_steps=0 cache_hits=0
SLIM_PHASE query-chunks wall=3.468 cumulative=15680.278 peak_rss_kib=186283832
SLIM_PROGRESS runs=2683371520/2739737285 resolve_wall=650.392 lce_wall=8180.142 write_wall=89.544 lf_steps=0 cache_hits=0
SLIM_PHASE query-chunks wall=3.765 cumulative=15684.043 peak_rss_kib=186291100
SLIM_PROGRESS runs=2684420096/2739737285 resolve_wall=650.666 lce_wall=8183.382 write_wall=89.592 lf_steps=0 cache_hits=0
SLIM_PHASE query-chunks wall=3.562 cumulative=15687.605 peak_rss_kib=186298692
SLIM_PROGRESS runs=2685468672/2739737285 resolve_wall=650.942 lce_wall=8186.837 write_wall=89.635 lf_steps=0 cache_hits=0
SLIM_PHASE query-chunks wall=3.774 cumulative=15691.379 peak_rss_kib=186307020
SLIM_PROGRESS runs=2686517248/2739737285 resolve_wall=651.202 lce_wall=8190.367 write_wall=89.675 lf_steps=0 cache_hits=0
SLIM_PHASE query-chunks wall=3.829 cumulative=15695.209 peak_rss_kib=186321428
SLIM_PROGRESS runs=2687565824/2739737285 resolve_wall=651.454 lce_wall=8193.578 write_wall=89.714 lf_steps=0 cache_hits=0
SLIM_PHASE query-chunks wall=3.502 cumulative=15698.711 peak_rss_kib=186326852
SLIM_PROGRESS runs=2688614400/2739737285 resolve_wall=651.717 lce_wall=8196.704 write_wall=89.753 lf_steps=0 cache_hits=0
SLIM_PHASE query-chunks wall=3.429 cumulative=15702.140 peak_rss_kib=186343460
SLIM_PROGRESS runs=2689662976/2739737285 resolve_wall=652.002 lce_wall=8199.938 write_wall=89.798 lf_steps=0 cache_hits=0
SLIM_PHASE query-chunks wall=3.563 cumulative=15705.703 peak_rss_kib=186350028
SLIM_PROGRESS runs=2690711552/2739737285 resolve_wall=652.272 lce_wall=8203.271 write_wall=89.840 lf_steps=0 cache_hits=0
SLIM_PHASE query-chunks wall=3.646 cumulative=15709.349 peak_rss_kib=186356132
SLIM_PROGRESS runs=2691760128/2739737285 resolve_wall=652.550 lce_wall=8206.623 write_wall=89.887 lf_steps=0 cache_hits=0
SLIM_PHASE query-chunks wall=3.676 cumulative=15713.025 peak_rss_kib=186364192
SLIM_PROGRESS runs=2692808704/2739737285 resolve_wall=652.788 lce_wall=8210.062 write_wall=89.923 lf_steps=0 cache_hits=0
SLIM_PHASE query-chunks wall=3.714 cumulative=15716.739 peak_rss_kib=186365816
SLIM_PROGRESS runs=2693857280/2739737285 resolve_wall=653.036 lce_wall=8213.542 write_wall=89.962 lf_steps=0 cache_hits=0
SLIM_PHASE query-chunks wall=3.766 cumulative=15720.505 peak_rss_kib=186380852
SLIM_PROGRESS runs=2694905856/2739737285 resolve_wall=653.273 lce_wall=8216.893 write_wall=89.999 lf_steps=0 cache_hits=0
SLIM_PHASE query-chunks wall=3.626 cumulative=15724.132 peak_rss_kib=186389684
SLIM_PROGRESS runs=2695954432/2739737285 resolve_wall=653.516 lce_wall=8219.965 write_wall=90.037 lf_steps=0 cache_hits=0
SLIM_PHASE query-chunks wall=3.353 cumulative=15727.485 peak_rss_kib=186403964
SLIM_PROGRESS runs=2697003008/2739737285 resolve_wall=653.747 lce_wall=8223.144 write_wall=90.074 lf_steps=0 cache_hits=0
SLIM_PHASE query-chunks wall=3.447 cumulative=15730.932 peak_rss_kib=186409580
SLIM_PROGRESS runs=2698051584/2739737285 resolve_wall=653.977 lce_wall=8226.387 write_wall=90.103 lf_steps=0 cache_hits=0
SLIM_PHASE query-chunks wall=3.503 cumulative=15734.434 peak_rss_kib=186418004
SLIM_PROGRESS runs=2699100160/2739737285 resolve_wall=654.215 lce_wall=8229.827 write_wall=90.134 lf_steps=0 cache_hits=0
SLIM_PHASE query-chunks wall=3.709 cumulative=15738.143 peak_rss_kib=186420564
SLIM_PROGRESS runs=2700148736/2739737285 resolve_wall=654.452 lce_wall=8233.285 write_wall=90.167 lf_steps=0 cache_hits=0
SLIM_PHASE query-chunks wall=3.728 cumulative=15741.871 peak_rss_kib=186424440
SLIM_PROGRESS runs=2701197312/2739737285 resolve_wall=654.692 lce_wall=8236.697 write_wall=90.203 lf_steps=0 cache_hits=0
SLIM_PHASE query-chunks wall=3.688 cumulative=15745.559 peak_rss_kib=186437528
SLIM_PROGRESS runs=2702245888/2739737285 resolve_wall=654.932 lce_wall=8240.057 write_wall=90.239 lf_steps=0 cache_hits=0
SLIM_PHASE query-chunks wall=3.636 cumulative=15749.195 peak_rss_kib=186444660
SLIM_PROGRESS runs=2703294464/2739737285 resolve_wall=655.173 lce_wall=8243.553 write_wall=90.276 lf_steps=0 cache_hits=0
SLIM_PHASE query-chunks wall=3.775 cumulative=15752.970 peak_rss_kib=186460428
SLIM_PROGRESS runs=2704343040/2739737285 resolve_wall=655.398 lce_wall=8246.901 write_wall=90.310 lf_steps=0 cache_hits=0
SLIM_PHASE query-chunks wall=3.607 cumulative=15756.577 peak_rss_kib=186463516
SLIM_PROGRESS runs=2705391616/2739737285 resolve_wall=655.627 lce_wall=8250.228 write_wall=90.346 lf_steps=0 cache_hits=0
SLIM_PHASE query-chunks wall=3.592 cumulative=15760.169 peak_rss_kib=186471288
SLIM_PROGRESS runs=2706440192/2739737285 resolve_wall=655.865 lce_wall=8253.749 write_wall=90.381 lf_steps=0 cache_hits=0
SLIM_PHASE query-chunks wall=3.794 cumulative=15763.963 peak_rss_kib=186481840
SLIM_PROGRESS runs=2707488768/2739737285 resolve_wall=656.098 lce_wall=8257.000 write_wall=90.413 lf_steps=0 cache_hits=0
SLIM_PHASE query-chunks wall=3.517 cumulative=15767.480 peak_rss_kib=186491772
SLIM_PROGRESS runs=2708537344/2739737285 resolve_wall=656.332 lce_wall=8260.358 write_wall=90.448 lf_steps=0 cache_hits=0
SLIM_PHASE query-chunks wall=3.627 cumulative=15771.107 peak_rss_kib=186506644
SLIM_PROGRESS runs=2709585920/2739737285 resolve_wall=656.559 lce_wall=8263.945 write_wall=90.482 lf_steps=0 cache_hits=0
SLIM_PHASE query-chunks wall=3.848 cumulative=15774.955 peak_rss_kib=186508112
SLIM_PROGRESS runs=2710634496/2739737285 resolve_wall=656.795 lce_wall=8267.511 write_wall=90.515 lf_steps=0 cache_hits=0
SLIM_PHASE query-chunks wall=3.836 cumulative=15778.791 peak_rss_kib=186520012
SLIM_PROGRESS runs=2711683072/2739737285 resolve_wall=657.033 lce_wall=8270.980 write_wall=90.551 lf_steps=0 cache_hits=0
SLIM_PHASE query-chunks wall=3.742 cumulative=15782.533 peak_rss_kib=186526700
SLIM_PROGRESS runs=2712731648/2739737285 resolve_wall=657.260 lce_wall=8274.633 write_wall=90.584 lf_steps=0 cache_hits=0
SLIM_PHASE query-chunks wall=3.912 cumulative=15786.445 peak_rss_kib=186531184
SLIM_PROGRESS runs=2713780224/2739737285 resolve_wall=657.494 lce_wall=8278.382 write_wall=90.617 lf_steps=0 cache_hits=0
SLIM_PHASE query-chunks wall=4.017 cumulative=15790.462 peak_rss_kib=186536980
SLIM_PROGRESS runs=2714828800/2739737285 resolve_wall=657.733 lce_wall=8282.217 write_wall=90.651 lf_steps=0 cache_hits=0
SLIM_PHASE query-chunks wall=4.110 cumulative=15794.571 peak_rss_kib=186542820
SLIM_PROGRESS runs=2715877376/2739737285 resolve_wall=657.961 lce_wall=8286.207 write_wall=90.684 lf_steps=0 cache_hits=0
SLIM_PHASE query-chunks wall=4.250 cumulative=15798.821 peak_rss_kib=186545596
SLIM_PROGRESS runs=2716925952/2739737285 resolve_wall=658.180 lce_wall=8290.399 write_wall=90.716 lf_steps=0 cache_hits=0
SLIM_PHASE query-chunks wall=4.444 cumulative=15803.265 peak_rss_kib=186549472
SLIM_PROGRESS runs=2717974528/2739737285 resolve_wall=658.422 lce_wall=8294.146 write_wall=90.753 lf_steps=0 cache_hits=0
SLIM_PHASE query-chunks wall=4.025 cumulative=15807.291 peak_rss_kib=186549472
SLIM_PROGRESS runs=2719023104/2739737285 resolve_wall=658.656 lce_wall=8297.776 write_wall=90.788 lf_steps=0 cache_hits=0
SLIM_PHASE query-chunks wall=3.900 cumulative=15811.190 peak_rss_kib=186560020
SLIM_PROGRESS runs=2720071680/2739737285 resolve_wall=658.887 lce_wall=8301.390 write_wall=90.823 lf_steps=0 cache_hits=0
SLIM_PHASE query-chunks wall=3.879 cumulative=15815.070 peak_rss_kib=186574172
SLIM_PROGRESS runs=2721120256/2739737285 resolve_wall=659.127 lce_wall=8305.045 write_wall=90.858 lf_steps=0 cache_hits=0
SLIM_PHASE query-chunks wall=3.930 cumulative=15819.000 peak_rss_kib=186585684
SLIM_PROGRESS runs=2722168832/2739737285 resolve_wall=659.361 lce_wall=8308.709 write_wall=90.893 lf_steps=0 cache_hits=0
SLIM_PHASE query-chunks wall=3.934 cumulative=15822.934 peak_rss_kib=186591788
SLIM_PROGRESS runs=2723217408/2739737285 resolve_wall=659.600 lce_wall=8312.385 write_wall=90.930 lf_steps=0 cache_hits=0
SLIM_PHASE query-chunks wall=3.953 cumulative=15826.886 peak_rss_kib=186608796
SLIM_PROGRESS runs=2724265984/2739737285 resolve_wall=659.838 lce_wall=8316.097 write_wall=90.967 lf_steps=0 cache_hits=0
SLIM_PHASE query-chunks wall=3.987 cumulative=15830.873 peak_rss_kib=186611156
SLIM_PROGRESS runs=2725314560/2739737285 resolve_wall=660.079 lce_wall=8319.803 write_wall=91.004 lf_steps=0 cache_hits=0
SLIM_PHASE query-chunks wall=3.984 cumulative=15834.857 peak_rss_kib=186621972
SLIM_PROGRESS runs=2726363136/2739737285 resolve_wall=660.316 lce_wall=8323.503 write_wall=91.040 lf_steps=0 cache_hits=0
SLIM_PHASE query-chunks wall=3.972 cumulative=15838.829 peak_rss_kib=186639164
SLIM_PROGRESS runs=2727411712/2739737285 resolve_wall=660.557 lce_wall=8327.193 write_wall=91.078 lf_steps=0 cache_hits=0
SLIM_PHASE query-chunks wall=3.969 cumulative=15842.799 peak_rss_kib=186641724
SLIM_PROGRESS runs=2728460288/2739737285 resolve_wall=660.797 lce_wall=8330.870 write_wall=91.113 lf_steps=0 cache_hits=0
SLIM_PHASE query-chunks wall=3.952 cumulative=15846.751 peak_rss_kib=186654280
SLIM_PROGRESS runs=2729508864/2739737285 resolve_wall=661.028 lce_wall=8334.548 write_wall=91.150 lf_steps=0 cache_hits=0
SLIM_PHASE query-chunks wall=3.945 cumulative=15850.697 peak_rss_kib=186667696
SLIM_PROGRESS runs=2730557440/2739737285 resolve_wall=661.259 lce_wall=8338.221 write_wall=91.186 lf_steps=0 cache_hits=0
SLIM_PHASE query-chunks wall=3.941 cumulative=15854.638 peak_rss_kib=186676160
SLIM_PROGRESS runs=2731606016/2739737285 resolve_wall=661.501 lce_wall=8341.896 write_wall=91.222 lf_steps=0 cache_hits=0
SLIM_PHASE query-chunks wall=3.954 cumulative=15858.592 peak_rss_kib=186684804
SLIM_PROGRESS runs=2732654592/2739737285 resolve_wall=661.740 lce_wall=8345.575 write_wall=91.258 lf_steps=0 cache_hits=0
SLIM_PHASE query-chunks wall=3.954 cumulative=15862.545 peak_rss_kib=186689540
SLIM_PROGRESS runs=2733703168/2739737285 resolve_wall=661.968 lce_wall=8349.248 write_wall=91.293 lf_steps=0 cache_hits=0
SLIM_PHASE query-chunks wall=3.936 cumulative=15866.481 peak_rss_kib=186692128
SLIM_PROGRESS runs=2734751744/2739737285 resolve_wall=662.206 lce_wall=8352.911 write_wall=91.329 lf_steps=0 cache_hits=0
SLIM_PHASE query-chunks wall=3.937 cumulative=15870.418 peak_rss_kib=186696904
SLIM_PROGRESS runs=2735800320/2739737285 resolve_wall=662.444 lce_wall=8356.587 write_wall=91.363 lf_steps=0 cache_hits=0
SLIM_PHASE query-chunks wall=3.949 cumulative=15874.367 peak_rss_kib=186723668
SLIM_PROGRESS runs=2736848896/2739737285 resolve_wall=662.674 lce_wall=8360.264 write_wall=91.397 lf_steps=0 cache_hits=0
SLIM_PHASE query-chunks wall=3.942 cumulative=15878.308 peak_rss_kib=186723668
SLIM_PROGRESS runs=2737897472/2739737285 resolve_wall=662.909 lce_wall=8363.904 write_wall=91.430 lf_steps=0 cache_hits=0
SLIM_PHASE query-chunks wall=3.908 cumulative=15882.216 peak_rss_kib=186724700
SLIM_PROGRESS runs=2738946048/2739737285 resolve_wall=663.133 lce_wall=8367.534 write_wall=91.464 lf_steps=0 cache_hits=0
SLIM_PHASE query-chunks wall=3.888 cumulative=15886.104 peak_rss_kib=186731820
SLIM_PHASE queries+stream-write-final wall=2.887 cumulative=15888.992 peak_rss_kib=186737548
SLIM_FP parse tau=46 bytes=2698651352 queries=1673694719 verified_symbols=80931382013 hash_probes=3857348778 mean_verified=48.354924643 max_verified=272889 max_requested_lce=272888 verification_work=88047919837 hash_probe_charges=15429395101 suffix_symbol_reads=347164851086 total_work=0 total_limit=18446744073709551615 verification_limit=18446744073709551615 probe_limit=18446744073709551615
SLIM_FP dict tau=55 bytes=2707196032 queries=5876309445 verified_symbols=278110891082 hash_probes=24054749154 mean_verified=47.327475465 max_verified=30000000 max_requested_lce=29999999 verification_work=346656501835 hash_probe_charges=96218996616 suffix_symbol_reads=2597937466269 total_work=0 total_limit=18446744073709551615 verification_limit=18446744073709551615 probe_limit=18446744073709551615
SLIM_QUERY_PHASE resolve_wall=663.317715 resolve_peak_kib=186737548 lce_wall=8370.209942 lce_peak_kib=186737548 write_wall=91.490787 write_peak_kib=186737548
SLIM_SEEDS queries=5144497961 mean_verified_phrases=15.731638466 max_verified_phrases=272889 (includes_zero_parse_work_seeds; boundary_included)
SLIM_RESOLVE walks=0 steps=0 max=0 anchor=0 failed=0 cache_hits=0
SLIM_BOUNDARY_RESOLVE head_direct=2739737285 tail_direct=5144497936 head_lf_steps=0
