COMMAND ["/tmp/laneQ/pass4/slim_dump", "--slim", "--resolve-ri4", "--dict-stream", "--ri4", "/mnt/nvme3n1/erikg/sxgc-pilot/k10/h10new2.ri4", "--parse", "/mnt/nvme3n1/erikg/sxgc-pilot/k10/h10rl_pfp", "--head-sa", "/mnt/nvme3n1/erikg/sxgc-pilot/k10/h10.head_sa", "-o", "/mnt/nvme3n1/erikg/sxgc-pilot/k10/h10.slim.head.agg", "-t", "64"]
ri4: n=30151407545 k=865 R=1859825801
SLIM_PHASE ri4-load wall=16.227 cumulative=16.227 peak_rss_kib=31557632
SLIM_HEAD_SA bytes=14878606408 rows=1859825801 mmap=1
SLIM_PHASE dict-read wall=0.000 cumulative=16.227 peak_rss_kib=31559680
SLIM_PHASE dict-boundaries wall=44.286 cumulative=60.513 peak_rss_kib=31608832
SLIM_STRING_ENDS count=865 bytes=8192 from_parse_dict=1
SLIM_PHASE parse+boundaries wall=93.599 cumulative=154.112 peak_rss_kib=33308672
SLIM_PHASE parse-fingerprints wall=2.058 cumulative=156.170 peak_rss_kib=34611200
SLIM_PHASE dict-fingerprints wall=24.663 cumulative=180.833 peak_rss_kib=36397056
SLIM_STRUCT n=30151407555 P=333531723 D=5483754406 phrases=37705212 parse_bytes=1334126896 bd_bytes=49162466 bp_bytes=384442745 dict_resident=0 dict_cache_per_thread=262144 no_SA_ISA_LCP_RMQ=1 no_M_b_bwt_w_wt=1
SLIM_PHASE lce-build-total wall=164.712 cumulative=180.938 peak_rss_kib=36397056
SLIM_PHASE lf-build wall=26.129 cumulative=207.068 peak_rss_kib=58193052
SLIM_RI runs=9299129005 starts=14878606408 samples=8136737880 lf_capacity=23468546168
SLIM_PROGRESS runs=65536/1859825801 resolve_wall=0.021 lce_wall=0.178 write_wall=0.001 lf_steps=0 cache_hits=0
SLIM_PHASE query-chunks wall=0.200 cumulative=207.268 peak_rss_kib=58213532
SLIM_PROGRESS runs=1114112/1859825801 resolve_wall=0.255 lce_wall=3.216 write_wall=0.009 lf_steps=0 cache_hits=0
SLIM_PHASE query-chunks wall=3.281 cumulative=210.548 peak_rss_kib=58214120
SLIM_PROGRESS runs=2162688/1859825801 resolve_wall=0.490 lce_wall=6.277 write_wall=0.017 lf_steps=0 cache_hits=0
SLIM_PHASE query-chunks wall=3.305 cumulative=213.853 peak_rss_kib=58215496
SLIM_PROGRESS runs=3211264/1859825801 resolve_wall=0.726 lce_wall=9.260 write_wall=0.025 lf_steps=0 cache_hits=0
SLIM_PHASE query-chunks wall=3.227 cumulative=217.081 peak_rss_kib=58215880
SLIM_PROGRESS runs=4259840/1859825801 resolve_wall=0.966 lce_wall=12.216 write_wall=0.033 lf_steps=0 cache_hits=0
SLIM_PHASE query-chunks wall=3.204 cumulative=220.285 peak_rss_kib=58215880
SLIM_PROGRESS runs=5308416/1859825801 resolve_wall=1.206 lce_wall=15.126 write_wall=0.041 lf_steps=0 cache_hits=0
SLIM_PHASE query-chunks wall=3.157 cumulative=223.442 peak_rss_kib=58215880
SLIM_PROGRESS runs=6356992/1859825801 resolve_wall=1.447 lce_wall=18.036 write_wall=0.048 lf_steps=0 cache_hits=0
SLIM_PHASE query-chunks wall=3.159 cumulative=226.601 peak_rss_kib=58216228
SLIM_PROGRESS runs=7405568/1859825801 resolve_wall=1.692 lce_wall=21.362 write_wall=0.056 lf_steps=0 cache_hits=0
SLIM_PHASE query-chunks wall=3.579 cumulative=230.180 peak_rss_kib=58216644
SLIM_PROGRESS runs=8454144/1859825801 resolve_wall=1.936 lce_wall=24.190 write_wall=0.064 lf_steps=0 cache_hits=0
SLIM_PHASE query-chunks wall=3.080 cumulative=233.260 peak_rss_kib=58216644
SLIM_PROGRESS runs=9502720/1859825801 resolve_wall=2.178 lce_wall=26.962 write_wall=0.072 lf_steps=0 cache_hits=0
SLIM_PHASE query-chunks wall=3.021 cumulative=236.281 peak_rss_kib=58216644
SLIM_PROGRESS runs=10551296/1859825801 resolve_wall=2.421 lce_wall=29.907 write_wall=0.079 lf_steps=0 cache_hits=0
SLIM_PHASE query-chunks wall=3.196 cumulative=239.478 peak_rss_kib=58217280
SLIM_PROGRESS runs=11599872/1859825801 resolve_wall=2.666 lce_wall=32.921 write_wall=0.087 lf_steps=0 cache_hits=0
SLIM_PHASE query-chunks wall=3.267 cumulative=242.745 peak_rss_kib=58217728
SLIM_PROGRESS runs=12648448/1859825801 resolve_wall=2.907 lce_wall=35.798 write_wall=0.095 lf_steps=0 cache_hits=0
SLIM_PHASE query-chunks wall=3.126 cumulative=245.870 peak_rss_kib=58218660
SLIM_PROGRESS runs=13697024/1859825801 resolve_wall=3.150 lce_wall=38.792 write_wall=0.102 lf_steps=0 cache_hits=0
SLIM_PHASE query-chunks wall=3.245 cumulative=249.115 peak_rss_kib=58219172
SLIM_PROGRESS runs=14745600/1859825801 resolve_wall=3.393 lce_wall=41.889 write_wall=0.110 lf_steps=0 cache_hits=0
SLIM_PHASE query-chunks wall=3.347 cumulative=252.463 peak_rss_kib=58219556
SLIM_PROGRESS runs=15794176/1859825801 resolve_wall=3.630 lce_wall=44.665 write_wall=0.118 lf_steps=0 cache_hits=0
SLIM_PHASE query-chunks wall=3.021 cumulative=255.483 peak_rss_kib=58219564
SLIM_PROGRESS runs=16842752/1859825801 resolve_wall=3.874 lce_wall=47.438 write_wall=0.126 lf_steps=0 cache_hits=0
SLIM_PHASE query-chunks wall=3.026 cumulative=258.510 peak_rss_kib=58220116
SLIM_PROGRESS runs=17891328/1859825801 resolve_wall=4.116 lce_wall=50.351 write_wall=0.133 lf_steps=0 cache_hits=0
SLIM_PHASE query-chunks wall=3.162 cumulative=261.671 peak_rss_kib=58220628
SLIM_PROGRESS runs=18939904/1859825801 resolve_wall=4.365 lce_wall=53.316 write_wall=0.141 lf_steps=0 cache_hits=0
SLIM_PHASE query-chunks wall=3.222 cumulative=264.894 peak_rss_kib=58221272
SLIM_PROGRESS runs=19988480/1859825801 resolve_wall=4.611 lce_wall=56.271 write_wall=0.149 lf_steps=0 cache_hits=0
SLIM_PHASE query-chunks wall=3.208 cumulative=268.102 peak_rss_kib=58221784
SLIM_PROGRESS runs=21037056/1859825801 resolve_wall=4.855 lce_wall=59.075 write_wall=0.157 lf_steps=0 cache_hits=0
SLIM_PHASE query-chunks wall=3.056 cumulative=271.158 peak_rss_kib=58222492
SLIM_PROGRESS runs=22085632/1859825801 resolve_wall=5.097 lce_wall=61.873 write_wall=0.165 lf_steps=0 cache_hits=0
SLIM_PHASE query-chunks wall=3.048 cumulative=274.206 peak_rss_kib=58225052
SLIM_PROGRESS runs=23134208/1859825801 resolve_wall=5.339 lce_wall=64.792 write_wall=0.172 lf_steps=0 cache_hits=0
SLIM_PHASE query-chunks wall=3.168 cumulative=277.374 peak_rss_kib=58225532
SLIM_PROGRESS runs=24182784/1859825801 resolve_wall=5.585 lce_wall=67.867 write_wall=0.180 lf_steps=0 cache_hits=0
SLIM_PHASE query-chunks wall=3.329 cumulative=280.703 peak_rss_kib=58225696
SLIM_PROGRESS runs=25231360/1859825801 resolve_wall=5.831 lce_wall=70.830 write_wall=0.188 lf_steps=0 cache_hits=0
SLIM_PHASE query-chunks wall=3.218 cumulative=283.921 peak_rss_kib=58226572
SLIM_PROGRESS runs=26279936/1859825801 resolve_wall=6.076 lce_wall=73.902 write_wall=0.195 lf_steps=0 cache_hits=0
SLIM_PHASE query-chunks wall=3.325 cumulative=287.246 peak_rss_kib=58228760
SLIM_PROGRESS runs=27328512/1859825801 resolve_wall=6.320 lce_wall=76.914 write_wall=0.203 lf_steps=0 cache_hits=0
SLIM_PHASE query-chunks wall=3.263 cumulative=290.509 peak_rss_kib=58229272
SLIM_PROGRESS runs=28377088/1859825801 resolve_wall=6.564 lce_wall=80.046 write_wall=0.211 lf_steps=0 cache_hits=0
SLIM_PHASE query-chunks wall=3.384 cumulative=293.893 peak_rss_kib=58229400
SLIM_PROGRESS runs=29425664/1859825801 resolve_wall=6.808 lce_wall=83.348 write_wall=0.218 lf_steps=0 cache_hits=0
SLIM_PHASE query-chunks wall=3.553 cumulative=297.446 peak_rss_kib=58232936
SLIM_PROGRESS runs=30474240/1859825801 resolve_wall=7.052 lce_wall=86.574 write_wall=0.226 lf_steps=0 cache_hits=0
SLIM_PHASE query-chunks wall=3.478 cumulative=300.925 peak_rss_kib=58232936
SLIM_PROGRESS runs=31522816/1859825801 resolve_wall=7.294 lce_wall=89.509 write_wall=0.233 lf_steps=0 cache_hits=0
SLIM_PHASE query-chunks wall=3.185 cumulative=304.110 peak_rss_kib=58233780
SLIM_PROGRESS runs=32571392/1859825801 resolve_wall=7.537 lce_wall=92.081 write_wall=0.241 lf_steps=0 cache_hits=0
SLIM_PHASE query-chunks wall=2.823 cumulative=306.933 peak_rss_kib=58236596
SLIM_PROGRESS runs=33619968/1859825801 resolve_wall=7.784 lce_wall=94.862 write_wall=0.249 lf_steps=0 cache_hits=0
SLIM_PHASE query-chunks wall=3.035 cumulative=309.967 peak_rss_kib=58236980
SLIM_PROGRESS runs=34668544/1859825801 resolve_wall=8.029 lce_wall=97.746 write_wall=0.257 lf_steps=0 cache_hits=0
SLIM_PHASE query-chunks wall=3.137 cumulative=313.105 peak_rss_kib=58237600
SLIM_PROGRESS runs=35717120/1859825801 resolve_wall=8.273 lce_wall=100.575 write_wall=0.264 lf_steps=0 cache_hits=0
SLIM_PHASE query-chunks wall=3.081 cumulative=316.186 peak_rss_kib=58244256
SLIM_PROGRESS runs=36765696/1859825801 resolve_wall=8.516 lce_wall=103.430 write_wall=0.272 lf_steps=0 cache_hits=0
SLIM_PHASE query-chunks wall=3.105 cumulative=319.291 peak_rss_kib=58248744
SLIM_PROGRESS runs=37814272/1859825801 resolve_wall=8.759 lce_wall=106.259 write_wall=0.280 lf_steps=0 cache_hits=0
SLIM_PHASE query-chunks wall=3.080 cumulative=322.371 peak_rss_kib=58250916
SLIM_PROGRESS runs=38862848/1859825801 resolve_wall=9.005 lce_wall=109.114 write_wall=0.288 lf_steps=0 cache_hits=0
SLIM_PHASE query-chunks wall=3.110 cumulative=325.481 peak_rss_kib=58253972
SLIM_PROGRESS runs=39911424/1859825801 resolve_wall=9.250 lce_wall=111.919 write_wall=0.295 lf_steps=0 cache_hits=0
SLIM_PHASE query-chunks wall=3.057 cumulative=328.538 peak_rss_kib=58258520
SLIM_PROGRESS runs=40960000/1859825801 resolve_wall=9.494 lce_wall=114.581 write_wall=0.303 lf_steps=0 cache_hits=0
SLIM_PHASE query-chunks wall=2.915 cumulative=331.453 peak_rss_kib=58261080
SLIM_PROGRESS runs=42008576/1859825801 resolve_wall=9.740 lce_wall=117.508 write_wall=0.311 lf_steps=0 cache_hits=0
SLIM_PHASE query-chunks wall=3.180 cumulative=334.633 peak_rss_kib=58261728
SLIM_PROGRESS runs=43057152/1859825801 resolve_wall=9.983 lce_wall=120.475 write_wall=0.319 lf_steps=0 cache_hits=0
SLIM_PHASE query-chunks wall=3.218 cumulative=337.851 peak_rss_kib=58266336
SLIM_PROGRESS runs=44105728/1859825801 resolve_wall=10.228 lce_wall=123.568 write_wall=0.327 lf_steps=0 cache_hits=0
SLIM_PHASE query-chunks wall=3.346 cumulative=341.197 peak_rss_kib=58271084
SLIM_PROGRESS runs=45154304/1859825801 resolve_wall=10.473 lce_wall=126.343 write_wall=0.334 lf_steps=0 cache_hits=0
SLIM_PHASE query-chunks wall=3.028 cumulative=344.225 peak_rss_kib=58275328
SLIM_PROGRESS runs=46202880/1859825801 resolve_wall=10.713 lce_wall=129.230 write_wall=0.343 lf_steps=0 cache_hits=0
SLIM_PHASE query-chunks wall=3.136 cumulative=347.361 peak_rss_kib=58286084
SLIM_PROGRESS runs=47251456/1859825801 resolve_wall=10.961 lce_wall=132.219 write_wall=0.354 lf_steps=0 cache_hits=0
SLIM_PHASE query-chunks wall=3.248 cumulative=350.609 peak_rss_kib=58292236
SLIM_PROGRESS runs=48300032/1859825801 resolve_wall=11.201 lce_wall=135.362 write_wall=0.365 lf_steps=0 cache_hits=0
SLIM_PHASE query-chunks wall=3.393 cumulative=354.002 peak_rss_kib=58297436
SLIM_PROGRESS runs=49348608/1859825801 resolve_wall=11.440 lce_wall=138.521 write_wall=0.378 lf_steps=0 cache_hits=0
SLIM_PHASE query-chunks wall=3.411 cumulative=357.414 peak_rss_kib=58300480
SLIM_PROGRESS runs=50397184/1859825801 resolve_wall=11.679 lce_wall=141.447 write_wall=0.390 lf_steps=0 cache_hits=0
SLIM_PHASE query-chunks wall=3.178 cumulative=360.592 peak_rss_kib=58305088
SLIM_PROGRESS runs=51445760/1859825801 resolve_wall=11.918 lce_wall=144.580 write_wall=0.402 lf_steps=0 cache_hits=0
SLIM_PHASE query-chunks wall=3.384 cumulative=363.976 peak_rss_kib=58313124
SLIM_PROGRESS runs=52494336/1859825801 resolve_wall=12.156 lce_wall=147.483 write_wall=0.411 lf_steps=0 cache_hits=0
SLIM_PHASE query-chunks wall=3.150 cumulative=367.126 peak_rss_kib=58316788
SLIM_PROGRESS runs=53542912/1859825801 resolve_wall=12.396 lce_wall=150.349 write_wall=0.422 lf_steps=0 cache_hits=0
SLIM_PHASE query-chunks wall=3.116 cumulative=370.242 peak_rss_kib=58326692
SLIM_PROGRESS runs=54591488/1859825801 resolve_wall=12.637 lce_wall=153.301 write_wall=0.432 lf_steps=0 cache_hits=0
SLIM_PHASE query-chunks wall=3.204 cumulative=373.446 peak_rss_kib=58331276
SLIM_PROGRESS runs=55640064/1859825801 resolve_wall=12.879 lce_wall=156.376 write_wall=0.442 lf_steps=0 cache_hits=0
SLIM_PHASE query-chunks wall=3.328 cumulative=376.773 peak_rss_kib=58337932
SLIM_PROGRESS runs=56688640/1859825801 resolve_wall=13.120 lce_wall=159.396 write_wall=0.453 lf_steps=0 cache_hits=0
SLIM_PHASE query-chunks wall=3.272 cumulative=380.045 peak_rss_kib=58344588
SLIM_PROGRESS runs=57737216/1859825801 resolve_wall=13.360 lce_wall=162.549 write_wall=0.463 lf_steps=0 cache_hits=0
SLIM_PHASE query-chunks wall=3.402 cumulative=383.448 peak_rss_kib=58355340
SLIM_PROGRESS runs=58785792/1859825801 resolve_wall=13.598 lce_wall=165.697 write_wall=0.474 lf_steps=0 cache_hits=0
SLIM_PHASE query-chunks wall=3.397 cumulative=386.845 peak_rss_kib=58372012
SLIM_PROGRESS runs=59834368/1859825801 resolve_wall=13.839 lce_wall=168.651 write_wall=0.483 lf_steps=0 cache_hits=0
SLIM_PHASE query-chunks wall=3.205 cumulative=390.050 peak_rss_kib=58386228
SLIM_PROGRESS runs=60882944/1859825801 resolve_wall=14.079 lce_wall=171.798 write_wall=0.493 lf_steps=0 cache_hits=0
SLIM_PHASE query-chunks wall=3.396 cumulative=393.447 peak_rss_kib=58395940
SLIM_PROGRESS runs=61931520/1859825801 resolve_wall=14.326 lce_wall=175.084 write_wall=0.503 lf_steps=0 cache_hits=0
SLIM_PHASE query-chunks wall=3.543 cumulative=396.990 peak_rss_kib=58407736
SLIM_PROGRESS runs=62980096/1859825801 resolve_wall=14.570 lce_wall=178.389 write_wall=0.514 lf_steps=0 cache_hits=0
SLIM_PHASE query-chunks wall=3.561 cumulative=400.550 peak_rss_kib=58421376
SLIM_PROGRESS runs=64028672/1859825801 resolve_wall=14.809 lce_wall=181.688 write_wall=0.524 lf_steps=0 cache_hits=0
SLIM_PHASE query-chunks wall=3.547 cumulative=404.097 peak_rss_kib=58432128
SLIM_PROGRESS runs=65077248/1859825801 resolve_wall=15.048 lce_wall=184.794 write_wall=0.532 lf_steps=0 cache_hits=0
SLIM_PHASE query-chunks wall=3.355 cumulative=407.452 peak_rss_kib=58450708
SLIM_PROGRESS runs=66125824/1859825801 resolve_wall=15.286 lce_wall=188.006 write_wall=0.541 lf_steps=0 cache_hits=0
SLIM_PHASE query-chunks wall=3.459 cumulative=410.910 peak_rss_kib=58465976
SLIM_PROGRESS runs=67174400/1859825801 resolve_wall=15.524 lce_wall=191.038 write_wall=0.550 lf_steps=0 cache_hits=0
SLIM_PHASE query-chunks wall=3.279 cumulative=414.189 peak_rss_kib=58470584
SLIM_PROGRESS runs=68222976/1859825801 resolve_wall=15.764 lce_wall=194.099 write_wall=0.559 lf_steps=0 cache_hits=0
SLIM_PHASE query-chunks wall=3.311 cumulative=417.500 peak_rss_kib=58475192
SLIM_PROGRESS runs=69271552/1859825801 resolve_wall=16.003 lce_wall=197.232 write_wall=0.567 lf_steps=0 cache_hits=0
SLIM_PHASE query-chunks wall=3.381 cumulative=420.881 peak_rss_kib=58481236
SLIM_PROGRESS runs=70320128/1859825801 resolve_wall=16.241 lce_wall=200.390 write_wall=0.576 lf_steps=0 cache_hits=0
SLIM_PHASE query-chunks wall=3.404 cumulative=424.285 peak_rss_kib=58496152
SLIM_PROGRESS runs=71368704/1859825801 resolve_wall=16.481 lce_wall=203.524 write_wall=0.584 lf_steps=0 cache_hits=0
SLIM_PHASE query-chunks wall=3.382 cumulative=427.667 peak_rss_kib=58521252
SLIM_PROGRESS runs=72417280/1859825801 resolve_wall=16.722 lce_wall=206.771 write_wall=0.593 lf_steps=0 cache_hits=0
SLIM_PHASE query-chunks wall=3.497 cumulative=431.164 peak_rss_kib=58530456
SLIM_PROGRESS runs=73465856/1859825801 resolve_wall=16.963 lce_wall=209.970 write_wall=0.602 lf_steps=0 cache_hits=0
SLIM_PHASE query-chunks wall=3.449 cumulative=434.613 peak_rss_kib=58542740
SLIM_PROGRESS runs=74514432/1859825801 resolve_wall=17.201 lce_wall=213.206 write_wall=0.612 lf_steps=0 cache_hits=0
SLIM_PHASE query-chunks wall=3.484 cumulative=438.098 peak_rss_kib=58547740
SLIM_PROGRESS runs=75563008/1859825801 resolve_wall=17.439 lce_wall=216.345 write_wall=0.621 lf_steps=0 cache_hits=0
SLIM_PHASE query-chunks wall=3.385 cumulative=441.483 peak_rss_kib=58566124
SLIM_PROGRESS runs=76611584/1859825801 resolve_wall=17.676 lce_wall=219.226 write_wall=0.629 lf_steps=0 cache_hits=0
SLIM_PHASE query-chunks wall=3.127 cumulative=444.610 peak_rss_kib=58573392
SLIM_PROGRESS runs=77660160/1859825801 resolve_wall=17.916 lce_wall=222.207 write_wall=0.638 lf_steps=0 cache_hits=0
SLIM_PHASE query-chunks wall=3.230 cumulative=447.840 peak_rss_kib=58580048
SLIM_PROGRESS runs=78708736/1859825801 resolve_wall=18.158 lce_wall=225.158 write_wall=0.646 lf_steps=0 cache_hits=0
SLIM_PHASE query-chunks wall=3.202 cumulative=451.042 peak_rss_kib=58588688
SLIM_PROGRESS runs=79757312/1859825801 resolve_wall=18.399 lce_wall=228.115 write_wall=0.655 lf_steps=0 cache_hits=0
SLIM_PHASE query-chunks wall=3.205 cumulative=454.248 peak_rss_kib=58599484
SLIM_PROGRESS runs=80805888/1859825801 resolve_wall=18.638 lce_wall=231.089 write_wall=0.663 lf_steps=0 cache_hits=0
SLIM_PHASE query-chunks wall=3.222 cumulative=457.470 peak_rss_kib=58609856
SLIM_PROGRESS runs=81854464/1859825801 resolve_wall=18.876 lce_wall=234.178 write_wall=0.673 lf_steps=0 cache_hits=0
SLIM_PHASE query-chunks wall=3.337 cumulative=460.806 peak_rss_kib=58627416
SLIM_PROGRESS runs=82903040/1859825801 resolve_wall=19.119 lce_wall=237.201 write_wall=0.684 lf_steps=0 cache_hits=0
SLIM_PHASE query-chunks wall=3.277 cumulative=464.084 peak_rss_kib=58634984
SLIM_PROGRESS runs=83951616/1859825801 resolve_wall=19.356 lce_wall=240.283 write_wall=0.696 lf_steps=0 cache_hits=0
SLIM_PHASE query-chunks wall=3.331 cumulative=467.415 peak_rss_kib=58646228
SLIM_PROGRESS runs=85000192/1859825801 resolve_wall=19.595 lce_wall=243.151 write_wall=0.707 lf_steps=0 cache_hits=0
SLIM_PHASE query-chunks wall=3.117 cumulative=470.532 peak_rss_kib=58648896
SLIM_PROGRESS runs=86048768/1859825801 resolve_wall=19.833 lce_wall=246.012 write_wall=0.718 lf_steps=0 cache_hits=0
SLIM_PHASE query-chunks wall=3.111 cumulative=473.643 peak_rss_kib=58651456
SLIM_PROGRESS runs=87097344/1859825801 resolve_wall=20.070 lce_wall=248.801 write_wall=0.729 lf_steps=0 cache_hits=0
SLIM_PHASE query-chunks wall=3.037 cumulative=476.680 peak_rss_kib=58666304
SLIM_PROGRESS runs=88145920/1859825801 resolve_wall=20.310 lce_wall=251.872 write_wall=0.737 lf_steps=0 cache_hits=0
SLIM_PHASE query-chunks wall=3.320 cumulative=480.000 peak_rss_kib=58681684
SLIM_PROGRESS runs=89194496/1859825801 resolve_wall=20.550 lce_wall=254.789 write_wall=0.748 lf_steps=0 cache_hits=0
SLIM_PHASE query-chunks wall=3.167 cumulative=483.167 peak_rss_kib=58688672
SLIM_PROGRESS runs=90243072/1859825801 resolve_wall=20.794 lce_wall=257.707 write_wall=0.760 lf_steps=0 cache_hits=0
SLIM_PHASE query-chunks wall=3.175 cumulative=486.342 peak_rss_kib=58696464
SLIM_PROGRESS runs=91291648/1859825801 resolve_wall=21.035 lce_wall=260.569 write_wall=0.771 lf_steps=0 cache_hits=0
SLIM_PHASE query-chunks wall=3.114 cumulative=489.456 peak_rss_kib=58705672
SLIM_PROGRESS runs=92340224/1859825801 resolve_wall=21.276 lce_wall=263.440 write_wall=0.783 lf_steps=0 cache_hits=0
SLIM_PHASE query-chunks wall=3.124 cumulative=492.580 peak_rss_kib=58714784
SLIM_PROGRESS runs=93388800/1859825801 resolve_wall=21.517 lce_wall=266.351 write_wall=0.793 lf_steps=0 cache_hits=0
SLIM_PHASE query-chunks wall=3.163 cumulative=495.742 peak_rss_kib=58718792
SLIM_PROGRESS runs=94437376/1859825801 resolve_wall=21.759 lce_wall=269.303 write_wall=0.804 lf_steps=0 cache_hits=0
SLIM_PHASE query-chunks wall=3.204 cumulative=498.947 peak_rss_kib=58725184
SLIM_PROGRESS runs=95485952/1859825801 resolve_wall=21.997 lce_wall=272.281 write_wall=0.814 lf_steps=0 cache_hits=0
SLIM_PHASE query-chunks wall=3.226 cumulative=502.173 peak_rss_kib=58731496
SLIM_PROGRESS runs=96534528/1859825801 resolve_wall=22.235 lce_wall=275.332 write_wall=0.825 lf_steps=0 cache_hits=0
SLIM_PHASE query-chunks wall=3.300 cumulative=505.473 peak_rss_kib=58740200
SLIM_PROGRESS runs=97583104/1859825801 resolve_wall=22.474 lce_wall=278.225 write_wall=0.835 lf_steps=0 cache_hits=0
SLIM_PHASE query-chunks wall=3.142 cumulative=508.615 peak_rss_kib=58747200
SLIM_PROGRESS runs=98631680/1859825801 resolve_wall=22.714 lce_wall=281.092 write_wall=0.846 lf_steps=0 cache_hits=0
SLIM_PHASE query-chunks wall=3.119 cumulative=511.734 peak_rss_kib=58747200
SLIM_PROGRESS runs=99680256/1859825801 resolve_wall=22.952 lce_wall=284.016 write_wall=0.856 lf_steps=0 cache_hits=0
SLIM_PHASE query-chunks wall=3.171 cumulative=514.905 peak_rss_kib=58747708
SLIM_PROGRESS runs=100728832/1859825801 resolve_wall=23.193 lce_wall=286.783 write_wall=0.866 lf_steps=0 cache_hits=0
SLIM_PHASE query-chunks wall=3.018 cumulative=517.923 peak_rss_kib=58752684
SLIM_PROGRESS runs=101777408/1859825801 resolve_wall=23.432 lce_wall=289.831 write_wall=0.876 lf_steps=0 cache_hits=0
SLIM_PHASE query-chunks wall=3.298 cumulative=521.222 peak_rss_kib=58755244
SLIM_PROGRESS runs=102825984/1859825801 resolve_wall=23.672 lce_wall=292.752 write_wall=0.887 lf_steps=0 cache_hits=0
SLIM_PHASE query-chunks wall=3.170 cumulative=524.392 peak_rss_kib=58764080
SLIM_PROGRESS runs=103874560/1859825801 resolve_wall=23.908 lce_wall=295.802 write_wall=0.897 lf_steps=0 cache_hits=0
SLIM_PHASE query-chunks wall=3.298 cumulative=527.690 peak_rss_kib=58768688
SLIM_PROGRESS runs=104923136/1859825801 resolve_wall=24.148 lce_wall=298.625 write_wall=0.908 lf_steps=0 cache_hits=0
SLIM_PHASE query-chunks wall=3.073 cumulative=530.763 peak_rss_kib=58771244
SLIM_PROGRESS runs=105971712/1859825801 resolve_wall=24.389 lce_wall=301.341 write_wall=0.917 lf_steps=0 cache_hits=0
SLIM_PHASE query-chunks wall=2.967 cumulative=533.730 peak_rss_kib=58777900
SLIM_PROGRESS runs=107020288/1859825801 resolve_wall=24.628 lce_wall=304.043 write_wall=0.927 lf_steps=0 cache_hits=0
SLIM_PHASE query-chunks wall=2.951 cumulative=536.681 peak_rss_kib=58788464
SLIM_PROGRESS runs=108068864/1859825801 resolve_wall=24.867 lce_wall=306.973 write_wall=0.937 lf_steps=0 cache_hits=0
SLIM_PHASE query-chunks wall=3.179 cumulative=539.860 peak_rss_kib=58802808
SLIM_PROGRESS runs=109117440/1859825801 resolve_wall=25.105 lce_wall=310.029 write_wall=0.948 lf_steps=0 cache_hits=0
SLIM_PHASE query-chunks wall=3.304 cumulative=543.164 peak_rss_kib=58814064
SLIM_PROGRESS runs=110166016/1859825801 resolve_wall=25.343 lce_wall=312.834 write_wall=0.959 lf_steps=0 cache_hits=0
SLIM_PHASE query-chunks wall=3.055 cumulative=546.219 peak_rss_kib=58828408
SLIM_PROGRESS runs=111214592/1859825801 resolve_wall=25.582 lce_wall=315.600 write_wall=0.970 lf_steps=0 cache_hits=0
SLIM_PHASE query-chunks wall=3.016 cumulative=549.235 peak_rss_kib=58833520
SLIM_PROGRESS runs=112263168/1859825801 resolve_wall=25.825 lce_wall=318.370 write_wall=0.980 lf_steps=0 cache_hits=0
SLIM_PHASE query-chunks wall=3.023 cumulative=552.258 peak_rss_kib=58838128
SLIM_PROGRESS runs=113311744/1859825801 resolve_wall=26.062 lce_wall=321.296 write_wall=0.990 lf_steps=0 cache_hits=0
SLIM_PHASE query-chunks wall=3.174 cumulative=555.432 peak_rss_kib=58842736
SLIM_PROGRESS runs=114360320/1859825801 resolve_wall=26.305 lce_wall=324.021 write_wall=0.999 lf_steps=0 cache_hits=0
SLIM_PHASE query-chunks wall=2.976 cumulative=558.408 peak_rss_kib=58847392
SLIM_PROGRESS runs=115408896/1859825801 resolve_wall=26.547 lce_wall=326.837 write_wall=1.009 lf_steps=0 cache_hits=0
SLIM_PHASE query-chunks wall=3.069 cumulative=561.477 peak_rss_kib=58849448
SLIM_PROGRESS runs=116457472/1859825801 resolve_wall=26.786 lce_wall=329.487 write_wall=1.019 lf_steps=0 cache_hits=0
SLIM_PHASE query-chunks wall=2.899 cumulative=564.376 peak_rss_kib=58858752
SLIM_PROGRESS runs=117506048/1859825801 resolve_wall=27.027 lce_wall=332.216 write_wall=1.031 lf_steps=0 cache_hits=0
SLIM_PHASE query-chunks wall=2.982 cumulative=567.358 peak_rss_kib=58863360
SLIM_PROGRESS runs=118554624/1859825801 resolve_wall=27.264 lce_wall=334.902 write_wall=1.043 lf_steps=0 cache_hits=0
SLIM_PHASE query-chunks wall=2.935 cumulative=570.293 peak_rss_kib=58874112
SLIM_PROGRESS runs=119603200/1859825801 resolve_wall=27.513 lce_wall=337.611 write_wall=1.051 lf_steps=0 cache_hits=0
SLIM_PHASE query-chunks wall=2.966 cumulative=573.259 peak_rss_kib=58887124
SLIM_PROGRESS runs=120651776/1859825801 resolve_wall=27.760 lce_wall=340.376 write_wall=1.058 lf_steps=0 cache_hits=0
SLIM_PHASE query-chunks wall=3.020 cumulative=576.278 peak_rss_kib=58889836
SLIM_PROGRESS runs=121700352/1859825801 resolve_wall=28.002 lce_wall=342.959 write_wall=1.066 lf_steps=0 cache_hits=0
SLIM_PHASE query-chunks wall=2.833 cumulative=579.111 peak_rss_kib=58904500
SLIM_PROGRESS runs=122748928/1859825801 resolve_wall=28.250 lce_wall=345.652 write_wall=1.074 lf_steps=0 cache_hits=0
SLIM_PHASE query-chunks wall=2.949 cumulative=582.061 peak_rss_kib=58907052
SLIM_PROGRESS runs=123797504/1859825801 resolve_wall=28.493 lce_wall=348.280 write_wall=1.082 lf_steps=0 cache_hits=0
SLIM_PHASE query-chunks wall=2.880 cumulative=584.940 peak_rss_kib=58919276
SLIM_PROGRESS runs=124846080/1859825801 resolve_wall=28.731 lce_wall=350.929 write_wall=1.089 lf_steps=0 cache_hits=0
SLIM_PHASE query-chunks wall=2.894 cumulative=587.835 peak_rss_kib=58924588
SLIM_PROGRESS runs=125894656/1859825801 resolve_wall=28.968 lce_wall=353.662 write_wall=1.097 lf_steps=0 cache_hits=0
SLIM_PHASE query-chunks wall=2.977 cumulative=590.812 peak_rss_kib=58933292
SLIM_PROGRESS runs=126943232/1859825801 resolve_wall=29.205 lce_wall=356.458 write_wall=1.105 lf_steps=0 cache_hits=0
SLIM_PHASE query-chunks wall=3.041 cumulative=593.853 peak_rss_kib=58942204
SLIM_PROGRESS runs=127991808/1859825801 resolve_wall=29.451 lce_wall=359.217 write_wall=1.112 lf_steps=0 cache_hits=0
SLIM_PHASE query-chunks wall=3.012 cumulative=596.865 peak_rss_kib=58948804
SLIM_PROGRESS runs=129040384/1859825801 resolve_wall=29.691 lce_wall=361.991 write_wall=1.122 lf_steps=0 cache_hits=0
SLIM_PHASE query-chunks wall=3.024 cumulative=599.889 peak_rss_kib=58951452
SLIM_PROGRESS runs=130088960/1859825801 resolve_wall=29.929 lce_wall=365.015 write_wall=1.135 lf_steps=0 cache_hits=0
SLIM_PHASE query-chunks wall=3.275 cumulative=603.164 peak_rss_kib=58958108
SLIM_PROGRESS runs=131137536/1859825801 resolve_wall=30.168 lce_wall=367.486 write_wall=1.146 lf_steps=0 cache_hits=0
SLIM_PHASE query-chunks wall=2.722 cumulative=605.886 peak_rss_kib=58968860
SLIM_PROGRESS runs=132186112/1859825801 resolve_wall=30.403 lce_wall=369.957 write_wall=1.158 lf_steps=0 cache_hits=0
SLIM_PHASE query-chunks wall=2.718 cumulative=608.604 peak_rss_kib=58977564
SLIM_PROGRESS runs=133234688/1859825801 resolve_wall=30.644 lce_wall=372.807 write_wall=1.170 lf_steps=0 cache_hits=0
SLIM_PHASE query-chunks wall=3.103 cumulative=611.707 peak_rss_kib=58981916
SLIM_PROGRESS runs=134283264/1859825801 resolve_wall=30.883 lce_wall=375.640 write_wall=1.179 lf_steps=0 cache_hits=0
SLIM_PHASE query-chunks wall=3.082 cumulative=614.789 peak_rss_kib=58988232
SLIM_PROGRESS runs=135331840/1859825801 resolve_wall=31.122 lce_wall=378.610 write_wall=1.190 lf_steps=0 cache_hits=0
SLIM_PHASE query-chunks wall=3.220 cumulative=618.009 peak_rss_kib=58997468
SLIM_PROGRESS runs=136380416/1859825801 resolve_wall=31.361 lce_wall=381.589 write_wall=1.203 lf_steps=0 cache_hits=0
SLIM_PHASE query-chunks wall=3.231 cumulative=621.239 peak_rss_kib=59014364
SLIM_PROGRESS runs=137428992/1859825801 resolve_wall=31.602 lce_wall=384.246 write_wall=1.212 lf_steps=0 cache_hits=0
SLIM_PHASE query-chunks wall=2.907 cumulative=624.146 peak_rss_kib=59018568
SLIM_PROGRESS runs=138477568/1859825801 resolve_wall=31.838 lce_wall=387.218 write_wall=1.224 lf_steps=0 cache_hits=0
SLIM_PHASE query-chunks wall=3.220 cumulative=627.366 peak_rss_kib=59029296
SLIM_PROGRESS runs=139526144/1859825801 resolve_wall=32.078 lce_wall=390.130 write_wall=1.235 lf_steps=0 cache_hits=0
SLIM_PHASE query-chunks wall=3.164 cumulative=630.530 peak_rss_kib=59038000
SLIM_PROGRESS runs=140574720/1859825801 resolve_wall=32.316 lce_wall=393.075 write_wall=1.246 lf_steps=0 cache_hits=0
SLIM_PHASE query-chunks wall=3.194 cumulative=633.724 peak_rss_kib=59048752
SLIM_PROGRESS runs=141623296/1859825801 resolve_wall=32.555 lce_wall=395.903 write_wall=1.255 lf_steps=0 cache_hits=0
SLIM_PHASE query-chunks wall=3.076 cumulative=636.800 peak_rss_kib=59057456
SLIM_PROGRESS runs=142671872/1859825801 resolve_wall=32.787 lce_wall=398.604 write_wall=1.264 lf_steps=0 cache_hits=0
SLIM_PHASE query-chunks wall=2.942 cumulative=639.743 peak_rss_kib=59066160
SLIM_PROGRESS runs=143720448/1859825801 resolve_wall=33.025 lce_wall=401.131 write_wall=1.273 lf_steps=0 cache_hits=0
SLIM_PHASE query-chunks wall=2.773 cumulative=642.516 peak_rss_kib=59071280
SLIM_PROGRESS runs=144769024/1859825801 resolve_wall=33.266 lce_wall=403.974 write_wall=1.280 lf_steps=0 cache_hits=0
SLIM_PHASE query-chunks wall=3.093 cumulative=645.609 peak_rss_kib=59090272
SLIM_PROGRESS runs=145817600/1859825801 resolve_wall=33.509 lce_wall=406.868 write_wall=1.288 lf_steps=0 cache_hits=0
SLIM_PHASE query-chunks wall=3.144 cumulative=648.753 peak_rss_kib=59094844
SLIM_PROGRESS runs=146866176/1859825801 resolve_wall=33.749 lce_wall=409.848 write_wall=1.298 lf_steps=0 cache_hits=0
SLIM_PHASE query-chunks wall=3.230 cumulative=651.983 peak_rss_kib=59101600
SLIM_PROGRESS runs=147914752/1859825801 resolve_wall=33.987 lce_wall=412.732 write_wall=1.309 lf_steps=0 cache_hits=0
SLIM_PHASE query-chunks wall=3.132 cumulative=655.115 peak_rss_kib=59110292
SLIM_PROGRESS runs=148963328/1859825801 resolve_wall=34.221 lce_wall=415.647 write_wall=1.319 lf_steps=0 cache_hits=0
SLIM_PHASE query-chunks wall=3.160 cumulative=658.275 peak_rss_kib=59118556
SLIM_PROGRESS runs=150011904/1859825801 resolve_wall=34.459 lce_wall=418.478 write_wall=1.330 lf_steps=0 cache_hits=0
SLIM_PHASE query-chunks wall=3.080 cumulative=661.355 peak_rss_kib=59133972
SLIM_PROGRESS runs=151060480/1859825801 resolve_wall=34.701 lce_wall=421.276 write_wall=1.338 lf_steps=0 cache_hits=0
SLIM_PHASE query-chunks wall=3.047 cumulative=664.403 peak_rss_kib=59156980
SLIM_PROGRESS runs=152109056/1859825801 resolve_wall=34.944 lce_wall=424.043 write_wall=1.346 lf_steps=0 cache_hits=0
SLIM_PHASE query-chunks wall=3.018 cumulative=667.421 peak_rss_kib=59157796
SLIM_PROGRESS runs=153157632/1859825801 resolve_wall=35.184 lce_wall=426.874 write_wall=1.353 lf_steps=0 cache_hits=0
SLIM_PHASE query-chunks wall=3.079 cumulative=670.500 peak_rss_kib=59162420
SLIM_PROGRESS runs=154206208/1859825801 resolve_wall=35.427 lce_wall=429.814 write_wall=1.361 lf_steps=0 cache_hits=0
SLIM_PHASE query-chunks wall=3.191 cumulative=673.691 peak_rss_kib=59175220
SLIM_PROGRESS runs=155254784/1859825801 resolve_wall=35.669 lce_wall=432.727 write_wall=1.369 lf_steps=0 cache_hits=0
SLIM_PHASE query-chunks wall=3.162 cumulative=676.853 peak_rss_kib=59187032
SLIM_PROGRESS runs=156303360/1859825801 resolve_wall=35.914 lce_wall=435.736 write_wall=1.377 lf_steps=0 cache_hits=0
SLIM_PHASE query-chunks wall=3.262 cumulative=680.116 peak_rss_kib=59197780
SLIM_PROGRESS runs=157351936/1859825801 resolve_wall=36.155 lce_wall=438.726 write_wall=1.385 lf_steps=0 cache_hits=0
SLIM_PHASE query-chunks wall=3.239 cumulative=683.355 peak_rss_kib=59211064
SLIM_PROGRESS runs=158400512/1859825801 resolve_wall=36.398 lce_wall=441.833 write_wall=1.392 lf_steps=0 cache_hits=0
SLIM_PHASE query-chunks wall=3.358 cumulative=686.712 peak_rss_kib=59211576
SLIM_PROGRESS runs=159449088/1859825801 resolve_wall=36.642 lce_wall=444.797 write_wall=1.400 lf_steps=0 cache_hits=0
SLIM_PHASE query-chunks wall=3.216 cumulative=689.928 peak_rss_kib=59223980
SLIM_PROGRESS runs=160497664/1859825801 resolve_wall=36.882 lce_wall=447.750 write_wall=1.408 lf_steps=0 cache_hits=0
SLIM_PHASE query-chunks wall=3.202 cumulative=693.130 peak_rss_kib=59228732
SLIM_PROGRESS runs=161546240/1859825801 resolve_wall=37.123 lce_wall=450.628 write_wall=1.415 lf_steps=0 cache_hits=0
SLIM_PHASE query-chunks wall=3.126 cumulative=696.256 peak_rss_kib=59235828
SLIM_PROGRESS runs=162594816/1859825801 resolve_wall=37.364 lce_wall=453.477 write_wall=1.423 lf_steps=0 cache_hits=0
SLIM_PHASE query-chunks wall=3.098 cumulative=699.353 peak_rss_kib=59238388
SLIM_PROGRESS runs=163643392/1859825801 resolve_wall=37.606 lce_wall=456.266 write_wall=1.431 lf_steps=0 cache_hits=0
SLIM_PHASE query-chunks wall=3.039 cumulative=702.392 peak_rss_kib=59243012
SLIM_PROGRESS runs=164691968/1859825801 resolve_wall=37.844 lce_wall=459.176 write_wall=1.439 lf_steps=0 cache_hits=0
SLIM_PHASE query-chunks wall=3.156 cumulative=705.549 peak_rss_kib=59249980
SLIM_PROGRESS runs=165740544/1859825801 resolve_wall=38.096 lce_wall=462.037 write_wall=1.446 lf_steps=0 cache_hits=0
SLIM_PHASE query-chunks wall=3.121 cumulative=708.670 peak_rss_kib=59252540
SLIM_PROGRESS runs=166789120/1859825801 resolve_wall=38.338 lce_wall=464.982 write_wall=1.454 lf_steps=0 cache_hits=0
SLIM_PHASE query-chunks wall=3.194 cumulative=711.864 peak_rss_kib=59255100
SLIM_PROGRESS runs=167837696/1859825801 resolve_wall=38.585 lce_wall=467.863 write_wall=1.462 lf_steps=0 cache_hits=0
SLIM_PHASE query-chunks wall=3.136 cumulative=715.000 peak_rss_kib=59263372
SLIM_PROGRESS runs=168886272/1859825801 resolve_wall=38.821 lce_wall=470.771 write_wall=1.470 lf_steps=0 cache_hits=0
SLIM_PHASE query-chunks wall=3.152 cumulative=718.152 peak_rss_kib=59270440
SLIM_PROGRESS runs=169934848/1859825801 resolve_wall=39.059 lce_wall=473.464 write_wall=1.478 lf_steps=0 cache_hits=0
SLIM_PHASE query-chunks wall=2.939 cumulative=721.091 peak_rss_kib=59279144
SLIM_PROGRESS runs=170983424/1859825801 resolve_wall=39.299 lce_wall=476.117 write_wall=1.485 lf_steps=0 cache_hits=0
SLIM_PHASE query-chunks wall=2.901 cumulative=723.992 peak_rss_kib=59285800
SLIM_PROGRESS runs=172032000/1859825801 resolve_wall=39.536 lce_wall=478.960 write_wall=1.493 lf_steps=0 cache_hits=0
SLIM_PHASE query-chunks wall=3.087 cumulative=727.079 peak_rss_kib=59294612
SLIM_PROGRESS runs=173080576/1859825801 resolve_wall=39.775 lce_wall=481.836 write_wall=1.501 lf_steps=0 cache_hits=0
SLIM_PHASE query-chunks wall=3.124 cumulative=730.203 peak_rss_kib=59305480
SLIM_PROGRESS runs=174129152/1859825801 resolve_wall=40.010 lce_wall=484.777 write_wall=1.509 lf_steps=0 cache_hits=0
SLIM_PHASE query-chunks wall=3.184 cumulative=733.387 peak_rss_kib=59316232
SLIM_PROGRESS runs=175177728/1859825801 resolve_wall=40.254 lce_wall=487.618 write_wall=1.517 lf_steps=0 cache_hits=0
SLIM_PHASE query-chunks wall=3.094 cumulative=736.481 peak_rss_kib=59317148
SLIM_PROGRESS runs=176226304/1859825801 resolve_wall=40.490 lce_wall=490.498 write_wall=1.526 lf_steps=0 cache_hits=0
SLIM_PHASE query-chunks wall=3.124 cumulative=739.606 peak_rss_kib=59325444
SLIM_PROGRESS runs=177274880/1859825801 resolve_wall=40.727 lce_wall=493.369 write_wall=1.534 lf_steps=0 cache_hits=0
SLIM_PHASE query-chunks wall=3.115 cumulative=742.721 peak_rss_kib=59333756
SLIM_PROGRESS runs=178323456/1859825801 resolve_wall=40.971 lce_wall=496.340 write_wall=1.542 lf_steps=0 cache_hits=0
SLIM_PHASE query-chunks wall=3.223 cumulative=745.944 peak_rss_kib=59342460
SLIM_PROGRESS runs=179372032/1859825801 resolve_wall=41.203 lce_wall=499.264 write_wall=1.550 lf_steps=0 cache_hits=0
SLIM_PHASE query-chunks wall=3.165 cumulative=749.109 peak_rss_kib=59353816
SLIM_PROGRESS runs=180420608/1859825801 resolve_wall=41.444 lce_wall=502.218 write_wall=1.558 lf_steps=0 cache_hits=0
SLIM_PHASE query-chunks wall=3.203 cumulative=752.312 peak_rss_kib=59358468
SLIM_PROGRESS runs=181469184/1859825801 resolve_wall=41.681 lce_wall=505.162 write_wall=1.566 lf_steps=0 cache_hits=0
SLIM_PHASE query-chunks wall=3.189 cumulative=755.501 peak_rss_kib=59375252
SLIM_PROGRESS runs=182517760/1859825801 resolve_wall=41.920 lce_wall=508.182 write_wall=1.574 lf_steps=0 cache_hits=0
SLIM_PHASE query-chunks wall=3.267 cumulative=758.768 peak_rss_kib=59383924
SLIM_PROGRESS runs=183566336/1859825801 resolve_wall=42.157 lce_wall=510.981 write_wall=1.582 lf_steps=0 cache_hits=0
SLIM_PHASE query-chunks wall=3.045 cumulative=761.813 peak_rss_kib=59396260
SLIM_PROGRESS runs=184614912/1859825801 resolve_wall=42.397 lce_wall=513.876 write_wall=1.591 lf_steps=0 cache_hits=0
SLIM_PHASE query-chunks wall=3.143 cumulative=764.956 peak_rss_kib=59399280
SLIM_PROGRESS runs=185663488/1859825801 resolve_wall=42.632 lce_wall=516.945 write_wall=1.602 lf_steps=0 cache_hits=0
SLIM_PHASE query-chunks wall=3.315 cumulative=768.272 peak_rss_kib=59403888
SLIM_PROGRESS runs=186712064/1859825801 resolve_wall=42.870 lce_wall=520.045 write_wall=1.612 lf_steps=0 cache_hits=0
SLIM_PHASE query-chunks wall=3.348 cumulative=771.619 peak_rss_kib=59414640
SLIM_PROGRESS runs=187760640/1859825801 resolve_wall=43.111 lce_wall=523.268 write_wall=1.622 lf_steps=0 cache_hits=0
SLIM_PHASE query-chunks wall=3.474 cumulative=775.094 peak_rss_kib=59421564
SLIM_PROGRESS runs=188809216/1859825801 resolve_wall=43.349 lce_wall=526.110 write_wall=1.629 lf_steps=0 cache_hits=0
SLIM_PHASE query-chunks wall=3.087 cumulative=778.181 peak_rss_kib=59424124
SLIM_PROGRESS runs=189857792/1859825801 resolve_wall=43.590 lce_wall=528.883 write_wall=1.637 lf_steps=0 cache_hits=0
SLIM_PHASE query-chunks wall=3.022 cumulative=781.203 peak_rss_kib=59428228
SLIM_PROGRESS runs=190906368/1859825801 resolve_wall=43.838 lce_wall=531.793 write_wall=1.645 lf_steps=0 cache_hits=0
SLIM_PHASE query-chunks wall=3.166 cumulative=784.369 peak_rss_kib=59435388
SLIM_PROGRESS runs=191954944/1859825801 resolve_wall=44.078 lce_wall=534.684 write_wall=1.652 lf_steps=0 cache_hits=0
SLIM_PHASE query-chunks wall=3.139 cumulative=787.508 peak_rss_kib=59454288
SLIM_PROGRESS runs=193003520/1859825801 resolve_wall=44.319 lce_wall=537.421 write_wall=1.660 lf_steps=0 cache_hits=0
SLIM_PHASE query-chunks wall=2.987 cumulative=790.494 peak_rss_kib=59460472
SLIM_PROGRESS runs=194052096/1859825801 resolve_wall=44.575 lce_wall=540.395 write_wall=1.668 lf_steps=0 cache_hits=0
SLIM_PHASE query-chunks wall=3.237 cumulative=793.732 peak_rss_kib=59465520
SLIM_PROGRESS runs=195100672/1859825801 resolve_wall=44.820 lce_wall=543.326 write_wall=1.677 lf_steps=0 cache_hits=0
SLIM_PHASE query-chunks wall=3.185 cumulative=796.917 peak_rss_kib=59475300
SLIM_PROGRESS runs=196149248/1859825801 resolve_wall=45.072 lce_wall=546.275 write_wall=1.685 lf_steps=0 cache_hits=0
SLIM_PHASE query-chunks wall=3.209 cumulative=800.127 peak_rss_kib=59489272
SLIM_PROGRESS runs=197197824/1859825801 resolve_wall=45.321 lce_wall=549.047 write_wall=1.693 lf_steps=0 cache_hits=0
SLIM_PHASE query-chunks wall=3.029 cumulative=803.156 peak_rss_kib=59493880
SLIM_PROGRESS runs=198246400/1859825801 resolve_wall=45.561 lce_wall=552.169 write_wall=1.701 lf_steps=0 cache_hits=0
SLIM_PHASE query-chunks wall=3.370 cumulative=806.525 peak_rss_kib=59500468
SLIM_PROGRESS runs=199294976/1859825801 resolve_wall=45.799 lce_wall=555.175 write_wall=1.709 lf_steps=0 cache_hits=0
SLIM_PHASE query-chunks wall=3.252 cumulative=809.778 peak_rss_kib=59515316
SLIM_PROGRESS runs=200343552/1859825801 resolve_wall=46.041 lce_wall=558.057 write_wall=1.717 lf_steps=0 cache_hits=0
SLIM_PHASE query-chunks wall=3.132 cumulative=812.909 peak_rss_kib=59523336
SLIM_PROGRESS runs=201392128/1859825801 resolve_wall=46.295 lce_wall=560.948 write_wall=1.725 lf_steps=0 cache_hits=0
SLIM_PHASE query-chunks wall=3.153 cumulative=816.062 peak_rss_kib=59534296
SLIM_PROGRESS runs=202440704/1859825801 resolve_wall=46.539 lce_wall=563.929 write_wall=1.733 lf_steps=0 cache_hits=0
SLIM_PHASE query-chunks wall=3.233 cumulative=819.295 peak_rss_kib=59546876
SLIM_PROGRESS runs=203489280/1859825801 resolve_wall=46.778 lce_wall=567.034 write_wall=1.741 lf_steps=0 cache_hits=0
SLIM_PHASE query-chunks wall=3.353 cumulative=822.648 peak_rss_kib=59556216
SLIM_PROGRESS runs=204537856/1859825801 resolve_wall=47.015 lce_wall=569.940 write_wall=1.749 lf_steps=0 cache_hits=0
SLIM_PHASE query-chunks wall=3.151 cumulative=825.799 peak_rss_kib=59564980
SLIM_PROGRESS runs=205586432/1859825801 resolve_wall=47.252 lce_wall=572.737 write_wall=1.758 lf_steps=0 cache_hits=0
SLIM_PHASE query-chunks wall=3.042 cumulative=828.842 peak_rss_kib=59573432
SLIM_PROGRESS runs=206635008/1859825801 resolve_wall=47.501 lce_wall=575.529 write_wall=1.766 lf_steps=0 cache_hits=0
SLIM_PHASE query-chunks wall=3.048 cumulative=831.890 peak_rss_kib=59578040
SLIM_PROGRESS runs=207683584/1859825801 resolve_wall=47.744 lce_wall=578.488 write_wall=1.773 lf_steps=0 cache_hits=0
SLIM_PHASE query-chunks wall=3.211 cumulative=835.101 peak_rss_kib=59585196
SLIM_PROGRESS runs=208732160/1859825801 resolve_wall=47.983 lce_wall=581.250 write_wall=1.781 lf_steps=0 cache_hits=0
SLIM_PHASE query-chunks wall=3.010 cumulative=838.110 peak_rss_kib=59595948
SLIM_PROGRESS runs=209780736/1859825801 resolve_wall=48.222 lce_wall=583.990 write_wall=1.789 lf_steps=0 cache_hits=0
SLIM_PHASE query-chunks wall=2.987 cumulative=841.097 peak_rss_kib=59605060
SLIM_PROGRESS runs=210829312/1859825801 resolve_wall=48.457 lce_wall=587.003 write_wall=1.797 lf_steps=0 cache_hits=0
SLIM_PHASE query-chunks wall=3.255 cumulative=844.353 peak_rss_kib=59616360
SLIM_PROGRESS runs=211877888/1859825801 resolve_wall=48.696 lce_wall=589.750 write_wall=1.805 lf_steps=0 cache_hits=0
SLIM_PHASE query-chunks wall=2.994 cumulative=847.347 peak_rss_kib=59622640
SLIM_PROGRESS runs=212926464/1859825801 resolve_wall=48.932 lce_wall=592.570 write_wall=1.813 lf_steps=0 cache_hits=0
SLIM_PHASE query-chunks wall=3.064 cumulative=850.411 peak_rss_kib=59637488
SLIM_PROGRESS runs=213975040/1859825801 resolve_wall=49.172 lce_wall=595.432 write_wall=1.820 lf_steps=0 cache_hits=0
SLIM_PHASE query-chunks wall=3.109 cumulative=853.520 peak_rss_kib=59638000
SLIM_PROGRESS runs=215023616/1859825801 resolve_wall=49.411 lce_wall=598.355 write_wall=1.828 lf_steps=0 cache_hits=0
SLIM_PHASE query-chunks wall=3.171 cumulative=856.691 peak_rss_kib=59643728
SLIM_PROGRESS runs=216072192/1859825801 resolve_wall=49.652 lce_wall=601.266 write_wall=1.836 lf_steps=0 cache_hits=0
SLIM_PHASE query-chunks wall=3.159 cumulative=859.850 peak_rss_kib=59646760
SLIM_PROGRESS runs=217120768/1859825801 resolve_wall=49.894 lce_wall=604.101 write_wall=1.844 lf_steps=0 cache_hits=0
SLIM_PHASE query-chunks wall=3.084 cumulative=862.935 peak_rss_kib=59651368
SLIM_PROGRESS runs=218169344/1859825801 resolve_wall=50.132 lce_wall=607.089 write_wall=1.852 lf_steps=0 cache_hits=0
SLIM_PHASE query-chunks wall=3.234 cumulative=866.169 peak_rss_kib=59666420
SLIM_PROGRESS runs=219217920/1859825801 resolve_wall=50.374 lce_wall=609.943 write_wall=1.860 lf_steps=0 cache_hits=0
SLIM_PHASE query-chunks wall=3.104 cumulative=869.273 peak_rss_kib=59676668
SLIM_PROGRESS runs=220266496/1859825801 resolve_wall=50.617 lce_wall=612.928 write_wall=1.868 lf_steps=0 cache_hits=0
SLIM_PHASE query-chunks wall=3.236 cumulative=872.509 peak_rss_kib=59683940
SLIM_PROGRESS runs=221315072/1859825801 resolve_wall=50.852 lce_wall=615.637 write_wall=1.875 lf_steps=0 cache_hits=0
SLIM_PHASE query-chunks wall=2.952 cumulative=875.461 peak_rss_kib=59692672
SLIM_PROGRESS runs=222363648/1859825801 resolve_wall=51.084 lce_wall=618.301 write_wall=1.883 lf_steps=0 cache_hits=0
SLIM_PHASE query-chunks wall=2.903 cumulative=878.365 peak_rss_kib=59699328
SLIM_PROGRESS runs=223412224/1859825801 resolve_wall=51.324 lce_wall=621.060 write_wall=1.890 lf_steps=0 cache_hits=0
SLIM_PHASE query-chunks wall=3.007 cumulative=881.372 peak_rss_kib=59716224
SLIM_PROGRESS runs=224460800/1859825801 resolve_wall=51.559 lce_wall=623.655 write_wall=1.898 lf_steps=0 cache_hits=0
SLIM_PHASE query-chunks wall=2.838 cumulative=884.210 peak_rss_kib=59718828
SLIM_PROGRESS runs=225509376/1859825801 resolve_wall=51.797 lce_wall=626.556 write_wall=1.906 lf_steps=0 cache_hits=0
SLIM_PHASE query-chunks wall=3.146 cumulative=887.356 peak_rss_kib=59725480
SLIM_PROGRESS runs=226557952/1859825801 resolve_wall=52.037 lce_wall=629.323 write_wall=1.913 lf_steps=0 cache_hits=0
SLIM_PHASE query-chunks wall=3.014 cumulative=890.370 peak_rss_kib=59736292
SLIM_PROGRESS runs=227606528/1859825801 resolve_wall=52.285 lce_wall=632.014 write_wall=1.921 lf_steps=0 cache_hits=0
SLIM_PHASE query-chunks wall=2.948 cumulative=893.318 peak_rss_kib=59742948
SLIM_PROGRESS runs=228655104/1859825801 resolve_wall=52.530 lce_wall=634.814 write_wall=1.928 lf_steps=0 cache_hits=0
SLIM_PHASE query-chunks wall=3.052 cumulative=896.370 peak_rss_kib=59745508
SLIM_PROGRESS runs=229703680/1859825801 resolve_wall=52.769 lce_wall=637.709 write_wall=1.937 lf_steps=0 cache_hits=0
SLIM_PHASE query-chunks wall=3.142 cumulative=899.512 peak_rss_kib=59748068
SLIM_PROGRESS runs=230752256/1859825801 resolve_wall=53.006 lce_wall=640.604 write_wall=1.944 lf_steps=0 cache_hits=0
SLIM_PHASE query-chunks wall=3.140 cumulative=902.653 peak_rss_kib=59756772
SLIM_PROGRESS runs=231800832/1859825801 resolve_wall=53.241 lce_wall=643.373 write_wall=1.952 lf_steps=0 cache_hits=0
SLIM_PHASE query-chunks wall=3.012 cumulative=905.665 peak_rss_kib=59765604
SLIM_PROGRESS runs=232849408/1859825801 resolve_wall=53.479 lce_wall=646.241 write_wall=1.960 lf_steps=0 cache_hits=0
SLIM_PHASE query-chunks wall=3.113 cumulative=908.778 peak_rss_kib=59780376
SLIM_PROGRESS runs=233897984/1859825801 resolve_wall=53.718 lce_wall=649.294 write_wall=1.968 lf_steps=0 cache_hits=0
SLIM_PHASE query-chunks wall=3.300 cumulative=912.078 peak_rss_kib=59783900
SLIM_PROGRESS runs=234946560/1859825801 resolve_wall=53.956 lce_wall=652.257 write_wall=1.975 lf_steps=0 cache_hits=0
SLIM_PHASE query-chunks wall=3.209 cumulative=915.288 peak_rss_kib=59799380
SLIM_PROGRESS runs=235995136/1859825801 resolve_wall=54.195 lce_wall=655.253 write_wall=1.983 lf_steps=0 cache_hits=0
SLIM_PHASE query-chunks wall=3.242 cumulative=918.529 peak_rss_kib=59814716
SLIM_PROGRESS runs=237043712/1859825801 resolve_wall=54.432 lce_wall=658.233 write_wall=1.991 lf_steps=0 cache_hits=0
SLIM_PHASE query-chunks wall=3.225 cumulative=921.754 peak_rss_kib=59820188
SLIM_PROGRESS runs=238092288/1859825801 resolve_wall=54.674 lce_wall=661.287 write_wall=1.999 lf_steps=0 cache_hits=0
SLIM_PHASE query-chunks wall=3.305 cumulative=925.059 peak_rss_kib=59824796
SLIM_PROGRESS runs=239140864/1859825801 resolve_wall=54.917 lce_wall=664.106 write_wall=2.006 lf_steps=0 cache_hits=0
SLIM_PHASE query-chunks wall=3.070 cumulative=928.129 peak_rss_kib=59835216
SLIM_PROGRESS runs=240189440/1859825801 resolve_wall=55.161 lce_wall=667.226 write_wall=2.014 lf_steps=0 cache_hits=0
SLIM_PHASE query-chunks wall=3.371 cumulative=931.500 peak_rss_kib=59841464
SLIM_PROGRESS runs=241238016/1859825801 resolve_wall=55.403 lce_wall=670.184 write_wall=2.022 lf_steps=0 cache_hits=0
SLIM_PHASE query-chunks wall=3.208 cumulative=934.708 peak_rss_kib=59844304
SLIM_PROGRESS runs=242286592/1859825801 resolve_wall=55.645 lce_wall=673.135 write_wall=2.029 lf_steps=0 cache_hits=0
SLIM_PHASE query-chunks wall=3.200 cumulative=937.908 peak_rss_kib=59852664
SLIM_PROGRESS runs=243335168/1859825801 resolve_wall=55.890 lce_wall=676.127 write_wall=2.037 lf_steps=0 cache_hits=0
SLIM_PHASE query-chunks wall=3.245 cumulative=941.153 peak_rss_kib=59859320
SLIM_PROGRESS runs=244383744/1859825801 resolve_wall=56.145 lce_wall=678.924 write_wall=2.045 lf_steps=0 cache_hits=0
SLIM_PHASE query-chunks wall=3.060 cumulative=944.214 peak_rss_kib=59868024
SLIM_PROGRESS runs=245432320/1859825801 resolve_wall=56.389 lce_wall=682.088 write_wall=2.053 lf_steps=0 cache_hits=0
SLIM_PHASE query-chunks wall=3.416 cumulative=947.630 peak_rss_kib=59874164
SLIM_PROGRESS runs=246480896/1859825801 resolve_wall=56.640 lce_wall=685.109 write_wall=2.061 lf_steps=0 cache_hits=0
SLIM_PHASE query-chunks wall=3.280 cumulative=950.910 peak_rss_kib=59887516
SLIM_PROGRESS runs=247529472/1859825801 resolve_wall=56.886 lce_wall=688.139 write_wall=2.069 lf_steps=0 cache_hits=0
SLIM_PHASE query-chunks wall=3.284 cumulative=954.194 peak_rss_kib=59890144
SLIM_PROGRESS runs=248578048/1859825801 resolve_wall=57.123 lce_wall=691.084 write_wall=2.077 lf_steps=0 cache_hits=0
SLIM_PHASE query-chunks wall=3.190 cumulative=957.383 peak_rss_kib=59894752
SLIM_PROGRESS runs=249626624/1859825801 resolve_wall=57.361 lce_wall=693.852 write_wall=2.084 lf_steps=0 cache_hits=0
SLIM_PHASE query-chunks wall=3.014 cumulative=960.398 peak_rss_kib=59905384
SLIM_PROGRESS runs=250675200/1859825801 resolve_wall=57.598 lce_wall=696.682 write_wall=2.092 lf_steps=0 cache_hits=0
SLIM_PHASE query-chunks wall=3.074 cumulative=963.472 peak_rss_kib=59916136
SLIM_PROGRESS runs=251723776/1859825801 resolve_wall=57.837 lce_wall=699.634 write_wall=2.100 lf_steps=0 cache_hits=0
SLIM_PHASE query-chunks wall=3.199 cumulative=966.671 peak_rss_kib=59923200
SLIM_PROGRESS runs=252772352/1859825801 resolve_wall=58.083 lce_wall=702.608 write_wall=2.108 lf_steps=0 cache_hits=0
SLIM_PHASE query-chunks wall=3.228 cumulative=969.899 peak_rss_kib=59933392
SLIM_PROGRESS runs=253820928/1859825801 resolve_wall=58.315 lce_wall=705.311 write_wall=2.115 lf_steps=0 cache_hits=0
SLIM_PHASE query-chunks wall=2.943 cumulative=972.843 peak_rss_kib=59944316
SLIM_PROGRESS runs=254869504/1859825801 resolve_wall=58.556 lce_wall=707.935 write_wall=2.123 lf_steps=0 cache_hits=0
SLIM_PHASE query-chunks wall=2.873 cumulative=975.716 peak_rss_kib=59956712
SLIM_PROGRESS runs=255918080/1859825801 resolve_wall=58.794 lce_wall=710.641 write_wall=2.131 lf_steps=0 cache_hits=0
SLIM_PHASE query-chunks wall=2.952 cumulative=978.668 peak_rss_kib=59967336
SLIM_PROGRESS runs=256966656/1859825801 resolve_wall=59.031 lce_wall=713.538 write_wall=2.139 lf_steps=0 cache_hits=0
SLIM_PHASE query-chunks wall=3.142 cumulative=981.809 peak_rss_kib=59967336
SLIM_PROGRESS runs=258015232/1859825801 resolve_wall=59.269 lce_wall=716.453 write_wall=2.147 lf_steps=0 cache_hits=0
SLIM_PHASE query-chunks wall=3.161 cumulative=984.970 peak_rss_kib=59977364
SLIM_PROGRESS runs=259063808/1859825801 resolve_wall=59.515 lce_wall=719.424 write_wall=2.155 lf_steps=0 cache_hits=0
SLIM_PHASE query-chunks wall=3.225 cumulative=988.196 peak_rss_kib=59996400
SLIM_PROGRESS runs=260112384/1859825801 resolve_wall=59.751 lce_wall=722.363 write_wall=2.163 lf_steps=0 cache_hits=0
SLIM_PHASE query-chunks wall=3.183 cumulative=991.378 peak_rss_kib=60002520
SLIM_PROGRESS runs=261160960/1859825801 resolve_wall=59.988 lce_wall=725.137 write_wall=2.171 lf_steps=0 cache_hits=0
SLIM_PHASE query-chunks wall=3.020 cumulative=994.398 peak_rss_kib=60018008
SLIM_PROGRESS runs=262209536/1859825801 resolve_wall=60.226 lce_wall=728.092 write_wall=2.179 lf_steps=0 cache_hits=0
SLIM_PHASE query-chunks wall=3.200 cumulative=997.599 peak_rss_kib=60026584
SLIM_PROGRESS runs=263258112/1859825801 resolve_wall=60.465 lce_wall=730.934 write_wall=2.187 lf_steps=0 cache_hits=0
SLIM_PHASE query-chunks wall=3.088 cumulative=1000.687 peak_rss_kib=60033444
SLIM_PROGRESS runs=264306688/1859825801 resolve_wall=60.706 lce_wall=733.800 write_wall=2.194 lf_steps=0 cache_hits=0
SLIM_PHASE query-chunks wall=3.115 cumulative=1003.802 peak_rss_kib=60036028
SLIM_PROGRESS runs=265355264/1859825801 resolve_wall=60.951 lce_wall=736.874 write_wall=2.202 lf_steps=0 cache_hits=0
SLIM_PHASE query-chunks wall=3.327 cumulative=1007.129 peak_rss_kib=60054912
SLIM_PROGRESS runs=266403840/1859825801 resolve_wall=61.196 lce_wall=739.698 write_wall=2.210 lf_steps=0 cache_hits=0
SLIM_PHASE query-chunks wall=3.077 cumulative=1010.206 peak_rss_kib=60061540
SLIM_PROGRESS runs=267452416/1859825801 resolve_wall=61.434 lce_wall=742.460 write_wall=2.218 lf_steps=0 cache_hits=0
SLIM_PHASE query-chunks wall=3.007 cumulative=1013.214 peak_rss_kib=60071788
SLIM_PROGRESS runs=268500992/1859825801 resolve_wall=61.673 lce_wall=745.464 write_wall=2.225 lf_steps=0 cache_hits=0
SLIM_PHASE query-chunks wall=3.251 cumulative=1016.465 peak_rss_kib=60081100
SLIM_PROGRESS runs=269549568/1859825801 resolve_wall=61.911 lce_wall=748.200 write_wall=2.234 lf_steps=0 cache_hits=0
SLIM_PHASE query-chunks wall=2.983 cumulative=1019.447 peak_rss_kib=60095868
SLIM_PROGRESS runs=270598144/1859825801 resolve_wall=62.149 lce_wall=751.086 write_wall=2.244 lf_steps=0 cache_hits=0
SLIM_PHASE query-chunks wall=3.135 cumulative=1022.582 peak_rss_kib=60100476
SLIM_PROGRESS runs=271646720/1859825801 resolve_wall=62.390 lce_wall=753.897 write_wall=2.254 lf_steps=0 cache_hits=0
SLIM_PHASE query-chunks wall=3.062 cumulative=1025.644 peak_rss_kib=60107124
SLIM_PROGRESS runs=272695296/1859825801 resolve_wall=62.625 lce_wall=756.924 write_wall=2.265 lf_steps=0 cache_hits=0
SLIM_PHASE query-chunks wall=3.273 cumulative=1028.918 peak_rss_kib=60109872
SLIM_PROGRESS runs=273743872/1859825801 resolve_wall=62.864 lce_wall=759.692 write_wall=2.275 lf_steps=0 cache_hits=0
SLIM_PHASE query-chunks wall=3.016 cumulative=1031.934 peak_rss_kib=60114976
SLIM_PROGRESS runs=274792448/1859825801 resolve_wall=63.100 lce_wall=762.651 write_wall=2.286 lf_steps=0 cache_hits=0
SLIM_PHASE query-chunks wall=3.206 cumulative=1035.140 peak_rss_kib=60117536
SLIM_PROGRESS runs=275841024/1859825801 resolve_wall=63.336 lce_wall=765.324 write_wall=2.295 lf_steps=0 cache_hits=0
SLIM_PHASE query-chunks wall=2.918 cumulative=1038.058 peak_rss_kib=60121736
SLIM_PROGRESS runs=276889600/1859825801 resolve_wall=63.576 lce_wall=767.883 write_wall=2.303 lf_steps=0 cache_hits=0
SLIM_PHASE query-chunks wall=2.808 cumulative=1040.866 peak_rss_kib=60122656
SLIM_PROGRESS runs=277938176/1859825801 resolve_wall=63.817 lce_wall=770.714 write_wall=2.313 lf_steps=0 cache_hits=0
SLIM_PHASE query-chunks wall=3.082 cumulative=1043.948 peak_rss_kib=60131360
SLIM_PROGRESS runs=278986752/1859825801 resolve_wall=64.057 lce_wall=773.503 write_wall=2.323 lf_steps=0 cache_hits=0
SLIM_PHASE query-chunks wall=3.039 cumulative=1046.987 peak_rss_kib=60137496
SLIM_PROGRESS runs=280035328/1859825801 resolve_wall=64.297 lce_wall=776.271 write_wall=2.332 lf_steps=0 cache_hits=0
SLIM_PHASE query-chunks wall=3.018 cumulative=1050.005 peak_rss_kib=60148248
SLIM_PROGRESS runs=281083904/1859825801 resolve_wall=64.540 lce_wall=779.020 write_wall=2.341 lf_steps=0 cache_hits=0
SLIM_PHASE query-chunks wall=3.001 cumulative=1053.006 peak_rss_kib=60154584
SLIM_PROGRESS runs=282132480/1859825801 resolve_wall=64.780 lce_wall=781.811 write_wall=2.351 lf_steps=0 cache_hits=0
SLIM_PHASE query-chunks wall=3.041 cumulative=1056.046 peak_rss_kib=60163288
SLIM_PROGRESS runs=283181056/1859825801 resolve_wall=65.020 lce_wall=784.386 write_wall=2.360 lf_steps=0 cache_hits=0
SLIM_PHASE query-chunks wall=2.825 cumulative=1058.871 peak_rss_kib=60165848
SLIM_PROGRESS runs=284229632/1859825801 resolve_wall=65.260 lce_wall=787.133 write_wall=2.369 lf_steps=0 cache_hits=0
SLIM_PHASE query-chunks wall=2.996 cumulative=1061.867 peak_rss_kib=60169052
SLIM_PROGRESS runs=285278208/1859825801 resolve_wall=65.497 lce_wall=789.906 write_wall=2.379 lf_steps=0 cache_hits=0
SLIM_PHASE query-chunks wall=3.020 cumulative=1064.887 peak_rss_kib=60181224
SLIM_PROGRESS runs=286326784/1859825801 resolve_wall=65.734 lce_wall=792.566 write_wall=2.388 lf_steps=0 cache_hits=0
SLIM_PHASE query-chunks wall=2.906 cumulative=1067.792 peak_rss_kib=60190288
SLIM_PROGRESS runs=287375360/1859825801 resolve_wall=65.971 lce_wall=795.161 write_wall=2.397 lf_steps=0 cache_hits=0
SLIM_PHASE query-chunks wall=2.842 cumulative=1070.634 peak_rss_kib=60201448
SLIM_PROGRESS runs=288423936/1859825801 resolve_wall=66.212 lce_wall=797.838 write_wall=2.405 lf_steps=0 cache_hits=0
SLIM_PHASE query-chunks wall=2.927 cumulative=1073.561 peak_rss_kib=60215776
SLIM_PROGRESS runs=289472512/1859825801 resolve_wall=66.450 lce_wall=800.479 write_wall=2.414 lf_steps=0 cache_hits=0
SLIM_PHASE query-chunks wall=2.888 cumulative=1076.449 peak_rss_kib=60222840
SLIM_PROGRESS runs=290521088/1859825801 resolve_wall=66.690 lce_wall=803.061 write_wall=2.423 lf_steps=0 cache_hits=0
SLIM_PHASE query-chunks wall=2.832 cumulative=1079.280 peak_rss_kib=60235232
SLIM_PROGRESS runs=291569664/1859825801 resolve_wall=66.929 lce_wall=805.685 write_wall=2.432 lf_steps=0 cache_hits=0
SLIM_PHASE query-chunks wall=2.871 cumulative=1082.151 peak_rss_kib=60241888
SLIM_PROGRESS runs=292618240/1859825801 resolve_wall=67.174 lce_wall=808.507 write_wall=2.441 lf_steps=0 cache_hits=0
SLIM_PHASE query-chunks wall=3.077 cumulative=1085.228 peak_rss_kib=60248160
SLIM_PROGRESS runs=293666816/1859825801 resolve_wall=67.414 lce_wall=811.533 write_wall=2.449 lf_steps=0 cache_hits=0
SLIM_PHASE query-chunks wall=3.274 cumulative=1088.502 peak_rss_kib=60259224
SLIM_PROGRESS runs=294715392/1859825801 resolve_wall=67.663 lce_wall=814.214 write_wall=2.457 lf_steps=0 cache_hits=0
SLIM_PHASE query-chunks wall=2.938 cumulative=1091.440 peak_rss_kib=60269976
SLIM_PROGRESS runs=295763968/1859825801 resolve_wall=67.902 lce_wall=816.861 write_wall=2.465 lf_steps=0 cache_hits=0
SLIM_PHASE query-chunks wall=2.895 cumulative=1094.334 peak_rss_kib=60280856
SLIM_PROGRESS runs=296812544/1859825801 resolve_wall=68.147 lce_wall=819.807 write_wall=2.473 lf_steps=0 cache_hits=0
SLIM_PHASE query-chunks wall=3.199 cumulative=1097.533 peak_rss_kib=60287864
SLIM_PROGRESS runs=297861120/1859825801 resolve_wall=68.388 lce_wall=822.572 write_wall=2.481 lf_steps=0 cache_hits=0
SLIM_PHASE query-chunks wall=3.014 cumulative=1100.547 peak_rss_kib=60293920
SLIM_PROGRESS runs=298909696/1859825801 resolve_wall=68.633 lce_wall=825.343 write_wall=2.490 lf_steps=0 cache_hits=0
SLIM_PHASE query-chunks wall=3.025 cumulative=1103.572 peak_rss_kib=60300852
SLIM_PROGRESS runs=299958272/1859825801 resolve_wall=68.869 lce_wall=828.109 write_wall=2.498 lf_steps=0 cache_hits=0
SLIM_PHASE query-chunks wall=3.012 cumulative=1106.584 peak_rss_kib=60302904
SLIM_PROGRESS runs=301006848/1859825801 resolve_wall=69.109 lce_wall=830.796 write_wall=2.507 lf_steps=0 cache_hits=0
SLIM_PHASE query-chunks wall=2.934 cumulative=1109.518 peak_rss_kib=60310832
SLIM_PROGRESS runs=302055424/1859825801 resolve_wall=69.348 lce_wall=833.673 write_wall=2.515 lf_steps=0 cache_hits=0
SLIM_PHASE query-chunks wall=3.125 cumulative=1112.643 peak_rss_kib=60318716
SLIM_PROGRESS runs=303104000/1859825801 resolve_wall=69.585 lce_wall=836.337 write_wall=2.524 lf_steps=0 cache_hits=0
SLIM_PHASE query-chunks wall=2.910 cumulative=1115.553 peak_rss_kib=60322132
SLIM_PROGRESS runs=304152576/1859825801 resolve_wall=69.823 lce_wall=839.034 write_wall=2.532 lf_steps=0 cache_hits=0
SLIM_PHASE query-chunks wall=2.942 cumulative=1118.495 peak_rss_kib=60336068
SLIM_PROGRESS runs=305201152/1859825801 resolve_wall=70.067 lce_wall=841.769 write_wall=2.540 lf_steps=0 cache_hits=0
SLIM_PHASE query-chunks wall=2.988 cumulative=1121.483 peak_rss_kib=60346756
SLIM_PROGRESS runs=306249728/1859825801 resolve_wall=70.311 lce_wall=844.439 write_wall=2.547 lf_steps=0 cache_hits=0
SLIM_PHASE query-chunks wall=2.922 cumulative=1124.405 peak_rss_kib=60348896
SLIM_PROGRESS runs=307298304/1859825801 resolve_wall=70.553 lce_wall=847.275 write_wall=2.555 lf_steps=0 cache_hits=0
SLIM_PHASE query-chunks wall=3.086 cumulative=1127.491 peak_rss_kib=60355992
SLIM_PROGRESS runs=308346880/1859825801 resolve_wall=70.796 lce_wall=850.053 write_wall=2.563 lf_steps=0 cache_hits=0
SLIM_PHASE query-chunks wall=3.029 cumulative=1130.519 peak_rss_kib=60358056
SLIM_PROGRESS runs=309395456/1859825801 resolve_wall=71.036 lce_wall=852.911 write_wall=2.570 lf_steps=0 cache_hits=0
SLIM_PHASE query-chunks wall=3.106 cumulative=1133.626 peak_rss_kib=60370900
SLIM_PROGRESS runs=310444032/1859825801 resolve_wall=71.282 lce_wall=855.792 write_wall=2.578 lf_steps=0 cache_hits=0
SLIM_PHASE query-chunks wall=3.134 cumulative=1136.760 peak_rss_kib=60376028
SLIM_PROGRESS runs=311492608/1859825801 resolve_wall=71.525 lce_wall=858.514 write_wall=2.586 lf_steps=0 cache_hits=0
SLIM_PHASE query-chunks wall=2.973 cumulative=1139.733 peak_rss_kib=60382112
SLIM_PROGRESS runs=312541184/1859825801 resolve_wall=71.768 lce_wall=861.306 write_wall=2.594 lf_steps=0 cache_hits=0
SLIM_PHASE query-chunks wall=3.043 cumulative=1142.777 peak_rss_kib=60389272
SLIM_PROGRESS runs=313589760/1859825801 resolve_wall=72.010 lce_wall=864.102 write_wall=2.602 lf_steps=0 cache_hits=0
SLIM_PHASE query-chunks wall=3.045 cumulative=1145.822 peak_rss_kib=60402056
SLIM_PROGRESS runs=314638336/1859825801 resolve_wall=72.252 lce_wall=866.994 write_wall=2.610 lf_steps=0 cache_hits=0
SLIM_PHASE query-chunks wall=3.142 cumulative=1148.964 peak_rss_kib=60412304
SLIM_PROGRESS runs=315686912/1859825801 resolve_wall=72.493 lce_wall=869.842 write_wall=2.618 lf_steps=0 cache_hits=0
SLIM_PHASE query-chunks wall=3.098 cumulative=1152.061 peak_rss_kib=60421512
SLIM_PROGRESS runs=316735488/1859825801 resolve_wall=72.733 lce_wall=872.507 write_wall=2.626 lf_steps=0 cache_hits=0
SLIM_PHASE query-chunks wall=2.913 cumulative=1154.974 peak_rss_kib=60424044
SLIM_PROGRESS runs=317784064/1859825801 resolve_wall=72.977 lce_wall=875.366 write_wall=2.634 lf_steps=0 cache_hits=0
SLIM_PHASE query-chunks wall=3.110 cumulative=1158.085 peak_rss_kib=60433092
SLIM_PROGRESS runs=318832640/1859825801 resolve_wall=73.218 lce_wall=877.988 write_wall=2.641 lf_steps=0 cache_hits=0
SLIM_PHASE query-chunks wall=2.872 cumulative=1160.956 peak_rss_kib=60441796
SLIM_PROGRESS runs=319881216/1859825801 resolve_wall=73.465 lce_wall=880.959 write_wall=2.649 lf_steps=0 cache_hits=0
SLIM_PHASE query-chunks wall=3.226 cumulative=1164.182 peak_rss_kib=60451408
SLIM_PROGRESS runs=320929792/1859825801 resolve_wall=73.706 lce_wall=883.634 write_wall=2.657 lf_steps=0 cache_hits=0
SLIM_PHASE query-chunks wall=2.923 cumulative=1167.105 peak_rss_kib=60458064
SLIM_PROGRESS runs=321978368/1859825801 resolve_wall=73.951 lce_wall=886.668 write_wall=2.666 lf_steps=0 cache_hits=0
SLIM_PHASE query-chunks wall=3.288 cumulative=1170.394 peak_rss_kib=60463684
SLIM_PROGRESS runs=323026944/1859825801 resolve_wall=74.197 lce_wall=889.694 write_wall=2.673 lf_steps=0 cache_hits=0
SLIM_PHASE query-chunks wall=3.280 cumulative=1173.674 peak_rss_kib=60480452
SLIM_PROGRESS runs=324075520/1859825801 resolve_wall=74.439 lce_wall=892.623 write_wall=2.681 lf_steps=0 cache_hits=0
SLIM_PHASE query-chunks wall=3.179 cumulative=1176.853 peak_rss_kib=60487144
SLIM_PROGRESS runs=325124096/1859825801 resolve_wall=74.683 lce_wall=895.443 write_wall=2.689 lf_steps=0 cache_hits=0
SLIM_PHASE query-chunks wall=3.071 cumulative=1179.924 peak_rss_kib=60500012
SLIM_PROGRESS runs=326172672/1859825801 resolve_wall=74.930 lce_wall=898.337 write_wall=2.697 lf_steps=0 cache_hits=0
SLIM_PHASE query-chunks wall=3.149 cumulative=1183.073 peak_rss_kib=60515412
SLIM_PROGRESS runs=327221248/1859825801 resolve_wall=75.176 lce_wall=901.088 write_wall=2.705 lf_steps=0 cache_hits=0
SLIM_PHASE query-chunks wall=3.005 cumulative=1186.078 peak_rss_kib=60522244
SLIM_PROGRESS runs=328269824/1859825801 resolve_wall=75.412 lce_wall=903.746 write_wall=2.712 lf_steps=0 cache_hits=0
SLIM_PHASE query-chunks wall=2.903 cumulative=1188.981 peak_rss_kib=60535072
SLIM_PROGRESS runs=329318400/1859825801 resolve_wall=75.649 lce_wall=906.355 write_wall=2.720 lf_steps=0 cache_hits=0
SLIM_PHASE query-chunks wall=2.854 cumulative=1191.835 peak_rss_kib=60539620
SLIM_PROGRESS runs=330366976/1859825801 resolve_wall=75.887 lce_wall=909.144 write_wall=2.728 lf_steps=0 cache_hits=0
SLIM_PHASE query-chunks wall=3.035 cumulative=1194.870 peak_rss_kib=60549304
SLIM_PROGRESS runs=331415552/1859825801 resolve_wall=76.129 lce_wall=911.965 write_wall=2.735 lf_steps=0 cache_hits=0
SLIM_PHASE query-chunks wall=3.071 cumulative=1197.940 peak_rss_kib=60554900
SLIM_PROGRESS runs=332464128/1859825801 resolve_wall=76.367 lce_wall=914.660 write_wall=2.743 lf_steps=0 cache_hits=0
SLIM_PHASE query-chunks wall=2.940 cumulative=1200.881 peak_rss_kib=60563604
SLIM_PROGRESS runs=333512704/1859825801 resolve_wall=76.608 lce_wall=917.313 write_wall=2.750 lf_steps=0 cache_hits=0
SLIM_PHASE query-chunks wall=2.902 cumulative=1203.783 peak_rss_kib=60578460
SLIM_PROGRESS runs=334561280/1859825801 resolve_wall=76.846 lce_wall=919.974 write_wall=2.758 lf_steps=0 cache_hits=0
SLIM_PHASE query-chunks wall=2.906 cumulative=1206.689 peak_rss_kib=60581064
SLIM_PROGRESS runs=335609856/1859825801 resolve_wall=77.086 lce_wall=922.765 write_wall=2.766 lf_steps=0 cache_hits=0
SLIM_PHASE query-chunks wall=3.039 cumulative=1209.728 peak_rss_kib=60585416
SLIM_PROGRESS runs=336658432/1859825801 resolve_wall=77.329 lce_wall=925.439 write_wall=2.773 lf_steps=0 cache_hits=0
SLIM_PHASE query-chunks wall=2.925 cumulative=1212.653 peak_rss_kib=60592408
SLIM_PROGRESS runs=337707008/1859825801 resolve_wall=77.569 lce_wall=928.097 write_wall=2.781 lf_steps=0 cache_hits=0
SLIM_PHASE query-chunks wall=2.906 cumulative=1215.558 peak_rss_kib=60599168
SLIM_PROGRESS runs=338755584/1859825801 resolve_wall=77.815 lce_wall=930.794 write_wall=2.789 lf_steps=0 cache_hits=0
SLIM_PHASE query-chunks wall=2.951 cumulative=1218.510 peak_rss_kib=60612008
SLIM_PROGRESS runs=339804160/1859825801 resolve_wall=78.056 lce_wall=933.692 write_wall=2.797 lf_steps=0 cache_hits=0
SLIM_PHASE query-chunks wall=3.147 cumulative=1221.657 peak_rss_kib=60618628
SLIM_PROGRESS runs=340852736/1859825801 resolve_wall=78.294 lce_wall=936.362 write_wall=2.805 lf_steps=0 cache_hits=0
SLIM_PHASE query-chunks wall=2.916 cumulative=1224.573 peak_rss_kib=60639720
SLIM_PROGRESS runs=341901312/1859825801 resolve_wall=78.530 lce_wall=939.177 write_wall=2.812 lf_steps=0 cache_hits=0
SLIM_PHASE query-chunks wall=3.058 cumulative=1227.631 peak_rss_kib=60646376
SLIM_PROGRESS runs=342949888/1859825801 resolve_wall=78.768 lce_wall=941.865 write_wall=2.820 lf_steps=0 cache_hits=0
SLIM_PHASE query-chunks wall=2.933 cumulative=1230.564 peak_rss_kib=60654576
SLIM_PROGRESS runs=343998464/1859825801 resolve_wall=79.005 lce_wall=944.561 write_wall=2.828 lf_steps=0 cache_hits=0
SLIM_PHASE query-chunks wall=2.942 cumulative=1233.506 peak_rss_kib=60663376
SLIM_PROGRESS runs=345047040/1859825801 resolve_wall=79.242 lce_wall=947.255 write_wall=2.835 lf_steps=0 cache_hits=0
SLIM_PHASE query-chunks wall=2.939 cumulative=1236.445 peak_rss_kib=60672584
SLIM_PROGRESS runs=346095616/1859825801 resolve_wall=79.483 lce_wall=950.003 write_wall=2.843 lf_steps=0 cache_hits=0
SLIM_PHASE query-chunks wall=2.996 cumulative=1239.442 peak_rss_kib=60673524
SLIM_PROGRESS runs=347144192/1859825801 resolve_wall=79.725 lce_wall=952.744 write_wall=2.851 lf_steps=0 cache_hits=0
SLIM_PHASE query-chunks wall=2.990 cumulative=1242.432 peak_rss_kib=60679772
SLIM_PROGRESS runs=348192768/1859825801 resolve_wall=79.970 lce_wall=955.673 write_wall=2.859 lf_steps=0 cache_hits=0
SLIM_PHASE query-chunks wall=3.182 cumulative=1245.613 peak_rss_kib=60686104
SLIM_PROGRESS runs=349241344/1859825801 resolve_wall=80.209 lce_wall=958.609 write_wall=2.866 lf_steps=0 cache_hits=0
SLIM_PHASE query-chunks wall=3.184 cumulative=1248.798 peak_rss_kib=60694812
SLIM_PROGRESS runs=350289920/1859825801 resolve_wall=80.450 lce_wall=961.436 write_wall=2.874 lf_steps=0 cache_hits=0
SLIM_PHASE query-chunks wall=3.076 cumulative=1251.874 peak_rss_kib=60701940
SLIM_PROGRESS runs=351338496/1859825801 resolve_wall=80.691 lce_wall=964.220 write_wall=2.882 lf_steps=0 cache_hits=0
SLIM_PHASE query-chunks wall=3.032 cumulative=1254.906 peak_rss_kib=60704724
SLIM_PROGRESS runs=352387072/1859825801 resolve_wall=80.932 lce_wall=967.184 write_wall=2.890 lf_steps=0 cache_hits=0
SLIM_PHASE query-chunks wall=3.213 cumulative=1258.119 peak_rss_kib=60711320
SLIM_PROGRESS runs=353435648/1859825801 resolve_wall=81.178 lce_wall=970.048 write_wall=2.898 lf_steps=0 cache_hits=0
SLIM_PHASE query-chunks wall=3.118 cumulative=1261.237 peak_rss_kib=60717584
SLIM_PROGRESS runs=354484224/1859825801 resolve_wall=81.421 lce_wall=972.893 write_wall=2.905 lf_steps=0 cache_hits=0
SLIM_PHASE query-chunks wall=3.096 cumulative=1264.333 peak_rss_kib=60728240
SLIM_PROGRESS runs=355532800/1859825801 resolve_wall=81.662 lce_wall=975.701 write_wall=2.913 lf_steps=0 cache_hits=0
SLIM_PHASE query-chunks wall=3.056 cumulative=1267.390 peak_rss_kib=60732848
SLIM_PROGRESS runs=356581376/1859825801 resolve_wall=81.906 lce_wall=978.974 write_wall=2.921 lf_steps=0 cache_hits=0
SLIM_PHASE query-chunks wall=3.525 cumulative=1270.915 peak_rss_kib=60740012
SLIM_PROGRESS runs=357629952/1859825801 resolve_wall=82.151 lce_wall=981.650 write_wall=2.928 lf_steps=0 cache_hits=0
SLIM_PHASE query-chunks wall=2.928 cumulative=1273.843 peak_rss_kib=60748704
SLIM_PROGRESS runs=358678528/1859825801 resolve_wall=82.396 lce_wall=984.516 write_wall=2.936 lf_steps=0 cache_hits=0
SLIM_PHASE query-chunks wall=3.119 cumulative=1276.962 peak_rss_kib=60755360
SLIM_PROGRESS runs=359727104/1859825801 resolve_wall=82.640 lce_wall=987.280 write_wall=2.945 lf_steps=0 cache_hits=0
SLIM_PHASE query-chunks wall=3.018 cumulative=1279.979 peak_rss_kib=60755864
SLIM_PROGRESS runs=360775680/1859825801 resolve_wall=82.879 lce_wall=990.242 write_wall=2.956 lf_steps=0 cache_hits=0
SLIM_PHASE query-chunks wall=3.212 cumulative=1283.191 peak_rss_kib=60764568
SLIM_PROGRESS runs=361824256/1859825801 resolve_wall=83.117 lce_wall=993.271 write_wall=2.966 lf_steps=0 cache_hits=0
SLIM_PHASE query-chunks wall=3.278 cumulative=1286.469 peak_rss_kib=60773428
SLIM_PROGRESS runs=362872832/1859825801 resolve_wall=83.357 lce_wall=996.328 write_wall=2.977 lf_steps=0 cache_hits=0
SLIM_PHASE query-chunks wall=3.308 cumulative=1289.777 peak_rss_kib=60787744
SLIM_PROGRESS runs=363921408/1859825801 resolve_wall=83.594 lce_wall=999.397 write_wall=2.989 lf_steps=0 cache_hits=0
SLIM_PHASE query-chunks wall=3.317 cumulative=1293.094 peak_rss_kib=60802692
SLIM_PROGRESS runs=364969984/1859825801 resolve_wall=83.832 lce_wall=1002.158 write_wall=2.999 lf_steps=0 cache_hits=0
SLIM_PHASE query-chunks wall=3.009 cumulative=1296.103 peak_rss_kib=60803616
SLIM_PROGRESS runs=366018560/1859825801 resolve_wall=84.070 lce_wall=1005.107 write_wall=3.010 lf_steps=0 cache_hits=0
SLIM_PHASE query-chunks wall=3.199 cumulative=1299.302 peak_rss_kib=60806176
SLIM_PROGRESS runs=367067136/1859825801 resolve_wall=84.312 lce_wall=1008.139 write_wall=3.019 lf_steps=0 cache_hits=0
SLIM_PHASE query-chunks wall=3.282 cumulative=1302.584 peak_rss_kib=60817084
SLIM_PROGRESS runs=368115712/1859825801 resolve_wall=84.550 lce_wall=1010.793 write_wall=3.030 lf_steps=0 cache_hits=0
SLIM_PHASE query-chunks wall=2.904 cumulative=1305.488 peak_rss_kib=60825448
SLIM_PROGRESS runs=369164288/1859825801 resolve_wall=84.789 lce_wall=1013.454 write_wall=3.041 lf_steps=0 cache_hits=0
SLIM_PHASE query-chunks wall=2.912 cumulative=1308.400 peak_rss_kib=60836584
SLIM_PROGRESS runs=370212864/1859825801 resolve_wall=85.027 lce_wall=1016.462 write_wall=3.054 lf_steps=0 cache_hits=0
SLIM_PHASE query-chunks wall=3.259 cumulative=1311.659 peak_rss_kib=60841212
SLIM_PROGRESS runs=371261440/1859825801 resolve_wall=85.264 lce_wall=1019.388 write_wall=3.068 lf_steps=0 cache_hits=0
SLIM_PHASE query-chunks wall=3.177 cumulative=1314.836 peak_rss_kib=60852364
SLIM_PROGRESS runs=372310016/1859825801 resolve_wall=85.499 lce_wall=1022.309 write_wall=3.081 lf_steps=0 cache_hits=0
SLIM_PHASE query-chunks wall=3.169 cumulative=1318.004 peak_rss_kib=60855992
SLIM_PROGRESS runs=373358592/1859825801 resolve_wall=85.732 lce_wall=1025.228 write_wall=3.095 lf_steps=0 cache_hits=0
SLIM_PHASE query-chunks wall=3.167 cumulative=1321.172 peak_rss_kib=60865548
SLIM_PROGRESS runs=374407168/1859825801 resolve_wall=85.976 lce_wall=1028.019 write_wall=3.109 lf_steps=0 cache_hits=0
SLIM_PHASE query-chunks wall=3.049 cumulative=1324.221 peak_rss_kib=60878388
SLIM_PROGRESS runs=375455744/1859825801 resolve_wall=86.238 lce_wall=1030.840 write_wall=3.122 lf_steps=0 cache_hits=0
SLIM_PHASE query-chunks wall=3.095 cumulative=1327.316 peak_rss_kib=60891284
SLIM_PROGRESS runs=376504320/1859825801 resolve_wall=86.486 lce_wall=1033.612 write_wall=3.133 lf_steps=0 cache_hits=0
SLIM_PHASE query-chunks wall=3.031 cumulative=1330.347 peak_rss_kib=60902052
SLIM_PROGRESS runs=377552896/1859825801 resolve_wall=86.724 lce_wall=1036.267 write_wall=3.143 lf_steps=0 cache_hits=0
SLIM_PHASE query-chunks wall=2.903 cumulative=1333.250 peak_rss_kib=60908816
SLIM_PROGRESS runs=378601472/1859825801 resolve_wall=86.960 lce_wall=1039.084 write_wall=3.153 lf_steps=0 cache_hits=0
SLIM_PHASE query-chunks wall=3.064 cumulative=1336.314 peak_rss_kib=60917144
SLIM_PROGRESS runs=379650048/1859825801 resolve_wall=87.200 lce_wall=1041.864 write_wall=3.164 lf_steps=0 cache_hits=0
SLIM_PHASE query-chunks wall=3.031 cumulative=1339.344 peak_rss_kib=60926352
SLIM_PROGRESS runs=380698624/1859825801 resolve_wall=87.440 lce_wall=1044.870 write_wall=3.173 lf_steps=0 cache_hits=0
SLIM_PHASE query-chunks wall=3.255 cumulative=1342.600 peak_rss_kib=60933280
SLIM_PROGRESS runs=381747200/1859825801 resolve_wall=87.684 lce_wall=1047.741 write_wall=3.182 lf_steps=0 cache_hits=0
SLIM_PHASE query-chunks wall=3.124 cumulative=1345.724 peak_rss_kib=60939980
SLIM_PROGRESS runs=382795776/1859825801 resolve_wall=87.918 lce_wall=1050.701 write_wall=3.190 lf_steps=0 cache_hits=0
SLIM_PHASE query-chunks wall=3.203 cumulative=1348.927 peak_rss_kib=60944128
SLIM_PROGRESS runs=383844352/1859825801 resolve_wall=88.151 lce_wall=1053.657 write_wall=3.198 lf_steps=0 cache_hits=0
SLIM_PHASE query-chunks wall=3.198 cumulative=1352.124 peak_rss_kib=60954880
SLIM_PROGRESS runs=384892928/1859825801 resolve_wall=88.385 lce_wall=1056.699 write_wall=3.207 lf_steps=0 cache_hits=0
SLIM_PHASE query-chunks wall=3.284 cumulative=1355.408 peak_rss_kib=60965632
SLIM_PROGRESS runs=385941504/1859825801 resolve_wall=88.620 lce_wall=1059.409 write_wall=3.216 lf_steps=0 cache_hits=0
SLIM_PHASE query-chunks wall=2.955 cumulative=1358.363 peak_rss_kib=60968624
SLIM_PROGRESS runs=386990080/1859825801 resolve_wall=88.875 lce_wall=1062.074 write_wall=3.225 lf_steps=0 cache_hits=0
SLIM_PHASE query-chunks wall=2.929 cumulative=1361.292 peak_rss_kib=60970776
SLIM_PROGRESS runs=388038656/1859825801 resolve_wall=89.111 lce_wall=1064.195 write_wall=3.232 lf_steps=0 cache_hits=0
SLIM_PHASE query-chunks wall=2.364 cumulative=1363.655 peak_rss_kib=60979556
SLIM_PROGRESS runs=389087232/1859825801 resolve_wall=89.348 lce_wall=1066.804 write_wall=3.240 lf_steps=0 cache_hits=0
SLIM_PHASE query-chunks wall=2.854 cumulative=1366.510 peak_rss_kib=60988184
SLIM_PROGRESS runs=390135808/1859825801 resolve_wall=89.591 lce_wall=1069.435 write_wall=3.248 lf_steps=0 cache_hits=0
SLIM_PHASE query-chunks wall=2.882 cumulative=1369.392 peak_rss_kib=61001488
SLIM_PROGRESS runs=391184384/1859825801 resolve_wall=89.827 lce_wall=1072.307 write_wall=3.256 lf_steps=0 cache_hits=0
SLIM_PHASE query-chunks wall=3.116 cumulative=1372.507 peak_rss_kib=61017856
SLIM_PROGRESS runs=392232960/1859825801 resolve_wall=90.071 lce_wall=1075.056 write_wall=3.264 lf_steps=0 cache_hits=0
SLIM_PHASE query-chunks wall=3.002 cumulative=1375.510 peak_rss_kib=61029152
SLIM_PROGRESS runs=393281536/1859825801 resolve_wall=90.314 lce_wall=1077.655 write_wall=3.272 lf_steps=0 cache_hits=0
SLIM_PHASE query-chunks wall=2.849 cumulative=1378.359 peak_rss_kib=61039560
SLIM_PROGRESS runs=394330112/1859825801 resolve_wall=90.557 lce_wall=1080.339 write_wall=3.280 lf_steps=0 cache_hits=0
SLIM_PHASE query-chunks wall=2.934 cumulative=1381.293 peak_rss_kib=61044588
SLIM_PROGRESS runs=395378688/1859825801 resolve_wall=90.797 lce_wall=1083.091 write_wall=3.287 lf_steps=0 cache_hits=0
SLIM_PHASE query-chunks wall=3.001 cumulative=1384.294 peak_rss_kib=61053528
SLIM_PROGRESS runs=396427264/1859825801 resolve_wall=91.037 lce_wall=1085.974 write_wall=3.295 lf_steps=0 cache_hits=0
SLIM_PHASE query-chunks wall=3.130 cumulative=1387.424 peak_rss_kib=61062232
SLIM_PROGRESS runs=397475840/1859825801 resolve_wall=91.277 lce_wall=1088.732 write_wall=3.303 lf_steps=0 cache_hits=0
SLIM_PHASE query-chunks wall=3.006 cumulative=1390.430 peak_rss_kib=61068888
SLIM_PROGRESS runs=398524416/1859825801 resolve_wall=91.515 lce_wall=1091.474 write_wall=3.311 lf_steps=0 cache_hits=0
SLIM_PHASE query-chunks wall=2.989 cumulative=1393.419 peak_rss_kib=61085888
SLIM_PROGRESS runs=399572992/1859825801 resolve_wall=91.754 lce_wall=1094.407 write_wall=3.318 lf_steps=0 cache_hits=0
SLIM_PHASE query-chunks wall=3.179 cumulative=1396.598 peak_rss_kib=61098244
SLIM_PROGRESS runs=400621568/1859825801 resolve_wall=91.992 lce_wall=1097.240 write_wall=3.326 lf_steps=0 cache_hits=0
SLIM_PHASE query-chunks wall=3.080 cumulative=1399.678 peak_rss_kib=61109432
SLIM_PROGRESS runs=401670144/1859825801 resolve_wall=92.230 lce_wall=1100.101 write_wall=3.333 lf_steps=0 cache_hits=0
SLIM_PHASE query-chunks wall=3.106 cumulative=1402.784 peak_rss_kib=61114040
SLIM_PROGRESS runs=402718720/1859825801 resolve_wall=92.471 lce_wall=1102.813 write_wall=3.341 lf_steps=0 cache_hits=0
SLIM_PHASE query-chunks wall=2.961 cumulative=1405.745 peak_rss_kib=61118324
SLIM_PROGRESS runs=403767296/1859825801 resolve_wall=92.708 lce_wall=1105.638 write_wall=3.349 lf_steps=0 cache_hits=0
SLIM_PHASE query-chunks wall=3.070 cumulative=1408.815 peak_rss_kib=61123368
SLIM_PROGRESS runs=404815872/1859825801 resolve_wall=92.943 lce_wall=1108.392 write_wall=3.357 lf_steps=0 cache_hits=0
SLIM_PHASE query-chunks wall=2.997 cumulative=1411.812 peak_rss_kib=61134032
SLIM_PROGRESS runs=405864448/1859825801 resolve_wall=93.177 lce_wall=1111.232 write_wall=3.365 lf_steps=0 cache_hits=0
SLIM_PHASE query-chunks wall=3.082 cumulative=1414.894 peak_rss_kib=61152976
SLIM_PROGRESS runs=406913024/1859825801 resolve_wall=93.413 lce_wall=1114.091 write_wall=3.373 lf_steps=0 cache_hits=0
SLIM_PHASE query-chunks wall=3.102 cumulative=1417.996 peak_rss_kib=61161176
SLIM_PROGRESS runs=407961600/1859825801 resolve_wall=93.652 lce_wall=1116.786 write_wall=3.381 lf_steps=0 cache_hits=0
SLIM_PHASE query-chunks wall=2.943 cumulative=1420.939 peak_rss_kib=61166356
SLIM_PROGRESS runs=409010176/1859825801 resolve_wall=93.884 lce_wall=1119.623 write_wall=3.391 lf_steps=0 cache_hits=0
SLIM_PHASE query-chunks wall=3.079 cumulative=1424.018 peak_rss_kib=61173012
SLIM_PROGRESS runs=410058752/1859825801 resolve_wall=94.119 lce_wall=1122.502 write_wall=3.404 lf_steps=0 cache_hits=0
SLIM_PHASE query-chunks wall=3.127 cumulative=1427.145 peak_rss_kib=61181588
SLIM_PROGRESS runs=411107328/1859825801 resolve_wall=94.357 lce_wall=1125.213 write_wall=3.417 lf_steps=0 cache_hits=0
SLIM_PHASE query-chunks wall=2.963 cumulative=1430.108 peak_rss_kib=61190204
SLIM_PROGRESS runs=412155904/1859825801 resolve_wall=94.599 lce_wall=1127.947 write_wall=3.430 lf_steps=0 cache_hits=0
SLIM_PHASE query-chunks wall=2.988 cumulative=1433.096 peak_rss_kib=61194812
SLIM_PROGRESS runs=413204480/1859825801 resolve_wall=94.841 lce_wall=1130.606 write_wall=3.441 lf_steps=0 cache_hits=0
SLIM_PHASE query-chunks wall=2.912 cumulative=1436.008 peak_rss_kib=61198932
SLIM_PROGRESS runs=414253056/1859825801 resolve_wall=95.073 lce_wall=1133.415 write_wall=3.452 lf_steps=0 cache_hits=0
SLIM_PHASE query-chunks wall=3.052 cumulative=1439.061 peak_rss_kib=61208164
SLIM_PROGRESS runs=415301632/1859825801 resolve_wall=95.304 lce_wall=1136.209 write_wall=3.462 lf_steps=0 cache_hits=0
SLIM_PHASE query-chunks wall=3.035 cumulative=1442.096 peak_rss_kib=61212116
SLIM_PROGRESS runs=416350208/1859825801 resolve_wall=95.536 lce_wall=1138.945 write_wall=3.473 lf_steps=0 cache_hits=0
SLIM_PHASE query-chunks wall=2.979 cumulative=1445.075 peak_rss_kib=61225624
SLIM_PROGRESS runs=417398784/1859825801 resolve_wall=95.777 lce_wall=1141.724 write_wall=3.483 lf_steps=0 cache_hits=0
SLIM_PHASE query-chunks wall=3.030 cumulative=1448.105 peak_rss_kib=61241960
SLIM_PROGRESS runs=418447360/1859825801 resolve_wall=96.015 lce_wall=1144.418 write_wall=3.493 lf_steps=0 cache_hits=0
SLIM_PHASE query-chunks wall=2.942 cumulative=1451.047 peak_rss_kib=61248736
SLIM_PROGRESS runs=419495936/1859825801 resolve_wall=96.247 lce_wall=1147.232 write_wall=3.503 lf_steps=0 cache_hits=0
SLIM_PHASE query-chunks wall=3.057 cumulative=1454.104 peak_rss_kib=61255392
SLIM_PROGRESS runs=420544512/1859825801 resolve_wall=96.490 lce_wall=1149.857 write_wall=3.512 lf_steps=0 cache_hits=0
SLIM_PHASE query-chunks wall=2.877 cumulative=1456.981 peak_rss_kib=61262592
SLIM_PROGRESS runs=421593088/1859825801 resolve_wall=96.732 lce_wall=1152.503 write_wall=3.520 lf_steps=0 cache_hits=0
SLIM_PHASE query-chunks wall=2.896 cumulative=1459.877 peak_rss_kib=61270160
SLIM_PROGRESS runs=422641664/1859825801 resolve_wall=96.971 lce_wall=1155.138 write_wall=3.529 lf_steps=0 cache_hits=0
SLIM_PHASE query-chunks wall=2.882 cumulative=1462.759 peak_rss_kib=61277540
SLIM_PROGRESS runs=423690240/1859825801 resolve_wall=97.211 lce_wall=1157.811 write_wall=3.537 lf_steps=0 cache_hits=0
SLIM_PHASE query-chunks wall=2.922 cumulative=1465.681 peak_rss_kib=61284800
SLIM_PROGRESS runs=424738816/1859825801 resolve_wall=97.447 lce_wall=1160.574 write_wall=3.547 lf_steps=0 cache_hits=0
SLIM_PHASE query-chunks wall=3.010 cumulative=1468.691 peak_rss_kib=61286868
SLIM_PROGRESS runs=425787392/1859825801 resolve_wall=97.692 lce_wall=1163.310 write_wall=3.558 lf_steps=0 cache_hits=0
SLIM_PHASE query-chunks wall=2.991 cumulative=1471.682 peak_rss_kib=61291476
SLIM_PROGRESS runs=426835968/1859825801 resolve_wall=97.959 lce_wall=1166.042 write_wall=3.568 lf_steps=0 cache_hits=0
SLIM_PHASE query-chunks wall=3.009 cumulative=1474.691 peak_rss_kib=61296572
SLIM_PROGRESS runs=427884544/1859825801 resolve_wall=98.302 lce_wall=1168.673 write_wall=3.577 lf_steps=0 cache_hits=0
SLIM_PHASE query-chunks wall=2.983 cumulative=1477.674 peak_rss_kib=61299248
SLIM_PROGRESS runs=428933120/1859825801 resolve_wall=98.540 lce_wall=1171.303 write_wall=3.586 lf_steps=0 cache_hits=0
SLIM_PHASE query-chunks wall=2.878 cumulative=1480.552 peak_rss_kib=61310000
SLIM_PROGRESS runs=429981696/1859825801 resolve_wall=98.777 lce_wall=1174.051 write_wall=3.597 lf_steps=0 cache_hits=0
SLIM_PHASE query-chunks wall=2.995 cumulative=1483.547 peak_rss_kib=61313472
SLIM_PROGRESS runs=431030272/1859825801 resolve_wall=99.015 lce_wall=1176.836 write_wall=3.607 lf_steps=0 cache_hits=0
SLIM_PHASE query-chunks wall=3.034 cumulative=1486.581 peak_rss_kib=61320128
SLIM_PROGRESS runs=432078848/1859825801 resolve_wall=99.250 lce_wall=1179.799 write_wall=3.618 lf_steps=0 cache_hits=0
SLIM_PHASE query-chunks wall=3.209 cumulative=1489.790 peak_rss_kib=61335608
SLIM_PROGRESS runs=433127424/1859825801 resolve_wall=99.484 lce_wall=1182.608 write_wall=3.628 lf_steps=0 cache_hits=0
SLIM_PHASE query-chunks wall=3.052 cumulative=1492.843 peak_rss_kib=61344816
SLIM_PROGRESS runs=434176000/1859825801 resolve_wall=99.719 lce_wall=1185.364 write_wall=3.637 lf_steps=0 cache_hits=0
SLIM_PHASE query-chunks wall=3.001 cumulative=1495.843 peak_rss_kib=61353952
SLIM_PROGRESS runs=435224576/1859825801 resolve_wall=99.955 lce_wall=1188.113 write_wall=3.648 lf_steps=0 cache_hits=0
SLIM_PHASE query-chunks wall=2.997 cumulative=1498.840 peak_rss_kib=61360200
SLIM_PROGRESS runs=436273152/1859825801 resolve_wall=100.193 lce_wall=1190.859 write_wall=3.656 lf_steps=0 cache_hits=0
SLIM_PHASE query-chunks wall=2.991 cumulative=1501.831 peak_rss_kib=61367640
SLIM_PROGRESS runs=437321728/1859825801 resolve_wall=100.430 lce_wall=1193.725 write_wall=3.663 lf_steps=0 cache_hits=0
SLIM_PHASE query-chunks wall=3.111 cumulative=1504.942 peak_rss_kib=61377444
SLIM_PROGRESS runs=438370304/1859825801 resolve_wall=100.668 lce_wall=1196.788 write_wall=3.671 lf_steps=0 cache_hits=0
SLIM_PHASE query-chunks wall=3.308 cumulative=1508.251 peak_rss_kib=61382144
SLIM_PROGRESS runs=439418880/1859825801 resolve_wall=100.907 lce_wall=1199.734 write_wall=3.679 lf_steps=0 cache_hits=0
SLIM_PHASE query-chunks wall=3.192 cumulative=1511.443 peak_rss_kib=61398396
SLIM_PROGRESS runs=440467456/1859825801 resolve_wall=101.149 lce_wall=1202.510 write_wall=3.687 lf_steps=0 cache_hits=0
SLIM_PHASE query-chunks wall=3.028 cumulative=1514.471 peak_rss_kib=61408028
SLIM_PROGRESS runs=441516032/1859825801 resolve_wall=101.394 lce_wall=1205.111 write_wall=3.696 lf_steps=0 cache_hits=0
SLIM_PHASE query-chunks wall=2.856 cumulative=1517.326 peak_rss_kib=61413140
SLIM_PROGRESS runs=442564608/1859825801 resolve_wall=101.642 lce_wall=1207.607 write_wall=3.705 lf_steps=0 cache_hits=0
SLIM_PHASE query-chunks wall=2.752 cumulative=1520.079 peak_rss_kib=61416768
SLIM_PROGRESS runs=443613184/1859825801 resolve_wall=101.882 lce_wall=1210.120 write_wall=3.713 lf_steps=0 cache_hits=0
SLIM_PHASE query-chunks wall=2.761 cumulative=1522.840 peak_rss_kib=61429568
SLIM_PROGRESS runs=444661760/1859825801 resolve_wall=102.119 lce_wall=1212.900 write_wall=3.721 lf_steps=0 cache_hits=0
SLIM_PHASE query-chunks wall=3.024 cumulative=1525.864 peak_rss_kib=61436224
SLIM_PROGRESS runs=445710336/1859825801 resolve_wall=102.356 lce_wall=1215.636 write_wall=3.728 lf_steps=0 cache_hits=0
SLIM_PHASE query-chunks wall=2.981 cumulative=1528.845 peak_rss_kib=61446472
SLIM_PROGRESS runs=446758912/1859825801 resolve_wall=102.598 lce_wall=1218.588 write_wall=3.736 lf_steps=0 cache_hits=0
SLIM_PHASE query-chunks wall=3.201 cumulative=1532.047 peak_rss_kib=61451584
SLIM_PROGRESS runs=447807488/1859825801 resolve_wall=102.836 lce_wall=1221.338 write_wall=3.744 lf_steps=0 cache_hits=0
SLIM_PHASE query-chunks wall=2.997 cumulative=1535.043 peak_rss_kib=61461832
SLIM_PROGRESS runs=448856064/1859825801 resolve_wall=103.076 lce_wall=1224.118 write_wall=3.751 lf_steps=0 cache_hits=0
SLIM_PHASE query-chunks wall=3.027 cumulative=1538.070 peak_rss_kib=61473136
SLIM_PROGRESS runs=449904640/1859825801 resolve_wall=103.315 lce_wall=1226.857 write_wall=3.759 lf_steps=0 cache_hits=0
SLIM_PHASE query-chunks wall=2.986 cumulative=1541.056 peak_rss_kib=61485936
SLIM_PROGRESS runs=450953216/1859825801 resolve_wall=103.556 lce_wall=1229.498 write_wall=3.767 lf_steps=0 cache_hits=0
SLIM_PHASE query-chunks wall=2.890 cumulative=1543.946 peak_rss_kib=61496184
SLIM_PROGRESS runs=452001792/1859825801 resolve_wall=103.794 lce_wall=1232.222 write_wall=3.774 lf_steps=0 cache_hits=0
SLIM_PHASE query-chunks wall=2.970 cumulative=1546.916 peak_rss_kib=61499248
SLIM_PROGRESS runs=453050368/1859825801 resolve_wall=104.034 lce_wall=1234.929 write_wall=3.782 lf_steps=0 cache_hits=0
SLIM_PHASE query-chunks wall=2.955 cumulative=1549.870 peak_rss_kib=61501636
SLIM_PROGRESS runs=454098944/1859825801 resolve_wall=104.275 lce_wall=1237.621 write_wall=3.789 lf_steps=0 cache_hits=0
SLIM_PHASE query-chunks wall=2.941 cumulative=1552.812 peak_rss_kib=61506244
SLIM_PROGRESS runs=455147520/1859825801 resolve_wall=104.517 lce_wall=1240.480 write_wall=3.797 lf_steps=0 cache_hits=0
SLIM_PHASE query-chunks wall=3.108 cumulative=1555.920 peak_rss_kib=61512832
SLIM_PROGRESS runs=456196096/1859825801 resolve_wall=104.758 lce_wall=1243.348 write_wall=3.805 lf_steps=0 cache_hits=0
SLIM_PHASE query-chunks wall=3.117 cumulative=1559.037 peak_rss_kib=61519488
SLIM_PROGRESS runs=457244672/1859825801 resolve_wall=104.999 lce_wall=1246.126 write_wall=3.812 lf_steps=0 cache_hits=0
SLIM_PHASE query-chunks wall=3.026 cumulative=1562.063 peak_rss_kib=61531764
SLIM_PROGRESS runs=458293248/1859825801 resolve_wall=105.243 lce_wall=1248.932 write_wall=3.820 lf_steps=0 cache_hits=0
SLIM_PHASE query-chunks wall=3.059 cumulative=1565.122 peak_rss_kib=61549044
SLIM_PROGRESS runs=459341824/1859825801 resolve_wall=105.486 lce_wall=1251.729 write_wall=3.828 lf_steps=0 cache_hits=0
SLIM_PHASE query-chunks wall=3.047 cumulative=1568.169 peak_rss_kib=61551604
SLIM_PROGRESS runs=460390400/1859825801 resolve_wall=105.726 lce_wall=1254.356 write_wall=3.835 lf_steps=0 cache_hits=0
SLIM_PHASE query-chunks wall=2.875 cumulative=1571.044 peak_rss_kib=61551604
SLIM_PROGRESS runs=461438976/1859825801 resolve_wall=105.966 lce_wall=1257.221 write_wall=3.843 lf_steps=0 cache_hits=0
SLIM_PHASE query-chunks wall=3.113 cumulative=1574.157 peak_rss_kib=61558160
SLIM_PROGRESS runs=462487552/1859825801 resolve_wall=106.206 lce_wall=1260.039 write_wall=3.851 lf_steps=0 cache_hits=0
SLIM_PHASE query-chunks wall=3.065 cumulative=1577.222 peak_rss_kib=61563064
SLIM_PROGRESS runs=463536128/1859825801 resolve_wall=106.446 lce_wall=1263.022 write_wall=3.858 lf_steps=0 cache_hits=0
SLIM_PHASE query-chunks wall=3.231 cumulative=1580.453 peak_rss_kib=61573508
SLIM_PROGRESS runs=464584704/1859825801 resolve_wall=106.691 lce_wall=1266.007 write_wall=3.866 lf_steps=0 cache_hits=0
SLIM_PHASE query-chunks wall=3.238 cumulative=1583.692 peak_rss_kib=61584648
SLIM_PROGRESS runs=465633280/1859825801 resolve_wall=106.932 lce_wall=1268.735 write_wall=3.874 lf_steps=0 cache_hits=0
SLIM_PHASE query-chunks wall=2.976 cumulative=1586.668 peak_rss_kib=61592964
SLIM_PROGRESS runs=466681856/1859825801 resolve_wall=107.167 lce_wall=1271.433 write_wall=3.881 lf_steps=0 cache_hits=0
SLIM_PHASE query-chunks wall=2.941 cumulative=1589.609 peak_rss_kib=61596028
SLIM_PROGRESS runs=467730432/1859825801 resolve_wall=107.411 lce_wall=1274.250 write_wall=3.889 lf_steps=0 cache_hits=0
SLIM_PHASE query-chunks wall=3.070 cumulative=1592.678 peak_rss_kib=61602296
SLIM_PROGRESS runs=468779008/1859825801 resolve_wall=107.654 lce_wall=1277.185 write_wall=3.897 lf_steps=0 cache_hits=0
SLIM_PHASE query-chunks wall=3.186 cumulative=1595.864 peak_rss_kib=61607388
SLIM_PROGRESS runs=469827584/1859825801 resolve_wall=107.892 lce_wall=1279.986 write_wall=3.905 lf_steps=0 cache_hits=0
SLIM_PHASE query-chunks wall=3.046 cumulative=1598.910 peak_rss_kib=61613880
SLIM_PROGRESS runs=470876160/1859825801 resolve_wall=108.138 lce_wall=1282.743 write_wall=3.913 lf_steps=0 cache_hits=0
SLIM_PHASE query-chunks wall=3.011 cumulative=1601.921 peak_rss_kib=61622948
SLIM_PROGRESS runs=471924736/1859825801 resolve_wall=108.383 lce_wall=1285.612 write_wall=3.920 lf_steps=0 cache_hits=0
SLIM_PHASE query-chunks wall=3.122 cumulative=1605.044 peak_rss_kib=61629520
SLIM_PROGRESS runs=472973312/1859825801 resolve_wall=108.626 lce_wall=1288.592 write_wall=3.929 lf_steps=0 cache_hits=0
SLIM_PHASE query-chunks wall=3.231 cumulative=1608.274 peak_rss_kib=61640320
SLIM_PROGRESS runs=474021888/1859825801 resolve_wall=108.869 lce_wall=1291.171 write_wall=3.937 lf_steps=0 cache_hits=0
SLIM_PHASE query-chunks wall=2.831 cumulative=1611.105 peak_rss_kib=61646352
SLIM_PROGRESS runs=475070464/1859825801 resolve_wall=109.112 lce_wall=1293.960 write_wall=3.946 lf_steps=0 cache_hits=0
SLIM_PHASE query-chunks wall=3.040 cumulative=1614.146 peak_rss_kib=61655056
SLIM_PROGRESS runs=476119040/1859825801 resolve_wall=109.352 lce_wall=1296.723 write_wall=3.954 lf_steps=0 cache_hits=0
SLIM_PHASE query-chunks wall=3.011 cumulative=1617.157 peak_rss_kib=61666460
SLIM_PROGRESS runs=477167616/1859825801 resolve_wall=109.588 lce_wall=1299.457 write_wall=3.962 lf_steps=0 cache_hits=0
SLIM_PHASE query-chunks wall=2.978 cumulative=1620.136 peak_rss_kib=61671064
SLIM_PROGRESS runs=478216192/1859825801 resolve_wall=109.824 lce_wall=1302.046 write_wall=3.970 lf_steps=0 cache_hits=0
SLIM_PHASE query-chunks wall=2.833 cumulative=1622.969 peak_rss_kib=61681816
SLIM_PROGRESS runs=479264768/1859825801 resolve_wall=110.060 lce_wall=1304.744 write_wall=3.978 lf_steps=0 cache_hits=0
SLIM_PHASE query-chunks wall=2.942 cumulative=1625.911 peak_rss_kib=61692540
SLIM_PROGRESS runs=480313344/1859825801 resolve_wall=110.296 lce_wall=1307.432 write_wall=3.986 lf_steps=0 cache_hits=0
SLIM_PHASE query-chunks wall=2.932 cumulative=1628.843 peak_rss_kib=61697148
SLIM_PROGRESS runs=481361920/1859825801 resolve_wall=110.539 lce_wall=1310.113 write_wall=3.994 lf_steps=0 cache_hits=0
SLIM_PHASE query-chunks wall=2.932 cumulative=1631.775 peak_rss_kib=61701628
SLIM_PROGRESS runs=482410496/1859825801 resolve_wall=110.779 lce_wall=1312.772 write_wall=4.002 lf_steps=0 cache_hits=0
SLIM_PHASE query-chunks wall=2.908 cumulative=1634.683 peak_rss_kib=61716176
SLIM_PROGRESS runs=483459072/1859825801 resolve_wall=111.016 lce_wall=1315.357 write_wall=4.010 lf_steps=0 cache_hits=0
SLIM_PHASE query-chunks wall=2.830 cumulative=1637.513 peak_rss_kib=61729480
SLIM_PROGRESS runs=484507648/1859825801 resolve_wall=111.256 lce_wall=1318.040 write_wall=4.018 lf_steps=0 cache_hits=0
SLIM_PHASE query-chunks wall=2.931 cumulative=1640.444 peak_rss_kib=61738052
SLIM_PROGRESS runs=485556224/1859825801 resolve_wall=111.498 lce_wall=1320.786 write_wall=4.026 lf_steps=0 cache_hits=0
SLIM_PHASE query-chunks wall=2.995 cumulative=1643.439 peak_rss_kib=61746936
SLIM_PROGRESS runs=486604800/1859825801 resolve_wall=111.739 lce_wall=1323.521 write_wall=4.034 lf_steps=0 cache_hits=0
SLIM_PHASE query-chunks wall=2.985 cumulative=1646.424 peak_rss_kib=61751544
SLIM_PROGRESS runs=487653376/1859825801 resolve_wall=111.979 lce_wall=1326.348 write_wall=4.042 lf_steps=0 cache_hits=0
SLIM_PHASE query-chunks wall=3.076 cumulative=1649.500 peak_rss_kib=61764360
SLIM_PROGRESS runs=488701952/1859825801 resolve_wall=112.223 lce_wall=1329.048 write_wall=4.050 lf_steps=0 cache_hits=0
SLIM_PHASE query-chunks wall=2.951 cumulative=1652.451 peak_rss_kib=61773052
SLIM_PROGRESS runs=489750528/1859825801 resolve_wall=112.465 lce_wall=1331.781 write_wall=4.058 lf_steps=0 cache_hits=0
SLIM_PHASE query-chunks wall=2.983 cumulative=1655.434 peak_rss_kib=61783348
SLIM_PROGRESS runs=490799104/1859825801 resolve_wall=112.708 lce_wall=1334.663 write_wall=4.067 lf_steps=0 cache_hits=0
SLIM_PHASE query-chunks wall=3.133 cumulative=1658.568 peak_rss_kib=61790452
SLIM_PROGRESS runs=491847680/1859825801 resolve_wall=112.950 lce_wall=1337.419 write_wall=4.074 lf_steps=0 cache_hits=0
SLIM_PHASE query-chunks wall=3.006 cumulative=1661.574 peak_rss_kib=61800752
SLIM_PROGRESS runs=492896256/1859825801 resolve_wall=113.190 lce_wall=1340.082 write_wall=4.082 lf_steps=0 cache_hits=0
SLIM_PHASE query-chunks wall=2.912 cumulative=1664.485 peak_rss_kib=61809996
SLIM_PROGRESS runs=493944832/1859825801 resolve_wall=113.435 lce_wall=1342.795 write_wall=4.091 lf_steps=0 cache_hits=0
SLIM_PHASE query-chunks wall=2.967 cumulative=1667.452 peak_rss_kib=61826408
SLIM_PROGRESS runs=494993408/1859825801 resolve_wall=113.678 lce_wall=1345.407 write_wall=4.099 lf_steps=0 cache_hits=0
SLIM_PHASE query-chunks wall=2.863 cumulative=1670.315 peak_rss_kib=61834976
SLIM_PROGRESS runs=496041984/1859825801 resolve_wall=113.921 lce_wall=1348.072 write_wall=4.107 lf_steps=0 cache_hits=0
SLIM_PHASE query-chunks wall=2.916 cumulative=1673.232 peak_rss_kib=61848360
SLIM_PROGRESS runs=497090560/1859825801 resolve_wall=114.166 lce_wall=1350.950 write_wall=4.115 lf_steps=0 cache_hits=0
SLIM_PHASE query-chunks wall=3.130 cumulative=1676.362 peak_rss_kib=61854916
SLIM_PROGRESS runs=498139136/1859825801 resolve_wall=114.417 lce_wall=1353.664 write_wall=4.124 lf_steps=0 cache_hits=0
SLIM_PHASE query-chunks wall=2.974 cumulative=1679.335 peak_rss_kib=61859508
SLIM_PROGRESS runs=499187712/1859825801 resolve_wall=114.664 lce_wall=1356.254 write_wall=4.132 lf_steps=0 cache_hits=0
SLIM_PHASE query-chunks wall=2.846 cumulative=1682.181 peak_rss_kib=61874468
SLIM_PROGRESS runs=500236288/1859825801 resolve_wall=114.907 lce_wall=1358.988 write_wall=4.140 lf_steps=0 cache_hits=0
SLIM_PHASE query-chunks wall=2.985 cumulative=1685.167 peak_rss_kib=61876772
SLIM_PROGRESS runs=501284864/1859825801 resolve_wall=115.149 lce_wall=1361.604 write_wall=4.148 lf_steps=0 cache_hits=0
SLIM_PHASE query-chunks wall=2.866 cumulative=1688.033 peak_rss_kib=61887672
SLIM_PROGRESS runs=502333440/1859825801 resolve_wall=115.388 lce_wall=1364.252 write_wall=4.156 lf_steps=0 cache_hits=0
SLIM_PHASE query-chunks wall=2.895 cumulative=1690.928 peak_rss_kib=61898444
SLIM_PROGRESS runs=503382016/1859825801 resolve_wall=115.624 lce_wall=1367.019 write_wall=4.164 lf_steps=0 cache_hits=0
SLIM_PHASE query-chunks wall=3.011 cumulative=1693.939 peak_rss_kib=61901004
SLIM_PROGRESS runs=504430592/1859825801 resolve_wall=115.864 lce_wall=1369.783 write_wall=4.172 lf_steps=0 cache_hits=0
SLIM_PHASE query-chunks wall=3.011 cumulative=1696.950 peak_rss_kib=61907156
SLIM_PROGRESS runs=505479168/1859825801 resolve_wall=116.104 lce_wall=1372.496 write_wall=4.180 lf_steps=0 cache_hits=0
SLIM_PHASE query-chunks wall=2.961 cumulative=1699.912 peak_rss_kib=61918456
SLIM_PROGRESS runs=506527744/1859825801 resolve_wall=116.346 lce_wall=1375.225 write_wall=4.188 lf_steps=0 cache_hits=0
SLIM_PHASE query-chunks wall=2.979 cumulative=1702.891 peak_rss_kib=61927160
SLIM_PROGRESS runs=507576320/1859825801 resolve_wall=116.583 lce_wall=1377.898 write_wall=4.196 lf_steps=0 cache_hits=0
SLIM_PHASE query-chunks wall=2.919 cumulative=1705.810 peak_rss_kib=61934000
SLIM_PROGRESS runs=508624896/1859825801 resolve_wall=116.825 lce_wall=1380.531 write_wall=4.204 lf_steps=0 cache_hits=0
SLIM_PHASE query-chunks wall=2.883 cumulative=1708.693 peak_rss_kib=61946976
SLIM_PROGRESS runs=509673472/1859825801 resolve_wall=117.065 lce_wall=1383.272 write_wall=4.212 lf_steps=0 cache_hits=0
SLIM_PHASE query-chunks wall=2.989 cumulative=1711.682 peak_rss_kib=61959776
SLIM_PROGRESS runs=510722048/1859825801 resolve_wall=117.309 lce_wall=1386.042 write_wall=4.220 lf_steps=0 cache_hits=0
SLIM_PHASE query-chunks wall=3.022 cumulative=1714.704 peak_rss_kib=61962336
SLIM_PROGRESS runs=511770624/1859825801 resolve_wall=117.547 lce_wall=1388.692 write_wall=4.228 lf_steps=0 cache_hits=0
SLIM_PHASE query-chunks wall=2.896 cumulative=1717.600 peak_rss_kib=61966688
SLIM_PROGRESS runs=512819200/1859825801 resolve_wall=117.786 lce_wall=1391.531 write_wall=4.236 lf_steps=0 cache_hits=0
SLIM_PHASE query-chunks wall=3.086 cumulative=1720.686 peak_rss_kib=61973744
SLIM_PROGRESS runs=513867776/1859825801 resolve_wall=118.026 lce_wall=1394.135 write_wall=4.244 lf_steps=0 cache_hits=0
SLIM_PHASE query-chunks wall=2.852 cumulative=1723.539 peak_rss_kib=61984520
SLIM_PROGRESS runs=514916352/1859825801 resolve_wall=118.268 lce_wall=1396.849 write_wall=4.253 lf_steps=0 cache_hits=0
SLIM_PHASE query-chunks wall=2.964 cumulative=1726.503 peak_rss_kib=61990776
SLIM_PROGRESS runs=515964928/1859825801 resolve_wall=118.511 lce_wall=1399.608 write_wall=4.261 lf_steps=0 cache_hits=0
SLIM_PHASE query-chunks wall=3.011 cumulative=1729.514 peak_rss_kib=61995528
SLIM_PROGRESS runs=517013504/1859825801 resolve_wall=118.755 lce_wall=1402.523 write_wall=4.269 lf_steps=0 cache_hits=0
SLIM_PHASE query-chunks wall=3.166 cumulative=1732.680 peak_rss_kib=61998232
SLIM_PROGRESS runs=518062080/1859825801 resolve_wall=118.997 lce_wall=1405.386 write_wall=4.277 lf_steps=0 cache_hits=0
SLIM_PHASE query-chunks wall=3.114 cumulative=1735.794 peak_rss_kib=62004824
SLIM_PROGRESS runs=519110656/1859825801 resolve_wall=119.242 lce_wall=1408.355 write_wall=4.285 lf_steps=0 cache_hits=0
SLIM_PHASE query-chunks wall=3.223 cumulative=1739.016 peak_rss_kib=62017592
SLIM_PROGRESS runs=520159232/1859825801 resolve_wall=119.489 lce_wall=1411.274 write_wall=4.293 lf_steps=0 cache_hits=0
SLIM_PHASE query-chunks wall=3.174 cumulative=1742.190 peak_rss_kib=62032004
SLIM_PROGRESS runs=521207808/1859825801 resolve_wall=119.734 lce_wall=1414.173 write_wall=4.301 lf_steps=0 cache_hits=0
SLIM_PHASE query-chunks wall=3.152 cumulative=1745.342 peak_rss_kib=62042924
SLIM_PROGRESS runs=522256384/1859825801 resolve_wall=119.978 lce_wall=1416.993 write_wall=4.309 lf_steps=0 cache_hits=0
SLIM_PHASE query-chunks wall=3.073 cumulative=1748.415 peak_rss_kib=62050868
SLIM_PROGRESS runs=523304960/1859825801 resolve_wall=120.228 lce_wall=1419.788 write_wall=4.316 lf_steps=0 cache_hits=0
SLIM_PHASE query-chunks wall=3.052 cumulative=1751.467 peak_rss_kib=62050924
SLIM_PROGRESS runs=524353536/1859825801 resolve_wall=120.473 lce_wall=1422.515 write_wall=4.324 lf_steps=0 cache_hits=0
SLIM_PHASE query-chunks wall=2.979 cumulative=1754.446 peak_rss_kib=62055532
SLIM_PROGRESS runs=525402112/1859825801 resolve_wall=120.717 lce_wall=1425.425 write_wall=4.332 lf_steps=0 cache_hits=0
SLIM_PHASE query-chunks wall=3.162 cumulative=1757.609 peak_rss_kib=62065968
SLIM_PROGRESS runs=526450688/1859825801 resolve_wall=120.962 lce_wall=1428.289 write_wall=4.340 lf_steps=0 cache_hits=0
SLIM_PHASE query-chunks wall=3.116 cumulative=1760.724 peak_rss_kib=62070576
SLIM_PROGRESS runs=527499264/1859825801 resolve_wall=121.207 lce_wall=1431.247 write_wall=4.347 lf_steps=0 cache_hits=0
SLIM_PHASE query-chunks wall=3.212 cumulative=1763.936 peak_rss_kib=62075184
SLIM_PROGRESS runs=528547840/1859825801 resolve_wall=121.449 lce_wall=1433.977 write_wall=4.355 lf_steps=0 cache_hits=0
SLIM_PHASE query-chunks wall=2.979 cumulative=1766.916 peak_rss_kib=62080820
SLIM_PROGRESS runs=529596416/1859825801 resolve_wall=121.688 lce_wall=1436.782 write_wall=4.363 lf_steps=0 cache_hits=0
SLIM_PHASE query-chunks wall=3.052 cumulative=1769.967 peak_rss_kib=62082468
SLIM_PROGRESS runs=530644992/1859825801 resolve_wall=121.930 lce_wall=1439.577 write_wall=4.370 lf_steps=0 cache_hits=0
SLIM_PHASE query-chunks wall=3.045 cumulative=1773.013 peak_rss_kib=62097220
SLIM_PROGRESS runs=531693568/1859825801 resolve_wall=122.172 lce_wall=1442.288 write_wall=4.378 lf_steps=0 cache_hits=0
SLIM_PHASE query-chunks wall=2.961 cumulative=1775.974 peak_rss_kib=62101360
SLIM_PROGRESS runs=532742144/1859825801 resolve_wall=122.418 lce_wall=1445.237 write_wall=4.386 lf_steps=0 cache_hits=0
SLIM_PHASE query-chunks wall=3.203 cumulative=1779.177 peak_rss_kib=62118760
SLIM_PROGRESS runs=533790720/1859825801 resolve_wall=122.657 lce_wall=1447.971 write_wall=4.394 lf_steps=0 cache_hits=0
SLIM_PHASE query-chunks wall=2.980 cumulative=1782.157 peak_rss_kib=62125520
SLIM_PROGRESS runs=534839296/1859825801 resolve_wall=122.896 lce_wall=1450.570 write_wall=4.401 lf_steps=0 cache_hits=0
SLIM_PHASE query-chunks wall=2.846 cumulative=1785.003 peak_rss_kib=62132144
SLIM_PROGRESS runs=535887872/1859825801 resolve_wall=123.143 lce_wall=1453.192 write_wall=4.409 lf_steps=0 cache_hits=0
SLIM_PHASE query-chunks wall=2.877 cumulative=1787.880 peak_rss_kib=62140848
SLIM_PROGRESS runs=536936448/1859825801 resolve_wall=123.385 lce_wall=1455.984 write_wall=4.417 lf_steps=0 cache_hits=0
SLIM_PHASE query-chunks wall=3.042 cumulative=1790.922 peak_rss_kib=62153648
SLIM_PROGRESS runs=537985024/1859825801 resolve_wall=123.634 lce_wall=1459.015 write_wall=4.424 lf_steps=0 cache_hits=0
SLIM_PHASE query-chunks wall=3.287 cumulative=1794.209 peak_rss_kib=62156208
SLIM_PROGRESS runs=539033600/1859825801 resolve_wall=123.875 lce_wall=1461.917 write_wall=4.432 lf_steps=0 cache_hits=0
SLIM_PHASE query-chunks wall=3.152 cumulative=1797.361 peak_rss_kib=62162736
SLIM_PROGRESS runs=540082176/1859825801 resolve_wall=124.118 lce_wall=1464.795 write_wall=4.440 lf_steps=0 cache_hits=0
SLIM_PHASE query-chunks wall=3.129 cumulative=1800.489 peak_rss_kib=62167388
SLIM_PROGRESS runs=541130752/1859825801 resolve_wall=124.355 lce_wall=1467.665 write_wall=4.448 lf_steps=0 cache_hits=0
SLIM_PHASE query-chunks wall=3.115 cumulative=1803.604 peak_rss_kib=62178140
SLIM_PROGRESS runs=542179328/1859825801 resolve_wall=124.599 lce_wall=1470.559 write_wall=4.455 lf_steps=0 cache_hits=0
SLIM_PHASE query-chunks wall=3.146 cumulative=1806.750 peak_rss_kib=62189012
SLIM_PROGRESS runs=543227904/1859825801 resolve_wall=124.842 lce_wall=1473.539 write_wall=4.463 lf_steps=0 cache_hits=0
SLIM_PHASE query-chunks wall=3.231 cumulative=1809.981 peak_rss_kib=62197588
SLIM_PROGRESS runs=544276480/1859825801 resolve_wall=125.085 lce_wall=1476.614 write_wall=4.471 lf_steps=0 cache_hits=0
SLIM_PHASE query-chunks wall=3.326 cumulative=1813.307 peak_rss_kib=62210496
SLIM_PROGRESS runs=545325056/1859825801 resolve_wall=125.326 lce_wall=1479.590 write_wall=4.478 lf_steps=0 cache_hits=0
SLIM_PHASE query-chunks wall=3.225 cumulative=1816.532 peak_rss_kib=62220776
SLIM_PROGRESS runs=546373632/1859825801 resolve_wall=125.567 lce_wall=1482.545 write_wall=4.486 lf_steps=0 cache_hits=0
SLIM_PHASE query-chunks wall=3.204 cumulative=1819.736 peak_rss_kib=62223336
SLIM_PROGRESS runs=547422208/1859825801 resolve_wall=125.813 lce_wall=1485.669 write_wall=4.494 lf_steps=0 cache_hits=0
SLIM_PHASE query-chunks wall=3.378 cumulative=1823.114 peak_rss_kib=62225948
SLIM_PROGRESS runs=548470784/1859825801 resolve_wall=126.055 lce_wall=1488.863 write_wall=4.502 lf_steps=0 cache_hits=0
SLIM_PHASE query-chunks wall=3.444 cumulative=1826.558 peak_rss_kib=62233008
SLIM_PROGRESS runs=549519360/1859825801 resolve_wall=126.295 lce_wall=1491.685 write_wall=4.510 lf_steps=0 cache_hits=0
SLIM_PHASE query-chunks wall=3.070 cumulative=1829.628 peak_rss_kib=62245304
SLIM_PROGRESS runs=550567936/1859825801 resolve_wall=126.534 lce_wall=1494.592 write_wall=4.518 lf_steps=0 cache_hits=0
SLIM_PHASE query-chunks wall=3.153 cumulative=1832.781 peak_rss_kib=62249912
SLIM_PROGRESS runs=551616512/1859825801 resolve_wall=126.776 lce_wall=1497.536 write_wall=4.525 lf_steps=0 cache_hits=0
SLIM_PHASE query-chunks wall=3.194 cumulative=1835.975 peak_rss_kib=62261380
SLIM_PROGRESS runs=552665088/1859825801 resolve_wall=127.014 lce_wall=1500.490 write_wall=4.533 lf_steps=0 cache_hits=0
SLIM_PHASE query-chunks wall=3.200 cumulative=1839.175 peak_rss_kib=62265732
SLIM_PROGRESS runs=553713664/1859825801 resolve_wall=127.258 lce_wall=1503.472 write_wall=4.541 lf_steps=0 cache_hits=0
SLIM_PHASE query-chunks wall=3.234 cumulative=1842.409 peak_rss_kib=62271504
SLIM_PROGRESS runs=554762240/1859825801 resolve_wall=127.499 lce_wall=1506.622 write_wall=4.549 lf_steps=0 cache_hits=0
SLIM_PHASE query-chunks wall=3.399 cumulative=1845.808 peak_rss_kib=62275608
SLIM_PROGRESS runs=555810816/1859825801 resolve_wall=127.740 lce_wall=1509.642 write_wall=4.557 lf_steps=0 cache_hits=0
SLIM_PHASE query-chunks wall=3.268 cumulative=1849.077 peak_rss_kib=62283772
SLIM_PROGRESS runs=556859392/1859825801 resolve_wall=127.981 lce_wall=1512.670 write_wall=4.565 lf_steps=0 cache_hits=0
SLIM_PHASE query-chunks wall=3.277 cumulative=1852.354 peak_rss_kib=62284008
SLIM_PROGRESS runs=557907968/1859825801 resolve_wall=128.220 lce_wall=1515.807 write_wall=4.573 lf_steps=0 cache_hits=0
SLIM_PHASE query-chunks wall=3.385 cumulative=1855.739 peak_rss_kib=62294784
SLIM_PROGRESS runs=558956544/1859825801 resolve_wall=128.463 lce_wall=1518.909 write_wall=4.580 lf_steps=0 cache_hits=0
SLIM_PHASE query-chunks wall=3.351 cumulative=1859.090 peak_rss_kib=62309632
SLIM_PROGRESS runs=560005120/1859825801 resolve_wall=128.706 lce_wall=1522.424 write_wall=4.588 lf_steps=0 cache_hits=0
SLIM_PHASE query-chunks wall=3.767 cumulative=1862.857 peak_rss_kib=62321440
SLIM_PROGRESS runs=561053696/1859825801 resolve_wall=128.951 lce_wall=1525.496 write_wall=4.596 lf_steps=0 cache_hits=0
SLIM_PHASE query-chunks wall=3.325 cumulative=1866.182 peak_rss_kib=62326456
SLIM_PROGRESS runs=562102272/1859825801 resolve_wall=129.190 lce_wall=1528.465 write_wall=4.604 lf_steps=0 cache_hits=0
SLIM_PHASE query-chunks wall=3.216 cumulative=1869.398 peak_rss_kib=62331124
SLIM_PROGRESS runs=563150848/1859825801 resolve_wall=129.431 lce_wall=1531.462 write_wall=4.612 lf_steps=0 cache_hits=0
SLIM_PHASE query-chunks wall=3.246 cumulative=1872.644 peak_rss_kib=62340436
SLIM_PROGRESS runs=564199424/1859825801 resolve_wall=129.673 lce_wall=1534.292 write_wall=4.620 lf_steps=0 cache_hits=0
SLIM_PHASE query-chunks wall=3.080 cumulative=1875.724 peak_rss_kib=62349140
SLIM_PROGRESS runs=565248000/1859825801 resolve_wall=129.912 lce_wall=1536.910 write_wall=4.628 lf_steps=0 cache_hits=0
SLIM_PHASE query-chunks wall=2.865 cumulative=1878.589 peak_rss_kib=62357844
SLIM_PROGRESS runs=566296576/1859825801 resolve_wall=130.158 lce_wall=1539.723 write_wall=4.635 lf_steps=0 cache_hits=0
SLIM_PHASE query-chunks wall=3.066 cumulative=1881.656 peak_rss_kib=62370644
SLIM_PROGRESS runs=567345152/1859825801 resolve_wall=130.400 lce_wall=1542.485 write_wall=4.643 lf_steps=0 cache_hits=0
SLIM_PHASE query-chunks wall=3.013 cumulative=1884.668 peak_rss_kib=62381276
SLIM_PROGRESS runs=568393728/1859825801 resolve_wall=130.644 lce_wall=1545.421 write_wall=4.651 lf_steps=0 cache_hits=0
SLIM_PHASE query-chunks wall=3.188 cumulative=1887.856 peak_rss_kib=62385884
SLIM_PROGRESS runs=569442304/1859825801 resolve_wall=130.887 lce_wall=1548.428 write_wall=4.659 lf_steps=0 cache_hits=0
SLIM_PHASE query-chunks wall=3.258 cumulative=1891.114 peak_rss_kib=62388316
SLIM_PROGRESS runs=570490880/1859825801 resolve_wall=131.132 lce_wall=1551.268 write_wall=4.667 lf_steps=0 cache_hits=0
SLIM_PHASE query-chunks wall=3.093 cumulative=1894.207 peak_rss_kib=62403388
SLIM_PROGRESS runs=571539456/1859825801 resolve_wall=131.375 lce_wall=1554.146 write_wall=4.675 lf_steps=0 cache_hits=0
SLIM_PHASE query-chunks wall=3.129 cumulative=1897.336 peak_rss_kib=62414140
SLIM_PROGRESS runs=572588032/1859825801 resolve_wall=131.619 lce_wall=1557.083 write_wall=4.683 lf_steps=0 cache_hits=0
SLIM_PHASE query-chunks wall=3.189 cumulative=1900.525 peak_rss_kib=62416736
SLIM_PROGRESS runs=573636608/1859825801 resolve_wall=131.864 lce_wall=1559.940 write_wall=4.690 lf_steps=0 cache_hits=0
SLIM_PHASE query-chunks wall=3.110 cumulative=1903.635 peak_rss_kib=62435792
SLIM_PROGRESS runs=574685184/1859825801 resolve_wall=132.103 lce_wall=1562.545 write_wall=4.698 lf_steps=0 cache_hits=0
SLIM_PHASE query-chunks wall=2.851 cumulative=1906.486 peak_rss_kib=62446424
SLIM_PROGRESS runs=575733760/1859825801 resolve_wall=132.345 lce_wall=1565.338 write_wall=4.705 lf_steps=0 cache_hits=0
SLIM_PHASE query-chunks wall=3.042 cumulative=1909.529 peak_rss_kib=62458832
SLIM_PROGRESS runs=576782336/1859825801 resolve_wall=132.584 lce_wall=1568.040 write_wall=4.713 lf_steps=0 cache_hits=0
SLIM_PHASE query-chunks wall=2.949 cumulative=1912.478 peak_rss_kib=62470280
SLIM_PROGRESS runs=577830912/1859825801 resolve_wall=132.826 lce_wall=1570.803 write_wall=4.721 lf_steps=0 cache_hits=0
SLIM_PHASE query-chunks wall=3.012 cumulative=1915.490 peak_rss_kib=62477084
SLIM_PROGRESS runs=578879488/1859825801 resolve_wall=133.066 lce_wall=1573.563 write_wall=4.728 lf_steps=0 cache_hits=0
SLIM_PHASE query-chunks wall=3.009 cumulative=1918.499 peak_rss_kib=62487356
SLIM_PROGRESS runs=579928064/1859825801 resolve_wall=133.310 lce_wall=1576.439 write_wall=4.736 lf_steps=0 cache_hits=0
SLIM_PHASE query-chunks wall=3.128 cumulative=1921.627 peak_rss_kib=62492876
SLIM_PROGRESS runs=580976640/1859825801 resolve_wall=133.551 lce_wall=1579.174 write_wall=4.744 lf_steps=0 cache_hits=0
SLIM_PHASE query-chunks wall=2.984 cumulative=1924.611 peak_rss_kib=62500136
SLIM_PROGRESS runs=582025216/1859825801 resolve_wall=133.792 lce_wall=1582.087 write_wall=4.752 lf_steps=0 cache_hits=0
SLIM_PHASE query-chunks wall=3.162 cumulative=1927.772 peak_rss_kib=62505912
SLIM_PROGRESS runs=583073792/1859825801 resolve_wall=134.035 lce_wall=1584.983 write_wall=4.760 lf_steps=0 cache_hits=0
SLIM_PHASE query-chunks wall=3.146 cumulative=1930.919 peak_rss_kib=62514112
SLIM_PROGRESS runs=584122368/1859825801 resolve_wall=134.277 lce_wall=1587.713 write_wall=4.767 lf_steps=0 cache_hits=0
SLIM_PHASE query-chunks wall=2.980 cumulative=1933.899 peak_rss_kib=62521088
SLIM_PROGRESS runs=585170944/1859825801 resolve_wall=134.525 lce_wall=1590.634 write_wall=4.775 lf_steps=0 cache_hits=0
SLIM_PHASE query-chunks wall=3.177 cumulative=1937.076 peak_rss_kib=62528024
SLIM_PROGRESS runs=586219520/1859825801 resolve_wall=134.770 lce_wall=1593.471 write_wall=4.783 lf_steps=0 cache_hits=0
SLIM_PHASE query-chunks wall=3.090 cumulative=1940.166 peak_rss_kib=62540308
SLIM_PROGRESS runs=587268096/1859825801 resolve_wall=135.011 lce_wall=1596.142 write_wall=4.791 lf_steps=0 cache_hits=0
SLIM_PHASE query-chunks wall=2.920 cumulative=1943.086 peak_rss_kib=62541588
SLIM_PROGRESS runs=588316672/1859825801 resolve_wall=135.253 lce_wall=1598.914 write_wall=4.798 lf_steps=0 cache_hits=0
SLIM_PHASE query-chunks wall=3.022 cumulative=1946.108 peak_rss_kib=62549748
SLIM_PROGRESS runs=589365248/1859825801 resolve_wall=135.495 lce_wall=1601.681 write_wall=4.806 lf_steps=0 cache_hits=0
SLIM_PHASE query-chunks wall=3.017 cumulative=1949.125 peak_rss_kib=62552720
SLIM_PROGRESS runs=590413824/1859825801 resolve_wall=135.737 lce_wall=1604.557 write_wall=4.814 lf_steps=0 cache_hits=0
SLIM_PHASE query-chunks wall=3.126 cumulative=1952.251 peak_rss_kib=62559384
SLIM_PROGRESS runs=591462400/1859825801 resolve_wall=135.985 lce_wall=1607.268 write_wall=4.821 lf_steps=0 cache_hits=0
SLIM_PHASE query-chunks wall=2.966 cumulative=1955.217 peak_rss_kib=62565696
SLIM_PROGRESS runs=592510976/1859825801 resolve_wall=136.225 lce_wall=1609.892 write_wall=4.829 lf_steps=0 cache_hits=0
SLIM_PHASE query-chunks wall=2.872 cumulative=1958.089 peak_rss_kib=62569100
SLIM_PROGRESS runs=593559552/1859825801 resolve_wall=136.472 lce_wall=1612.656 write_wall=4.837 lf_steps=0 cache_hits=0
SLIM_PHASE query-chunks wall=3.019 cumulative=1961.107 peak_rss_kib=62578888
SLIM_PROGRESS runs=594608128/1859825801 resolve_wall=136.717 lce_wall=1615.810 write_wall=4.845 lf_steps=0 cache_hits=0
SLIM_PHASE query-chunks wall=3.407 cumulative=1964.515 peak_rss_kib=62578888
SLIM_PROGRESS runs=595656704/1859825801 resolve_wall=136.960 lce_wall=1618.948 write_wall=4.852 lf_steps=0 cache_hits=0
SLIM_PHASE query-chunks wall=3.388 cumulative=1967.903 peak_rss_kib=62594268
SLIM_PROGRESS runs=596705280/1859825801 resolve_wall=137.204 lce_wall=1621.927 write_wall=4.860 lf_steps=0 cache_hits=0
SLIM_PHASE query-chunks wall=3.231 cumulative=1971.135 peak_rss_kib=62607068
SLIM_PROGRESS runs=597753856/1859825801 resolve_wall=137.446 lce_wall=1624.681 write_wall=4.868 lf_steps=0 cache_hits=0
SLIM_PHASE query-chunks wall=3.003 cumulative=1974.138 peak_rss_kib=62620432
SLIM_PROGRESS runs=598802432/1859825801 resolve_wall=137.689 lce_wall=1627.410 write_wall=4.876 lf_steps=0 cache_hits=0
SLIM_PHASE query-chunks wall=2.980 cumulative=1977.118 peak_rss_kib=62629132
SLIM_PROGRESS runs=599851008/1859825801 resolve_wall=137.930 lce_wall=1630.334 write_wall=4.884 lf_steps=0 cache_hits=0
SLIM_PHASE query-chunks wall=3.173 cumulative=1980.291 peak_rss_kib=62639424
SLIM_PROGRESS runs=600899584/1859825801 resolve_wall=138.173 lce_wall=1633.165 write_wall=4.891 lf_steps=0 cache_hits=0
SLIM_PHASE query-chunks wall=3.081 cumulative=1983.373 peak_rss_kib=62650264
SLIM_PROGRESS runs=601948160/1859825801 resolve_wall=138.423 lce_wall=1636.191 write_wall=4.899 lf_steps=0 cache_hits=0
SLIM_PHASE query-chunks wall=3.284 cumulative=1986.657 peak_rss_kib=62655316
SLIM_PROGRESS runs=602996736/1859825801 resolve_wall=138.667 lce_wall=1639.152 write_wall=4.907 lf_steps=0 cache_hits=0
SLIM_PHASE query-chunks wall=3.213 cumulative=1989.870 peak_rss_kib=62664628
SLIM_PROGRESS runs=604045312/1859825801 resolve_wall=138.907 lce_wall=1642.004 write_wall=4.915 lf_steps=0 cache_hits=0
SLIM_PHASE query-chunks wall=3.099 cumulative=1992.969 peak_rss_kib=62681068
SLIM_PROGRESS runs=605093888/1859825801 resolve_wall=139.143 lce_wall=1644.668 write_wall=4.922 lf_steps=0 cache_hits=0
SLIM_PHASE query-chunks wall=2.908 cumulative=1995.878 peak_rss_kib=62686808
SLIM_PROGRESS runs=606142464/1859825801 resolve_wall=139.383 lce_wall=1647.266 write_wall=4.930 lf_steps=0 cache_hits=0
SLIM_PHASE query-chunks wall=2.846 cumulative=1998.724 peak_rss_kib=62699968
SLIM_PROGRESS runs=607191040/1859825801 resolve_wall=139.622 lce_wall=1650.242 write_wall=4.938 lf_steps=0 cache_hits=0
SLIM_PHASE query-chunks wall=3.223 cumulative=2001.947 peak_rss_kib=62703120
SLIM_PROGRESS runs=608239616/1859825801 resolve_wall=139.864 lce_wall=1652.976 write_wall=4.947 lf_steps=0 cache_hits=0
SLIM_PHASE query-chunks wall=2.984 cumulative=2004.931 peak_rss_kib=62712728
SLIM_PROGRESS runs=609288192/1859825801 resolve_wall=140.102 lce_wall=1655.642 write_wall=4.954 lf_steps=0 cache_hits=0
SLIM_PHASE query-chunks wall=2.912 cumulative=2007.843 peak_rss_kib=62724520
SLIM_PROGRESS runs=610336768/1859825801 resolve_wall=140.344 lce_wall=1658.302 write_wall=4.962 lf_steps=0 cache_hits=0
SLIM_PHASE query-chunks wall=2.911 cumulative=2010.754 peak_rss_kib=62735272
SLIM_PROGRESS runs=611385344/1859825801 resolve_wall=140.586 lce_wall=1661.130 write_wall=4.971 lf_steps=0 cache_hits=0
SLIM_PHASE query-chunks wall=3.078 cumulative=2013.832 peak_rss_kib=62746112
SLIM_PROGRESS runs=612433920/1859825801 resolve_wall=140.827 lce_wall=1664.072 write_wall=4.979 lf_steps=0 cache_hits=0
SLIM_PHASE query-chunks wall=3.192 cumulative=2017.024 peak_rss_kib=62748672
SLIM_PROGRESS runs=613482496/1859825801 resolve_wall=141.069 lce_wall=1666.810 write_wall=4.987 lf_steps=0 cache_hits=0
SLIM_PHASE query-chunks wall=2.988 cumulative=2020.011 peak_rss_kib=62751232
SLIM_PROGRESS runs=614531072/1859825801 resolve_wall=141.311 lce_wall=1669.533 write_wall=4.995 lf_steps=0 cache_hits=0
SLIM_PHASE query-chunks wall=2.973 cumulative=2022.984 peak_rss_kib=62759936
SLIM_PROGRESS runs=615579648/1859825801 resolve_wall=141.550 lce_wall=1672.443 write_wall=5.003 lf_steps=0 cache_hits=0
SLIM_PHASE query-chunks wall=3.158 cumulative=2026.142 peak_rss_kib=62770184
SLIM_PROGRESS runs=616628224/1859825801 resolve_wall=141.793 lce_wall=1675.743 write_wall=5.011 lf_steps=0 cache_hits=0
SLIM_PHASE query-chunks wall=3.551 cumulative=2029.693 peak_rss_kib=62775296
SLIM_PROGRESS runs=617676800/1859825801 resolve_wall=142.032 lce_wall=1678.436 write_wall=5.019 lf_steps=0 cache_hits=0
SLIM_PHASE query-chunks wall=2.940 cumulative=2032.633 peak_rss_kib=62779904
SLIM_PROGRESS runs=618725376/1859825801 resolve_wall=142.271 lce_wall=1681.284 write_wall=5.027 lf_steps=0 cache_hits=0
SLIM_PHASE query-chunks wall=3.096 cumulative=2035.728 peak_rss_kib=62784512
SLIM_PROGRESS runs=619773952/1859825801 resolve_wall=142.511 lce_wall=1684.218 write_wall=5.035 lf_steps=0 cache_hits=0
SLIM_PHASE query-chunks wall=3.182 cumulative=2038.910 peak_rss_kib=62793216
SLIM_PROGRESS runs=620822528/1859825801 resolve_wall=142.754 lce_wall=1687.328 write_wall=5.043 lf_steps=0 cache_hits=0
SLIM_PHASE query-chunks wall=3.360 cumulative=2042.271 peak_rss_kib=62807560
SLIM_PROGRESS runs=621871104/1859825801 resolve_wall=142.995 lce_wall=1689.950 write_wall=5.051 lf_steps=0 cache_hits=0
SLIM_PHASE query-chunks wall=2.871 cumulative=2045.142 peak_rss_kib=62818692
SLIM_PROGRESS runs=622919680/1859825801 resolve_wall=143.235 lce_wall=1692.727 write_wall=5.059 lf_steps=0 cache_hits=0
SLIM_PHASE query-chunks wall=3.026 cumulative=2048.168 peak_rss_kib=62826588
SLIM_PROGRESS runs=623968256/1859825801 resolve_wall=143.478 lce_wall=1695.666 write_wall=5.067 lf_steps=0 cache_hits=0
SLIM_PHASE query-chunks wall=3.190 cumulative=2051.358 peak_rss_kib=62834140
SLIM_PROGRESS runs=625016832/1859825801 resolve_wall=143.722 lce_wall=1698.478 write_wall=5.075 lf_steps=0 cache_hits=0
SLIM_PHASE query-chunks wall=3.064 cumulative=2054.422 peak_rss_kib=62842844
SLIM_PROGRESS runs=626065408/1859825801 resolve_wall=143.965 lce_wall=1701.375 write_wall=5.083 lf_steps=0 cache_hits=0
SLIM_PHASE query-chunks wall=3.147 cumulative=2057.569 peak_rss_kib=62851720
SLIM_PROGRESS runs=627113984/1859825801 resolve_wall=144.205 lce_wall=1704.064 write_wall=5.091 lf_steps=0 cache_hits=0
SLIM_PHASE query-chunks wall=2.938 cumulative=2060.507 peak_rss_kib=62856336
SLIM_PROGRESS runs=628162560/1859825801 resolve_wall=144.446 lce_wall=1706.840 write_wall=5.099 lf_steps=0 cache_hits=0
SLIM_PHASE query-chunks wall=3.025 cumulative=2063.532 peak_rss_kib=62868856
SLIM_PROGRESS runs=629211136/1859825801 resolve_wall=144.687 lce_wall=1709.804 write_wall=5.107 lf_steps=0 cache_hits=0
SLIM_PHASE query-chunks wall=3.213 cumulative=2066.744 peak_rss_kib=62879548
SLIM_PROGRESS runs=630259712/1859825801 resolve_wall=144.929 lce_wall=1712.637 write_wall=5.115 lf_steps=0 cache_hits=0
SLIM_PHASE query-chunks wall=3.084 cumulative=2069.828 peak_rss_kib=62886212
SLIM_PROGRESS runs=631308288/1859825801 resolve_wall=145.170 lce_wall=1715.318 write_wall=5.123 lf_steps=0 cache_hits=0
SLIM_PHASE query-chunks wall=2.931 cumulative=2072.758 peak_rss_kib=62897168
SLIM_PROGRESS runs=632356864/1859825801 resolve_wall=145.411 lce_wall=1718.021 write_wall=5.131 lf_steps=0 cache_hits=0
SLIM_PHASE query-chunks wall=2.952 cumulative=2075.711 peak_rss_kib=62907372
SLIM_PROGRESS runs=633405440/1859825801 resolve_wall=145.653 lce_wall=1720.791 write_wall=5.139 lf_steps=0 cache_hits=0
SLIM_PHASE query-chunks wall=3.019 cumulative=2078.730 peak_rss_kib=62912488
SLIM_PROGRESS runs=634454016/1859825801 resolve_wall=145.896 lce_wall=1723.550 write_wall=5.147 lf_steps=0 cache_hits=0
SLIM_PHASE query-chunks wall=3.010 cumulative=2081.740 peak_rss_kib=62927380
SLIM_PROGRESS runs=635502592/1859825801 resolve_wall=146.137 lce_wall=1726.268 write_wall=5.155 lf_steps=0 cache_hits=0
SLIM_PHASE query-chunks wall=2.967 cumulative=2084.707 peak_rss_kib=62939620
SLIM_PROGRESS runs=636551168/1859825801 resolve_wall=146.377 lce_wall=1729.035 write_wall=5.163 lf_steps=0 cache_hits=0
SLIM_PHASE query-chunks wall=3.015 cumulative=2087.722 peak_rss_kib=62946780
SLIM_PROGRESS runs=637599744/1859825801 resolve_wall=146.619 lce_wall=1731.911 write_wall=5.171 lf_steps=0 cache_hits=0
SLIM_PHASE query-chunks wall=3.127 cumulative=2090.849 peak_rss_kib=62951520
SLIM_PROGRESS runs=638648320/1859825801 resolve_wall=146.868 lce_wall=1734.509 write_wall=5.179 lf_steps=0 cache_hits=0
SLIM_PHASE query-chunks wall=2.855 cumulative=2093.704 peak_rss_kib=62966356
SLIM_PROGRESS runs=639696896/1859825801 resolve_wall=147.109 lce_wall=1737.152 write_wall=5.187 lf_steps=0 cache_hits=0
SLIM_PHASE query-chunks wall=2.892 cumulative=2096.596 peak_rss_kib=62975060
SLIM_PROGRESS runs=640745472/1859825801 resolve_wall=147.358 lce_wall=1739.782 write_wall=5.195 lf_steps=0 cache_hits=0
SLIM_PHASE query-chunks wall=2.887 cumulative=2099.483 peak_rss_kib=62977644
SLIM_PROGRESS runs=641794048/1859825801 resolve_wall=147.595 lce_wall=1742.567 write_wall=5.202 lf_steps=0 cache_hits=0
SLIM_PHASE query-chunks wall=3.031 cumulative=2102.514 peak_rss_kib=62982252
SLIM_PROGRESS runs=642842624/1859825801 resolve_wall=147.832 lce_wall=1745.267 write_wall=5.210 lf_steps=0 cache_hits=0
SLIM_PHASE query-chunks wall=2.945 cumulative=2105.459 peak_rss_kib=62985260
SLIM_PROGRESS runs=643891200/1859825801 resolve_wall=148.076 lce_wall=1747.993 write_wall=5.219 lf_steps=0 cache_hits=0
SLIM_PHASE query-chunks wall=2.977 cumulative=2108.436 peak_rss_kib=62991916
SLIM_PROGRESS runs=644939776/1859825801 resolve_wall=148.315 lce_wall=1750.633 write_wall=5.227 lf_steps=0 cache_hits=0
SLIM_PHASE query-chunks wall=2.887 cumulative=2111.323 peak_rss_kib=63000080
SLIM_PROGRESS runs=645988352/1859825801 resolve_wall=148.554 lce_wall=1753.499 write_wall=5.235 lf_steps=0 cache_hits=0
SLIM_PHASE query-chunks wall=3.113 cumulative=2114.437 peak_rss_kib=63003192
SLIM_PROGRESS runs=647036928/1859825801 resolve_wall=148.793 lce_wall=1756.397 write_wall=5.243 lf_steps=0 cache_hits=0
SLIM_PHASE query-chunks wall=3.146 cumulative=2117.583 peak_rss_kib=63007200
SLIM_PROGRESS runs=648085504/1859825801 resolve_wall=149.035 lce_wall=1759.257 write_wall=5.251 lf_steps=0 cache_hits=0
SLIM_PHASE query-chunks wall=3.110 cumulative=2120.692 peak_rss_kib=63018056
SLIM_PROGRESS runs=649134080/1859825801 resolve_wall=149.284 lce_wall=1761.973 write_wall=5.259 lf_steps=0 cache_hits=0
SLIM_PHASE query-chunks wall=2.974 cumulative=2123.666 peak_rss_kib=63024456
SLIM_PROGRESS runs=650182656/1859825801 resolve_wall=149.526 lce_wall=1764.781 write_wall=5.267 lf_steps=0 cache_hits=0
SLIM_PHASE query-chunks wall=3.058 cumulative=2126.724 peak_rss_kib=63033548
SLIM_PROGRESS runs=651231232/1859825801 resolve_wall=149.768 lce_wall=1767.462 write_wall=5.275 lf_steps=0 cache_hits=0
SLIM_PHASE query-chunks wall=2.932 cumulative=2129.655 peak_rss_kib=63036108
SLIM_PROGRESS runs=652279808/1859825801 resolve_wall=150.013 lce_wall=1770.388 write_wall=5.284 lf_steps=0 cache_hits=0
SLIM_PHASE query-chunks wall=3.179 cumulative=2132.835 peak_rss_kib=63042764
SLIM_PROGRESS runs=653328384/1859825801 resolve_wall=150.254 lce_wall=1772.975 write_wall=5.292 lf_steps=0 cache_hits=0
SLIM_PHASE query-chunks wall=2.836 cumulative=2135.671 peak_rss_kib=63044928
SLIM_PROGRESS runs=654376960/1859825801 resolve_wall=150.492 lce_wall=1775.710 write_wall=5.300 lf_steps=0 cache_hits=0
SLIM_PHASE query-chunks wall=2.981 cumulative=2138.651 peak_rss_kib=63047488
SLIM_PROGRESS runs=655425536/1859825801 resolve_wall=150.730 lce_wall=1778.713 write_wall=5.308 lf_steps=0 cache_hits=0
SLIM_PHASE query-chunks wall=3.250 cumulative=2141.902 peak_rss_kib=63068472
SLIM_PROGRESS runs=656474112/1859825801 resolve_wall=150.970 lce_wall=1781.794 write_wall=5.316 lf_steps=0 cache_hits=0
SLIM_PHASE query-chunks wall=3.329 cumulative=2145.231 peak_rss_kib=63077856
SLIM_PROGRESS runs=657522688/1859825801 resolve_wall=151.211 lce_wall=1784.458 write_wall=5.324 lf_steps=0 cache_hits=0
SLIM_PHASE query-chunks wall=2.914 cumulative=2148.144 peak_rss_kib=63090052
SLIM_PROGRESS runs=658571264/1859825801 resolve_wall=151.452 lce_wall=1787.207 write_wall=5.333 lf_steps=0 cache_hits=0
SLIM_PHASE query-chunks wall=2.998 cumulative=2151.142 peak_rss_kib=63098884
SLIM_PROGRESS runs=659619840/1859825801 resolve_wall=151.687 lce_wall=1789.900 write_wall=5.341 lf_steps=0 cache_hits=0
SLIM_PHASE query-chunks wall=2.935 cumulative=2154.078 peak_rss_kib=63110148
SLIM_PROGRESS runs=660668416/1859825801 resolve_wall=151.921 lce_wall=1792.653 write_wall=5.349 lf_steps=0 cache_hits=0
SLIM_PHASE query-chunks wall=2.996 cumulative=2157.074 peak_rss_kib=63125116
SLIM_PROGRESS runs=661716992/1859825801 resolve_wall=152.161 lce_wall=1795.587 write_wall=5.357 lf_steps=0 cache_hits=0
SLIM_PHASE query-chunks wall=3.183 cumulative=2160.257 peak_rss_kib=63133820
SLIM_PROGRESS runs=662765568/1859825801 resolve_wall=152.397 lce_wall=1798.435 write_wall=5.365 lf_steps=0 cache_hits=0
SLIM_PHASE query-chunks wall=3.091 cumulative=2163.348 peak_rss_kib=63144572
SLIM_PROGRESS runs=663814144/1859825801 resolve_wall=152.635 lce_wall=1801.037 write_wall=5.373 lf_steps=0 cache_hits=0
SLIM_PHASE query-chunks wall=2.849 cumulative=2166.198 peak_rss_kib=63149232
SLIM_PROGRESS runs=664862720/1859825801 resolve_wall=152.876 lce_wall=1803.844 write_wall=5.382 lf_steps=0 cache_hits=0
SLIM_PHASE query-chunks wall=3.055 cumulative=2169.253 peak_rss_kib=63157960
SLIM_PROGRESS runs=665911296/1859825801 resolve_wall=153.114 lce_wall=1806.418 write_wall=5.390 lf_steps=0 cache_hits=0
SLIM_PHASE query-chunks wall=2.821 cumulative=2172.074 peak_rss_kib=63168680
SLIM_PROGRESS runs=666959872/1859825801 resolve_wall=153.353 lce_wall=1809.094 write_wall=5.398 lf_steps=0 cache_hits=0
SLIM_PHASE query-chunks wall=2.922 cumulative=2174.997 peak_rss_kib=63171292
SLIM_PROGRESS runs=668008448/1859825801 resolve_wall=153.590 lce_wall=1811.913 write_wall=5.406 lf_steps=0 cache_hits=0
SLIM_PHASE query-chunks wall=3.064 cumulative=2178.060 peak_rss_kib=63182144
SLIM_PROGRESS runs=669057024/1859825801 resolve_wall=153.830 lce_wall=1814.589 write_wall=5.414 lf_steps=0 cache_hits=0
SLIM_PHASE query-chunks wall=2.924 cumulative=2180.985 peak_rss_kib=63194512
SLIM_PROGRESS runs=670105600/1859825801 resolve_wall=154.075 lce_wall=1817.845 write_wall=5.423 lf_steps=0 cache_hits=0
SLIM_PHASE query-chunks wall=3.510 cumulative=2184.495 peak_rss_kib=63201716
SLIM_PROGRESS runs=671154176/1859825801 resolve_wall=154.317 lce_wall=1820.905 write_wall=5.431 lf_steps=0 cache_hits=0
SLIM_PHASE query-chunks wall=3.310 cumulative=2187.805 peak_rss_kib=63207372
SLIM_PROGRESS runs=672202752/1859825801 resolve_wall=154.562 lce_wall=1823.705 write_wall=5.439 lf_steps=0 cache_hits=0
SLIM_PHASE query-chunks wall=3.053 cumulative=2190.858 peak_rss_kib=63217240
SLIM_PROGRESS runs=673251328/1859825801 resolve_wall=154.804 lce_wall=1826.683 write_wall=5.447 lf_steps=0 cache_hits=0
SLIM_PHASE query-chunks wall=3.228 cumulative=2194.086 peak_rss_kib=63223980
SLIM_PROGRESS runs=674299904/1859825801 resolve_wall=155.044 lce_wall=1829.603 write_wall=5.455 lf_steps=0 cache_hits=0
SLIM_PHASE query-chunks wall=3.169 cumulative=2197.255 peak_rss_kib=63226620
SLIM_PROGRESS runs=675348480/1859825801 resolve_wall=155.286 lce_wall=1832.620 write_wall=5.464 lf_steps=0 cache_hits=0
SLIM_PHASE query-chunks wall=3.268 cumulative=2200.523 peak_rss_kib=63227132
SLIM_PROGRESS runs=676397056/1859825801 resolve_wall=155.528 lce_wall=1835.929 write_wall=5.473 lf_steps=0 cache_hits=0
SLIM_PHASE query-chunks wall=3.559 cumulative=2204.082 peak_rss_kib=63229740
SLIM_PROGRESS runs=677445632/1859825801 resolve_wall=155.766 lce_wall=1838.860 write_wall=5.481 lf_steps=0 cache_hits=0
SLIM_PHASE query-chunks wall=3.178 cumulative=2207.260 peak_rss_kib=63242540
SLIM_PROGRESS runs=678494208/1859825801 resolve_wall=156.005 lce_wall=1841.821 write_wall=5.490 lf_steps=0 cache_hits=0
SLIM_PHASE query-chunks wall=3.209 cumulative=2210.469 peak_rss_kib=63254868
SLIM_PROGRESS runs=679542784/1859825801 resolve_wall=156.247 lce_wall=1844.733 write_wall=5.498 lf_steps=0 cache_hits=0
SLIM_PHASE query-chunks wall=3.162 cumulative=2213.631 peak_rss_kib=63264052
SLIM_PROGRESS runs=680591360/1859825801 resolve_wall=156.486 lce_wall=1847.732 write_wall=5.506 lf_steps=0 cache_hits=0
SLIM_PHASE query-chunks wall=3.246 cumulative=2216.877 peak_rss_kib=63266952
SLIM_PROGRESS runs=681639936/1859825801 resolve_wall=156.731 lce_wall=1850.927 write_wall=5.514 lf_steps=0 cache_hits=0
SLIM_PHASE query-chunks wall=3.448 cumulative=2220.326 peak_rss_kib=63279132
SLIM_PROGRESS runs=682688512/1859825801 resolve_wall=156.974 lce_wall=1854.100 write_wall=5.523 lf_steps=0 cache_hits=0
SLIM_PHASE query-chunks wall=3.424 cumulative=2223.750 peak_rss_kib=63285284
SLIM_PROGRESS runs=683737088/1859825801 resolve_wall=157.217 lce_wall=1857.161 write_wall=5.531 lf_steps=0 cache_hits=0
SLIM_PHASE query-chunks wall=3.313 cumulative=2227.063 peak_rss_kib=63293916
SLIM_PROGRESS runs=684785664/1859825801 resolve_wall=157.457 lce_wall=1859.997 write_wall=5.539 lf_steps=0 cache_hits=0
SLIM_PHASE query-chunks wall=3.083 cumulative=2230.146 peak_rss_kib=63305324
SLIM_PROGRESS runs=685834240/1859825801 resolve_wall=157.695 lce_wall=1862.999 write_wall=5.547 lf_steps=0 cache_hits=0
SLIM_PHASE query-chunks wall=3.250 cumulative=2233.396 peak_rss_kib=63314028
SLIM_PROGRESS runs=686882816/1859825801 resolve_wall=157.941 lce_wall=1866.147 write_wall=5.555 lf_steps=0 cache_hits=0
SLIM_PHASE query-chunks wall=3.401 cumulative=2236.797 peak_rss_kib=63334284
SLIM_PROGRESS runs=687931392/1859825801 resolve_wall=158.179 lce_wall=1868.972 write_wall=5.564 lf_steps=0 cache_hits=0
SLIM_PHASE query-chunks wall=3.072 cumulative=2239.869 peak_rss_kib=63342356
SLIM_PROGRESS runs=688979968/1859825801 resolve_wall=158.420 lce_wall=1871.960 write_wall=5.571 lf_steps=0 cache_hits=0
SLIM_PHASE query-chunks wall=3.237 cumulative=2243.106 peak_rss_kib=63347932
SLIM_PROGRESS runs=690028544/1859825801 resolve_wall=158.661 lce_wall=1874.764 write_wall=5.580 lf_steps=0 cache_hits=0
SLIM_PHASE query-chunks wall=3.054 cumulative=2246.160 peak_rss_kib=63356636
SLIM_PROGRESS runs=691077120/1859825801 resolve_wall=158.906 lce_wall=1877.633 write_wall=5.589 lf_steps=0 cache_hits=0
SLIM_PHASE query-chunks wall=3.122 cumulative=2249.282 peak_rss_kib=63365428
SLIM_PROGRESS runs=692125696/1859825801 resolve_wall=159.151 lce_wall=1880.381 write_wall=5.597 lf_steps=0 cache_hits=0
SLIM_PHASE query-chunks wall=3.002 cumulative=2252.284 peak_rss_kib=63365940
SLIM_PROGRESS runs=693174272/1859825801 resolve_wall=159.392 lce_wall=1883.046 write_wall=5.608 lf_steps=0 cache_hits=0
SLIM_PHASE query-chunks wall=2.917 cumulative=2255.202 peak_rss_kib=63376120
SLIM_PROGRESS runs=694222848/1859825801 resolve_wall=159.628 lce_wall=1886.104 write_wall=5.625 lf_steps=0 cache_hits=0
SLIM_PHASE query-chunks wall=3.310 cumulative=2258.512 peak_rss_kib=63389372
SLIM_PROGRESS runs=695271424/1859825801 resolve_wall=159.865 lce_wall=1888.958 write_wall=5.638 lf_steps=0 cache_hits=0
SLIM_PHASE query-chunks wall=3.105 cumulative=2261.616 peak_rss_kib=63401668
SLIM_PROGRESS runs=696320000/1859825801 resolve_wall=160.101 lce_wall=1891.911 write_wall=5.651 lf_steps=0 cache_hits=0
SLIM_PHASE query-chunks wall=3.202 cumulative=2264.818 peak_rss_kib=63406780
SLIM_PROGRESS runs=697368576/1859825801 resolve_wall=160.336 lce_wall=1894.709 write_wall=5.660 lf_steps=0 cache_hits=0
SLIM_PHASE query-chunks wall=3.042 cumulative=2267.860 peak_rss_kib=63409368
SLIM_PROGRESS runs=698417152/1859825801 resolve_wall=160.574 lce_wall=1897.908 write_wall=5.669 lf_steps=0 cache_hits=0
SLIM_PHASE query-chunks wall=3.446 cumulative=2271.306 peak_rss_kib=63415948
SLIM_PROGRESS runs=699465728/1859825801 resolve_wall=160.814 lce_wall=1900.721 write_wall=5.677 lf_steps=0 cache_hits=0
SLIM_PHASE query-chunks wall=3.062 cumulative=2274.367 peak_rss_kib=63420024
SLIM_PROGRESS runs=700514304/1859825801 resolve_wall=161.062 lce_wall=1903.744 write_wall=5.686 lf_steps=0 cache_hits=0
SLIM_PHASE query-chunks wall=3.281 cumulative=2277.648 peak_rss_kib=63425788
SLIM_PROGRESS runs=701562880/1859825801 resolve_wall=161.302 lce_wall=1906.669 write_wall=5.695 lf_steps=0 cache_hits=0
SLIM_PHASE query-chunks wall=3.174 cumulative=2280.823 peak_rss_kib=63427812
SLIM_PROGRESS runs=702611456/1859825801 resolve_wall=161.547 lce_wall=1909.580 write_wall=5.703 lf_steps=0 cache_hits=0
SLIM_PHASE query-chunks wall=3.164 cumulative=2283.986 peak_rss_kib=63427812
SLIM_PROGRESS runs=703660032/1859825801 resolve_wall=161.789 lce_wall=1912.392 write_wall=5.711 lf_steps=0 cache_hits=0
SLIM_PHASE query-chunks wall=3.062 cumulative=2287.048 peak_rss_kib=63427812
SLIM_PROGRESS runs=704708608/1859825801 resolve_wall=162.029 lce_wall=1914.922 write_wall=5.719 lf_steps=0 cache_hits=0
SLIM_PHASE query-chunks wall=2.778 cumulative=2289.827 peak_rss_kib=63427812
SLIM_PROGRESS runs=705757184/1859825801 resolve_wall=162.268 lce_wall=1917.354 write_wall=5.727 lf_steps=0 cache_hits=0
SLIM_PHASE query-chunks wall=2.679 cumulative=2292.505 peak_rss_kib=63427812
SLIM_PROGRESS runs=706805760/1859825801 resolve_wall=162.509 lce_wall=1920.078 write_wall=5.735 lf_steps=0 cache_hits=0
SLIM_PHASE query-chunks wall=2.973 cumulative=2295.478 peak_rss_kib=63433220
SLIM_PROGRESS runs=707854336/1859825801 resolve_wall=162.749 lce_wall=1922.878 write_wall=5.743 lf_steps=0 cache_hits=0
SLIM_PHASE query-chunks wall=3.049 cumulative=2298.527 peak_rss_kib=63434108
SLIM_PROGRESS runs=708902912/1859825801 resolve_wall=162.992 lce_wall=1925.504 write_wall=5.751 lf_steps=0 cache_hits=0
SLIM_PHASE query-chunks wall=2.877 cumulative=2301.404 peak_rss_kib=63434108
SLIM_PROGRESS runs=709951488/1859825801 resolve_wall=163.236 lce_wall=1928.052 write_wall=5.759 lf_steps=0 cache_hits=0
SLIM_PHASE query-chunks wall=2.799 cumulative=2304.203 peak_rss_kib=63434108
SLIM_PROGRESS runs=711000064/1859825801 resolve_wall=163.478 lce_wall=1930.618 write_wall=5.767 lf_steps=0 cache_hits=0
SLIM_PHASE query-chunks wall=2.817 cumulative=2307.020 peak_rss_kib=63434108
SLIM_PROGRESS runs=712048640/1859825801 resolve_wall=163.724 lce_wall=1933.196 write_wall=5.775 lf_steps=0 cache_hits=0
SLIM_PHASE query-chunks wall=2.833 cumulative=2309.853 peak_rss_kib=63434108
SLIM_PROGRESS runs=713097216/1859825801 resolve_wall=163.974 lce_wall=1935.899 write_wall=5.784 lf_steps=0 cache_hits=0
SLIM_PHASE query-chunks wall=2.962 cumulative=2312.814 peak_rss_kib=63434108
SLIM_PROGRESS runs=714145792/1859825801 resolve_wall=164.221 lce_wall=1938.410 write_wall=5.792 lf_steps=0 cache_hits=0
SLIM_PHASE query-chunks wall=2.766 cumulative=2315.580 peak_rss_kib=63434108
SLIM_PROGRESS runs=715194368/1859825801 resolve_wall=164.461 lce_wall=1941.148 write_wall=5.800 lf_steps=0 cache_hits=0
SLIM_PHASE query-chunks wall=2.986 cumulative=2318.566 peak_rss_kib=63434108
SLIM_PROGRESS runs=716242944/1859825801 resolve_wall=164.700 lce_wall=1943.713 write_wall=5.808 lf_steps=0 cache_hits=0
SLIM_PHASE query-chunks wall=2.812 cumulative=2321.379 peak_rss_kib=63434108
SLIM_PROGRESS runs=717291520/1859825801 resolve_wall=164.945 lce_wall=1946.392 write_wall=5.816 lf_steps=0 cache_hits=0
SLIM_PHASE query-chunks wall=2.932 cumulative=2324.311 peak_rss_kib=63434108
SLIM_PROGRESS runs=718340096/1859825801 resolve_wall=165.188 lce_wall=1949.359 write_wall=5.824 lf_steps=0 cache_hits=0
SLIM_PHASE query-chunks wall=3.219 cumulative=2327.530 peak_rss_kib=63434108
SLIM_PROGRESS runs=719388672/1859825801 resolve_wall=165.431 lce_wall=1952.497 write_wall=5.833 lf_steps=0 cache_hits=0
SLIM_PHASE query-chunks wall=3.388 cumulative=2330.918 peak_rss_kib=63434108
SLIM_PROGRESS runs=720437248/1859825801 resolve_wall=165.673 lce_wall=1955.576 write_wall=5.841 lf_steps=0 cache_hits=0
SLIM_PHASE query-chunks wall=3.331 cumulative=2334.249 peak_rss_kib=63434108
SLIM_PROGRESS runs=721485824/1859825801 resolve_wall=165.917 lce_wall=1958.396 write_wall=5.850 lf_steps=0 cache_hits=0
SLIM_PHASE query-chunks wall=3.073 cumulative=2337.321 peak_rss_kib=63434500
SLIM_PROGRESS runs=722534400/1859825801 resolve_wall=166.165 lce_wall=1961.082 write_wall=5.857 lf_steps=0 cache_hits=0
SLIM_PHASE query-chunks wall=2.942 cumulative=2340.263 peak_rss_kib=63434716
SLIM_PROGRESS runs=723582976/1859825801 resolve_wall=166.410 lce_wall=1963.798 write_wall=5.865 lf_steps=0 cache_hits=0
SLIM_PHASE query-chunks wall=2.969 cumulative=2343.232 peak_rss_kib=63434716
SLIM_PROGRESS runs=724631552/1859825801 resolve_wall=166.654 lce_wall=1966.574 write_wall=5.873 lf_steps=0 cache_hits=0
SLIM_PHASE query-chunks wall=3.027 cumulative=2346.259 peak_rss_kib=63434716
SLIM_PROGRESS runs=725680128/1859825801 resolve_wall=166.898 lce_wall=1969.206 write_wall=5.881 lf_steps=0 cache_hits=0
SLIM_PHASE query-chunks wall=2.885 cumulative=2349.144 peak_rss_kib=63434716
SLIM_PROGRESS runs=726728704/1859825801 resolve_wall=167.141 lce_wall=1971.940 write_wall=5.889 lf_steps=0 cache_hits=0
SLIM_PHASE query-chunks wall=2.985 cumulative=2352.129 peak_rss_kib=63434716
SLIM_PROGRESS runs=727777280/1859825801 resolve_wall=167.381 lce_wall=1974.588 write_wall=5.897 lf_steps=0 cache_hits=0
SLIM_PHASE query-chunks wall=2.896 cumulative=2355.025 peak_rss_kib=63447232
SLIM_PROGRESS runs=728825856/1859825801 resolve_wall=167.623 lce_wall=1977.307 write_wall=5.905 lf_steps=0 cache_hits=0
SLIM_PHASE query-chunks wall=2.970 cumulative=2357.995 peak_rss_kib=63448752
SLIM_PROGRESS runs=729874432/1859825801 resolve_wall=167.865 lce_wall=1979.697 write_wall=5.913 lf_steps=0 cache_hits=0
SLIM_PHASE query-chunks wall=2.639 cumulative=2360.634 peak_rss_kib=63448752
SLIM_PROGRESS runs=730923008/1859825801 resolve_wall=168.107 lce_wall=1982.073 write_wall=5.921 lf_steps=0 cache_hits=0
SLIM_PHASE query-chunks wall=2.627 cumulative=2363.261 peak_rss_kib=63448792
SLIM_PROGRESS runs=731971584/1859825801 resolve_wall=168.351 lce_wall=1984.694 write_wall=5.928 lf_steps=0 cache_hits=0
SLIM_PHASE query-chunks wall=2.873 cumulative=2366.133 peak_rss_kib=63449048
SLIM_PROGRESS runs=733020160/1859825801 resolve_wall=168.588 lce_wall=1987.369 write_wall=5.936 lf_steps=0 cache_hits=0
SLIM_PHASE query-chunks wall=2.920 cumulative=2369.053 peak_rss_kib=63449048
SLIM_PROGRESS runs=734068736/1859825801 resolve_wall=168.828 lce_wall=1989.978 write_wall=5.944 lf_steps=0 cache_hits=0
SLIM_PHASE query-chunks wall=2.857 cumulative=2371.910 peak_rss_kib=63449256
SLIM_PROGRESS runs=735117312/1859825801 resolve_wall=169.067 lce_wall=1992.435 write_wall=5.952 lf_steps=0 cache_hits=0
SLIM_PHASE query-chunks wall=2.705 cumulative=2374.615 peak_rss_kib=63462784
SLIM_PROGRESS runs=736165888/1859825801 resolve_wall=169.305 lce_wall=1995.083 write_wall=5.959 lf_steps=0 cache_hits=0
SLIM_PHASE query-chunks wall=2.893 cumulative=2377.508 peak_rss_kib=63471608
SLIM_PROGRESS runs=737214464/1859825801 resolve_wall=169.546 lce_wall=1997.665 write_wall=5.967 lf_steps=0 cache_hits=0
SLIM_PHASE query-chunks wall=2.832 cumulative=2380.339 peak_rss_kib=63478396
SLIM_PROGRESS runs=738263040/1859825801 resolve_wall=169.787 lce_wall=2000.173 write_wall=5.975 lf_steps=0 cache_hits=0
SLIM_PHASE query-chunks wall=2.757 cumulative=2383.096 peak_rss_kib=63489652
SLIM_PROGRESS runs=739311616/1859825801 resolve_wall=170.028 lce_wall=2002.904 write_wall=5.983 lf_steps=0 cache_hits=0
SLIM_PHASE query-chunks wall=2.980 cumulative=2386.076 peak_rss_kib=63503580
SLIM_PROGRESS runs=740360192/1859825801 resolve_wall=170.270 lce_wall=2005.448 write_wall=5.992 lf_steps=0 cache_hits=0
SLIM_PHASE query-chunks wall=2.794 cumulative=2388.869 peak_rss_kib=63506104
SLIM_PROGRESS runs=741408768/1859825801 resolve_wall=170.510 lce_wall=2008.039 write_wall=5.999 lf_steps=0 cache_hits=0
SLIM_PHASE query-chunks wall=2.840 cumulative=2391.709 peak_rss_kib=63506104
SLIM_PROGRESS runs=742457344/1859825801 resolve_wall=170.752 lce_wall=2010.887 write_wall=6.007 lf_steps=0 cache_hits=0
SLIM_PHASE query-chunks wall=3.098 cumulative=2394.807 peak_rss_kib=63506104
SLIM_PROGRESS runs=743505920/1859825801 resolve_wall=170.997 lce_wall=2013.479 write_wall=6.015 lf_steps=0 cache_hits=0
SLIM_PHASE query-chunks wall=2.846 cumulative=2397.653 peak_rss_kib=63506104
SLIM_PROGRESS runs=744554496/1859825801 resolve_wall=171.242 lce_wall=2015.963 write_wall=6.023 lf_steps=0 cache_hits=0
SLIM_PHASE query-chunks wall=2.736 cumulative=2400.389 peak_rss_kib=63506104
SLIM_PROGRESS runs=745603072/1859825801 resolve_wall=171.488 lce_wall=2018.517 write_wall=6.031 lf_steps=0 cache_hits=0
SLIM_PHASE query-chunks wall=2.808 cumulative=2403.197 peak_rss_kib=63513928
SLIM_PROGRESS runs=746651648/1859825801 resolve_wall=171.732 lce_wall=2021.197 write_wall=6.039 lf_steps=0 cache_hits=0
SLIM_PHASE query-chunks wall=2.932 cumulative=2406.129 peak_rss_kib=63522764
SLIM_PROGRESS runs=747700224/1859825801 resolve_wall=171.977 lce_wall=2023.836 write_wall=6.046 lf_steps=0 cache_hits=0
SLIM_PHASE query-chunks wall=2.892 cumulative=2409.021 peak_rss_kib=63535084
SLIM_PROGRESS runs=748748800/1859825801 resolve_wall=172.220 lce_wall=2026.662 write_wall=6.054 lf_steps=0 cache_hits=0
SLIM_PHASE query-chunks wall=3.076 cumulative=2412.097 peak_rss_kib=63543820
SLIM_PROGRESS runs=749797376/1859825801 resolve_wall=172.461 lce_wall=2029.361 write_wall=6.062 lf_steps=0 cache_hits=0
SLIM_PHASE query-chunks wall=2.947 cumulative=2415.045 peak_rss_kib=63545216
SLIM_PROGRESS runs=750845952/1859825801 resolve_wall=172.703 lce_wall=2032.138 write_wall=6.069 lf_steps=0 cache_hits=0
SLIM_PHASE query-chunks wall=3.028 cumulative=2418.073 peak_rss_kib=63551248
SLIM_PROGRESS runs=751894528/1859825801 resolve_wall=172.948 lce_wall=2034.698 write_wall=6.077 lf_steps=0 cache_hits=0
SLIM_PHASE query-chunks wall=2.813 cumulative=2420.885 peak_rss_kib=63561192
SLIM_PROGRESS runs=752943104/1859825801 resolve_wall=173.187 lce_wall=2037.223 write_wall=6.085 lf_steps=0 cache_hits=0
SLIM_PHASE query-chunks wall=2.772 cumulative=2423.657 peak_rss_kib=63572656
SLIM_PROGRESS runs=753991680/1859825801 resolve_wall=173.430 lce_wall=2040.032 write_wall=6.092 lf_steps=0 cache_hits=0
SLIM_PHASE query-chunks wall=3.060 cumulative=2426.717 peak_rss_kib=63577720
SLIM_PROGRESS runs=755040256/1859825801 resolve_wall=173.673 lce_wall=2042.826 write_wall=6.100 lf_steps=0 cache_hits=0
SLIM_PHASE query-chunks wall=3.045 cumulative=2429.761 peak_rss_kib=63585496
SLIM_PROGRESS runs=756088832/1859825801 resolve_wall=173.915 lce_wall=2045.642 write_wall=6.108 lf_steps=0 cache_hits=0
SLIM_PHASE query-chunks wall=3.066 cumulative=2432.828 peak_rss_kib=63594244
SLIM_PROGRESS runs=757137408/1859825801 resolve_wall=174.154 lce_wall=2048.317 write_wall=6.115 lf_steps=0 cache_hits=0
SLIM_PHASE query-chunks wall=2.922 cumulative=2435.750 peak_rss_kib=63601016
SLIM_PROGRESS runs=758185984/1859825801 resolve_wall=174.396 lce_wall=2050.902 write_wall=6.123 lf_steps=0 cache_hits=0
SLIM_PHASE query-chunks wall=2.834 cumulative=2438.584 peak_rss_kib=63602312
SLIM_PROGRESS runs=759234560/1859825801 resolve_wall=174.637 lce_wall=2053.399 write_wall=6.131 lf_steps=0 cache_hits=0
SLIM_PHASE query-chunks wall=2.746 cumulative=2441.330 peak_rss_kib=63610116
SLIM_PROGRESS runs=760283136/1859825801 resolve_wall=174.878 lce_wall=2055.926 write_wall=6.138 lf_steps=0 cache_hits=0
SLIM_PHASE query-chunks wall=2.775 cumulative=2444.105 peak_rss_kib=63626052
SLIM_PROGRESS runs=761331712/1859825801 resolve_wall=175.120 lce_wall=2058.728 write_wall=6.146 lf_steps=0 cache_hits=0
SLIM_PHASE query-chunks wall=3.053 cumulative=2447.158 peak_rss_kib=63632304
SLIM_PROGRESS runs=762380288/1859825801 resolve_wall=175.363 lce_wall=2061.265 write_wall=6.154 lf_steps=0 cache_hits=0
SLIM_PHASE query-chunks wall=2.787 cumulative=2449.944 peak_rss_kib=63641008
SLIM_PROGRESS runs=763428864/1859825801 resolve_wall=175.609 lce_wall=2064.033 write_wall=6.161 lf_steps=0 cache_hits=0
SLIM_PHASE query-chunks wall=3.023 cumulative=2452.967 peak_rss_kib=63648596
SLIM_PROGRESS runs=764477440/1859825801 resolve_wall=175.857 lce_wall=2067.402 write_wall=6.170 lf_steps=0 cache_hits=0
SLIM_PHASE query-chunks wall=3.625 cumulative=2456.593 peak_rss_kib=63657936
SLIM_PROGRESS runs=765526016/1859825801 resolve_wall=176.101 lce_wall=2070.515 write_wall=6.178 lf_steps=0 cache_hits=0
SLIM_PHASE query-chunks wall=3.364 cumulative=2459.957 peak_rss_kib=63666376
SLIM_PROGRESS runs=766574592/1859825801 resolve_wall=176.344 lce_wall=2073.278 write_wall=6.185 lf_steps=0 cache_hits=0
SLIM_PHASE query-chunks wall=3.015 cumulative=2462.972 peak_rss_kib=63668552
SLIM_PROGRESS runs=767623168/1859825801 resolve_wall=176.585 lce_wall=2076.037 write_wall=6.193 lf_steps=0 cache_hits=0
SLIM_PHASE query-chunks wall=3.008 cumulative=2465.979 peak_rss_kib=63676816
SLIM_PROGRESS runs=768671744/1859825801 resolve_wall=176.835 lce_wall=2078.937 write_wall=6.201 lf_steps=0 cache_hits=0
SLIM_PHASE query-chunks wall=3.158 cumulative=2469.137 peak_rss_kib=63687744
SLIM_PROGRESS runs=769720320/1859825801 resolve_wall=177.085 lce_wall=2081.788 write_wall=6.208 lf_steps=0 cache_hits=0
SLIM_PHASE query-chunks wall=3.109 cumulative=2472.246 peak_rss_kib=63693640
SLIM_PROGRESS runs=770768896/1859825801 resolve_wall=177.326 lce_wall=2084.408 write_wall=6.216 lf_steps=0 cache_hits=0
SLIM_PHASE query-chunks wall=2.869 cumulative=2475.114 peak_rss_kib=63696232
SLIM_PROGRESS runs=771817472/1859825801 resolve_wall=177.571 lce_wall=2087.521 write_wall=6.224 lf_steps=0 cache_hits=0
SLIM_PHASE query-chunks wall=3.367 cumulative=2478.481 peak_rss_kib=63707188
SLIM_PROGRESS runs=772866048/1859825801 resolve_wall=177.819 lce_wall=2090.227 write_wall=6.232 lf_steps=0 cache_hits=0
SLIM_PHASE query-chunks wall=2.962 cumulative=2481.443 peak_rss_kib=63713668
SLIM_PROGRESS runs=773914624/1859825801 resolve_wall=178.067 lce_wall=2092.853 write_wall=6.240 lf_steps=0 cache_hits=0
SLIM_PHASE query-chunks wall=2.882 cumulative=2484.325 peak_rss_kib=63729604
SLIM_PROGRESS runs=774963200/1859825801 resolve_wall=178.310 lce_wall=2096.003 write_wall=6.248 lf_steps=0 cache_hits=0
SLIM_PHASE query-chunks wall=3.401 cumulative=2487.726 peak_rss_kib=63749028
SLIM_PROGRESS runs=776011776/1859825801 resolve_wall=178.552 lce_wall=2098.992 write_wall=6.256 lf_steps=0 cache_hits=0
SLIM_PHASE query-chunks wall=3.239 cumulative=2490.965 peak_rss_kib=63756120
SLIM_PROGRESS runs=777060352/1859825801 resolve_wall=178.802 lce_wall=2101.895 write_wall=6.264 lf_steps=0 cache_hits=0
SLIM_PHASE query-chunks wall=3.161 cumulative=2494.126 peak_rss_kib=63762332
SLIM_PROGRESS runs=778108928/1859825801 resolve_wall=179.046 lce_wall=2104.964 write_wall=6.272 lf_steps=0 cache_hits=0
SLIM_PHASE query-chunks wall=3.321 cumulative=2497.447 peak_rss_kib=63781580
SLIM_PROGRESS runs=779157504/1859825801 resolve_wall=179.289 lce_wall=2107.981 write_wall=6.280 lf_steps=0 cache_hits=0
SLIM_PHASE query-chunks wall=3.268 cumulative=2500.715 peak_rss_kib=63788796
SLIM_PROGRESS runs=780206080/1859825801 resolve_wall=179.538 lce_wall=2110.678 write_wall=6.287 lf_steps=0 cache_hits=0
SLIM_PHASE query-chunks wall=2.954 cumulative=2503.669 peak_rss_kib=63794560
SLIM_PROGRESS runs=781254656/1859825801 resolve_wall=179.784 lce_wall=2113.309 write_wall=6.295 lf_steps=0 cache_hits=0
SLIM_PHASE query-chunks wall=2.885 cumulative=2506.554 peak_rss_kib=63802468
SLIM_PROGRESS runs=782303232/1859825801 resolve_wall=180.025 lce_wall=2116.041 write_wall=6.305 lf_steps=0 cache_hits=0
SLIM_PHASE query-chunks wall=2.983 cumulative=2509.537 peak_rss_kib=63804548
SLIM_PROGRESS runs=783351808/1859825801 resolve_wall=180.273 lce_wall=2118.811 write_wall=6.315 lf_steps=0 cache_hits=0
SLIM_PHASE query-chunks wall=3.027 cumulative=2512.565 peak_rss_kib=63825688
SLIM_PROGRESS runs=784400384/1859825801 resolve_wall=180.517 lce_wall=2121.682 write_wall=6.325 lf_steps=0 cache_hits=0
SLIM_PHASE query-chunks wall=3.126 cumulative=2515.691 peak_rss_kib=63832384
SLIM_PROGRESS runs=785448960/1859825801 resolve_wall=180.759 lce_wall=2124.317 write_wall=6.334 lf_steps=0 cache_hits=0
SLIM_PHASE query-chunks wall=2.885 cumulative=2518.576 peak_rss_kib=63842540
SLIM_PROGRESS runs=786497536/1859825801 resolve_wall=180.998 lce_wall=2126.829 write_wall=6.343 lf_steps=0 cache_hits=0
SLIM_PHASE query-chunks wall=2.761 cumulative=2521.337 peak_rss_kib=63847728
SLIM_PROGRESS runs=787546112/1859825801 resolve_wall=181.239 lce_wall=2129.279 write_wall=6.351 lf_steps=0 cache_hits=0
SLIM_PHASE query-chunks wall=2.699 cumulative=2524.036 peak_rss_kib=63862712
SLIM_PROGRESS runs=788594688/1859825801 resolve_wall=181.481 lce_wall=2131.807 write_wall=6.360 lf_steps=0 cache_hits=0
SLIM_PHASE query-chunks wall=2.779 cumulative=2526.815 peak_rss_kib=63867068
SLIM_PROGRESS runs=789643264/1859825801 resolve_wall=181.724 lce_wall=2134.442 write_wall=6.369 lf_steps=0 cache_hits=0
SLIM_PHASE query-chunks wall=2.887 cumulative=2529.702 peak_rss_kib=63880132
SLIM_PROGRESS runs=790691840/1859825801 resolve_wall=181.970 lce_wall=2136.995 write_wall=6.377 lf_steps=0 cache_hits=0
SLIM_PHASE query-chunks wall=2.805 cumulative=2532.508 peak_rss_kib=63889072
SLIM_PROGRESS runs=791740416/1859825801 resolve_wall=182.210 lce_wall=2139.455 write_wall=6.384 lf_steps=0 cache_hits=0
SLIM_PHASE query-chunks wall=2.709 cumulative=2535.216 peak_rss_kib=63898348
SLIM_PROGRESS runs=792788992/1859825801 resolve_wall=182.461 lce_wall=2142.075 write_wall=6.392 lf_steps=0 cache_hits=0
SLIM_PHASE query-chunks wall=2.879 cumulative=2538.096 peak_rss_kib=63900240
SLIM_PROGRESS runs=793837568/1859825801 resolve_wall=182.707 lce_wall=2144.606 write_wall=6.400 lf_steps=0 cache_hits=0
SLIM_PHASE query-chunks wall=2.785 cumulative=2540.881 peak_rss_kib=63909536
SLIM_PROGRESS runs=794886144/1859825801 resolve_wall=182.951 lce_wall=2147.279 write_wall=6.407 lf_steps=0 cache_hits=0
SLIM_PHASE query-chunks wall=2.924 cumulative=2543.805 peak_rss_kib=63912212
SLIM_PROGRESS runs=795934720/1859825801 resolve_wall=183.194 lce_wall=2150.105 write_wall=6.415 lf_steps=0 cache_hits=0
SLIM_PHASE query-chunks wall=3.077 cumulative=2546.882 peak_rss_kib=63923368
SLIM_PROGRESS runs=796983296/1859825801 resolve_wall=183.438 lce_wall=2152.850 write_wall=6.423 lf_steps=0 cache_hits=0
SLIM_PHASE query-chunks wall=2.996 cumulative=2549.878 peak_rss_kib=63923948
SLIM_PROGRESS runs=798031872/1859825801 resolve_wall=183.680 lce_wall=2155.545 write_wall=6.431 lf_steps=0 cache_hits=0
SLIM_PHASE query-chunks wall=2.946 cumulative=2552.824 peak_rss_kib=63938368
SLIM_PROGRESS runs=799080448/1859825801 resolve_wall=183.920 lce_wall=2158.132 write_wall=6.439 lf_steps=0 cache_hits=0
SLIM_PHASE query-chunks wall=2.835 cumulative=2555.659 peak_rss_kib=63943976
SLIM_PROGRESS runs=800129024/1859825801 resolve_wall=184.156 lce_wall=2160.768 write_wall=6.447 lf_steps=0 cache_hits=0
SLIM_PHASE query-chunks wall=2.880 cumulative=2558.539 peak_rss_kib=63950416
SLIM_PROGRESS runs=801177600/1859825801 resolve_wall=184.394 lce_wall=2163.314 write_wall=6.455 lf_steps=0 cache_hits=0
SLIM_PHASE query-chunks wall=2.792 cumulative=2561.331 peak_rss_kib=63953584
SLIM_PROGRESS runs=802226176/1859825801 resolve_wall=184.634 lce_wall=2165.949 write_wall=6.463 lf_steps=0 cache_hits=0
SLIM_PHASE query-chunks wall=2.884 cumulative=2564.215 peak_rss_kib=63956176
SLIM_PROGRESS runs=803274752/1859825801 resolve_wall=184.872 lce_wall=2168.681 write_wall=6.471 lf_steps=0 cache_hits=0
SLIM_PHASE query-chunks wall=2.977 cumulative=2567.193 peak_rss_kib=63975388
SLIM_PROGRESS runs=804323328/1859825801 resolve_wall=185.110 lce_wall=2171.233 write_wall=6.478 lf_steps=0 cache_hits=0
SLIM_PHASE query-chunks wall=2.797 cumulative=2569.989 peak_rss_kib=63976804
SLIM_PROGRESS runs=805371904/1859825801 resolve_wall=185.346 lce_wall=2173.627 write_wall=6.486 lf_steps=0 cache_hits=0
SLIM_PHASE query-chunks wall=2.639 cumulative=2572.628 peak_rss_kib=63981596
SLIM_PROGRESS runs=806420480/1859825801 resolve_wall=185.587 lce_wall=2176.112 write_wall=6.494 lf_steps=0 cache_hits=0
SLIM_PHASE query-chunks wall=2.734 cumulative=2575.362 peak_rss_kib=63990488
SLIM_PROGRESS runs=807469056/1859825801 resolve_wall=185.827 lce_wall=2178.764 write_wall=6.502 lf_steps=0 cache_hits=0
SLIM_PHASE query-chunks wall=2.900 cumulative=2578.263 peak_rss_kib=63995108
SLIM_PROGRESS runs=808517632/1859825801 resolve_wall=186.066 lce_wall=2181.392 write_wall=6.511 lf_steps=0 cache_hits=0
SLIM_PHASE query-chunks wall=2.876 cumulative=2581.138 peak_rss_kib=64007604
SLIM_PROGRESS runs=809566208/1859825801 resolve_wall=186.307 lce_wall=2183.950 write_wall=6.519 lf_steps=0 cache_hits=0
SLIM_PHASE query-chunks wall=2.807 cumulative=2583.945 peak_rss_kib=64012244
SLIM_PROGRESS runs=810614784/1859825801 resolve_wall=186.549 lce_wall=2186.465 write_wall=6.527 lf_steps=0 cache_hits=0
SLIM_PHASE query-chunks wall=2.766 cumulative=2586.712 peak_rss_kib=64022904
SLIM_PROGRESS runs=811663360/1859825801 resolve_wall=186.787 lce_wall=2189.190 write_wall=6.535 lf_steps=0 cache_hits=0
SLIM_PHASE query-chunks wall=2.971 cumulative=2589.683 peak_rss_kib=64037848
SLIM_PROGRESS runs=812711936/1859825801 resolve_wall=187.029 lce_wall=2191.839 write_wall=6.543 lf_steps=0 cache_hits=0
SLIM_PHASE query-chunks wall=2.899 cumulative=2592.581 peak_rss_kib=64045232
SLIM_PROGRESS runs=813760512/1859825801 resolve_wall=187.273 lce_wall=2194.550 write_wall=6.552 lf_steps=0 cache_hits=0
SLIM_PHASE query-chunks wall=2.964 cumulative=2595.545 peak_rss_kib=64058008
SLIM_PROGRESS runs=814809088/1859825801 resolve_wall=187.513 lce_wall=2197.094 write_wall=6.560 lf_steps=0 cache_hits=0
SLIM_PHASE query-chunks wall=2.792 cumulative=2598.337 peak_rss_kib=64074964
SLIM_PROGRESS runs=815857664/1859825801 resolve_wall=187.753 lce_wall=2199.754 write_wall=6.567 lf_steps=0 cache_hits=0
SLIM_PHASE query-chunks wall=2.908 cumulative=2601.245 peak_rss_kib=64079004
SLIM_PROGRESS runs=816906240/1859825801 resolve_wall=187.993 lce_wall=2202.147 write_wall=6.575 lf_steps=0 cache_hits=0
SLIM_PHASE query-chunks wall=2.640 cumulative=2603.885 peak_rss_kib=64089208
SLIM_PROGRESS runs=817954816/1859825801 resolve_wall=188.230 lce_wall=2204.858 write_wall=6.582 lf_steps=0 cache_hits=0
SLIM_PHASE query-chunks wall=2.956 cumulative=2606.841 peak_rss_kib=64096796
SLIM_PROGRESS runs=819003392/1859825801 resolve_wall=188.475 lce_wall=2207.335 write_wall=6.590 lf_steps=0 cache_hits=0
SLIM_PHASE query-chunks wall=2.730 cumulative=2609.571 peak_rss_kib=64105680
SLIM_PROGRESS runs=820051968/1859825801 resolve_wall=188.729 lce_wall=2209.814 write_wall=6.597 lf_steps=0 cache_hits=0
SLIM_PHASE query-chunks wall=2.741 cumulative=2612.312 peak_rss_kib=64126196
SLIM_PROGRESS runs=821100544/1859825801 resolve_wall=188.968 lce_wall=2212.490 write_wall=6.608 lf_steps=0 cache_hits=0
SLIM_PHASE query-chunks wall=2.925 cumulative=2615.237 peak_rss_kib=64133388
SLIM_PROGRESS runs=822149120/1859825801 resolve_wall=189.209 lce_wall=2215.147 write_wall=6.620 lf_steps=0 cache_hits=0
SLIM_PHASE query-chunks wall=2.911 cumulative=2618.147 peak_rss_kib=64143152
SLIM_PROGRESS runs=823197696/1859825801 resolve_wall=189.453 lce_wall=2217.787 write_wall=6.631 lf_steps=0 cache_hits=0
SLIM_PHASE query-chunks wall=2.895 cumulative=2621.042 peak_rss_kib=64152896
SLIM_PROGRESS runs=824246272/1859825801 resolve_wall=189.695 lce_wall=2220.434 write_wall=6.643 lf_steps=0 cache_hits=0
SLIM_PHASE query-chunks wall=2.901 cumulative=2623.942 peak_rss_kib=64177872
SLIM_PROGRESS runs=825294848/1859825801 resolve_wall=189.934 lce_wall=2223.093 write_wall=6.653 lf_steps=0 cache_hits=0
SLIM_PHASE query-chunks wall=2.909 cumulative=2626.852 peak_rss_kib=64188580
SLIM_PROGRESS runs=826343424/1859825801 resolve_wall=190.174 lce_wall=2225.659 write_wall=6.663 lf_steps=0 cache_hits=0
SLIM_PHASE query-chunks wall=2.816 cumulative=2629.668 peak_rss_kib=64195268
SLIM_PROGRESS runs=827392000/1859825801 resolve_wall=190.416 lce_wall=2228.390 write_wall=6.673 lf_steps=0 cache_hits=0
SLIM_PHASE query-chunks wall=2.983 cumulative=2632.651 peak_rss_kib=64199340
SLIM_PROGRESS runs=828440576/1859825801 resolve_wall=190.657 lce_wall=2231.216 write_wall=6.684 lf_steps=0 cache_hits=0
SLIM_PHASE query-chunks wall=3.077 cumulative=2635.729 peak_rss_kib=64201076
SLIM_PROGRESS runs=829489152/1859825801 resolve_wall=190.896 lce_wall=2233.995 write_wall=6.695 lf_steps=0 cache_hits=0
SLIM_PHASE query-chunks wall=3.029 cumulative=2638.758 peak_rss_kib=64201076
SLIM_PROGRESS runs=830537728/1859825801 resolve_wall=191.135 lce_wall=2236.771 write_wall=6.705 lf_steps=0 cache_hits=0
SLIM_PHASE query-chunks wall=3.026 cumulative=2641.784 peak_rss_kib=64207868
SLIM_PROGRESS runs=831586304/1859825801 resolve_wall=191.374 lce_wall=2239.404 write_wall=6.716 lf_steps=0 cache_hits=0
SLIM_PHASE query-chunks wall=2.882 cumulative=2644.666 peak_rss_kib=64217216
SLIM_PROGRESS runs=832634880/1859825801 resolve_wall=191.618 lce_wall=2242.165 write_wall=6.726 lf_steps=0 cache_hits=0
SLIM_PHASE query-chunks wall=3.015 cumulative=2647.681 peak_rss_kib=64217372
SLIM_PROGRESS runs=833683456/1859825801 resolve_wall=191.867 lce_wall=2244.886 write_wall=6.734 lf_steps=0 cache_hits=0
SLIM_PHASE query-chunks wall=2.979 cumulative=2650.659 peak_rss_kib=64222040
SLIM_PROGRESS runs=834732032/1859825801 resolve_wall=192.111 lce_wall=2247.545 write_wall=6.741 lf_steps=0 cache_hits=0
SLIM_PHASE query-chunks wall=2.911 cumulative=2653.570 peak_rss_kib=64224792
SLIM_PROGRESS runs=835780608/1859825801 resolve_wall=192.356 lce_wall=2250.107 write_wall=6.749 lf_steps=0 cache_hits=0
SLIM_PHASE query-chunks wall=2.814 cumulative=2656.385 peak_rss_kib=64233484
SLIM_PROGRESS runs=836829184/1859825801 resolve_wall=192.599 lce_wall=2252.806 write_wall=6.757 lf_steps=0 cache_hits=0
SLIM_PHASE query-chunks wall=2.951 cumulative=2659.335 peak_rss_kib=64237396
SLIM_PROGRESS runs=837877760/1859825801 resolve_wall=192.842 lce_wall=2255.213 write_wall=6.764 lf_steps=0 cache_hits=0
SLIM_PHASE query-chunks wall=2.657 cumulative=2661.992 peak_rss_kib=64245712
SLIM_PROGRESS runs=838926336/1859825801 resolve_wall=193.087 lce_wall=2258.000 write_wall=6.772 lf_steps=0 cache_hits=0
SLIM_PHASE query-chunks wall=3.040 cumulative=2665.032 peak_rss_kib=64253956
SLIM_PROGRESS runs=839974912/1859825801 resolve_wall=193.328 lce_wall=2260.580 write_wall=6.780 lf_steps=0 cache_hits=0
SLIM_PHASE query-chunks wall=2.829 cumulative=2667.861 peak_rss_kib=64256620
SLIM_PROGRESS runs=841023488/1859825801 resolve_wall=193.573 lce_wall=2263.439 write_wall=6.787 lf_steps=0 cache_hits=0
SLIM_PHASE query-chunks wall=3.112 cumulative=2670.973 peak_rss_kib=64265948
SLIM_PROGRESS runs=842072064/1859825801 resolve_wall=193.819 lce_wall=2266.262 write_wall=6.795 lf_steps=0 cache_hits=0
SLIM_PHASE query-chunks wall=3.078 cumulative=2674.050 peak_rss_kib=64275316
SLIM_PROGRESS runs=843120640/1859825801 resolve_wall=194.070 lce_wall=2269.010 write_wall=6.802 lf_steps=0 cache_hits=0
SLIM_PHASE query-chunks wall=3.006 cumulative=2677.057 peak_rss_kib=64283172
SLIM_PROGRESS runs=844169216/1859825801 resolve_wall=194.318 lce_wall=2271.920 write_wall=6.810 lf_steps=0 cache_hits=0
SLIM_PHASE query-chunks wall=3.165 cumulative=2680.222 peak_rss_kib=64300012
SLIM_PROGRESS runs=845217792/1859825801 resolve_wall=194.564 lce_wall=2274.879 write_wall=6.818 lf_steps=0 cache_hits=0
SLIM_PHASE query-chunks wall=3.214 cumulative=2683.436 peak_rss_kib=64308048
SLIM_PROGRESS runs=846266368/1859825801 resolve_wall=194.809 lce_wall=2277.805 write_wall=6.826 lf_steps=0 cache_hits=0
SLIM_PHASE query-chunks wall=3.178 cumulative=2686.614 peak_rss_kib=64313564
SLIM_PROGRESS runs=847314944/1859825801 resolve_wall=195.051 lce_wall=2280.614 write_wall=6.833 lf_steps=0 cache_hits=0
SLIM_PHASE query-chunks wall=3.058 cumulative=2689.672 peak_rss_kib=64321860
SLIM_PROGRESS runs=848363520/1859825801 resolve_wall=195.296 lce_wall=2283.428 write_wall=6.841 lf_steps=0 cache_hits=0
SLIM_PHASE query-chunks wall=3.068 cumulative=2692.740 peak_rss_kib=64329276
SLIM_PROGRESS runs=849412096/1859825801 resolve_wall=195.541 lce_wall=2286.106 write_wall=6.849 lf_steps=0 cache_hits=0
SLIM_PHASE query-chunks wall=2.930 cumulative=2695.670 peak_rss_kib=64337604
SLIM_PROGRESS runs=850460672/1859825801 resolve_wall=195.786 lce_wall=2288.910 write_wall=6.857 lf_steps=0 cache_hits=0
SLIM_PHASE query-chunks wall=3.058 cumulative=2698.728 peak_rss_kib=64342412
SLIM_PROGRESS runs=851509248/1859825801 resolve_wall=196.035 lce_wall=2291.629 write_wall=6.865 lf_steps=0 cache_hits=0
SLIM_PHASE query-chunks wall=2.976 cumulative=2701.703 peak_rss_kib=64359548
SLIM_PROGRESS runs=852557824/1859825801 resolve_wall=196.281 lce_wall=2294.300 write_wall=6.872 lf_steps=0 cache_hits=0
SLIM_PHASE query-chunks wall=2.925 cumulative=2704.629 peak_rss_kib=64363172
SLIM_PROGRESS runs=853606400/1859825801 resolve_wall=196.530 lce_wall=2296.951 write_wall=6.880 lf_steps=0 cache_hits=0
SLIM_PHASE query-chunks wall=2.906 cumulative=2707.535 peak_rss_kib=64374032
SLIM_PROGRESS runs=854654976/1859825801 resolve_wall=196.773 lce_wall=2299.615 write_wall=6.888 lf_steps=0 cache_hits=0
SLIM_PHASE query-chunks wall=2.916 cumulative=2710.451 peak_rss_kib=64380588
SLIM_PROGRESS runs=855703552/1859825801 resolve_wall=197.017 lce_wall=2302.286 write_wall=6.896 lf_steps=0 cache_hits=0
SLIM_PHASE query-chunks wall=2.923 cumulative=2713.374 peak_rss_kib=64385872
SLIM_PROGRESS runs=856752128/1859825801 resolve_wall=197.263 lce_wall=2305.149 write_wall=6.904 lf_steps=0 cache_hits=0
SLIM_PHASE query-chunks wall=3.117 cumulative=2716.491 peak_rss_kib=64385872
SLIM_PROGRESS runs=857800704/1859825801 resolve_wall=197.512 lce_wall=2307.973 write_wall=6.912 lf_steps=0 cache_hits=0
SLIM_PHASE query-chunks wall=3.081 cumulative=2719.572 peak_rss_kib=64395744
SLIM_PROGRESS runs=858849280/1859825801 resolve_wall=197.760 lce_wall=2310.963 write_wall=6.920 lf_steps=0 cache_hits=0
SLIM_PHASE query-chunks wall=3.246 cumulative=2722.818 peak_rss_kib=64397280
SLIM_PROGRESS runs=859897856/1859825801 resolve_wall=198.007 lce_wall=2313.817 write_wall=6.928 lf_steps=0 cache_hits=0
SLIM_PHASE query-chunks wall=3.111 cumulative=2725.928 peak_rss_kib=64400756
SLIM_PROGRESS runs=860946432/1859825801 resolve_wall=198.252 lce_wall=2316.516 write_wall=6.936 lf_steps=0 cache_hits=0
SLIM_PHASE query-chunks wall=2.951 cumulative=2728.879 peak_rss_kib=64401328
SLIM_PROGRESS runs=861995008/1859825801 resolve_wall=198.502 lce_wall=2319.223 write_wall=6.944 lf_steps=0 cache_hits=0
SLIM_PHASE query-chunks wall=2.966 cumulative=2731.845 peak_rss_kib=64411388
SLIM_PROGRESS runs=863043584/1859825801 resolve_wall=198.753 lce_wall=2321.945 write_wall=6.951 lf_steps=0 cache_hits=0
SLIM_PHASE query-chunks wall=2.981 cumulative=2734.826 peak_rss_kib=64424420
SLIM_PROGRESS runs=864092160/1859825801 resolve_wall=199.002 lce_wall=2324.594 write_wall=6.959 lf_steps=0 cache_hits=0
SLIM_PHASE query-chunks wall=2.906 cumulative=2737.732 peak_rss_kib=64436284
SLIM_PROGRESS runs=865140736/1859825801 resolve_wall=199.246 lce_wall=2327.176 write_wall=6.967 lf_steps=0 cache_hits=0
SLIM_PHASE query-chunks wall=2.834 cumulative=2740.566 peak_rss_kib=64442632
SLIM_PROGRESS runs=866189312/1859825801 resolve_wall=199.494 lce_wall=2329.930 write_wall=6.975 lf_steps=0 cache_hits=0
SLIM_PHASE query-chunks wall=3.009 cumulative=2743.575 peak_rss_kib=64453288
SLIM_PROGRESS runs=867237888/1859825801 resolve_wall=199.744 lce_wall=2332.586 write_wall=6.983 lf_steps=0 cache_hits=0
SLIM_PHASE query-chunks wall=2.914 cumulative=2746.489 peak_rss_kib=64458100
SLIM_PROGRESS runs=868286464/1859825801 resolve_wall=199.991 lce_wall=2335.190 write_wall=6.991 lf_steps=0 cache_hits=0
SLIM_PHASE query-chunks wall=2.859 cumulative=2749.348 peak_rss_kib=64474712
SLIM_PROGRESS runs=869335040/1859825801 resolve_wall=200.237 lce_wall=2338.060 write_wall=6.999 lf_steps=0 cache_hits=0
SLIM_PHASE query-chunks wall=3.123 cumulative=2752.472 peak_rss_kib=64482156
SLIM_PROGRESS runs=870383616/1859825801 resolve_wall=200.486 lce_wall=2340.784 write_wall=7.007 lf_steps=0 cache_hits=0
SLIM_PHASE query-chunks wall=2.982 cumulative=2755.454 peak_rss_kib=64491860
SLIM_PROGRESS runs=871432192/1859825801 resolve_wall=200.732 lce_wall=2343.626 write_wall=7.014 lf_steps=0 cache_hits=0
SLIM_PHASE query-chunks wall=3.096 cumulative=2758.550 peak_rss_kib=64492128
SLIM_PROGRESS runs=872480768/1859825801 resolve_wall=200.974 lce_wall=2346.358 write_wall=7.022 lf_steps=0 cache_hits=0
SLIM_PHASE query-chunks wall=2.982 cumulative=2761.532 peak_rss_kib=64506548
SLIM_PROGRESS runs=873529344/1859825801 resolve_wall=201.218 lce_wall=2349.030 write_wall=7.030 lf_steps=0 cache_hits=0
SLIM_PHASE query-chunks wall=2.924 cumulative=2764.456 peak_rss_kib=64520092
SLIM_PROGRESS runs=874577920/1859825801 resolve_wall=201.465 lce_wall=2351.516 write_wall=7.038 lf_steps=0 cache_hits=0
SLIM_PHASE query-chunks wall=2.740 cumulative=2767.196 peak_rss_kib=64527904
SLIM_PROGRESS runs=875626496/1859825801 resolve_wall=201.714 lce_wall=2354.276 write_wall=7.046 lf_steps=0 cache_hits=0
SLIM_PHASE query-chunks wall=3.017 cumulative=2770.213 peak_rss_kib=64531308
SLIM_PROGRESS runs=876675072/1859825801 resolve_wall=201.958 lce_wall=2357.207 write_wall=7.054 lf_steps=0 cache_hits=0
SLIM_PHASE query-chunks wall=3.184 cumulative=2773.397 peak_rss_kib=64548196
SLIM_PROGRESS runs=877723648/1859825801 resolve_wall=202.201 lce_wall=2359.931 write_wall=7.062 lf_steps=0 cache_hits=0
SLIM_PHASE query-chunks wall=2.974 cumulative=2776.371 peak_rss_kib=64561616
SLIM_PROGRESS runs=878772224/1859825801 resolve_wall=202.444 lce_wall=2362.684 write_wall=7.069 lf_steps=0 cache_hits=0
SLIM_PHASE query-chunks wall=3.005 cumulative=2779.376 peak_rss_kib=64567060
SLIM_PROGRESS runs=879820800/1859825801 resolve_wall=202.694 lce_wall=2365.530 write_wall=7.077 lf_steps=0 cache_hits=0
SLIM_PHASE query-chunks wall=3.103 cumulative=2782.480 peak_rss_kib=64579648
SLIM_PROGRESS runs=880869376/1859825801 resolve_wall=202.937 lce_wall=2368.325 write_wall=7.085 lf_steps=0 cache_hits=0
SLIM_PHASE query-chunks wall=3.046 cumulative=2785.525 peak_rss_kib=64590996
SLIM_PROGRESS runs=881917952/1859825801 resolve_wall=203.184 lce_wall=2370.946 write_wall=7.093 lf_steps=0 cache_hits=0
SLIM_PHASE query-chunks wall=2.876 cumulative=2788.401 peak_rss_kib=64595164
SLIM_PROGRESS runs=882966528/1859825801 resolve_wall=203.429 lce_wall=2373.586 write_wall=7.101 lf_steps=0 cache_hits=0
SLIM_PHASE query-chunks wall=2.894 cumulative=2791.295 peak_rss_kib=64603948
SLIM_PROGRESS runs=884015104/1859825801 resolve_wall=203.681 lce_wall=2376.043 write_wall=7.109 lf_steps=0 cache_hits=0
SLIM_PHASE query-chunks wall=2.716 cumulative=2794.011 peak_rss_kib=64615712
SLIM_PROGRESS runs=885063680/1859825801 resolve_wall=203.926 lce_wall=2378.620 write_wall=7.117 lf_steps=0 cache_hits=0
SLIM_PHASE query-chunks wall=2.831 cumulative=2796.842 peak_rss_kib=64624628
SLIM_PROGRESS runs=886112256/1859825801 resolve_wall=204.174 lce_wall=2381.227 write_wall=7.124 lf_steps=0 cache_hits=0
SLIM_PHASE query-chunks wall=2.862 cumulative=2799.704 peak_rss_kib=64634552
SLIM_PROGRESS runs=887160832/1859825801 resolve_wall=204.425 lce_wall=2383.813 write_wall=7.132 lf_steps=0 cache_hits=0
SLIM_PHASE query-chunks wall=2.845 cumulative=2802.549 peak_rss_kib=64647864
SLIM_PROGRESS runs=888209408/1859825801 resolve_wall=204.668 lce_wall=2386.394 write_wall=7.140 lf_steps=0 cache_hits=0
SLIM_PHASE query-chunks wall=2.832 cumulative=2805.382 peak_rss_kib=64663884
SLIM_PROGRESS runs=889257984/1859825801 resolve_wall=204.912 lce_wall=2388.881 write_wall=7.148 lf_steps=0 cache_hits=0
SLIM_PHASE query-chunks wall=2.739 cumulative=2808.120 peak_rss_kib=64668492
SLIM_PROGRESS runs=890306560/1859825801 resolve_wall=205.160 lce_wall=2391.677 write_wall=7.156 lf_steps=0 cache_hits=0
SLIM_PHASE query-chunks wall=3.052 cumulative=2811.173 peak_rss_kib=64669096
SLIM_PROGRESS runs=891355136/1859825801 resolve_wall=205.407 lce_wall=2394.483 write_wall=7.164 lf_steps=0 cache_hits=0
SLIM_PHASE query-chunks wall=3.062 cumulative=2814.234 peak_rss_kib=64671680
SLIM_PROGRESS runs=892403712/1859825801 resolve_wall=205.652 lce_wall=2397.080 write_wall=7.172 lf_steps=0 cache_hits=0
SLIM_PHASE query-chunks wall=2.850 cumulative=2817.084 peak_rss_kib=64671680
SLIM_PROGRESS runs=893452288/1859825801 resolve_wall=205.899 lce_wall=2399.822 write_wall=7.180 lf_steps=0 cache_hits=0
SLIM_PHASE query-chunks wall=2.997 cumulative=2820.081 peak_rss_kib=64671680
SLIM_PROGRESS runs=894500864/1859825801 resolve_wall=206.146 lce_wall=2402.504 write_wall=7.189 lf_steps=0 cache_hits=0
SLIM_PHASE query-chunks wall=2.938 cumulative=2823.019 peak_rss_kib=64677040
SLIM_PROGRESS runs=895549440/1859825801 resolve_wall=206.387 lce_wall=2405.164 write_wall=7.202 lf_steps=0 cache_hits=0
SLIM_PHASE query-chunks wall=2.914 cumulative=2825.934 peak_rss_kib=64678864
SLIM_PROGRESS runs=896598016/1859825801 resolve_wall=206.633 lce_wall=2407.963 write_wall=7.211 lf_steps=0 cache_hits=0
SLIM_PHASE query-chunks wall=3.054 cumulative=2828.988 peak_rss_kib=64684260
SLIM_PROGRESS runs=897646592/1859825801 resolve_wall=206.875 lce_wall=2410.508 write_wall=7.219 lf_steps=0 cache_hits=0
SLIM_PHASE query-chunks wall=2.795 cumulative=2831.783 peak_rss_kib=64685280
SLIM_PROGRESS runs=898695168/1859825801 resolve_wall=207.119 lce_wall=2413.180 write_wall=7.227 lf_steps=0 cache_hits=0
SLIM_PHASE query-chunks wall=2.924 cumulative=2834.706 peak_rss_kib=64702084
SLIM_PROGRESS runs=899743744/1859825801 resolve_wall=207.363 lce_wall=2415.787 write_wall=7.235 lf_steps=0 cache_hits=0
SLIM_PHASE query-chunks wall=2.859 cumulative=2837.565 peak_rss_kib=64715516
SLIM_PROGRESS runs=900792320/1859825801 resolve_wall=207.605 lce_wall=2418.420 write_wall=7.242 lf_steps=0 cache_hits=0
SLIM_PHASE query-chunks wall=2.882 cumulative=2840.448 peak_rss_kib=64721708
SLIM_PROGRESS runs=901840896/1859825801 resolve_wall=207.843 lce_wall=2421.058 write_wall=7.250 lf_steps=0 cache_hits=0
SLIM_PHASE query-chunks wall=2.884 cumulative=2843.332 peak_rss_kib=64739272
SLIM_PROGRESS runs=902889472/1859825801 resolve_wall=208.085 lce_wall=2423.736 write_wall=7.257 lf_steps=0 cache_hits=0
SLIM_PHASE query-chunks wall=2.928 cumulative=2846.260 peak_rss_kib=64747020
SLIM_PROGRESS runs=903938048/1859825801 resolve_wall=208.327 lce_wall=2426.295 write_wall=7.265 lf_steps=0 cache_hits=0
SLIM_PHASE query-chunks wall=2.809 cumulative=2849.069 peak_rss_kib=64764092
SLIM_PROGRESS runs=904986624/1859825801 resolve_wall=208.571 lce_wall=2428.788 write_wall=7.273 lf_steps=0 cache_hits=0
SLIM_PHASE query-chunks wall=2.745 cumulative=2851.813 peak_rss_kib=64770904
SLIM_PROGRESS runs=906035200/1859825801 resolve_wall=208.818 lce_wall=2431.343 write_wall=7.280 lf_steps=0 cache_hits=0
SLIM_PHASE query-chunks wall=2.810 cumulative=2854.623 peak_rss_kib=64776088
SLIM_PROGRESS runs=907083776/1859825801 resolve_wall=209.056 lce_wall=2434.024 write_wall=7.288 lf_steps=0 cache_hits=0
SLIM_PHASE query-chunks wall=2.927 cumulative=2857.551 peak_rss_kib=64787324
SLIM_PROGRESS runs=908132352/1859825801 resolve_wall=209.300 lce_wall=2436.781 write_wall=7.297 lf_steps=0 cache_hits=0
SLIM_PHASE query-chunks wall=3.009 cumulative=2860.560 peak_rss_kib=64789656
SLIM_PROGRESS runs=909180928/1859825801 resolve_wall=209.539 lce_wall=2439.585 write_wall=7.305 lf_steps=0 cache_hits=0
SLIM_PHASE query-chunks wall=3.052 cumulative=2863.611 peak_rss_kib=64800896
SLIM_PROGRESS runs=910229504/1859825801 resolve_wall=209.777 lce_wall=2442.447 write_wall=7.313 lf_steps=0 cache_hits=0
SLIM_PHASE query-chunks wall=3.109 cumulative=2866.720 peak_rss_kib=64808712
SLIM_PROGRESS runs=911278080/1859825801 resolve_wall=210.017 lce_wall=2445.263 write_wall=7.322 lf_steps=0 cache_hits=0
SLIM_PHASE query-chunks wall=3.063 cumulative=2869.783 peak_rss_kib=64813504
SLIM_PROGRESS runs=912326656/1859825801 resolve_wall=210.254 lce_wall=2448.206 write_wall=7.330 lf_steps=0 cache_hits=0
SLIM_PHASE query-chunks wall=3.190 cumulative=2872.973 peak_rss_kib=64826356
SLIM_PROGRESS runs=913375232/1859825801 resolve_wall=210.504 lce_wall=2451.050 write_wall=7.338 lf_steps=0 cache_hits=0
SLIM_PHASE query-chunks wall=3.102 cumulative=2876.075 peak_rss_kib=64838628
SLIM_PROGRESS runs=914423808/1859825801 resolve_wall=210.741 lce_wall=2453.897 write_wall=7.347 lf_steps=0 cache_hits=0
SLIM_PHASE query-chunks wall=3.093 cumulative=2879.167 peak_rss_kib=64842352
SLIM_PROGRESS runs=915472384/1859825801 resolve_wall=210.980 lce_wall=2456.788 write_wall=7.356 lf_steps=0 cache_hits=0
SLIM_PHASE query-chunks wall=3.140 cumulative=2882.307 peak_rss_kib=64853040
SLIM_PROGRESS runs=916520960/1859825801 resolve_wall=211.221 lce_wall=2459.992 write_wall=7.364 lf_steps=0 cache_hits=0
SLIM_PHASE query-chunks wall=3.453 cumulative=2885.760 peak_rss_kib=64855236
SLIM_PROGRESS runs=917569536/1859825801 resolve_wall=211.468 lce_wall=2462.856 write_wall=7.376 lf_steps=0 cache_hits=0
SLIM_PHASE query-chunks wall=3.122 cumulative=2888.882 peak_rss_kib=64859232
SLIM_PROGRESS runs=918618112/1859825801 resolve_wall=211.708 lce_wall=2465.618 write_wall=7.388 lf_steps=0 cache_hits=0
SLIM_PHASE query-chunks wall=3.014 cumulative=2891.896 peak_rss_kib=64873808
SLIM_PROGRESS runs=919666688/1859825801 resolve_wall=211.942 lce_wall=2468.229 write_wall=7.399 lf_steps=0 cache_hits=0
SLIM_PHASE query-chunks wall=2.856 cumulative=2894.752 peak_rss_kib=64878216
SLIM_PROGRESS runs=920715264/1859825801 resolve_wall=212.178 lce_wall=2470.937 write_wall=7.410 lf_steps=0 cache_hits=0
SLIM_PHASE query-chunks wall=2.956 cumulative=2897.709 peak_rss_kib=64883008
SLIM_PROGRESS runs=921763840/1859825801 resolve_wall=212.416 lce_wall=2473.626 write_wall=7.420 lf_steps=0 cache_hits=0
SLIM_PHASE query-chunks wall=2.937 cumulative=2900.646 peak_rss_kib=64899140
SLIM_PROGRESS runs=922812416/1859825801 resolve_wall=212.654 lce_wall=2476.257 write_wall=7.431 lf_steps=0 cache_hits=0
SLIM_PHASE query-chunks wall=2.880 cumulative=2903.526 peak_rss_kib=64903920
SLIM_PROGRESS runs=923860992/1859825801 resolve_wall=212.891 lce_wall=2478.806 write_wall=7.443 lf_steps=0 cache_hits=0
SLIM_PHASE query-chunks wall=2.798 cumulative=2906.324 peak_rss_kib=64907740
SLIM_PROGRESS runs=924909568/1859825801 resolve_wall=213.129 lce_wall=2481.427 write_wall=7.455 lf_steps=0 cache_hits=0
SLIM_PHASE query-chunks wall=2.871 cumulative=2909.195 peak_rss_kib=64915384
SLIM_PROGRESS runs=925958144/1859825801 resolve_wall=213.367 lce_wall=2484.082 write_wall=7.465 lf_steps=0 cache_hits=0
SLIM_PHASE query-chunks wall=2.902 cumulative=2912.097 peak_rss_kib=64924268
SLIM_PROGRESS runs=927006720/1859825801 resolve_wall=213.607 lce_wall=2486.588 write_wall=7.476 lf_steps=0 cache_hits=0
SLIM_PHASE query-chunks wall=2.759 cumulative=2914.856 peak_rss_kib=64931648
SLIM_PROGRESS runs=928055296/1859825801 resolve_wall=213.848 lce_wall=2489.278 write_wall=7.487 lf_steps=0 cache_hits=0
SLIM_PHASE query-chunks wall=2.942 cumulative=2917.798 peak_rss_kib=64938920
SLIM_PROGRESS runs=929103872/1859825801 resolve_wall=214.088 lce_wall=2492.006 write_wall=7.498 lf_steps=0 cache_hits=0
SLIM_PHASE query-chunks wall=2.978 cumulative=2920.776 peak_rss_kib=64945768
SLIM_PROGRESS runs=930152448/1859825801 resolve_wall=214.329 lce_wall=2494.800 write_wall=7.509 lf_steps=0 cache_hits=0
SLIM_PHASE query-chunks wall=3.046 cumulative=2923.822 peak_rss_kib=64956956
SLIM_PROGRESS runs=931201024/1859825801 resolve_wall=214.568 lce_wall=2497.350 write_wall=7.520 lf_steps=0 cache_hits=0
SLIM_PHASE query-chunks wall=2.801 cumulative=2926.622 peak_rss_kib=64964508
SLIM_PROGRESS runs=932249600/1859825801 resolve_wall=214.807 lce_wall=2500.079 write_wall=7.531 lf_steps=0 cache_hits=0
SLIM_PHASE query-chunks wall=2.980 cumulative=2929.602 peak_rss_kib=64965988
SLIM_PROGRESS runs=933298176/1859825801 resolve_wall=215.045 lce_wall=2502.933 write_wall=7.545 lf_steps=0 cache_hits=0
SLIM_PHASE query-chunks wall=3.106 cumulative=2932.708 peak_rss_kib=64975840
SLIM_PROGRESS runs=934346752/1859825801 resolve_wall=215.287 lce_wall=2505.826 write_wall=7.559 lf_steps=0 cache_hits=0
SLIM_PHASE query-chunks wall=3.149 cumulative=2935.857 peak_rss_kib=64990244
SLIM_PROGRESS runs=935395328/1859825801 resolve_wall=215.534 lce_wall=2508.702 write_wall=7.570 lf_steps=0 cache_hits=0
SLIM_PHASE query-chunks wall=3.134 cumulative=2938.991 peak_rss_kib=65010632
SLIM_PROGRESS runs=936443904/1859825801 resolve_wall=215.780 lce_wall=2511.398 write_wall=7.579 lf_steps=0 cache_hits=0
SLIM_PHASE query-chunks wall=2.951 cumulative=2941.942 peak_rss_kib=65023648
SLIM_PROGRESS runs=937492480/1859825801 resolve_wall=216.027 lce_wall=2514.200 write_wall=7.589 lf_steps=0 cache_hits=0
SLIM_PHASE query-chunks wall=3.059 cumulative=2945.001 peak_rss_kib=65033636
SLIM_PROGRESS runs=938541056/1859825801 resolve_wall=216.275 lce_wall=2517.165 write_wall=7.599 lf_steps=0 cache_hits=0
SLIM_PHASE query-chunks wall=3.224 cumulative=2948.225 peak_rss_kib=65041212
SLIM_PROGRESS runs=939589632/1859825801 resolve_wall=216.534 lce_wall=2520.005 write_wall=7.610 lf_steps=0 cache_hits=0
SLIM_PHASE query-chunks wall=3.109 cumulative=2951.334 peak_rss_kib=65049240
SLIM_PROGRESS runs=940638208/1859825801 resolve_wall=216.785 lce_wall=2522.626 write_wall=7.620 lf_steps=0 cache_hits=0
SLIM_PHASE query-chunks wall=2.883 cumulative=2954.217 peak_rss_kib=65056256
SLIM_PROGRESS runs=941686784/1859825801 resolve_wall=217.032 lce_wall=2525.392 write_wall=7.630 lf_steps=0 cache_hits=0
SLIM_PHASE query-chunks wall=3.022 cumulative=2957.240 peak_rss_kib=65061060
SLIM_PROGRESS runs=942735360/1859825801 resolve_wall=217.281 lce_wall=2527.963 write_wall=7.640 lf_steps=0 cache_hits=0
SLIM_PHASE query-chunks wall=2.830 cumulative=2960.070 peak_rss_kib=65068036
SLIM_PROGRESS runs=943783936/1859825801 resolve_wall=217.527 lce_wall=2530.733 write_wall=7.648 lf_steps=0 cache_hits=0
SLIM_PHASE query-chunks wall=3.026 cumulative=2963.095 peak_rss_kib=65068036
SLIM_PROGRESS runs=944832512/1859825801 resolve_wall=217.774 lce_wall=2533.300 write_wall=7.658 lf_steps=0 cache_hits=0
SLIM_PHASE query-chunks wall=2.824 cumulative=2965.919 peak_rss_kib=65081592
SLIM_PROGRESS runs=945881088/1859825801 resolve_wall=218.026 lce_wall=2535.937 write_wall=7.670 lf_steps=0 cache_hits=0
SLIM_PHASE query-chunks wall=2.900 cumulative=2968.819 peak_rss_kib=65086856
SLIM_PROGRESS runs=946929664/1859825801 resolve_wall=218.281 lce_wall=2538.568 write_wall=7.680 lf_steps=0 cache_hits=0
SLIM_PHASE query-chunks wall=2.897 cumulative=2971.716 peak_rss_kib=65106468
SLIM_PROGRESS runs=947978240/1859825801 resolve_wall=218.525 lce_wall=2541.362 write_wall=7.690 lf_steps=0 cache_hits=0
SLIM_PHASE query-chunks wall=3.049 cumulative=2974.764 peak_rss_kib=65116528
SLIM_PROGRESS runs=949026816/1859825801 resolve_wall=218.792 lce_wall=2544.034 write_wall=7.700 lf_steps=0 cache_hits=0
SLIM_PHASE query-chunks wall=2.949 cumulative=2977.714 peak_rss_kib=65123160
SLIM_PROGRESS runs=950075392/1859825801 resolve_wall=219.041 lce_wall=2546.639 write_wall=7.710 lf_steps=0 cache_hits=0
SLIM_PHASE query-chunks wall=2.864 cumulative=2980.577 peak_rss_kib=65123768
SLIM_PROGRESS runs=951123968/1859825801 resolve_wall=219.300 lce_wall=2549.232 write_wall=7.720 lf_steps=0 cache_hits=0
SLIM_PHASE query-chunks wall=2.863 cumulative=2983.440 peak_rss_kib=65126704
SLIM_PROGRESS runs=952172544/1859825801 resolve_wall=219.558 lce_wall=2551.846 write_wall=7.728 lf_steps=0 cache_hits=0
SLIM_PHASE query-chunks wall=2.879 cumulative=2986.319 peak_rss_kib=65130000
SLIM_PROGRESS runs=953221120/1859825801 resolve_wall=219.804 lce_wall=2554.467 write_wall=7.736 lf_steps=0 cache_hits=0
SLIM_PHASE query-chunks wall=2.876 cumulative=2989.195 peak_rss_kib=65137780
SLIM_PROGRESS runs=954269696/1859825801 resolve_wall=220.048 lce_wall=2557.224 write_wall=7.745 lf_steps=0 cache_hits=0
SLIM_PHASE query-chunks wall=3.010 cumulative=2992.205 peak_rss_kib=65143084
SLIM_PROGRESS runs=955318272/1859825801 resolve_wall=220.290 lce_wall=2559.947 write_wall=7.753 lf_steps=0 cache_hits=0
SLIM_PHASE query-chunks wall=2.973 cumulative=2995.178 peak_rss_kib=65151156
SLIM_PROGRESS runs=956366848/1859825801 resolve_wall=220.531 lce_wall=2562.577 write_wall=7.760 lf_steps=0 cache_hits=0
SLIM_PHASE query-chunks wall=2.879 cumulative=2998.057 peak_rss_kib=65159348
SLIM_PROGRESS runs=957415424/1859825801 resolve_wall=220.794 lce_wall=2565.124 write_wall=7.768 lf_steps=0 cache_hits=0
SLIM_PHASE query-chunks wall=2.817 cumulative=3000.874 peak_rss_kib=65164052
SLIM_PROGRESS runs=958464000/1859825801 resolve_wall=221.071 lce_wall=2567.649 write_wall=7.777 lf_steps=0 cache_hits=0
SLIM_PHASE query-chunks wall=2.810 cumulative=3003.685 peak_rss_kib=65169660
SLIM_PROGRESS runs=959512576/1859825801 resolve_wall=221.349 lce_wall=2570.219 write_wall=7.789 lf_steps=0 cache_hits=0
SLIM_PHASE query-chunks wall=2.861 cumulative=3006.545 peak_rss_kib=65175380
SLIM_PROGRESS runs=960561152/1859825801 resolve_wall=221.612 lce_wall=2572.753 write_wall=7.798 lf_steps=0 cache_hits=0
SLIM_PHASE query-chunks wall=2.806 cumulative=3009.352 peak_rss_kib=65185056
SLIM_PROGRESS runs=961609728/1859825801 resolve_wall=221.887 lce_wall=2575.664 write_wall=7.808 lf_steps=0 cache_hits=0
SLIM_PHASE query-chunks wall=3.196 cumulative=3012.548 peak_rss_kib=65198008
SLIM_PROGRESS runs=962658304/1859825801 resolve_wall=222.126 lce_wall=2578.269 write_wall=7.820 lf_steps=0 cache_hits=0
SLIM_PHASE query-chunks wall=2.855 cumulative=3015.404 peak_rss_kib=65206404
SLIM_PROGRESS runs=963706880/1859825801 resolve_wall=222.374 lce_wall=2580.738 write_wall=7.830 lf_steps=0 cache_hits=0
SLIM_PHASE query-chunks wall=2.727 cumulative=3018.130 peak_rss_kib=65215712
SLIM_PROGRESS runs=964755456/1859825801 resolve_wall=222.626 lce_wall=2583.152 write_wall=7.840 lf_steps=0 cache_hits=0
SLIM_PHASE query-chunks wall=2.677 cumulative=3020.808 peak_rss_kib=65229540
SLIM_PROGRESS runs=965804032/1859825801 resolve_wall=222.881 lce_wall=2585.539 write_wall=7.849 lf_steps=0 cache_hits=0
SLIM_PHASE query-chunks wall=2.650 cumulative=3023.458 peak_rss_kib=65237848
SLIM_PROGRESS runs=966852608/1859825801 resolve_wall=223.138 lce_wall=2587.932 write_wall=7.858 lf_steps=0 cache_hits=0
SLIM_PHASE query-chunks wall=2.660 cumulative=3026.118 peak_rss_kib=65256060
SLIM_PROGRESS runs=967901184/1859825801 resolve_wall=223.391 lce_wall=2590.342 write_wall=7.868 lf_steps=0 cache_hits=0
SLIM_PHASE query-chunks wall=2.672 cumulative=3028.790 peak_rss_kib=65267516
SLIM_PROGRESS runs=968949760/1859825801 resolve_wall=223.642 lce_wall=2592.812 write_wall=7.877 lf_steps=0 cache_hits=0
SLIM_PHASE query-chunks wall=2.731 cumulative=3031.521 peak_rss_kib=65269696
SLIM_PROGRESS runs=969998336/1859825801 resolve_wall=223.892 lce_wall=2595.213 write_wall=7.887 lf_steps=0 cache_hits=0
SLIM_PHASE query-chunks wall=2.661 cumulative=3034.182 peak_rss_kib=65281996
SLIM_PROGRESS runs=971046912/1859825801 resolve_wall=224.149 lce_wall=2597.653 write_wall=7.897 lf_steps=0 cache_hits=0
SLIM_PHASE query-chunks wall=2.707 cumulative=3036.889 peak_rss_kib=65296424
SLIM_PROGRESS runs=972095488/1859825801 resolve_wall=224.409 lce_wall=2600.055 write_wall=7.907 lf_steps=0 cache_hits=0
SLIM_PHASE query-chunks wall=2.671 cumulative=3039.561 peak_rss_kib=65300660
SLIM_PROGRESS runs=973144064/1859825801 resolve_wall=224.663 lce_wall=2602.472 write_wall=7.917 lf_steps=0 cache_hits=0
SLIM_PHASE query-chunks wall=2.682 cumulative=3042.243 peak_rss_kib=65305924
SLIM_PROGRESS runs=974192640/1859825801 resolve_wall=224.917 lce_wall=2604.873 write_wall=7.927 lf_steps=0 cache_hits=0
SLIM_PHASE query-chunks wall=2.664 cumulative=3044.907 peak_rss_kib=65310536
SLIM_PROGRESS runs=975241216/1859825801 resolve_wall=225.162 lce_wall=2607.233 write_wall=7.936 lf_steps=0 cache_hits=0
SLIM_PHASE query-chunks wall=2.615 cumulative=3047.522 peak_rss_kib=65318048
SLIM_PROGRESS runs=976289792/1859825801 resolve_wall=225.406 lce_wall=2609.601 write_wall=7.945 lf_steps=0 cache_hits=0
SLIM_PHASE query-chunks wall=2.620 cumulative=3050.143 peak_rss_kib=65322628
SLIM_PROGRESS runs=977338368/1859825801 resolve_wall=225.648 lce_wall=2611.980 write_wall=7.955 lf_steps=0 cache_hits=0
SLIM_PHASE query-chunks wall=2.630 cumulative=3052.773 peak_rss_kib=65327836
SLIM_PROGRESS runs=978386944/1859825801 resolve_wall=225.891 lce_wall=2614.362 write_wall=7.965 lf_steps=0 cache_hits=0
SLIM_PHASE query-chunks wall=2.636 cumulative=3055.409 peak_rss_kib=65327964
SLIM_PROGRESS runs=979435520/1859825801 resolve_wall=226.138 lce_wall=2616.762 write_wall=7.975 lf_steps=0 cache_hits=0
SLIM_PHASE query-chunks wall=2.658 cumulative=3058.067 peak_rss_kib=65327964
SLIM_PROGRESS runs=980484096/1859825801 resolve_wall=226.391 lce_wall=2619.125 write_wall=7.986 lf_steps=0 cache_hits=0
SLIM_PHASE query-chunks wall=2.626 cumulative=3060.694 peak_rss_kib=65332952
SLIM_PROGRESS runs=981532672/1859825801 resolve_wall=226.639 lce_wall=2621.514 write_wall=7.998 lf_steps=0 cache_hits=0
SLIM_PHASE query-chunks wall=2.650 cumulative=3063.343 peak_rss_kib=65342652
SLIM_PROGRESS runs=982581248/1859825801 resolve_wall=226.888 lce_wall=2623.855 write_wall=8.010 lf_steps=0 cache_hits=0
SLIM_PHASE query-chunks wall=2.601 cumulative=3065.944 peak_rss_kib=65356648
SLIM_PROGRESS runs=983629824/1859825801 resolve_wall=227.135 lce_wall=2626.162 write_wall=8.021 lf_steps=0 cache_hits=0
SLIM_PHASE query-chunks wall=2.566 cumulative=3068.510 peak_rss_kib=65361468
SLIM_PROGRESS runs=984678400/1859825801 resolve_wall=227.385 lce_wall=2628.490 write_wall=8.031 lf_steps=0 cache_hits=0
SLIM_PHASE query-chunks wall=2.588 cumulative=3071.099 peak_rss_kib=65369224
SLIM_PROGRESS runs=985726976/1859825801 resolve_wall=227.634 lce_wall=2630.859 write_wall=8.042 lf_steps=0 cache_hits=0
SLIM_PHASE query-chunks wall=2.629 cumulative=3073.728 peak_rss_kib=65378048
SLIM_PROGRESS runs=986775552/1859825801 resolve_wall=227.882 lce_wall=2633.182 write_wall=8.054 lf_steps=0 cache_hits=0
SLIM_PHASE query-chunks wall=2.584 cumulative=3076.311 peak_rss_kib=65389924
SLIM_PROGRESS runs=987824128/1859825801 resolve_wall=228.133 lce_wall=2635.488 write_wall=8.063 lf_steps=0 cache_hits=0
SLIM_PHASE query-chunks wall=2.565 cumulative=3078.877 peak_rss_kib=65395764
SLIM_PROGRESS runs=988872704/1859825801 resolve_wall=228.376 lce_wall=2637.836 write_wall=8.072 lf_steps=0 cache_hits=0
SLIM_PHASE query-chunks wall=2.600 cumulative=3081.477 peak_rss_kib=65416436
SLIM_PROGRESS runs=989921280/1859825801 resolve_wall=228.629 lce_wall=2640.173 write_wall=8.081 lf_steps=0 cache_hits=0
SLIM_PHASE query-chunks wall=2.599 cumulative=3084.076 peak_rss_kib=65423548
SLIM_PROGRESS runs=990969856/1859825801 resolve_wall=228.873 lce_wall=2642.509 write_wall=8.090 lf_steps=0 cache_hits=0
SLIM_PHASE query-chunks wall=2.589 cumulative=3086.665 peak_rss_kib=65433876
SLIM_PROGRESS runs=992018432/1859825801 resolve_wall=229.116 lce_wall=2644.879 write_wall=8.100 lf_steps=0 cache_hits=0
SLIM_PHASE query-chunks wall=2.623 cumulative=3089.288 peak_rss_kib=65453544
SLIM_PROGRESS runs=993067008/1859825801 resolve_wall=229.362 lce_wall=2647.259 write_wall=8.108 lf_steps=0 cache_hits=0
SLIM_PHASE query-chunks wall=2.634 cumulative=3091.922 peak_rss_kib=65455628
SLIM_PROGRESS runs=994115584/1859825801 resolve_wall=229.604 lce_wall=2649.598 write_wall=8.118 lf_steps=0 cache_hits=0
SLIM_PHASE query-chunks wall=2.591 cumulative=3094.513 peak_rss_kib=65463556
SLIM_PROGRESS runs=995164160/1859825801 resolve_wall=229.850 lce_wall=2651.948 write_wall=8.127 lf_steps=0 cache_hits=0
SLIM_PHASE query-chunks wall=2.607 cumulative=3097.120 peak_rss_kib=65470068
SLIM_PROGRESS runs=996212736/1859825801 resolve_wall=230.097 lce_wall=2654.369 write_wall=8.137 lf_steps=0 cache_hits=0
SLIM_PHASE query-chunks wall=2.677 cumulative=3099.797 peak_rss_kib=65475692
SLIM_PROGRESS runs=997261312/1859825801 resolve_wall=230.342 lce_wall=2656.766 write_wall=8.146 lf_steps=0 cache_hits=0
SLIM_PHASE query-chunks wall=2.652 cumulative=3102.448 peak_rss_kib=65480552
SLIM_PROGRESS runs=998309888/1859825801 resolve_wall=230.585 lce_wall=2659.109 write_wall=8.156 lf_steps=0 cache_hits=0
SLIM_PHASE query-chunks wall=2.596 cumulative=3105.044 peak_rss_kib=65491396
SLIM_PROGRESS runs=999358464/1859825801 resolve_wall=230.828 lce_wall=2661.482 write_wall=8.166 lf_steps=0 cache_hits=0
SLIM_PHASE query-chunks wall=2.627 cumulative=3107.671 peak_rss_kib=65491652
SLIM_PROGRESS runs=1000407040/1859825801 resolve_wall=231.072 lce_wall=2663.856 write_wall=8.175 lf_steps=0 cache_hits=0
SLIM_PHASE query-chunks wall=2.627 cumulative=3110.298 peak_rss_kib=65503764
SLIM_PROGRESS runs=1001455616/1859825801 resolve_wall=231.315 lce_wall=2666.197 write_wall=8.184 lf_steps=0 cache_hits=0
SLIM_PHASE query-chunks wall=2.593 cumulative=3112.891 peak_rss_kib=65506292
SLIM_PROGRESS runs=1002504192/1859825801 resolve_wall=231.556 lce_wall=2668.565 write_wall=8.194 lf_steps=0 cache_hits=0
SLIM_PHASE query-chunks wall=2.619 cumulative=3115.510 peak_rss_kib=65514664
SLIM_PROGRESS runs=1003552768/1859825801 resolve_wall=231.801 lce_wall=2670.900 write_wall=8.203 lf_steps=0 cache_hits=0
SLIM_PHASE query-chunks wall=2.590 cumulative=3118.099 peak_rss_kib=65529116
SLIM_PROGRESS runs=1004601344/1859825801 resolve_wall=232.041 lce_wall=2673.257 write_wall=8.213 lf_steps=0 cache_hits=0
SLIM_PHASE query-chunks wall=2.608 cumulative=3120.707 peak_rss_kib=65543012
SLIM_PROGRESS runs=1005649920/1859825801 resolve_wall=232.285 lce_wall=2675.615 write_wall=8.222 lf_steps=0 cache_hits=0
SLIM_PHASE query-chunks wall=2.611 cumulative=3123.318 peak_rss_kib=65548632
SLIM_PROGRESS runs=1006698496/1859825801 resolve_wall=232.528 lce_wall=2677.967 write_wall=8.231 lf_steps=0 cache_hits=0
SLIM_PHASE query-chunks wall=2.604 cumulative=3125.922 peak_rss_kib=65557352
SLIM_PROGRESS runs=1007747072/1859825801 resolve_wall=232.772 lce_wall=2680.349 write_wall=8.240 lf_steps=0 cache_hits=0
SLIM_PHASE query-chunks wall=2.635 cumulative=3128.557 peak_rss_kib=65563384
SLIM_PROGRESS runs=1008795648/1859825801 resolve_wall=233.017 lce_wall=2682.727 write_wall=8.248 lf_steps=0 cache_hits=0
SLIM_PHASE query-chunks wall=2.632 cumulative=3131.189 peak_rss_kib=65577528
SLIM_PROGRESS runs=1009844224/1859825801 resolve_wall=233.265 lce_wall=2685.084 write_wall=8.256 lf_steps=0 cache_hits=0
SLIM_PHASE query-chunks wall=2.612 cumulative=3133.801 peak_rss_kib=65586084
SLIM_PROGRESS runs=1010892800/1859825801 resolve_wall=233.508 lce_wall=2687.478 write_wall=8.263 lf_steps=0 cache_hits=0
SLIM_PHASE query-chunks wall=2.645 cumulative=3136.446 peak_rss_kib=65602052
SLIM_PROGRESS runs=1011941376/1859825801 resolve_wall=233.760 lce_wall=2689.827 write_wall=8.272 lf_steps=0 cache_hits=0
SLIM_PHASE query-chunks wall=2.608 cumulative=3139.055 peak_rss_kib=65612356
SLIM_PROGRESS runs=1012989952/1859825801 resolve_wall=234.009 lce_wall=2692.193 write_wall=8.280 lf_steps=0 cache_hits=0
SLIM_PHASE query-chunks wall=2.624 cumulative=3141.679 peak_rss_kib=65616536
SLIM_PROGRESS runs=1014038528/1859825801 resolve_wall=234.257 lce_wall=2694.528 write_wall=8.288 lf_steps=0 cache_hits=0
SLIM_PHASE query-chunks wall=2.591 cumulative=3144.270 peak_rss_kib=65629372
SLIM_PROGRESS runs=1015087104/1859825801 resolve_wall=234.505 lce_wall=2696.850 write_wall=8.297 lf_steps=0 cache_hits=0
SLIM_PHASE query-chunks wall=2.579 cumulative=3146.849 peak_rss_kib=65642168
SLIM_PROGRESS runs=1016135680/1859825801 resolve_wall=234.759 lce_wall=2699.202 write_wall=8.306 lf_steps=0 cache_hits=0
SLIM_PHASE query-chunks wall=2.615 cumulative=3149.464 peak_rss_kib=65644340
SLIM_PROGRESS runs=1017184256/1859825801 resolve_wall=235.011 lce_wall=2701.564 write_wall=8.314 lf_steps=0 cache_hits=0
SLIM_PHASE query-chunks wall=2.622 cumulative=3152.086 peak_rss_kib=65644340
SLIM_PROGRESS runs=1018232832/1859825801 resolve_wall=235.258 lce_wall=2703.934 write_wall=8.321 lf_steps=0 cache_hits=0
SLIM_PHASE query-chunks wall=2.626 cumulative=3154.711 peak_rss_kib=65655784
SLIM_PROGRESS runs=1019281408/1859825801 resolve_wall=235.503 lce_wall=2706.291 write_wall=8.330 lf_steps=0 cache_hits=0
SLIM_PHASE query-chunks wall=2.610 cumulative=3157.322 peak_rss_kib=65666808
SLIM_PROGRESS runs=1020329984/1859825801 resolve_wall=235.753 lce_wall=2708.672 write_wall=8.337 lf_steps=0 cache_hits=0
SLIM_PHASE query-chunks wall=2.639 cumulative=3159.960 peak_rss_kib=65670396
SLIM_PROGRESS runs=1021378560/1859825801 resolve_wall=236.006 lce_wall=2711.084 write_wall=8.345 lf_steps=0 cache_hits=0
SLIM_PHASE query-chunks wall=2.672 cumulative=3162.632 peak_rss_kib=65684784
SLIM_PROGRESS runs=1022427136/1859825801 resolve_wall=236.259 lce_wall=2713.540 write_wall=8.352 lf_steps=0 cache_hits=0
SLIM_PHASE query-chunks wall=2.717 cumulative=3165.349 peak_rss_kib=65686192
SLIM_PROGRESS runs=1023475712/1859825801 resolve_wall=236.511 lce_wall=2715.898 write_wall=8.360 lf_steps=0 cache_hits=0
SLIM_PHASE query-chunks wall=2.619 cumulative=3167.968 peak_rss_kib=65694076
SLIM_PROGRESS runs=1024524288/1859825801 resolve_wall=236.766 lce_wall=2718.250 write_wall=8.367 lf_steps=0 cache_hits=0
SLIM_PHASE query-chunks wall=2.614 cumulative=3170.582 peak_rss_kib=65704076
SLIM_PROGRESS runs=1025572864/1859825801 resolve_wall=237.020 lce_wall=2720.579 write_wall=8.375 lf_steps=0 cache_hits=0
SLIM_PHASE query-chunks wall=2.591 cumulative=3173.173 peak_rss_kib=65727840
SLIM_PROGRESS runs=1026621440/1859825801 resolve_wall=237.271 lce_wall=2722.937 write_wall=8.383 lf_steps=0 cache_hits=0
SLIM_PHASE query-chunks wall=2.618 cumulative=3175.790 peak_rss_kib=65732388
SLIM_PROGRESS runs=1027670016/1859825801 resolve_wall=237.526 lce_wall=2725.304 write_wall=8.390 lf_steps=0 cache_hits=0
SLIM_PHASE query-chunks wall=2.629 cumulative=3178.419 peak_rss_kib=65739792
SLIM_PROGRESS runs=1028718592/1859825801 resolve_wall=237.778 lce_wall=2727.676 write_wall=8.397 lf_steps=0 cache_hits=0
SLIM_PHASE query-chunks wall=2.632 cumulative=3181.051 peak_rss_kib=65748504
SLIM_PROGRESS runs=1029767168/1859825801 resolve_wall=238.031 lce_wall=2730.053 write_wall=8.405 lf_steps=0 cache_hits=0
SLIM_PHASE query-chunks wall=2.638 cumulative=3183.689 peak_rss_kib=65758704
SLIM_PROGRESS runs=1030815744/1859825801 resolve_wall=238.284 lce_wall=2732.422 write_wall=8.413 lf_steps=0 cache_hits=0
SLIM_PHASE query-chunks wall=2.629 cumulative=3186.318 peak_rss_kib=65769728
SLIM_PROGRESS runs=1031864320/1859825801 resolve_wall=238.537 lce_wall=2734.794 write_wall=8.420 lf_steps=0 cache_hits=0
SLIM_PHASE query-chunks wall=2.633 cumulative=3188.951 peak_rss_kib=65772356
SLIM_PROGRESS runs=1032912896/1859825801 resolve_wall=238.790 lce_wall=2737.147 write_wall=8.428 lf_steps=0 cache_hits=0
SLIM_PHASE query-chunks wall=2.614 cumulative=3191.565 peak_rss_kib=65776480
SLIM_PROGRESS runs=1033961472/1859825801 resolve_wall=239.043 lce_wall=2739.541 write_wall=8.435 lf_steps=0 cache_hits=0
SLIM_PHASE query-chunks wall=2.654 cumulative=3194.219 peak_rss_kib=65784940
SLIM_PROGRESS runs=1035010048/1859825801 resolve_wall=239.295 lce_wall=2741.908 write_wall=8.443 lf_steps=0 cache_hits=0
SLIM_PHASE query-chunks wall=2.627 cumulative=3196.846 peak_rss_kib=65802936
SLIM_PROGRESS runs=1036058624/1859825801 resolve_wall=239.549 lce_wall=2744.275 write_wall=8.451 lf_steps=0 cache_hits=0
SLIM_PHASE query-chunks wall=2.629 cumulative=3199.475 peak_rss_kib=65815304
SLIM_PROGRESS runs=1037107200/1859825801 resolve_wall=239.806 lce_wall=2746.630 write_wall=8.458 lf_steps=0 cache_hits=0
SLIM_PHASE query-chunks wall=2.619 cumulative=3202.094 peak_rss_kib=65822476
SLIM_PROGRESS runs=1038155776/1859825801 resolve_wall=240.064 lce_wall=2748.979 write_wall=8.466 lf_steps=0 cache_hits=0
SLIM_PHASE query-chunks wall=2.615 cumulative=3204.709 peak_rss_kib=65825996
SLIM_PROGRESS runs=1039204352/1859825801 resolve_wall=240.315 lce_wall=2751.407 write_wall=8.473 lf_steps=0 cache_hits=0
SLIM_PHASE query-chunks wall=2.687 cumulative=3207.396 peak_rss_kib=65834204
SLIM_PROGRESS runs=1040252928/1859825801 resolve_wall=240.570 lce_wall=2753.774 write_wall=8.481 lf_steps=0 cache_hits=0
SLIM_PHASE query-chunks wall=2.629 cumulative=3210.025 peak_rss_kib=65841748
SLIM_PROGRESS runs=1041301504/1859825801 resolve_wall=240.824 lce_wall=2756.144 write_wall=8.489 lf_steps=0 cache_hits=0
SLIM_PHASE query-chunks wall=2.631 cumulative=3212.657 peak_rss_kib=65844776
SLIM_PROGRESS runs=1042350080/1859825801 resolve_wall=241.072 lce_wall=2758.528 write_wall=8.497 lf_steps=0 cache_hits=0
SLIM_PHASE query-chunks wall=2.642 cumulative=3215.298 peak_rss_kib=65844940
SLIM_PROGRESS runs=1043398656/1859825801 resolve_wall=241.317 lce_wall=2760.873 write_wall=8.506 lf_steps=0 cache_hits=0
SLIM_PHASE query-chunks wall=2.598 cumulative=3217.897 peak_rss_kib=65848376
SLIM_PROGRESS runs=1044447232/1859825801 resolve_wall=241.562 lce_wall=2763.279 write_wall=8.515 lf_steps=0 cache_hits=0
SLIM_PHASE query-chunks wall=2.660 cumulative=3220.556 peak_rss_kib=65855252
SLIM_PROGRESS runs=1045495808/1859825801 resolve_wall=241.809 lce_wall=2765.676 write_wall=8.523 lf_steps=0 cache_hits=0
SLIM_PHASE query-chunks wall=2.653 cumulative=3223.210 peak_rss_kib=65875756
SLIM_PROGRESS runs=1046544384/1859825801 resolve_wall=242.052 lce_wall=2768.095 write_wall=8.532 lf_steps=0 cache_hits=0
SLIM_PHASE query-chunks wall=2.671 cumulative=3225.881 peak_rss_kib=65886104
SLIM_PROGRESS runs=1047592960/1859825801 resolve_wall=242.296 lce_wall=2770.392 write_wall=8.541 lf_steps=0 cache_hits=0
SLIM_PHASE query-chunks wall=2.550 cumulative=3228.431 peak_rss_kib=65889004
SLIM_PROGRESS runs=1048641536/1859825801 resolve_wall=242.540 lce_wall=2772.708 write_wall=8.549 lf_steps=0 cache_hits=0
SLIM_PHASE query-chunks wall=2.569 cumulative=3231.000 peak_rss_kib=65890992
SLIM_PROGRESS runs=1049690112/1859825801 resolve_wall=242.783 lce_wall=2775.051 write_wall=8.557 lf_steps=0 cache_hits=0
SLIM_PHASE query-chunks wall=2.593 cumulative=3233.593 peak_rss_kib=65901096
SLIM_PROGRESS runs=1050738688/1859825801 resolve_wall=243.025 lce_wall=2777.360 write_wall=8.566 lf_steps=0 cache_hits=0
SLIM_PHASE query-chunks wall=2.561 cumulative=3236.155 peak_rss_kib=65903088
SLIM_PROGRESS runs=1051787264/1859825801 resolve_wall=243.272 lce_wall=2779.701 write_wall=8.576 lf_steps=0 cache_hits=0
SLIM_PHASE query-chunks wall=2.597 cumulative=3238.752 peak_rss_kib=65907988
SLIM_PROGRESS runs=1052835840/1859825801 resolve_wall=243.514 lce_wall=2782.103 write_wall=8.585 lf_steps=0 cache_hits=0
SLIM_PHASE query-chunks wall=2.654 cumulative=3241.406 peak_rss_kib=65907988
SLIM_PROGRESS runs=1053884416/1859825801 resolve_wall=243.760 lce_wall=2784.551 write_wall=8.595 lf_steps=0 cache_hits=0
SLIM_PHASE query-chunks wall=2.703 cumulative=3244.109 peak_rss_kib=65909556
SLIM_PROGRESS runs=1054932992/1859825801 resolve_wall=244.009 lce_wall=2787.022 write_wall=8.604 lf_steps=0 cache_hits=0
SLIM_PHASE query-chunks wall=2.729 cumulative=3246.838 peak_rss_kib=65915000
SLIM_PROGRESS runs=1055981568/1859825801 resolve_wall=244.252 lce_wall=2789.378 write_wall=8.613 lf_steps=0 cache_hits=0
SLIM_PHASE query-chunks wall=2.609 cumulative=3249.447 peak_rss_kib=65915000
SLIM_PROGRESS runs=1057030144/1859825801 resolve_wall=244.494 lce_wall=2791.753 write_wall=8.623 lf_steps=0 cache_hits=0
SLIM_PHASE query-chunks wall=2.627 cumulative=3252.074 peak_rss_kib=65925184
SLIM_PROGRESS runs=1058078720/1859825801 resolve_wall=244.736 lce_wall=2794.285 write_wall=8.632 lf_steps=0 cache_hits=0
SLIM_PHASE query-chunks wall=2.783 cumulative=3254.857 peak_rss_kib=65946860
SLIM_PROGRESS runs=1059127296/1859825801 resolve_wall=244.981 lce_wall=2796.677 write_wall=8.641 lf_steps=0 cache_hits=0
SLIM_PHASE query-chunks wall=2.646 cumulative=3257.502 peak_rss_kib=65963668
SLIM_PROGRESS runs=1060175872/1859825801 resolve_wall=245.225 lce_wall=2799.007 write_wall=8.649 lf_steps=0 cache_hits=0
SLIM_PHASE query-chunks wall=2.582 cumulative=3260.085 peak_rss_kib=65966848
SLIM_PROGRESS runs=1061224448/1859825801 resolve_wall=245.469 lce_wall=2801.322 write_wall=8.658 lf_steps=0 cache_hits=0
SLIM_PHASE query-chunks wall=2.569 cumulative=3262.654 peak_rss_kib=65974320
SLIM_PROGRESS runs=1062273024/1859825801 resolve_wall=245.715 lce_wall=2803.716 write_wall=8.667 lf_steps=0 cache_hits=0
SLIM_PHASE query-chunks wall=2.649 cumulative=3265.303 peak_rss_kib=65976824
SLIM_PROGRESS runs=1063321600/1859825801 resolve_wall=245.962 lce_wall=2806.029 write_wall=8.676 lf_steps=0 cache_hits=0
SLIM_PHASE query-chunks wall=2.569 cumulative=3267.872 peak_rss_kib=65981400
SLIM_PROGRESS runs=1064370176/1859825801 resolve_wall=246.207 lce_wall=2808.408 write_wall=8.685 lf_steps=0 cache_hits=0
SLIM_PHASE query-chunks wall=2.633 cumulative=3270.505 peak_rss_kib=65990780
SLIM_PROGRESS runs=1065418752/1859825801 resolve_wall=246.452 lce_wall=2810.793 write_wall=8.694 lf_steps=0 cache_hits=0
SLIM_PHASE query-chunks wall=2.640 cumulative=3273.144 peak_rss_kib=65996284
SLIM_PROGRESS runs=1066467328/1859825801 resolve_wall=246.696 lce_wall=2813.195 write_wall=8.703 lf_steps=0 cache_hits=0
SLIM_PHASE query-chunks wall=2.654 cumulative=3275.798 peak_rss_kib=66008296
SLIM_PROGRESS runs=1067515904/1859825801 resolve_wall=246.940 lce_wall=2815.555 write_wall=8.712 lf_steps=0 cache_hits=0
SLIM_PHASE query-chunks wall=2.613 cumulative=3278.411 peak_rss_kib=66025152
SLIM_PROGRESS runs=1068564480/1859825801 resolve_wall=247.183 lce_wall=2817.929 write_wall=8.720 lf_steps=0 cache_hits=0
SLIM_PHASE query-chunks wall=2.626 cumulative=3281.037 peak_rss_kib=66042324
SLIM_PROGRESS runs=1069613056/1859825801 resolve_wall=247.428 lce_wall=2820.298 write_wall=8.728 lf_steps=0 cache_hits=0
SLIM_PHASE query-chunks wall=2.623 cumulative=3283.660 peak_rss_kib=66047600
SLIM_PROGRESS runs=1070661632/1859825801 resolve_wall=247.674 lce_wall=2822.679 write_wall=8.737 lf_steps=0 cache_hits=0
SLIM_PHASE query-chunks wall=2.636 cumulative=3286.296 peak_rss_kib=66056468
SLIM_PROGRESS runs=1071710208/1859825801 resolve_wall=247.917 lce_wall=2825.030 write_wall=8.745 lf_steps=0 cache_hits=0
SLIM_PHASE query-chunks wall=2.602 cumulative=3288.898 peak_rss_kib=66061976
SLIM_PROGRESS runs=1072758784/1859825801 resolve_wall=248.162 lce_wall=2827.425 write_wall=8.753 lf_steps=0 cache_hits=0
SLIM_PHASE query-chunks wall=2.648 cumulative=3291.546 peak_rss_kib=66066976
SLIM_PROGRESS runs=1073807360/1859825801 resolve_wall=248.407 lce_wall=2829.782 write_wall=8.761 lf_steps=0 cache_hits=0
SLIM_PHASE query-chunks wall=2.611 cumulative=3294.157 peak_rss_kib=66077112
SLIM_PROGRESS runs=1074855936/1859825801 resolve_wall=248.652 lce_wall=2832.169 write_wall=8.770 lf_steps=0 cache_hits=0
SLIM_PHASE query-chunks wall=2.640 cumulative=3296.797 peak_rss_kib=66094000
SLIM_PROGRESS runs=1075904512/1859825801 resolve_wall=248.896 lce_wall=2834.675 write_wall=8.778 lf_steps=0 cache_hits=0
SLIM_PHASE query-chunks wall=2.757 cumulative=3299.554 peak_rss_kib=66101400
SLIM_PROGRESS runs=1076953088/1859825801 resolve_wall=249.143 lce_wall=2837.073 write_wall=8.786 lf_steps=0 cache_hits=0
SLIM_PHASE query-chunks wall=2.655 cumulative=3302.209 peak_rss_kib=66104588
SLIM_PROGRESS runs=1078001664/1859825801 resolve_wall=249.388 lce_wall=2839.424 write_wall=8.794 lf_steps=0 cache_hits=0
SLIM_PHASE query-chunks wall=2.604 cumulative=3304.812 peak_rss_kib=66105444
SLIM_PROGRESS runs=1079050240/1859825801 resolve_wall=249.638 lce_wall=2841.643 write_wall=8.801 lf_steps=0 cache_hits=0
SLIM_PHASE query-chunks wall=2.476 cumulative=3307.288 peak_rss_kib=66112796
SLIM_PROGRESS runs=1080098816/1859825801 resolve_wall=249.887 lce_wall=2843.836 write_wall=8.808 lf_steps=0 cache_hits=0
SLIM_PHASE query-chunks wall=2.449 cumulative=3309.738 peak_rss_kib=66123628
SLIM_PROGRESS runs=1081147392/1859825801 resolve_wall=250.136 lce_wall=2846.153 write_wall=8.815 lf_steps=0 cache_hits=0
SLIM_PHASE query-chunks wall=2.574 cumulative=3312.312 peak_rss_kib=66140592
SLIM_PROGRESS runs=1082195968/1859825801 resolve_wall=250.384 lce_wall=2848.493 write_wall=8.823 lf_steps=0 cache_hits=0
SLIM_PHASE query-chunks wall=2.596 cumulative=3314.907 peak_rss_kib=66159088
SLIM_PROGRESS runs=1083244544/1859825801 resolve_wall=250.636 lce_wall=2850.841 write_wall=8.830 lf_steps=0 cache_hits=0
SLIM_PHASE query-chunks wall=2.608 cumulative=3317.515 peak_rss_kib=66167840
SLIM_PROGRESS runs=1084293120/1859825801 resolve_wall=250.892 lce_wall=2853.201 write_wall=8.838 lf_steps=0 cache_hits=0
SLIM_PHASE query-chunks wall=2.623 cumulative=3320.138 peak_rss_kib=66175372
SLIM_PROGRESS runs=1085341696/1859825801 resolve_wall=251.144 lce_wall=2855.569 write_wall=8.846 lf_steps=0 cache_hits=0
SLIM_PHASE query-chunks wall=2.628 cumulative=3322.767 peak_rss_kib=66185384
SLIM_PROGRESS runs=1086390272/1859825801 resolve_wall=251.393 lce_wall=2857.957 write_wall=8.853 lf_steps=0 cache_hits=0
SLIM_PHASE query-chunks wall=2.645 cumulative=3325.411 peak_rss_kib=66196068
SLIM_PROGRESS runs=1087438848/1859825801 resolve_wall=251.642 lce_wall=2860.339 write_wall=8.860 lf_steps=0 cache_hits=0
SLIM_PHASE query-chunks wall=2.639 cumulative=3328.050 peak_rss_kib=66208300
SLIM_PROGRESS runs=1088487424/1859825801 resolve_wall=251.890 lce_wall=2862.754 write_wall=8.868 lf_steps=0 cache_hits=0
SLIM_PHASE query-chunks wall=2.670 cumulative=3330.721 peak_rss_kib=66213360
SLIM_PROGRESS runs=1089536000/1859825801 resolve_wall=252.142 lce_wall=2865.095 write_wall=8.876 lf_steps=0 cache_hits=0
SLIM_PHASE query-chunks wall=2.600 cumulative=3333.321 peak_rss_kib=66216072
SLIM_PROGRESS runs=1090584576/1859825801 resolve_wall=252.392 lce_wall=2867.462 write_wall=8.883 lf_steps=0 cache_hits=0
SLIM_PHASE query-chunks wall=2.625 cumulative=3335.946 peak_rss_kib=66230856
SLIM_PROGRESS runs=1091633152/1859825801 resolve_wall=252.647 lce_wall=2869.821 write_wall=8.890 lf_steps=0 cache_hits=0
SLIM_PHASE query-chunks wall=2.621 cumulative=3338.567 peak_rss_kib=66243064
SLIM_PROGRESS runs=1092681728/1859825801 resolve_wall=252.891 lce_wall=2872.173 write_wall=8.898 lf_steps=0 cache_hits=0
SLIM_PHASE query-chunks wall=2.605 cumulative=3341.171 peak_rss_kib=66249772
SLIM_PROGRESS runs=1093730304/1859825801 resolve_wall=253.134 lce_wall=2874.544 write_wall=8.907 lf_steps=0 cache_hits=0
SLIM_PHASE query-chunks wall=2.623 cumulative=3343.795 peak_rss_kib=66255384
SLIM_PROGRESS runs=1094778880/1859825801 resolve_wall=253.384 lce_wall=2876.907 write_wall=8.915 lf_steps=0 cache_hits=0
SLIM_PHASE query-chunks wall=2.621 cumulative=3346.416 peak_rss_kib=66265508
SLIM_PROGRESS runs=1095827456/1859825801 resolve_wall=253.637 lce_wall=2879.241 write_wall=8.923 lf_steps=0 cache_hits=0
SLIM_PHASE query-chunks wall=2.595 cumulative=3349.011 peak_rss_kib=66271036
SLIM_PROGRESS runs=1096876032/1859825801 resolve_wall=253.882 lce_wall=2881.567 write_wall=8.932 lf_steps=0 cache_hits=0
SLIM_PHASE query-chunks wall=2.581 cumulative=3351.591 peak_rss_kib=66292976
SLIM_PROGRESS runs=1097924608/1859825801 resolve_wall=254.125 lce_wall=2883.897 write_wall=8.941 lf_steps=0 cache_hits=0
SLIM_PHASE query-chunks wall=2.581 cumulative=3354.173 peak_rss_kib=66304136
SLIM_PROGRESS runs=1098973184/1859825801 resolve_wall=254.366 lce_wall=2886.304 write_wall=8.950 lf_steps=0 cache_hits=0
SLIM_PHASE query-chunks wall=2.657 cumulative=3356.830 peak_rss_kib=66306828
SLIM_PROGRESS runs=1100021760/1859825801 resolve_wall=254.605 lce_wall=2888.695 write_wall=8.958 lf_steps=0 cache_hits=0
SLIM_PHASE query-chunks wall=2.639 cumulative=3359.469 peak_rss_kib=66321576
SLIM_PROGRESS runs=1101070336/1859825801 resolve_wall=254.848 lce_wall=2891.037 write_wall=8.966 lf_steps=0 cache_hits=0
SLIM_PHASE query-chunks wall=2.592 cumulative=3362.061 peak_rss_kib=66322716
SLIM_PROGRESS runs=1102118912/1859825801 resolve_wall=255.089 lce_wall=2893.316 write_wall=8.974 lf_steps=0 cache_hits=0
SLIM_PHASE query-chunks wall=2.528 cumulative=3364.589 peak_rss_kib=66330328
SLIM_PROGRESS runs=1103167488/1859825801 resolve_wall=255.333 lce_wall=2895.618 write_wall=8.983 lf_steps=0 cache_hits=0
SLIM_PHASE query-chunks wall=2.555 cumulative=3367.144 peak_rss_kib=66347792
SLIM_PROGRESS runs=1104216064/1859825801 resolve_wall=255.575 lce_wall=2897.908 write_wall=8.991 lf_steps=0 cache_hits=0
SLIM_PHASE query-chunks wall=2.541 cumulative=3369.685 peak_rss_kib=66362076
SLIM_PROGRESS runs=1105264640/1859825801 resolve_wall=255.820 lce_wall=2900.218 write_wall=8.999 lf_steps=0 cache_hits=0
SLIM_PHASE query-chunks wall=2.562 cumulative=3372.247 peak_rss_kib=66363264
SLIM_PROGRESS runs=1106313216/1859825801 resolve_wall=256.073 lce_wall=2902.525 write_wall=9.006 lf_steps=0 cache_hits=0
SLIM_PHASE query-chunks wall=2.568 cumulative=3374.815 peak_rss_kib=66363264
SLIM_PROGRESS runs=1107361792/1859825801 resolve_wall=256.323 lce_wall=2904.819 write_wall=9.013 lf_steps=0 cache_hits=0
SLIM_PHASE query-chunks wall=2.552 cumulative=3377.367 peak_rss_kib=66365508
SLIM_PROGRESS runs=1108410368/1859825801 resolve_wall=256.573 lce_wall=2907.090 write_wall=9.021 lf_steps=0 cache_hits=0
SLIM_PHASE query-chunks wall=2.528 cumulative=3379.895 peak_rss_kib=66377644
SLIM_PROGRESS runs=1109458944/1859825801 resolve_wall=256.824 lce_wall=2909.364 write_wall=9.028 lf_steps=0 cache_hits=0
SLIM_PHASE query-chunks wall=2.533 cumulative=3382.428 peak_rss_kib=66385548
SLIM_PROGRESS runs=1110507520/1859825801 resolve_wall=257.074 lce_wall=2911.748 write_wall=9.035 lf_steps=0 cache_hits=0
SLIM_PHASE query-chunks wall=2.640 cumulative=3385.068 peak_rss_kib=66392748
SLIM_PROGRESS runs=1111556096/1859825801 resolve_wall=257.324 lce_wall=2914.051 write_wall=9.042 lf_steps=0 cache_hits=0
SLIM_PHASE query-chunks wall=2.561 cumulative=3387.629 peak_rss_kib=66392748
SLIM_PROGRESS runs=1112604672/1859825801 resolve_wall=257.573 lce_wall=2916.370 write_wall=9.049 lf_steps=0 cache_hits=0
SLIM_PHASE query-chunks wall=2.575 cumulative=3390.204 peak_rss_kib=66395276
SLIM_PROGRESS runs=1113653248/1859825801 resolve_wall=257.823 lce_wall=2918.693 write_wall=9.057 lf_steps=0 cache_hits=0
SLIM_PHASE query-chunks wall=2.580 cumulative=3392.784 peak_rss_kib=66402900
SLIM_PROGRESS runs=1114701824/1859825801 resolve_wall=258.076 lce_wall=2921.008 write_wall=9.064 lf_steps=0 cache_hits=0
SLIM_PHASE query-chunks wall=2.576 cumulative=3395.360 peak_rss_kib=66416204
SLIM_PROGRESS runs=1115750400/1859825801 resolve_wall=258.328 lce_wall=2923.305 write_wall=9.071 lf_steps=0 cache_hits=0
SLIM_PHASE query-chunks wall=2.556 cumulative=3397.916 peak_rss_kib=66422004
SLIM_PROGRESS runs=1116798976/1859825801 resolve_wall=258.579 lce_wall=2925.622 write_wall=9.079 lf_steps=0 cache_hits=0
SLIM_PHASE query-chunks wall=2.575 cumulative=3400.492 peak_rss_kib=66430136
SLIM_PROGRESS runs=1117847552/1859825801 resolve_wall=258.829 lce_wall=2927.902 write_wall=9.086 lf_steps=0 cache_hits=0
SLIM_PHASE query-chunks wall=2.538 cumulative=3403.029 peak_rss_kib=66446364
SLIM_PROGRESS runs=1118896128/1859825801 resolve_wall=259.080 lce_wall=2930.194 write_wall=9.093 lf_steps=0 cache_hits=0
SLIM_PHASE query-chunks wall=2.550 cumulative=3405.580 peak_rss_kib=66455480
SLIM_PROGRESS runs=1119944704/1859825801 resolve_wall=259.331 lce_wall=2932.475 write_wall=9.100 lf_steps=0 cache_hits=0
SLIM_PHASE query-chunks wall=2.540 cumulative=3408.120 peak_rss_kib=66461812
SLIM_PROGRESS runs=1120993280/1859825801 resolve_wall=259.587 lce_wall=2934.919 write_wall=9.107 lf_steps=0 cache_hits=0
SLIM_PHASE query-chunks wall=2.707 cumulative=3410.827 peak_rss_kib=66469228
SLIM_PROGRESS runs=1122041856/1859825801 resolve_wall=259.838 lce_wall=2937.331 write_wall=9.115 lf_steps=0 cache_hits=0
SLIM_PHASE query-chunks wall=2.670 cumulative=3413.496 peak_rss_kib=66483508
SLIM_PROGRESS runs=1123090432/1859825801 resolve_wall=260.090 lce_wall=2939.651 write_wall=9.122 lf_steps=0 cache_hits=0
SLIM_PHASE query-chunks wall=2.579 cumulative=3416.076 peak_rss_kib=66490048
SLIM_PROGRESS runs=1124139008/1859825801 resolve_wall=260.346 lce_wall=2941.994 write_wall=9.129 lf_steps=0 cache_hits=0
SLIM_PHASE query-chunks wall=2.607 cumulative=3418.683 peak_rss_kib=66492600
SLIM_PROGRESS runs=1125187584/1859825801 resolve_wall=260.596 lce_wall=2944.260 write_wall=9.137 lf_steps=0 cache_hits=0
SLIM_PHASE query-chunks wall=2.524 cumulative=3421.206 peak_rss_kib=66494444
SLIM_PROGRESS runs=1126236160/1859825801 resolve_wall=260.851 lce_wall=2946.550 write_wall=9.144 lf_steps=0 cache_hits=0
SLIM_PHASE query-chunks wall=2.552 cumulative=3423.758 peak_rss_kib=66495832
SLIM_PROGRESS runs=1127284736/1859825801 resolve_wall=261.124 lce_wall=2948.866 write_wall=9.152 lf_steps=0 cache_hits=0
SLIM_PHASE query-chunks wall=2.597 cumulative=3426.355 peak_rss_kib=66502340
SLIM_PROGRESS runs=1128333312/1859825801 resolve_wall=261.377 lce_wall=2951.135 write_wall=9.159 lf_steps=0 cache_hits=0
SLIM_PHASE query-chunks wall=2.529 cumulative=3428.885 peak_rss_kib=66506644
SLIM_PROGRESS runs=1129381888/1859825801 resolve_wall=261.632 lce_wall=2953.390 write_wall=9.166 lf_steps=0 cache_hits=0
SLIM_PHASE query-chunks wall=2.517 cumulative=3431.402 peak_rss_kib=66522564
SLIM_PROGRESS runs=1130430464/1859825801 resolve_wall=261.884 lce_wall=2955.663 write_wall=9.173 lf_steps=0 cache_hits=0
SLIM_PHASE query-chunks wall=2.533 cumulative=3433.935 peak_rss_kib=66530624
SLIM_PROGRESS runs=1131479040/1859825801 resolve_wall=262.135 lce_wall=2957.952 write_wall=9.180 lf_steps=0 cache_hits=0
SLIM_PHASE query-chunks wall=2.547 cumulative=3436.482 peak_rss_kib=66538868
SLIM_PROGRESS runs=1132527616/1859825801 resolve_wall=262.387 lce_wall=2960.273 write_wall=9.188 lf_steps=0 cache_hits=0
SLIM_PHASE query-chunks wall=2.580 cumulative=3439.062 peak_rss_kib=66547144
SLIM_PROGRESS runs=1133576192/1859825801 resolve_wall=262.639 lce_wall=2962.542 write_wall=9.195 lf_steps=0 cache_hits=0
SLIM_PHASE query-chunks wall=2.528 cumulative=3441.590 peak_rss_kib=66558460
SLIM_PROGRESS runs=1134624768/1859825801 resolve_wall=262.893 lce_wall=2964.877 write_wall=9.202 lf_steps=0 cache_hits=0
SLIM_PHASE query-chunks wall=2.597 cumulative=3444.187 peak_rss_kib=66558844
SLIM_PROGRESS runs=1135673344/1859825801 resolve_wall=263.161 lce_wall=2967.224 write_wall=9.210 lf_steps=0 cache_hits=0
SLIM_PHASE query-chunks wall=2.624 cumulative=3446.811 peak_rss_kib=66565760
SLIM_PROGRESS runs=1136721920/1859825801 resolve_wall=263.412 lce_wall=2969.542 write_wall=9.218 lf_steps=0 cache_hits=0
SLIM_PHASE query-chunks wall=2.576 cumulative=3449.387 peak_rss_kib=66573704
SLIM_PROGRESS runs=1137770496/1859825801 resolve_wall=263.666 lce_wall=2971.865 write_wall=9.225 lf_steps=0 cache_hits=0
SLIM_PHASE query-chunks wall=2.585 cumulative=3451.972 peak_rss_kib=66582804
SLIM_PROGRESS runs=1138819072/1859825801 resolve_wall=263.927 lce_wall=2974.217 write_wall=9.233 lf_steps=0 cache_hits=0
SLIM_PHASE query-chunks wall=2.621 cumulative=3454.592 peak_rss_kib=66603856
SLIM_PROGRESS runs=1139867648/1859825801 resolve_wall=264.178 lce_wall=2976.549 write_wall=9.240 lf_steps=0 cache_hits=0
SLIM_PHASE query-chunks wall=2.590 cumulative=3457.183 peak_rss_kib=66617400
SLIM_PROGRESS runs=1140916224/1859825801 resolve_wall=264.436 lce_wall=2978.946 write_wall=9.247 lf_steps=0 cache_hits=0
SLIM_PHASE query-chunks wall=2.662 cumulative=3459.845 peak_rss_kib=66618536
SLIM_PROGRESS runs=1141964800/1859825801 resolve_wall=264.694 lce_wall=2981.319 write_wall=9.254 lf_steps=0 cache_hits=0
SLIM_PHASE query-chunks wall=2.639 cumulative=3462.484 peak_rss_kib=66627072
SLIM_PROGRESS runs=1143013376/1859825801 resolve_wall=264.950 lce_wall=2983.678 write_wall=9.262 lf_steps=0 cache_hits=0
SLIM_PHASE query-chunks wall=2.622 cumulative=3465.106 peak_rss_kib=66641024
SLIM_PROGRESS runs=1144061952/1859825801 resolve_wall=265.208 lce_wall=2986.043 write_wall=9.269 lf_steps=0 cache_hits=0
SLIM_PHASE query-chunks wall=2.631 cumulative=3467.737 peak_rss_kib=66644340
SLIM_PROGRESS runs=1145110528/1859825801 resolve_wall=265.462 lce_wall=2988.390 write_wall=9.277 lf_steps=0 cache_hits=0
SLIM_PHASE query-chunks wall=2.607 cumulative=3470.345 peak_rss_kib=66655132
SLIM_PROGRESS runs=1146159104/1859825801 resolve_wall=265.717 lce_wall=2990.843 write_wall=9.284 lf_steps=0 cache_hits=0
SLIM_PHASE query-chunks wall=2.716 cumulative=3473.060 peak_rss_kib=66655132
SLIM_PROGRESS runs=1147207680/1859825801 resolve_wall=265.971 lce_wall=2993.188 write_wall=9.291 lf_steps=0 cache_hits=0
SLIM_PHASE query-chunks wall=2.606 cumulative=3475.666 peak_rss_kib=66655984
SLIM_PROGRESS runs=1148256256/1859825801 resolve_wall=266.228 lce_wall=2995.565 write_wall=9.299 lf_steps=0 cache_hits=0
SLIM_PHASE query-chunks wall=2.642 cumulative=3478.308 peak_rss_kib=66662260
SLIM_PROGRESS runs=1149304832/1859825801 resolve_wall=266.482 lce_wall=2998.005 write_wall=9.306 lf_steps=0 cache_hits=0
SLIM_PHASE query-chunks wall=2.702 cumulative=3481.011 peak_rss_kib=66665336
SLIM_PROGRESS runs=1150353408/1859825801 resolve_wall=266.740 lce_wall=3000.376 write_wall=9.313 lf_steps=0 cache_hits=0
SLIM_PHASE query-chunks wall=2.636 cumulative=3483.647 peak_rss_kib=66675960
SLIM_PROGRESS runs=1151401984/1859825801 resolve_wall=267.000 lce_wall=3002.679 write_wall=9.321 lf_steps=0 cache_hits=0
SLIM_PHASE query-chunks wall=2.570 cumulative=3486.217 peak_rss_kib=66684912
SLIM_PROGRESS runs=1152450560/1859825801 resolve_wall=267.256 lce_wall=3004.960 write_wall=9.328 lf_steps=0 cache_hits=0
SLIM_PHASE query-chunks wall=2.545 cumulative=3488.762 peak_rss_kib=66686528
SLIM_PROGRESS runs=1153499136/1859825801 resolve_wall=267.513 lce_wall=3007.220 write_wall=9.336 lf_steps=0 cache_hits=0
SLIM_PHASE query-chunks wall=2.525 cumulative=3491.286 peak_rss_kib=66694656
SLIM_PROGRESS runs=1154547712/1859825801 resolve_wall=267.768 lce_wall=3009.487 write_wall=9.343 lf_steps=0 cache_hits=0
SLIM_PHASE query-chunks wall=2.529 cumulative=3493.816 peak_rss_kib=66694656
SLIM_PROGRESS runs=1155596288/1859825801 resolve_wall=268.021 lce_wall=3011.821 write_wall=9.351 lf_steps=0 cache_hits=0
SLIM_PHASE query-chunks wall=2.595 cumulative=3496.411 peak_rss_kib=66702904
SLIM_PROGRESS runs=1156644864/1859825801 resolve_wall=268.274 lce_wall=3014.124 write_wall=9.358 lf_steps=0 cache_hits=0
SLIM_PHASE query-chunks wall=2.564 cumulative=3498.974 peak_rss_kib=66708624
SLIM_PROGRESS runs=1157693440/1859825801 resolve_wall=268.528 lce_wall=3016.407 write_wall=9.365 lf_steps=0 cache_hits=0
SLIM_PHASE query-chunks wall=2.544 cumulative=3501.519 peak_rss_kib=66724528
SLIM_PROGRESS runs=1158742016/1859825801 resolve_wall=268.785 lce_wall=3018.743 write_wall=9.373 lf_steps=0 cache_hits=0
SLIM_PHASE query-chunks wall=2.600 cumulative=3504.119 peak_rss_kib=66733268
SLIM_PROGRESS runs=1159790592/1859825801 resolve_wall=269.046 lce_wall=3021.033 write_wall=9.380 lf_steps=0 cache_hits=0
SLIM_PHASE query-chunks wall=2.558 cumulative=3506.677 peak_rss_kib=66739004
SLIM_PROGRESS runs=1160839168/1859825801 resolve_wall=269.303 lce_wall=3023.493 write_wall=9.388 lf_steps=0 cache_hits=0
SLIM_PHASE query-chunks wall=2.724 cumulative=3509.402 peak_rss_kib=66746632
SLIM_PROGRESS runs=1161887744/1859825801 resolve_wall=269.560 lce_wall=3025.911 write_wall=9.395 lf_steps=0 cache_hits=0
SLIM_PHASE query-chunks wall=2.684 cumulative=3512.086 peak_rss_kib=66749384
SLIM_PROGRESS runs=1162936320/1859825801 resolve_wall=269.817 lce_wall=3028.217 write_wall=9.403 lf_steps=0 cache_hits=0
SLIM_PHASE query-chunks wall=2.570 cumulative=3514.656 peak_rss_kib=66758276
SLIM_PROGRESS runs=1163984896/1859825801 resolve_wall=270.071 lce_wall=3030.517 write_wall=9.410 lf_steps=0 cache_hits=0
SLIM_PHASE query-chunks wall=2.562 cumulative=3517.217 peak_rss_kib=66767200
SLIM_PROGRESS runs=1165033472/1859825801 resolve_wall=270.327 lce_wall=3032.813 write_wall=9.418 lf_steps=0 cache_hits=0
SLIM_PHASE query-chunks wall=2.560 cumulative=3519.777 peak_rss_kib=66780072
SLIM_PROGRESS runs=1166082048/1859825801 resolve_wall=270.588 lce_wall=3035.077 write_wall=9.425 lf_steps=0 cache_hits=0
SLIM_PHASE query-chunks wall=2.532 cumulative=3522.310 peak_rss_kib=66790960
SLIM_PROGRESS runs=1167130624/1859825801 resolve_wall=270.845 lce_wall=3037.339 write_wall=9.433 lf_steps=0 cache_hits=0
SLIM_PHASE query-chunks wall=2.527 cumulative=3524.836 peak_rss_kib=66799680
SLIM_PROGRESS runs=1168179200/1859825801 resolve_wall=271.099 lce_wall=3039.592 write_wall=9.440 lf_steps=0 cache_hits=0
SLIM_PHASE query-chunks wall=2.514 cumulative=3527.351 peak_rss_kib=66816716
SLIM_PROGRESS runs=1169227776/1859825801 resolve_wall=271.351 lce_wall=3041.715 write_wall=9.448 lf_steps=0 cache_hits=0
SLIM_PHASE query-chunks wall=2.384 cumulative=3529.735 peak_rss_kib=66824272
SLIM_PROGRESS runs=1170276352/1859825801 resolve_wall=271.606 lce_wall=3044.017 write_wall=9.455 lf_steps=0 cache_hits=0
SLIM_PHASE query-chunks wall=2.563 cumulative=3532.298 peak_rss_kib=66844132
SLIM_PROGRESS runs=1171324928/1859825801 resolve_wall=271.863 lce_wall=3046.333 write_wall=9.463 lf_steps=0 cache_hits=0
SLIM_PHASE query-chunks wall=2.582 cumulative=3534.880 peak_rss_kib=66855064
SLIM_PROGRESS runs=1172373504/1859825801 resolve_wall=272.123 lce_wall=3048.665 write_wall=9.471 lf_steps=0 cache_hits=0
SLIM_PHASE query-chunks wall=2.599 cumulative=3537.479 peak_rss_kib=66860288
SLIM_PROGRESS runs=1173422080/1859825801 resolve_wall=272.378 lce_wall=3050.970 write_wall=9.478 lf_steps=0 cache_hits=0
SLIM_PHASE query-chunks wall=2.568 cumulative=3540.047 peak_rss_kib=66861660
SLIM_PROGRESS runs=1174470656/1859825801 resolve_wall=272.632 lce_wall=3053.263 write_wall=9.486 lf_steps=0 cache_hits=0
SLIM_PHASE query-chunks wall=2.553 cumulative=3542.601 peak_rss_kib=66873240
SLIM_PROGRESS runs=1175519232/1859825801 resolve_wall=272.883 lce_wall=3055.555 write_wall=9.493 lf_steps=0 cache_hits=0
SLIM_PHASE query-chunks wall=2.552 cumulative=3545.152 peak_rss_kib=66881632
SLIM_PROGRESS runs=1176567808/1859825801 resolve_wall=273.135 lce_wall=3057.796 write_wall=9.500 lf_steps=0 cache_hits=0
SLIM_PHASE query-chunks wall=2.500 cumulative=3547.653 peak_rss_kib=66898728
SLIM_PROGRESS runs=1177616384/1859825801 resolve_wall=273.385 lce_wall=3060.071 write_wall=9.508 lf_steps=0 cache_hits=0
SLIM_PHASE query-chunks wall=2.532 cumulative=3550.184 peak_rss_kib=66907328
SLIM_PROGRESS runs=1178664960/1859825801 resolve_wall=273.638 lce_wall=3062.331 write_wall=9.515 lf_steps=0 cache_hits=0
SLIM_PHASE query-chunks wall=2.522 cumulative=3552.706 peak_rss_kib=66910876
SLIM_PROGRESS runs=1179713536/1859825801 resolve_wall=273.894 lce_wall=3064.584 write_wall=9.522 lf_steps=0 cache_hits=0
SLIM_PHASE query-chunks wall=2.515 cumulative=3555.221 peak_rss_kib=66913912
SLIM_PROGRESS runs=1180762112/1859825801 resolve_wall=274.147 lce_wall=3066.900 write_wall=9.530 lf_steps=0 cache_hits=0
SLIM_PHASE query-chunks wall=2.577 cumulative=3557.798 peak_rss_kib=66915864
SLIM_PROGRESS runs=1181810688/1859825801 resolve_wall=274.399 lce_wall=3069.217 write_wall=9.537 lf_steps=0 cache_hits=0
SLIM_PHASE query-chunks wall=2.577 cumulative=3560.375 peak_rss_kib=66916696
SLIM_PROGRESS runs=1182859264/1859825801 resolve_wall=274.651 lce_wall=3071.532 write_wall=9.544 lf_steps=0 cache_hits=0
SLIM_PHASE query-chunks wall=2.573 cumulative=3562.948 peak_rss_kib=66920544
SLIM_PROGRESS runs=1183907840/1859825801 resolve_wall=274.900 lce_wall=3073.826 write_wall=9.552 lf_steps=0 cache_hits=0
SLIM_PHASE query-chunks wall=2.551 cumulative=3565.500 peak_rss_kib=66931544
SLIM_PROGRESS runs=1184956416/1859825801 resolve_wall=275.151 lce_wall=3076.117 write_wall=9.559 lf_steps=0 cache_hits=0
SLIM_PHASE query-chunks wall=2.550 cumulative=3568.050 peak_rss_kib=66938984
SLIM_PROGRESS runs=1186004992/1859825801 resolve_wall=275.403 lce_wall=3078.392 write_wall=9.566 lf_steps=0 cache_hits=0
SLIM_PHASE query-chunks wall=2.535 cumulative=3570.584 peak_rss_kib=66946832
SLIM_PROGRESS runs=1187053568/1859825801 resolve_wall=275.654 lce_wall=3080.638 write_wall=9.574 lf_steps=0 cache_hits=0
SLIM_PHASE query-chunks wall=2.503 cumulative=3573.087 peak_rss_kib=66947728
SLIM_PROGRESS runs=1188102144/1859825801 resolve_wall=275.906 lce_wall=3082.901 write_wall=9.581 lf_steps=0 cache_hits=0
SLIM_PHASE query-chunks wall=2.523 cumulative=3575.610 peak_rss_kib=66959508
SLIM_PROGRESS runs=1189150720/1859825801 resolve_wall=276.165 lce_wall=3085.208 write_wall=9.588 lf_steps=0 cache_hits=0
SLIM_PHASE query-chunks wall=2.573 cumulative=3578.183 peak_rss_kib=66966844
SLIM_PROGRESS runs=1190199296/1859825801 resolve_wall=276.426 lce_wall=3087.495 write_wall=9.596 lf_steps=0 cache_hits=0
SLIM_PHASE query-chunks wall=2.556 cumulative=3580.740 peak_rss_kib=66984912
SLIM_PROGRESS runs=1191247872/1859825801 resolve_wall=276.680 lce_wall=3089.780 write_wall=9.603 lf_steps=0 cache_hits=0
SLIM_PHASE query-chunks wall=2.546 cumulative=3583.285 peak_rss_kib=66991432
SLIM_PROGRESS runs=1192296448/1859825801 resolve_wall=276.933 lce_wall=3092.085 write_wall=9.610 lf_steps=0 cache_hits=0
SLIM_PHASE query-chunks wall=2.567 cumulative=3585.852 peak_rss_kib=67000752
SLIM_PROGRESS runs=1193345024/1859825801 resolve_wall=277.184 lce_wall=3094.394 write_wall=9.618 lf_steps=0 cache_hits=0
SLIM_PHASE query-chunks wall=2.566 cumulative=3588.418 peak_rss_kib=67004384
SLIM_PROGRESS runs=1194393600/1859825801 resolve_wall=277.435 lce_wall=3096.698 write_wall=9.625 lf_steps=0 cache_hits=0
SLIM_PHASE query-chunks wall=2.563 cumulative=3590.982 peak_rss_kib=67017252
SLIM_PROGRESS runs=1195442176/1859825801 resolve_wall=277.688 lce_wall=3099.018 write_wall=9.633 lf_steps=0 cache_hits=0
SLIM_PHASE query-chunks wall=2.580 cumulative=3593.562 peak_rss_kib=67035604
SLIM_PROGRESS runs=1196490752/1859825801 resolve_wall=277.942 lce_wall=3101.338 write_wall=9.640 lf_steps=0 cache_hits=0
SLIM_PHASE query-chunks wall=2.582 cumulative=3596.143 peak_rss_kib=67056188
SLIM_PROGRESS runs=1197539328/1859825801 resolve_wall=278.194 lce_wall=3103.664 write_wall=9.648 lf_steps=0 cache_hits=0
SLIM_PHASE query-chunks wall=2.586 cumulative=3598.729 peak_rss_kib=67060836
SLIM_PROGRESS runs=1198587904/1859825801 resolve_wall=278.433 lce_wall=3105.999 write_wall=9.656 lf_steps=0 cache_hits=0
SLIM_PHASE query-chunks wall=2.583 cumulative=3601.312 peak_rss_kib=67074808
SLIM_PROGRESS runs=1199636480/1859825801 resolve_wall=278.671 lce_wall=3108.298 write_wall=9.664 lf_steps=0 cache_hits=0
SLIM_PHASE query-chunks wall=2.544 cumulative=3603.856 peak_rss_kib=67077676
SLIM_PROGRESS runs=1200685056/1859825801 resolve_wall=278.912 lce_wall=3110.648 write_wall=9.672 lf_steps=0 cache_hits=0
SLIM_PHASE query-chunks wall=2.600 cumulative=3606.456 peak_rss_kib=67077676
SLIM_PROGRESS runs=1201733632/1859825801 resolve_wall=279.164 lce_wall=3112.915 write_wall=9.680 lf_steps=0 cache_hits=0
SLIM_PHASE query-chunks wall=2.527 cumulative=3608.983 peak_rss_kib=67083244
SLIM_PROGRESS runs=1202782208/1859825801 resolve_wall=279.414 lce_wall=3115.179 write_wall=9.687 lf_steps=0 cache_hits=0
SLIM_PHASE query-chunks wall=2.521 cumulative=3611.504 peak_rss_kib=67086592
SLIM_PROGRESS runs=1203830784/1859825801 resolve_wall=279.667 lce_wall=3117.458 write_wall=9.695 lf_steps=0 cache_hits=0
SLIM_PHASE query-chunks wall=2.540 cumulative=3614.044 peak_rss_kib=67092616
SLIM_PROGRESS runs=1204879360/1859825801 resolve_wall=279.921 lce_wall=3119.773 write_wall=9.702 lf_steps=0 cache_hits=0
SLIM_PHASE query-chunks wall=2.576 cumulative=3616.621 peak_rss_kib=67100344
SLIM_PROGRESS runs=1205927936/1859825801 resolve_wall=280.177 lce_wall=3122.050 write_wall=9.710 lf_steps=0 cache_hits=0
SLIM_PHASE query-chunks wall=2.541 cumulative=3619.162 peak_rss_kib=67109032
SLIM_PROGRESS runs=1206976512/1859825801 resolve_wall=280.443 lce_wall=3124.352 write_wall=9.717 lf_steps=0 cache_hits=0
SLIM_PHASE query-chunks wall=2.575 cumulative=3621.737 peak_rss_kib=67117832
SLIM_PROGRESS runs=1208025088/1859825801 resolve_wall=280.696 lce_wall=3126.672 write_wall=9.725 lf_steps=0 cache_hits=0
SLIM_PHASE query-chunks wall=2.581 cumulative=3624.318 peak_rss_kib=67138960
SLIM_PROGRESS runs=1209073664/1859825801 resolve_wall=280.949 lce_wall=3128.964 write_wall=9.732 lf_steps=0 cache_hits=0
SLIM_PHASE query-chunks wall=2.552 cumulative=3626.870 peak_rss_kib=67147336
SLIM_PROGRESS runs=1210122240/1859825801 resolve_wall=281.199 lce_wall=3131.280 write_wall=9.739 lf_steps=0 cache_hits=0
SLIM_PHASE query-chunks wall=2.573 cumulative=3629.444 peak_rss_kib=67153024
SLIM_PROGRESS runs=1211170816/1859825801 resolve_wall=281.453 lce_wall=3133.578 write_wall=9.746 lf_steps=0 cache_hits=0
SLIM_PHASE query-chunks wall=2.558 cumulative=3632.002 peak_rss_kib=67169988
SLIM_PROGRESS runs=1212219392/1859825801 resolve_wall=281.703 lce_wall=3135.913 write_wall=9.754 lf_steps=0 cache_hits=0
SLIM_PHASE query-chunks wall=2.594 cumulative=3634.596 peak_rss_kib=67181780
SLIM_PROGRESS runs=1213267968/1859825801 resolve_wall=281.953 lce_wall=3138.278 write_wall=9.761 lf_steps=0 cache_hits=0
SLIM_PHASE query-chunks wall=2.622 cumulative=3637.218 peak_rss_kib=67197700
SLIM_PROGRESS runs=1214316544/1859825801 resolve_wall=282.205 lce_wall=3140.582 write_wall=9.768 lf_steps=0 cache_hits=0
SLIM_PHASE query-chunks wall=2.564 cumulative=3639.781 peak_rss_kib=67208984
SLIM_PROGRESS runs=1215365120/1859825801 resolve_wall=282.457 lce_wall=3142.887 write_wall=9.776 lf_steps=0 cache_hits=0
SLIM_PHASE query-chunks wall=2.565 cumulative=3642.346 peak_rss_kib=67215104
SLIM_PROGRESS runs=1216413696/1859825801 resolve_wall=282.706 lce_wall=3145.224 write_wall=9.783 lf_steps=0 cache_hits=0
SLIM_PHASE query-chunks wall=2.594 cumulative=3644.940 peak_rss_kib=67224052
SLIM_PROGRESS runs=1217462272/1859825801 resolve_wall=282.962 lce_wall=3147.625 write_wall=9.790 lf_steps=0 cache_hits=0
SLIM_PHASE query-chunks wall=2.663 cumulative=3647.603 peak_rss_kib=67230788
SLIM_PROGRESS runs=1218510848/1859825801 resolve_wall=283.216 lce_wall=3150.027 write_wall=9.797 lf_steps=0 cache_hits=0
SLIM_PHASE query-chunks wall=2.663 cumulative=3650.266 peak_rss_kib=67237120
SLIM_PROGRESS runs=1219559424/1859825801 resolve_wall=283.467 lce_wall=3152.381 write_wall=9.805 lf_steps=0 cache_hits=0
SLIM_PHASE query-chunks wall=2.614 cumulative=3652.880 peak_rss_kib=67242132
SLIM_PROGRESS runs=1220608000/1859825801 resolve_wall=283.717 lce_wall=3154.762 write_wall=9.813 lf_steps=0 cache_hits=0
SLIM_PHASE query-chunks wall=2.639 cumulative=3655.519 peak_rss_kib=67250948
SLIM_PROGRESS runs=1221656576/1859825801 resolve_wall=283.969 lce_wall=3157.107 write_wall=9.820 lf_steps=0 cache_hits=0
SLIM_PHASE query-chunks wall=2.604 cumulative=3658.123 peak_rss_kib=67250948
SLIM_PROGRESS runs=1222705152/1859825801 resolve_wall=284.220 lce_wall=3159.452 write_wall=9.828 lf_steps=0 cache_hits=0
SLIM_PHASE query-chunks wall=2.604 cumulative=3660.727 peak_rss_kib=67250948
SLIM_PROGRESS runs=1223753728/1859825801 resolve_wall=284.468 lce_wall=3161.819 write_wall=9.836 lf_steps=0 cache_hits=0
SLIM_PHASE query-chunks wall=2.623 cumulative=3663.350 peak_rss_kib=67255952
SLIM_PROGRESS runs=1224802304/1859825801 resolve_wall=284.717 lce_wall=3164.178 write_wall=9.843 lf_steps=0 cache_hits=0
SLIM_PHASE query-chunks wall=2.615 cumulative=3665.966 peak_rss_kib=67267232
SLIM_PROGRESS runs=1225850880/1859825801 resolve_wall=284.967 lce_wall=3166.544 write_wall=9.851 lf_steps=0 cache_hits=0
SLIM_PHASE query-chunks wall=2.624 cumulative=3668.590 peak_rss_kib=67269388
SLIM_PROGRESS runs=1226899456/1859825801 resolve_wall=285.215 lce_wall=3168.886 write_wall=9.859 lf_steps=0 cache_hits=0
SLIM_PHASE query-chunks wall=2.598 cumulative=3671.188 peak_rss_kib=67278480
SLIM_PROGRESS runs=1227948032/1859825801 resolve_wall=285.463 lce_wall=3171.228 write_wall=9.866 lf_steps=0 cache_hits=0
SLIM_PHASE query-chunks wall=2.597 cumulative=3673.785 peak_rss_kib=67281524
SLIM_PROGRESS runs=1228996608/1859825801 resolve_wall=285.716 lce_wall=3173.595 write_wall=9.874 lf_steps=0 cache_hits=0
SLIM_PHASE query-chunks wall=2.628 cumulative=3676.413 peak_rss_kib=67288836
SLIM_PROGRESS runs=1230045184/1859825801 resolve_wall=285.965 lce_wall=3175.919 write_wall=9.882 lf_steps=0 cache_hits=0
SLIM_PHASE query-chunks wall=2.581 cumulative=3678.994 peak_rss_kib=67293368
SLIM_PROGRESS runs=1231093760/1859825801 resolve_wall=286.215 lce_wall=3178.231 write_wall=9.890 lf_steps=0 cache_hits=0
SLIM_PHASE query-chunks wall=2.570 cumulative=3681.563 peak_rss_kib=67307228
SLIM_PROGRESS runs=1232142336/1859825801 resolve_wall=286.465 lce_wall=3180.571 write_wall=9.897 lf_steps=0 cache_hits=0
SLIM_PHASE query-chunks wall=2.598 cumulative=3684.161 peak_rss_kib=67314000
SLIM_PROGRESS runs=1233190912/1859825801 resolve_wall=286.712 lce_wall=3182.981 write_wall=9.905 lf_steps=0 cache_hits=0
SLIM_PHASE query-chunks wall=2.665 cumulative=3686.826 peak_rss_kib=67319676
SLIM_PROGRESS runs=1234239488/1859825801 resolve_wall=286.963 lce_wall=3185.338 write_wall=9.913 lf_steps=0 cache_hits=0
SLIM_PHASE query-chunks wall=2.616 cumulative=3689.443 peak_rss_kib=67328064
SLIM_PROGRESS runs=1235288064/1859825801 resolve_wall=287.214 lce_wall=3187.684 write_wall=9.920 lf_steps=0 cache_hits=0
SLIM_PHASE query-chunks wall=2.605 cumulative=3692.048 peak_rss_kib=67339592
SLIM_PROGRESS runs=1236336640/1859825801 resolve_wall=287.466 lce_wall=3190.024 write_wall=9.928 lf_steps=0 cache_hits=0
SLIM_PHASE query-chunks wall=2.599 cumulative=3694.646 peak_rss_kib=67355292
SLIM_PROGRESS runs=1237385216/1859825801 resolve_wall=287.719 lce_wall=3192.391 write_wall=9.936 lf_steps=0 cache_hits=0
SLIM_PHASE query-chunks wall=2.628 cumulative=3697.274 peak_rss_kib=67365308
SLIM_PROGRESS runs=1238433792/1859825801 resolve_wall=287.974 lce_wall=3194.740 write_wall=9.943 lf_steps=0 cache_hits=0
SLIM_PHASE query-chunks wall=2.613 cumulative=3699.887 peak_rss_kib=67370916
SLIM_PROGRESS runs=1239482368/1859825801 resolve_wall=288.222 lce_wall=3197.134 write_wall=9.951 lf_steps=0 cache_hits=0
SLIM_PHASE query-chunks wall=2.650 cumulative=3702.537 peak_rss_kib=67385416
SLIM_PROGRESS runs=1240530944/1859825801 resolve_wall=288.476 lce_wall=3199.459 write_wall=9.959 lf_steps=0 cache_hits=0
SLIM_PHASE query-chunks wall=2.587 cumulative=3705.124 peak_rss_kib=67388224
SLIM_PROGRESS runs=1241579520/1859825801 resolve_wall=288.726 lce_wall=3201.780 write_wall=9.967 lf_steps=0 cache_hits=0
SLIM_PHASE query-chunks wall=2.578 cumulative=3707.702 peak_rss_kib=67388224
SLIM_PROGRESS runs=1242628096/1859825801 resolve_wall=288.983 lce_wall=3204.097 write_wall=9.975 lf_steps=0 cache_hits=0
SLIM_PHASE query-chunks wall=2.583 cumulative=3710.285 peak_rss_kib=67389716
SLIM_PROGRESS runs=1243676672/1859825801 resolve_wall=289.239 lce_wall=3206.512 write_wall=9.982 lf_steps=0 cache_hits=0
SLIM_PHASE query-chunks wall=2.679 cumulative=3712.963 peak_rss_kib=67399204
SLIM_PROGRESS runs=1244725248/1859825801 resolve_wall=289.491 lce_wall=3208.871 write_wall=9.990 lf_steps=0 cache_hits=0
SLIM_PHASE query-chunks wall=2.619 cumulative=3715.582 peak_rss_kib=67415948
SLIM_PROGRESS runs=1245773824/1859825801 resolve_wall=289.749 lce_wall=3211.248 write_wall=9.998 lf_steps=0 cache_hits=0
SLIM_PHASE query-chunks wall=2.642 cumulative=3718.224 peak_rss_kib=67424772
SLIM_PROGRESS runs=1246822400/1859825801 resolve_wall=290.004 lce_wall=3213.637 write_wall=10.005 lf_steps=0 cache_hits=0
SLIM_PHASE query-chunks wall=2.652 cumulative=3720.876 peak_rss_kib=67433476
SLIM_PROGRESS runs=1247870976/1859825801 resolve_wall=290.255 lce_wall=3216.033 write_wall=10.013 lf_steps=0 cache_hits=0
SLIM_PHASE query-chunks wall=2.656 cumulative=3723.532 peak_rss_kib=67436828
SLIM_PROGRESS runs=1248919552/1859825801 resolve_wall=290.508 lce_wall=3218.384 write_wall=10.020 lf_steps=0 cache_hits=0
SLIM_PHASE query-chunks wall=2.617 cumulative=3726.149 peak_rss_kib=67449152
SLIM_PROGRESS runs=1249968128/1859825801 resolve_wall=290.762 lce_wall=3220.767 write_wall=10.028 lf_steps=0 cache_hits=0
SLIM_PHASE query-chunks wall=2.645 cumulative=3728.794 peak_rss_kib=67459544
SLIM_PROGRESS runs=1251016704/1859825801 resolve_wall=291.017 lce_wall=3223.091 write_wall=10.035 lf_steps=0 cache_hits=0
SLIM_PHASE query-chunks wall=2.586 cumulative=3731.380 peak_rss_kib=67468644
SLIM_PROGRESS runs=1252065280/1859825801 resolve_wall=291.268 lce_wall=3225.416 write_wall=10.043 lf_steps=0 cache_hits=0
SLIM_PHASE query-chunks wall=2.584 cumulative=3733.964 peak_rss_kib=67474628
SLIM_PROGRESS runs=1253113856/1859825801 resolve_wall=291.524 lce_wall=3227.733 write_wall=10.050 lf_steps=0 cache_hits=0
SLIM_PHASE query-chunks wall=2.580 cumulative=3736.544 peak_rss_kib=67482344
SLIM_PROGRESS runs=1254162432/1859825801 resolve_wall=291.777 lce_wall=3230.089 write_wall=10.058 lf_steps=0 cache_hits=0
SLIM_PHASE query-chunks wall=2.617 cumulative=3739.161 peak_rss_kib=67491136
SLIM_PROGRESS runs=1255211008/1859825801 resolve_wall=292.031 lce_wall=3232.400 write_wall=10.065 lf_steps=0 cache_hits=0
SLIM_PHASE query-chunks wall=2.573 cumulative=3741.734 peak_rss_kib=67502016
SLIM_PROGRESS runs=1256259584/1859825801 resolve_wall=292.283 lce_wall=3234.711 write_wall=10.072 lf_steps=0 cache_hits=0
SLIM_PHASE query-chunks wall=2.571 cumulative=3744.305 peak_rss_kib=67512900
SLIM_PROGRESS runs=1257308160/1859825801 resolve_wall=292.534 lce_wall=3237.123 write_wall=10.079 lf_steps=0 cache_hits=0
SLIM_PHASE query-chunks wall=2.670 cumulative=3746.975 peak_rss_kib=67526712
SLIM_PROGRESS runs=1258356736/1859825801 resolve_wall=292.786 lce_wall=3239.459 write_wall=10.087 lf_steps=0 cache_hits=0
SLIM_PHASE query-chunks wall=2.596 cumulative=3749.571 peak_rss_kib=67528596
SLIM_PROGRESS runs=1259405312/1859825801 resolve_wall=293.039 lce_wall=3241.863 write_wall=10.095 lf_steps=0 cache_hits=0
SLIM_PHASE query-chunks wall=2.664 cumulative=3752.235 peak_rss_kib=67538980
SLIM_PROGRESS runs=1260453888/1859825801 resolve_wall=293.291 lce_wall=3244.257 write_wall=10.103 lf_steps=0 cache_hits=0
SLIM_PHASE query-chunks wall=2.654 cumulative=3754.890 peak_rss_kib=67547952
SLIM_PROGRESS runs=1261502464/1859825801 resolve_wall=293.544 lce_wall=3246.579 write_wall=10.110 lf_steps=0 cache_hits=0
SLIM_PHASE query-chunks wall=2.582 cumulative=3757.472 peak_rss_kib=67555888
SLIM_PROGRESS runs=1262551040/1859825801 resolve_wall=293.797 lce_wall=3248.918 write_wall=10.117 lf_steps=0 cache_hits=0
SLIM_PHASE query-chunks wall=2.600 cumulative=3760.072 peak_rss_kib=67560056
SLIM_PROGRESS runs=1263599616/1859825801 resolve_wall=294.049 lce_wall=3251.211 write_wall=10.125 lf_steps=0 cache_hits=0
SLIM_PHASE query-chunks wall=2.553 cumulative=3762.624 peak_rss_kib=67569092
SLIM_PROGRESS runs=1264648192/1859825801 resolve_wall=294.302 lce_wall=3253.531 write_wall=10.132 lf_steps=0 cache_hits=0
SLIM_PHASE query-chunks wall=2.581 cumulative=3765.205 peak_rss_kib=67574308
SLIM_PROGRESS runs=1265696768/1859825801 resolve_wall=294.555 lce_wall=3255.873 write_wall=10.139 lf_steps=0 cache_hits=0
SLIM_PHASE query-chunks wall=2.603 cumulative=3767.808 peak_rss_kib=67575940
SLIM_PROGRESS runs=1266745344/1859825801 resolve_wall=294.809 lce_wall=3258.209 write_wall=10.147 lf_steps=0 cache_hits=0
SLIM_PHASE query-chunks wall=2.597 cumulative=3770.405 peak_rss_kib=67583012
SLIM_PROGRESS runs=1267793920/1859825801 resolve_wall=295.065 lce_wall=3260.587 write_wall=10.154 lf_steps=0 cache_hits=0
SLIM_PHASE query-chunks wall=2.642 cumulative=3773.046 peak_rss_kib=67586612
SLIM_PROGRESS runs=1268842496/1859825801 resolve_wall=295.320 lce_wall=3262.906 write_wall=10.162 lf_steps=0 cache_hits=0
SLIM_PHASE query-chunks wall=2.582 cumulative=3775.628 peak_rss_kib=67614028
SLIM_PROGRESS runs=1269891072/1859825801 resolve_wall=295.585 lce_wall=3265.293 write_wall=10.170 lf_steps=0 cache_hits=0
SLIM_PHASE query-chunks wall=2.660 cumulative=3778.288 peak_rss_kib=67617908
SLIM_PROGRESS runs=1270939648/1859825801 resolve_wall=295.838 lce_wall=3267.689 write_wall=10.177 lf_steps=0 cache_hits=0
SLIM_PHASE query-chunks wall=2.657 cumulative=3780.945 peak_rss_kib=67632472
SLIM_PROGRESS runs=1271988224/1859825801 resolve_wall=296.092 lce_wall=3270.061 write_wall=10.185 lf_steps=0 cache_hits=0
SLIM_PHASE query-chunks wall=2.634 cumulative=3783.579 peak_rss_kib=67642768
SLIM_PROGRESS runs=1273036800/1859825801 resolve_wall=296.348 lce_wall=3272.431 write_wall=10.192 lf_steps=0 cache_hits=0
SLIM_PHASE query-chunks wall=2.634 cumulative=3786.212 peak_rss_kib=67648544
SLIM_PROGRESS runs=1274085376/1859825801 resolve_wall=296.603 lce_wall=3274.849 write_wall=10.200 lf_steps=0 cache_hits=0
SLIM_PHASE query-chunks wall=2.681 cumulative=3788.893 peak_rss_kib=67650204
SLIM_PROGRESS runs=1275133952/1859825801 resolve_wall=296.855 lce_wall=3277.216 write_wall=10.207 lf_steps=0 cache_hits=0
SLIM_PHASE query-chunks wall=2.627 cumulative=3791.520 peak_rss_kib=67654352
SLIM_PROGRESS runs=1276182528/1859825801 resolve_wall=297.108 lce_wall=3279.583 write_wall=10.215 lf_steps=0 cache_hits=0
SLIM_PHASE query-chunks wall=2.628 cumulative=3794.147 peak_rss_kib=67661456
SLIM_PROGRESS runs=1277231104/1859825801 resolve_wall=297.364 lce_wall=3281.937 write_wall=10.223 lf_steps=0 cache_hits=0
SLIM_PHASE query-chunks wall=2.617 cumulative=3796.765 peak_rss_kib=67674644
SLIM_PROGRESS runs=1278279680/1859825801 resolve_wall=297.631 lce_wall=3284.278 write_wall=10.230 lf_steps=0 cache_hits=0
SLIM_PHASE query-chunks wall=2.615 cumulative=3799.380 peak_rss_kib=67684176
SLIM_PROGRESS runs=1279328256/1859825801 resolve_wall=297.884 lce_wall=3286.658 write_wall=10.238 lf_steps=0 cache_hits=0
SLIM_PHASE query-chunks wall=2.642 cumulative=3802.021 peak_rss_kib=67689628
SLIM_PROGRESS runs=1280376832/1859825801 resolve_wall=298.136 lce_wall=3288.997 write_wall=10.245 lf_steps=0 cache_hits=0
SLIM_PHASE query-chunks wall=2.598 cumulative=3804.619 peak_rss_kib=67701364
SLIM_PROGRESS runs=1281425408/1859825801 resolve_wall=298.391 lce_wall=3291.353 write_wall=10.252 lf_steps=0 cache_hits=0
SLIM_PHASE query-chunks wall=2.619 cumulative=3807.238 peak_rss_kib=67708432
SLIM_PROGRESS runs=1282473984/1859825801 resolve_wall=298.650 lce_wall=3293.720 write_wall=10.260 lf_steps=0 cache_hits=0
SLIM_PHASE query-chunks wall=2.633 cumulative=3809.871 peak_rss_kib=67714644
SLIM_PROGRESS runs=1283522560/1859825801 resolve_wall=298.903 lce_wall=3296.070 write_wall=10.267 lf_steps=0 cache_hits=0
SLIM_PHASE query-chunks wall=2.611 cumulative=3812.483 peak_rss_kib=67714644
SLIM_PROGRESS runs=1284571136/1859825801 resolve_wall=299.161 lce_wall=3298.430 write_wall=10.275 lf_steps=0 cache_hits=0
SLIM_PHASE query-chunks wall=2.625 cumulative=3815.108 peak_rss_kib=67723588
SLIM_PROGRESS runs=1285619712/1859825801 resolve_wall=299.412 lce_wall=3300.772 write_wall=10.282 lf_steps=0 cache_hits=0
SLIM_PHASE query-chunks wall=2.601 cumulative=3817.709 peak_rss_kib=67729216
SLIM_PROGRESS runs=1286668288/1859825801 resolve_wall=299.665 lce_wall=3303.122 write_wall=10.290 lf_steps=0 cache_hits=0
SLIM_PHASE query-chunks wall=2.611 cumulative=3820.319 peak_rss_kib=67733428
SLIM_PROGRESS runs=1287716864/1859825801 resolve_wall=299.924 lce_wall=3305.476 write_wall=10.297 lf_steps=0 cache_hits=0
SLIM_PHASE query-chunks wall=2.620 cumulative=3822.940 peak_rss_kib=67738504
SLIM_PROGRESS runs=1288765440/1859825801 resolve_wall=300.178 lce_wall=3307.840 write_wall=10.305 lf_steps=0 cache_hits=0
SLIM_PHASE query-chunks wall=2.626 cumulative=3825.565 peak_rss_kib=67746356
SLIM_PROGRESS runs=1289814016/1859825801 resolve_wall=300.432 lce_wall=3310.229 write_wall=10.312 lf_steps=0 cache_hits=0
SLIM_PHASE query-chunks wall=2.652 cumulative=3828.217 peak_rss_kib=67749496
SLIM_PROGRESS runs=1290862592/1859825801 resolve_wall=300.686 lce_wall=3312.555 write_wall=10.320 lf_steps=0 cache_hits=0
SLIM_PHASE query-chunks wall=2.588 cumulative=3830.805 peak_rss_kib=67765500
SLIM_PROGRESS runs=1291911168/1859825801 resolve_wall=300.945 lce_wall=3314.959 write_wall=10.327 lf_steps=0 cache_hits=0
SLIM_PHASE query-chunks wall=2.670 cumulative=3833.475 peak_rss_kib=67774896
SLIM_PROGRESS runs=1292959744/1859825801 resolve_wall=301.197 lce_wall=3317.357 write_wall=10.335 lf_steps=0 cache_hits=0
SLIM_PHASE query-chunks wall=2.658 cumulative=3836.133 peak_rss_kib=67779572
SLIM_PROGRESS runs=1294008320/1859825801 resolve_wall=301.448 lce_wall=3319.796 write_wall=10.343 lf_steps=0 cache_hits=0
SLIM_PHASE query-chunks wall=2.697 cumulative=3838.830 peak_rss_kib=67793828
SLIM_PROGRESS runs=1295056896/1859825801 resolve_wall=301.687 lce_wall=3322.364 write_wall=10.351 lf_steps=0 cache_hits=0
SLIM_PHASE query-chunks wall=2.816 cumulative=3841.646 peak_rss_kib=67807260
SLIM_PROGRESS runs=1296105472/1859825801 resolve_wall=301.925 lce_wall=3325.002 write_wall=10.359 lf_steps=0 cache_hits=0
SLIM_PHASE query-chunks wall=2.884 cumulative=3844.531 peak_rss_kib=67825424
SLIM_PROGRESS runs=1297154048/1859825801 resolve_wall=302.166 lce_wall=3327.441 write_wall=10.368 lf_steps=0 cache_hits=0
SLIM_PHASE query-chunks wall=2.688 cumulative=3847.219 peak_rss_kib=67835732
SLIM_PROGRESS runs=1298202624/1859825801 resolve_wall=302.405 lce_wall=3329.876 write_wall=10.376 lf_steps=0 cache_hits=0
SLIM_PHASE query-chunks wall=2.682 cumulative=3849.901 peak_rss_kib=67849788
SLIM_PROGRESS runs=1299251200/1859825801 resolve_wall=302.646 lce_wall=3332.259 write_wall=10.384 lf_steps=0 cache_hits=0
SLIM_PHASE query-chunks wall=2.633 cumulative=3852.534 peak_rss_kib=67851780
SLIM_PROGRESS runs=1300299776/1859825801 resolve_wall=302.886 lce_wall=3334.649 write_wall=10.392 lf_steps=0 cache_hits=0
SLIM_PHASE query-chunks wall=2.639 cumulative=3855.173 peak_rss_kib=67867340
SLIM_PROGRESS runs=1301348352/1859825801 resolve_wall=303.129 lce_wall=3337.030 write_wall=10.401 lf_steps=0 cache_hits=0
SLIM_PHASE query-chunks wall=2.632 cumulative=3857.804 peak_rss_kib=67873488
SLIM_PROGRESS runs=1302396928/1859825801 resolve_wall=303.374 lce_wall=3339.383 write_wall=10.409 lf_steps=0 cache_hits=0
SLIM_PHASE query-chunks wall=2.606 cumulative=3860.411 peak_rss_kib=67885912
SLIM_PROGRESS runs=1303445504/1859825801 resolve_wall=303.614 lce_wall=3341.780 write_wall=10.417 lf_steps=0 cache_hits=0
SLIM_PHASE query-chunks wall=2.646 cumulative=3863.057 peak_rss_kib=67894080
SLIM_PROGRESS runs=1304494080/1859825801 resolve_wall=303.855 lce_wall=3344.139 write_wall=10.425 lf_steps=0 cache_hits=0
SLIM_PHASE query-chunks wall=2.609 cumulative=3865.665 peak_rss_kib=67897236
SLIM_PROGRESS runs=1305542656/1859825801 resolve_wall=304.097 lce_wall=3346.504 write_wall=10.433 lf_steps=0 cache_hits=0
SLIM_PHASE query-chunks wall=2.614 cumulative=3868.279 peak_rss_kib=67898968
SLIM_PROGRESS runs=1306591232/1859825801 resolve_wall=304.337 lce_wall=3348.859 write_wall=10.441 lf_steps=0 cache_hits=0
SLIM_PHASE query-chunks wall=2.604 cumulative=3870.884 peak_rss_kib=67902676
SLIM_PROGRESS runs=1307639808/1859825801 resolve_wall=304.579 lce_wall=3351.244 write_wall=10.450 lf_steps=0 cache_hits=0
SLIM_PHASE query-chunks wall=2.635 cumulative=3873.519 peak_rss_kib=67910844
SLIM_PROGRESS runs=1308688384/1859825801 resolve_wall=304.821 lce_wall=3353.648 write_wall=10.458 lf_steps=0 cache_hits=0
SLIM_PHASE query-chunks wall=2.654 cumulative=3876.173 peak_rss_kib=67916108
SLIM_PROGRESS runs=1309736960/1859825801 resolve_wall=305.066 lce_wall=3356.023 write_wall=10.466 lf_steps=0 cache_hits=0
SLIM_PHASE query-chunks wall=2.628 cumulative=3878.802 peak_rss_kib=67922380
SLIM_PROGRESS runs=1310785536/1859825801 resolve_wall=305.307 lce_wall=3358.435 write_wall=10.474 lf_steps=0 cache_hits=0
SLIM_PHASE query-chunks wall=2.661 cumulative=3881.463 peak_rss_kib=67927536
SLIM_PROGRESS runs=1311834112/1859825801 resolve_wall=305.547 lce_wall=3360.835 write_wall=10.483 lf_steps=0 cache_hits=0
SLIM_PHASE query-chunks wall=2.648 cumulative=3884.111 peak_rss_kib=67936888
SLIM_PROGRESS runs=1312882688/1859825801 resolve_wall=305.786 lce_wall=3363.217 write_wall=10.491 lf_steps=0 cache_hits=0
SLIM_PHASE query-chunks wall=2.630 cumulative=3886.741 peak_rss_kib=67940736
SLIM_PROGRESS runs=1313931264/1859825801 resolve_wall=306.032 lce_wall=3365.597 write_wall=10.499 lf_steps=0 cache_hits=0
SLIM_PHASE query-chunks wall=2.634 cumulative=3889.375 peak_rss_kib=67951276
SLIM_PROGRESS runs=1314979840/1859825801 resolve_wall=306.277 lce_wall=3367.984 write_wall=10.507 lf_steps=0 cache_hits=0
SLIM_PHASE query-chunks wall=2.641 cumulative=3892.016 peak_rss_kib=67955692
SLIM_PROGRESS runs=1316028416/1859825801 resolve_wall=306.519 lce_wall=3370.388 write_wall=10.516 lf_steps=0 cache_hits=0
SLIM_PHASE query-chunks wall=2.654 cumulative=3894.670 peak_rss_kib=67960436
SLIM_PROGRESS runs=1317076992/1859825801 resolve_wall=306.761 lce_wall=3372.733 write_wall=10.524 lf_steps=0 cache_hits=0
SLIM_PHASE query-chunks wall=2.596 cumulative=3897.266 peak_rss_kib=67976504
SLIM_PROGRESS runs=1318125568/1859825801 resolve_wall=307.004 lce_wall=3375.078 write_wall=10.532 lf_steps=0 cache_hits=0
SLIM_PHASE query-chunks wall=2.596 cumulative=3899.861 peak_rss_kib=67979136
SLIM_PROGRESS runs=1319174144/1859825801 resolve_wall=307.246 lce_wall=3377.414 write_wall=10.540 lf_steps=0 cache_hits=0
SLIM_PHASE query-chunks wall=2.586 cumulative=3902.448 peak_rss_kib=67985140
SLIM_PROGRESS runs=1320222720/1859825801 resolve_wall=307.489 lce_wall=3379.780 write_wall=10.548 lf_steps=0 cache_hits=0
SLIM_PHASE query-chunks wall=2.617 cumulative=3905.064 peak_rss_kib=67985864
SLIM_PROGRESS runs=1321271296/1859825801 resolve_wall=307.732 lce_wall=3382.110 write_wall=10.556 lf_steps=0 cache_hits=0
SLIM_PHASE query-chunks wall=2.581 cumulative=3907.646 peak_rss_kib=68000728
SLIM_PROGRESS runs=1322319872/1859825801 resolve_wall=307.977 lce_wall=3384.449 write_wall=10.564 lf_steps=0 cache_hits=0
SLIM_PHASE query-chunks wall=2.592 cumulative=3910.238 peak_rss_kib=68011492
SLIM_PROGRESS runs=1323368448/1859825801 resolve_wall=308.219 lce_wall=3386.794 write_wall=10.572 lf_steps=0 cache_hits=0
SLIM_PHASE query-chunks wall=2.595 cumulative=3912.833 peak_rss_kib=68026064
SLIM_PROGRESS runs=1324417024/1859825801 resolve_wall=308.468 lce_wall=3389.156 write_wall=10.580 lf_steps=0 cache_hits=0
SLIM_PHASE query-chunks wall=2.620 cumulative=3915.453 peak_rss_kib=68039528
SLIM_PROGRESS runs=1325465600/1859825801 resolve_wall=308.709 lce_wall=3391.478 write_wall=10.588 lf_steps=0 cache_hits=0
SLIM_PHASE query-chunks wall=2.572 cumulative=3918.025 peak_rss_kib=68050812
SLIM_PROGRESS runs=1326514176/1859825801 resolve_wall=308.952 lce_wall=3393.858 write_wall=10.597 lf_steps=0 cache_hits=0
SLIM_PHASE query-chunks wall=2.631 cumulative=3920.656 peak_rss_kib=68058104
SLIM_PROGRESS runs=1327562752/1859825801 resolve_wall=309.192 lce_wall=3396.200 write_wall=10.605 lf_steps=0 cache_hits=0
SLIM_PHASE query-chunks wall=2.591 cumulative=3923.247 peak_rss_kib=68070880
SLIM_PROGRESS runs=1328611328/1859825801 resolve_wall=309.432 lce_wall=3398.525 write_wall=10.613 lf_steps=0 cache_hits=0
SLIM_PHASE query-chunks wall=2.572 cumulative=3925.819 peak_rss_kib=68071196
SLIM_PROGRESS runs=1329659904/1859825801 resolve_wall=309.673 lce_wall=3400.578 write_wall=10.622 lf_steps=0 cache_hits=0
SLIM_PHASE query-chunks wall=2.303 cumulative=3928.122 peak_rss_kib=68076836
SLIM_PROGRESS runs=1330708480/1859825801 resolve_wall=309.913 lce_wall=3402.957 write_wall=10.630 lf_steps=0 cache_hits=0
SLIM_PHASE query-chunks wall=2.628 cumulative=3930.750 peak_rss_kib=68086332
SLIM_PROGRESS runs=1331757056/1859825801 resolve_wall=310.154 lce_wall=3405.330 write_wall=10.638 lf_steps=0 cache_hits=0
SLIM_PHASE query-chunks wall=2.622 cumulative=3933.372 peak_rss_kib=68099744
SLIM_PROGRESS runs=1332805632/1859825801 resolve_wall=310.395 lce_wall=3407.661 write_wall=10.646 lf_steps=0 cache_hits=0
SLIM_PHASE query-chunks wall=2.580 cumulative=3935.952 peak_rss_kib=68104328
SLIM_PROGRESS runs=1333854208/1859825801 resolve_wall=310.636 lce_wall=3410.059 write_wall=10.654 lf_steps=0 cache_hits=0
SLIM_PHASE query-chunks wall=2.647 cumulative=3938.599 peak_rss_kib=68113736
SLIM_PROGRESS runs=1334902784/1859825801 resolve_wall=310.880 lce_wall=3412.427 write_wall=10.662 lf_steps=0 cache_hits=0
SLIM_PHASE query-chunks wall=2.620 cumulative=3941.219 peak_rss_kib=68115476
SLIM_PROGRESS runs=1335951360/1859825801 resolve_wall=311.121 lce_wall=3414.772 write_wall=10.670 lf_steps=0 cache_hits=0
SLIM_PHASE query-chunks wall=2.595 cumulative=3943.814 peak_rss_kib=68115984
SLIM_PROGRESS runs=1336999936/1859825801 resolve_wall=311.364 lce_wall=3417.123 write_wall=10.678 lf_steps=0 cache_hits=0
SLIM_PHASE query-chunks wall=2.602 cumulative=3946.416 peak_rss_kib=68115984
SLIM_PROGRESS runs=1338048512/1859825801 resolve_wall=311.610 lce_wall=3419.499 write_wall=10.687 lf_steps=0 cache_hits=0
SLIM_PHASE query-chunks wall=2.630 cumulative=3949.046 peak_rss_kib=68136452
SLIM_PROGRESS runs=1339097088/1859825801 resolve_wall=311.857 lce_wall=3421.873 write_wall=10.695 lf_steps=0 cache_hits=0
SLIM_PHASE query-chunks wall=2.629 cumulative=3951.675 peak_rss_kib=68151148
SLIM_PROGRESS runs=1340145664/1859825801 resolve_wall=312.102 lce_wall=3424.242 write_wall=10.703 lf_steps=0 cache_hits=0
SLIM_PHASE query-chunks wall=2.623 cumulative=3954.298 peak_rss_kib=68165580
SLIM_PROGRESS runs=1341194240/1859825801 resolve_wall=312.345 lce_wall=3426.625 write_wall=10.711 lf_steps=0 cache_hits=0
SLIM_PHASE query-chunks wall=2.634 cumulative=3956.932 peak_rss_kib=68174344
SLIM_PROGRESS runs=1342242816/1859825801 resolve_wall=312.588 lce_wall=3429.002 write_wall=10.719 lf_steps=0 cache_hits=0
SLIM_PHASE query-chunks wall=2.628 cumulative=3959.561 peak_rss_kib=68174344
SLIM_PROGRESS runs=1343291392/1859825801 resolve_wall=312.834 lce_wall=3431.389 write_wall=10.728 lf_steps=0 cache_hits=0
SLIM_PHASE query-chunks wall=2.640 cumulative=3962.201 peak_rss_kib=68187828
SLIM_PROGRESS runs=1344339968/1859825801 resolve_wall=313.077 lce_wall=3433.762 write_wall=10.736 lf_steps=0 cache_hits=0
SLIM_PHASE query-chunks wall=2.626 cumulative=3964.827 peak_rss_kib=68187828
SLIM_PROGRESS runs=1345388544/1859825801 resolve_wall=313.323 lce_wall=3436.173 write_wall=10.744 lf_steps=0 cache_hits=0
SLIM_PHASE query-chunks wall=2.665 cumulative=3967.491 peak_rss_kib=68194440
SLIM_PROGRESS runs=1346437120/1859825801 resolve_wall=313.567 lce_wall=3438.514 write_wall=10.752 lf_steps=0 cache_hits=0
SLIM_PHASE query-chunks wall=2.593 cumulative=3970.085 peak_rss_kib=68203328
SLIM_PROGRESS runs=1347485696/1859825801 resolve_wall=313.813 lce_wall=3440.852 write_wall=10.760 lf_steps=0 cache_hits=0
SLIM_PHASE query-chunks wall=2.592 cumulative=3972.677 peak_rss_kib=68223492
SLIM_PROGRESS runs=1348534272/1859825801 resolve_wall=314.055 lce_wall=3443.196 write_wall=10.768 lf_steps=0 cache_hits=0
SLIM_PHASE query-chunks wall=2.593 cumulative=3975.270 peak_rss_kib=68240476
SLIM_PROGRESS runs=1349582848/1859825801 resolve_wall=314.298 lce_wall=3445.541 write_wall=10.776 lf_steps=0 cache_hits=0
SLIM_PHASE query-chunks wall=2.597 cumulative=3977.868 peak_rss_kib=68253108
SLIM_PROGRESS runs=1350631424/1859825801 resolve_wall=314.541 lce_wall=3447.908 write_wall=10.784 lf_steps=0 cache_hits=0
SLIM_PHASE query-chunks wall=2.618 cumulative=3980.486 peak_rss_kib=68263356
SLIM_PROGRESS runs=1351680000/1859825801 resolve_wall=314.789 lce_wall=3450.272 write_wall=10.792 lf_steps=0 cache_hits=0
SLIM_PHASE query-chunks wall=2.621 cumulative=3983.106 peak_rss_kib=68267232
SLIM_PROGRESS runs=1352728576/1859825801 resolve_wall=315.032 lce_wall=3452.615 write_wall=10.801 lf_steps=0 cache_hits=0
SLIM_PHASE query-chunks wall=2.594 cumulative=3985.701 peak_rss_kib=68267232
SLIM_PROGRESS runs=1353777152/1859825801 resolve_wall=315.278 lce_wall=3455.000 write_wall=10.809 lf_steps=0 cache_hits=0
SLIM_PHASE query-chunks wall=2.639 cumulative=3988.340 peak_rss_kib=68273228
SLIM_PROGRESS runs=1354825728/1859825801 resolve_wall=315.521 lce_wall=3457.338 write_wall=10.817 lf_steps=0 cache_hits=0
SLIM_PHASE query-chunks wall=2.589 cumulative=3990.929 peak_rss_kib=68277692
SLIM_PROGRESS runs=1355874304/1859825801 resolve_wall=315.762 lce_wall=3459.705 write_wall=10.826 lf_steps=0 cache_hits=0
SLIM_PHASE query-chunks wall=2.617 cumulative=3993.546 peak_rss_kib=68292252
SLIM_PROGRESS runs=1356922880/1859825801 resolve_wall=316.000 lce_wall=3462.075 write_wall=10.835 lf_steps=0 cache_hits=0
SLIM_PHASE query-chunks wall=2.618 cumulative=3996.164 peak_rss_kib=68304228
SLIM_PROGRESS runs=1357971456/1859825801 resolve_wall=316.239 lce_wall=3464.426 write_wall=10.847 lf_steps=0 cache_hits=0
SLIM_PHASE query-chunks wall=2.602 cumulative=3998.766 peak_rss_kib=68327248
SLIM_PROGRESS runs=1359020032/1859825801 resolve_wall=316.480 lce_wall=3466.766 write_wall=10.857 lf_steps=0 cache_hits=0
SLIM_PHASE query-chunks wall=2.591 cumulative=4001.357 peak_rss_kib=68336012
SLIM_PROGRESS runs=1360068608/1859825801 resolve_wall=316.719 lce_wall=3469.103 write_wall=10.867 lf_steps=0 cache_hits=0
SLIM_PHASE query-chunks wall=2.587 cumulative=4003.944 peak_rss_kib=68343024
SLIM_PROGRESS runs=1361117184/1859825801 resolve_wall=316.963 lce_wall=3471.429 write_wall=10.876 lf_steps=0 cache_hits=0
SLIM_PHASE query-chunks wall=2.579 cumulative=4006.523 peak_rss_kib=68346556
SLIM_PROGRESS runs=1362165760/1859825801 resolve_wall=317.219 lce_wall=3473.729 write_wall=10.884 lf_steps=0 cache_hits=0
SLIM_PHASE query-chunks wall=2.563 cumulative=4009.086 peak_rss_kib=68347664
SLIM_PROGRESS runs=1363214336/1859825801 resolve_wall=317.475 lce_wall=3476.055 write_wall=10.891 lf_steps=0 cache_hits=0
SLIM_PHASE query-chunks wall=2.590 cumulative=4011.676 peak_rss_kib=68362960
SLIM_PROGRESS runs=1364262912/1859825801 resolve_wall=317.728 lce_wall=3478.382 write_wall=10.899 lf_steps=0 cache_hits=0
SLIM_PHASE query-chunks wall=2.588 cumulative=4014.263 peak_rss_kib=68371336
SLIM_PROGRESS runs=1365311488/1859825801 resolve_wall=317.980 lce_wall=3480.728 write_wall=10.906 lf_steps=0 cache_hits=0
SLIM_PHASE query-chunks wall=2.606 cumulative=4016.869 peak_rss_kib=68381804
SLIM_PROGRESS runs=1366360064/1859825801 resolve_wall=318.235 lce_wall=3483.056 write_wall=10.913 lf_steps=0 cache_hits=0
SLIM_PHASE query-chunks wall=2.591 cumulative=4019.460 peak_rss_kib=68382932
SLIM_PROGRESS runs=1367408640/1859825801 resolve_wall=318.489 lce_wall=3485.413 write_wall=10.921 lf_steps=0 cache_hits=0
SLIM_PHASE query-chunks wall=2.619 cumulative=4022.079 peak_rss_kib=68385212
SLIM_PROGRESS runs=1368457216/1859825801 resolve_wall=318.744 lce_wall=3487.751 write_wall=10.929 lf_steps=0 cache_hits=0
SLIM_PHASE query-chunks wall=2.601 cumulative=4024.680 peak_rss_kib=68388668
SLIM_PROGRESS runs=1369505792/1859825801 resolve_wall=318.998 lce_wall=3490.119 write_wall=10.937 lf_steps=0 cache_hits=0
SLIM_PHASE query-chunks wall=2.629 cumulative=4027.309 peak_rss_kib=68394916
SLIM_PROGRESS runs=1370554368/1859825801 resolve_wall=319.250 lce_wall=3492.429 write_wall=10.944 lf_steps=0 cache_hits=0
SLIM_PHASE query-chunks wall=2.569 cumulative=4029.879 peak_rss_kib=68400172
SLIM_PROGRESS runs=1371602944/1859825801 resolve_wall=319.503 lce_wall=3494.771 write_wall=10.952 lf_steps=0 cache_hits=0
SLIM_PHASE query-chunks wall=2.603 cumulative=4032.482 peak_rss_kib=68410396
SLIM_PROGRESS runs=1372651520/1859825801 resolve_wall=319.757 lce_wall=3497.109 write_wall=10.959 lf_steps=0 cache_hits=0
SLIM_PHASE query-chunks wall=2.599 cumulative=4035.081 peak_rss_kib=68416624
SLIM_PROGRESS runs=1373700096/1859825801 resolve_wall=320.013 lce_wall=3499.471 write_wall=10.967 lf_steps=0 cache_hits=0
SLIM_PHASE query-chunks wall=2.626 cumulative=4037.706 peak_rss_kib=68424572
SLIM_PROGRESS runs=1374748672/1859825801 resolve_wall=320.268 lce_wall=3501.859 write_wall=10.975 lf_steps=0 cache_hits=0
SLIM_PHASE query-chunks wall=2.651 cumulative=4040.358 peak_rss_kib=68439980
SLIM_PROGRESS runs=1375797248/1859825801 resolve_wall=320.523 lce_wall=3504.202 write_wall=10.983 lf_steps=0 cache_hits=0
SLIM_PHASE query-chunks wall=2.605 cumulative=4042.963 peak_rss_kib=68450316
SLIM_PROGRESS runs=1376845824/1859825801 resolve_wall=320.777 lce_wall=3506.583 write_wall=10.991 lf_steps=0 cache_hits=0
SLIM_PHASE query-chunks wall=2.644 cumulative=4045.607 peak_rss_kib=68455848
SLIM_PROGRESS runs=1377894400/1859825801 resolve_wall=321.033 lce_wall=3508.971 write_wall=10.998 lf_steps=0 cache_hits=0
SLIM_PHASE query-chunks wall=2.652 cumulative=4048.259 peak_rss_kib=68461568
SLIM_PROGRESS runs=1378942976/1859825801 resolve_wall=321.294 lce_wall=3511.365 write_wall=11.006 lf_steps=0 cache_hits=0
SLIM_PHASE query-chunks wall=2.663 cumulative=4050.921 peak_rss_kib=68478208
SLIM_PROGRESS runs=1379991552/1859825801 resolve_wall=321.549 lce_wall=3513.817 write_wall=11.014 lf_steps=0 cache_hits=0
SLIM_PHASE query-chunks wall=2.715 cumulative=4053.636 peak_rss_kib=68489316
SLIM_PROGRESS runs=1381040128/1859825801 resolve_wall=321.806 lce_wall=3516.194 write_wall=11.021 lf_steps=0 cache_hits=0
SLIM_PHASE query-chunks wall=2.641 cumulative=4056.277 peak_rss_kib=68492160
SLIM_PROGRESS runs=1382088704/1859825801 resolve_wall=322.060 lce_wall=3518.565 write_wall=11.029 lf_steps=0 cache_hits=0
SLIM_PHASE query-chunks wall=2.633 cumulative=4058.910 peak_rss_kib=68498364
SLIM_PROGRESS runs=1383137280/1859825801 resolve_wall=322.316 lce_wall=3520.952 write_wall=11.037 lf_steps=0 cache_hits=0
SLIM_PHASE query-chunks wall=2.652 cumulative=4061.562 peak_rss_kib=68508472
SLIM_PROGRESS runs=1384185856/1859825801 resolve_wall=322.570 lce_wall=3523.313 write_wall=11.044 lf_steps=0 cache_hits=0
SLIM_PHASE query-chunks wall=2.622 cumulative=4064.184 peak_rss_kib=68511048
SLIM_PROGRESS runs=1385234432/1859825801 resolve_wall=322.824 lce_wall=3525.656 write_wall=11.052 lf_steps=0 cache_hits=0
SLIM_PHASE query-chunks wall=2.605 cumulative=4066.789 peak_rss_kib=68512812
SLIM_PROGRESS runs=1386283008/1859825801 resolve_wall=323.077 lce_wall=3528.010 write_wall=11.059 lf_steps=0 cache_hits=0
SLIM_PHASE query-chunks wall=2.615 cumulative=4069.404 peak_rss_kib=68517488
SLIM_PROGRESS runs=1387331584/1859825801 resolve_wall=323.332 lce_wall=3530.446 write_wall=11.067 lf_steps=0 cache_hits=0
SLIM_PHASE query-chunks wall=2.699 cumulative=4072.103 peak_rss_kib=68525120
SLIM_PROGRESS runs=1388380160/1859825801 resolve_wall=323.593 lce_wall=3532.843 write_wall=11.075 lf_steps=0 cache_hits=0
SLIM_PHASE query-chunks wall=2.666 cumulative=4074.770 peak_rss_kib=68525376
SLIM_PROGRESS runs=1389428736/1859825801 resolve_wall=323.847 lce_wall=3535.191 write_wall=11.083 lf_steps=0 cache_hits=0
SLIM_PHASE query-chunks wall=2.609 cumulative=4077.378 peak_rss_kib=68525376
SLIM_PROGRESS runs=1390477312/1859825801 resolve_wall=324.100 lce_wall=3537.437 write_wall=11.090 lf_steps=0 cache_hits=0
SLIM_PHASE query-chunks wall=2.507 cumulative=4079.885 peak_rss_kib=68534468
SLIM_PROGRESS runs=1391525888/1859825801 resolve_wall=324.356 lce_wall=3539.772 write_wall=11.098 lf_steps=0 cache_hits=0
SLIM_PHASE query-chunks wall=2.599 cumulative=4082.484 peak_rss_kib=68539604
SLIM_PROGRESS runs=1392574464/1859825801 resolve_wall=324.608 lce_wall=3542.099 write_wall=11.106 lf_steps=0 cache_hits=0
SLIM_PHASE query-chunks wall=2.587 cumulative=4085.071 peak_rss_kib=68545348
SLIM_PROGRESS runs=1393623040/1859825801 resolve_wall=324.871 lce_wall=3544.453 write_wall=11.113 lf_steps=0 cache_hits=0
SLIM_PHASE query-chunks wall=2.625 cumulative=4087.696 peak_rss_kib=68553304
SLIM_PROGRESS runs=1394671616/1859825801 resolve_wall=325.122 lce_wall=3546.787 write_wall=11.121 lf_steps=0 cache_hits=0
SLIM_PHASE query-chunks wall=2.593 cumulative=4090.289 peak_rss_kib=68567184
SLIM_PROGRESS runs=1395720192/1859825801 resolve_wall=325.378 lce_wall=3549.148 write_wall=11.129 lf_steps=0 cache_hits=0
SLIM_PHASE query-chunks wall=2.624 cumulative=4092.913 peak_rss_kib=68578948
SLIM_PROGRESS runs=1396768768/1859825801 resolve_wall=325.633 lce_wall=3551.485 write_wall=11.136 lf_steps=0 cache_hits=0
SLIM_PHASE query-chunks wall=2.600 cumulative=4095.513 peak_rss_kib=68590984
SLIM_PROGRESS runs=1397817344/1859825801 resolve_wall=325.885 lce_wall=3553.824 write_wall=11.144 lf_steps=0 cache_hits=0
SLIM_PHASE query-chunks wall=2.599 cumulative=4098.112 peak_rss_kib=68603964
SLIM_PROGRESS runs=1398865920/1859825801 resolve_wall=326.139 lce_wall=3556.187 write_wall=11.152 lf_steps=0 cache_hits=0
SLIM_PHASE query-chunks wall=2.624 cumulative=4100.736 peak_rss_kib=68606660
SLIM_PROGRESS runs=1399914496/1859825801 resolve_wall=326.391 lce_wall=3558.514 write_wall=11.159 lf_steps=0 cache_hits=0
SLIM_PHASE query-chunks wall=2.588 cumulative=4103.324 peak_rss_kib=68617536
SLIM_PROGRESS runs=1400963072/1859825801 resolve_wall=326.647 lce_wall=3560.894 write_wall=11.167 lf_steps=0 cache_hits=0
SLIM_PHASE query-chunks wall=2.643 cumulative=4105.967 peak_rss_kib=68624572
SLIM_PROGRESS runs=1402011648/1859825801 resolve_wall=326.901 lce_wall=3563.207 write_wall=11.175 lf_steps=0 cache_hits=0
SLIM_PHASE query-chunks wall=2.575 cumulative=4108.542 peak_rss_kib=68628716
SLIM_PROGRESS runs=1403060224/1859825801 resolve_wall=327.156 lce_wall=3565.536 write_wall=11.182 lf_steps=0 cache_hits=0
SLIM_PHASE query-chunks wall=2.592 cumulative=4111.134 peak_rss_kib=68639776
SLIM_PROGRESS runs=1404108800/1859825801 resolve_wall=327.411 lce_wall=3567.897 write_wall=11.190 lf_steps=0 cache_hits=0
SLIM_PHASE query-chunks wall=2.624 cumulative=4113.758 peak_rss_kib=68652756
SLIM_PROGRESS runs=1405157376/1859825801 resolve_wall=327.666 lce_wall=3570.322 write_wall=11.198 lf_steps=0 cache_hits=0
SLIM_PHASE query-chunks wall=2.688 cumulative=4116.446 peak_rss_kib=68662224
SLIM_PROGRESS runs=1406205952/1859825801 resolve_wall=327.923 lce_wall=3572.756 write_wall=11.206 lf_steps=0 cache_hits=0
SLIM_PHASE query-chunks wall=2.699 cumulative=4119.145 peak_rss_kib=68672500
SLIM_PROGRESS runs=1407254528/1859825801 resolve_wall=328.177 lce_wall=3575.155 write_wall=11.213 lf_steps=0 cache_hits=0
SLIM_PHASE query-chunks wall=2.660 cumulative=4121.805 peak_rss_kib=68679900
SLIM_PROGRESS runs=1408303104/1859825801 resolve_wall=328.432 lce_wall=3577.568 write_wall=11.221 lf_steps=0 cache_hits=0
SLIM_PHASE query-chunks wall=2.677 cumulative=4124.482 peak_rss_kib=68684516
SLIM_PROGRESS runs=1409351680/1859825801 resolve_wall=328.688 lce_wall=3579.967 write_wall=11.229 lf_steps=0 cache_hits=0
SLIM_PHASE query-chunks wall=2.664 cumulative=4127.145 peak_rss_kib=68698328
SLIM_PROGRESS runs=1410400256/1859825801 resolve_wall=328.947 lce_wall=3582.317 write_wall=11.236 lf_steps=0 cache_hits=0
SLIM_PHASE query-chunks wall=2.616 cumulative=4129.761 peak_rss_kib=68707812
SLIM_PROGRESS runs=1411448832/1859825801 resolve_wall=329.202 lce_wall=3584.684 write_wall=11.244 lf_steps=0 cache_hits=0
SLIM_PHASE query-chunks wall=2.630 cumulative=4132.392 peak_rss_kib=68720280
SLIM_PROGRESS runs=1412497408/1859825801 resolve_wall=329.457 lce_wall=3587.075 write_wall=11.252 lf_steps=0 cache_hits=0
SLIM_PHASE query-chunks wall=2.653 cumulative=4135.044 peak_rss_kib=68738524
SLIM_PROGRESS runs=1413545984/1859825801 resolve_wall=329.710 lce_wall=3589.407 write_wall=11.259 lf_steps=0 cache_hits=0
SLIM_PHASE query-chunks wall=2.594 cumulative=4137.639 peak_rss_kib=68743160
SLIM_PROGRESS runs=1414594560/1859825801 resolve_wall=329.962 lce_wall=3591.781 write_wall=11.267 lf_steps=0 cache_hits=0
SLIM_PHASE query-chunks wall=2.633 cumulative=4140.272 peak_rss_kib=68745912
SLIM_PROGRESS runs=1415643136/1859825801 resolve_wall=330.217 lce_wall=3594.139 write_wall=11.275 lf_steps=0 cache_hits=0
SLIM_PHASE query-chunks wall=2.621 cumulative=4142.892 peak_rss_kib=68752188
SLIM_PROGRESS runs=1416691712/1859825801 resolve_wall=330.472 lce_wall=3596.487 write_wall=11.282 lf_steps=0 cache_hits=0
SLIM_PHASE query-chunks wall=2.610 cumulative=4145.503 peak_rss_kib=68752188
SLIM_PROGRESS runs=1417740288/1859825801 resolve_wall=330.726 lce_wall=3598.861 write_wall=11.290 lf_steps=0 cache_hits=0
SLIM_PHASE query-chunks wall=2.636 cumulative=4148.139 peak_rss_kib=68765932
SLIM_PROGRESS runs=1418788864/1859825801 resolve_wall=330.988 lce_wall=3601.269 write_wall=11.298 lf_steps=0 cache_hits=0
SLIM_PHASE query-chunks wall=2.678 cumulative=4150.817 peak_rss_kib=68772744
SLIM_PROGRESS runs=1419837440/1859825801 resolve_wall=331.244 lce_wall=3603.653 write_wall=11.305 lf_steps=0 cache_hits=0
SLIM_PHASE query-chunks wall=2.649 cumulative=4153.465 peak_rss_kib=68790324
SLIM_PROGRESS runs=1420886016/1859825801 resolve_wall=331.497 lce_wall=3606.019 write_wall=11.313 lf_steps=0 cache_hits=0
SLIM_PHASE query-chunks wall=2.627 cumulative=4156.092 peak_rss_kib=68791784
SLIM_PROGRESS runs=1421934592/1859825801 resolve_wall=331.752 lce_wall=3608.374 write_wall=11.321 lf_steps=0 cache_hits=0
SLIM_PHASE query-chunks wall=2.617 cumulative=4158.710 peak_rss_kib=68807860
SLIM_PROGRESS runs=1422983168/1859825801 resolve_wall=332.004 lce_wall=3610.752 write_wall=11.329 lf_steps=0 cache_hits=0
SLIM_PHASE query-chunks wall=2.638 cumulative=4161.348 peak_rss_kib=68825484
SLIM_PROGRESS runs=1424031744/1859825801 resolve_wall=332.256 lce_wall=3613.154 write_wall=11.336 lf_steps=0 cache_hits=0
SLIM_PHASE query-chunks wall=2.661 cumulative=4164.008 peak_rss_kib=68835100
SLIM_PROGRESS runs=1425080320/1859825801 resolve_wall=332.508 lce_wall=3615.509 write_wall=11.344 lf_steps=0 cache_hits=0
SLIM_PHASE query-chunks wall=2.615 cumulative=4166.623 peak_rss_kib=68842828
SLIM_PROGRESS runs=1426128896/1859825801 resolve_wall=332.762 lce_wall=3617.897 write_wall=11.351 lf_steps=0 cache_hits=0
SLIM_PHASE query-chunks wall=2.649 cumulative=4169.273 peak_rss_kib=68853644
SLIM_PROGRESS runs=1427177472/1859825801 resolve_wall=333.017 lce_wall=3620.275 write_wall=11.358 lf_steps=0 cache_hits=0
SLIM_PHASE query-chunks wall=2.642 cumulative=4171.914 peak_rss_kib=68860304
SLIM_PROGRESS runs=1428226048/1859825801 resolve_wall=333.273 lce_wall=3622.634 write_wall=11.366 lf_steps=0 cache_hits=0
SLIM_PHASE query-chunks wall=2.622 cumulative=4174.536 peak_rss_kib=68875288
SLIM_PROGRESS runs=1429274624/1859825801 resolve_wall=333.524 lce_wall=3624.932 write_wall=11.373 lf_steps=0 cache_hits=0
SLIM_PHASE query-chunks wall=2.557 cumulative=4177.093 peak_rss_kib=68886516
SLIM_PROGRESS runs=1430323200/1859825801 resolve_wall=333.778 lce_wall=3627.329 write_wall=11.381 lf_steps=0 cache_hits=0
SLIM_PHASE query-chunks wall=2.658 cumulative=4179.751 peak_rss_kib=68895876
SLIM_PROGRESS runs=1431371776/1859825801 resolve_wall=334.030 lce_wall=3629.713 write_wall=11.388 lf_steps=0 cache_hits=0
SLIM_PHASE query-chunks wall=2.644 cumulative=4182.395 peak_rss_kib=68896736
SLIM_PROGRESS runs=1432420352/1859825801 resolve_wall=334.282 lce_wall=3632.128 write_wall=11.395 lf_steps=0 cache_hits=0
SLIM_PHASE query-chunks wall=2.674 cumulative=4185.069 peak_rss_kib=68896828
SLIM_PROGRESS runs=1433468928/1859825801 resolve_wall=334.534 lce_wall=3634.539 write_wall=11.402 lf_steps=0 cache_hits=0
SLIM_PHASE query-chunks wall=2.671 cumulative=4187.740 peak_rss_kib=68903532
SLIM_PROGRESS runs=1434517504/1859825801 resolve_wall=334.785 lce_wall=3636.865 write_wall=11.410 lf_steps=0 cache_hits=0
SLIM_PHASE query-chunks wall=2.583 cumulative=4190.323 peak_rss_kib=68920560
SLIM_PROGRESS runs=1435566080/1859825801 resolve_wall=335.041 lce_wall=3639.233 write_wall=11.417 lf_steps=0 cache_hits=0
SLIM_PHASE query-chunks wall=2.632 cumulative=4192.956 peak_rss_kib=68924208
SLIM_PROGRESS runs=1436614656/1859825801 resolve_wall=335.297 lce_wall=3641.645 write_wall=11.425 lf_steps=0 cache_hits=0
SLIM_PHASE query-chunks wall=2.676 cumulative=4195.632 peak_rss_kib=68929600
SLIM_PROGRESS runs=1437663232/1859825801 resolve_wall=335.550 lce_wall=3644.035 write_wall=11.432 lf_steps=0 cache_hits=0
SLIM_PHASE query-chunks wall=2.651 cumulative=4198.283 peak_rss_kib=68934384
SLIM_PROGRESS runs=1438711808/1859825801 resolve_wall=335.808 lce_wall=3646.419 write_wall=11.440 lf_steps=0 cache_hits=0
SLIM_PHASE query-chunks wall=2.650 cumulative=4200.933 peak_rss_kib=68944692
SLIM_PROGRESS runs=1439760384/1859825801 resolve_wall=336.059 lce_wall=3648.753 write_wall=11.448 lf_steps=0 cache_hits=0
SLIM_PHASE query-chunks wall=2.592 cumulative=4203.524 peak_rss_kib=68951424
SLIM_PROGRESS runs=1440808960/1859825801 resolve_wall=336.311 lce_wall=3651.188 write_wall=11.455 lf_steps=0 cache_hits=0
SLIM_PHASE query-chunks wall=2.694 cumulative=4206.219 peak_rss_kib=68962152
SLIM_PROGRESS runs=1441857536/1859825801 resolve_wall=336.566 lce_wall=3653.639 write_wall=11.463 lf_steps=0 cache_hits=0
SLIM_PHASE query-chunks wall=2.714 cumulative=4208.932 peak_rss_kib=68972624
SLIM_PROGRESS runs=1442906112/1859825801 resolve_wall=336.822 lce_wall=3656.049 write_wall=11.470 lf_steps=0 cache_hits=0
SLIM_PHASE query-chunks wall=2.674 cumulative=4211.607 peak_rss_kib=68977888
SLIM_PROGRESS runs=1443954688/1859825801 resolve_wall=337.075 lce_wall=3658.466 write_wall=11.478 lf_steps=0 cache_hits=0
SLIM_PHASE query-chunks wall=2.678 cumulative=4214.285 peak_rss_kib=68988044
SLIM_PROGRESS runs=1445003264/1859825801 resolve_wall=337.333 lce_wall=3660.842 write_wall=11.486 lf_steps=0 cache_hits=0
SLIM_PHASE query-chunks wall=2.643 cumulative=4216.927 peak_rss_kib=68993760
SLIM_PROGRESS runs=1446051840/1859825801 resolve_wall=337.589 lce_wall=3663.276 write_wall=11.494 lf_steps=0 cache_hits=0
SLIM_PHASE query-chunks wall=2.697 cumulative=4219.624 peak_rss_kib=68999504
SLIM_PROGRESS runs=1447100416/1859825801 resolve_wall=337.844 lce_wall=3665.652 write_wall=11.501 lf_steps=0 cache_hits=0
SLIM_PHASE query-chunks wall=2.639 cumulative=4222.263 peak_rss_kib=69016552
SLIM_PROGRESS runs=1448148992/1859825801 resolve_wall=338.099 lce_wall=3667.987 write_wall=11.509 lf_steps=0 cache_hits=0
SLIM_PHASE query-chunks wall=2.598 cumulative=4224.861 peak_rss_kib=69017448
SLIM_PROGRESS runs=1449197568/1859825801 resolve_wall=338.352 lce_wall=3670.326 write_wall=11.516 lf_steps=0 cache_hits=0
SLIM_PHASE query-chunks wall=2.600 cumulative=4227.460 peak_rss_kib=69018332
SLIM_PROGRESS runs=1450246144/1859825801 resolve_wall=338.605 lce_wall=3672.657 write_wall=11.524 lf_steps=0 cache_hits=0
SLIM_PHASE query-chunks wall=2.591 cumulative=4230.052 peak_rss_kib=69037316
SLIM_PROGRESS runs=1451294720/1859825801 resolve_wall=338.861 lce_wall=3675.002 write_wall=11.531 lf_steps=0 cache_hits=0
SLIM_PHASE query-chunks wall=2.610 cumulative=4232.661 peak_rss_kib=69049728
SLIM_PROGRESS runs=1452343296/1859825801 resolve_wall=339.117 lce_wall=3677.385 write_wall=11.539 lf_steps=0 cache_hits=0
SLIM_PHASE query-chunks wall=2.647 cumulative=4235.308 peak_rss_kib=69055220
SLIM_PROGRESS runs=1453391872/1859825801 resolve_wall=339.371 lce_wall=3679.730 write_wall=11.547 lf_steps=0 cache_hits=0
SLIM_PHASE query-chunks wall=2.606 cumulative=4237.914 peak_rss_kib=69063368
SLIM_PROGRESS runs=1454440448/1859825801 resolve_wall=339.625 lce_wall=3682.099 write_wall=11.554 lf_steps=0 cache_hits=0
SLIM_PHASE query-chunks wall=2.630 cumulative=4240.544 peak_rss_kib=69086320
SLIM_PROGRESS runs=1455489024/1859825801 resolve_wall=339.882 lce_wall=3684.431 write_wall=11.562 lf_steps=0 cache_hits=0
SLIM_PHASE query-chunks wall=2.597 cumulative=4243.141 peak_rss_kib=69095024
SLIM_PROGRESS runs=1456537600/1859825801 resolve_wall=340.135 lce_wall=3686.814 write_wall=11.570 lf_steps=0 cache_hits=0
SLIM_PHASE query-chunks wall=2.643 cumulative=4245.785 peak_rss_kib=69100196
SLIM_PROGRESS runs=1457586176/1859825801 resolve_wall=340.388 lce_wall=3689.131 write_wall=11.577 lf_steps=0 cache_hits=0
SLIM_PHASE query-chunks wall=2.578 cumulative=4248.363 peak_rss_kib=69105788
SLIM_PROGRESS runs=1458634752/1859825801 resolve_wall=340.642 lce_wall=3691.474 write_wall=11.585 lf_steps=0 cache_hits=0
SLIM_PHASE query-chunks wall=2.606 cumulative=4250.969 peak_rss_kib=69106016
SLIM_PROGRESS runs=1459683328/1859825801 resolve_wall=340.894 lce_wall=3693.854 write_wall=11.593 lf_steps=0 cache_hits=0
SLIM_PHASE query-chunks wall=2.640 cumulative=4253.609 peak_rss_kib=69106016
SLIM_PROGRESS runs=1460731904/1859825801 resolve_wall=341.150 lce_wall=3696.199 write_wall=11.600 lf_steps=0 cache_hits=0
SLIM_PHASE query-chunks wall=2.609 cumulative=4256.218 peak_rss_kib=69106436
SLIM_PROGRESS runs=1461780480/1859825801 resolve_wall=341.405 lce_wall=3698.611 write_wall=11.608 lf_steps=0 cache_hits=0
SLIM_PHASE query-chunks wall=2.674 cumulative=4258.892 peak_rss_kib=69111424
SLIM_PROGRESS runs=1462829056/1859825801 resolve_wall=341.659 lce_wall=3701.005 write_wall=11.616 lf_steps=0 cache_hits=0
SLIM_PHASE query-chunks wall=2.655 cumulative=4261.548 peak_rss_kib=69115436
SLIM_PROGRESS runs=1463877632/1859825801 resolve_wall=341.918 lce_wall=3703.413 write_wall=11.624 lf_steps=0 cache_hits=0
SLIM_PHASE query-chunks wall=2.675 cumulative=4264.223 peak_rss_kib=69124412
SLIM_PROGRESS runs=1464926208/1859825801 resolve_wall=342.174 lce_wall=3705.798 write_wall=11.631 lf_steps=0 cache_hits=0
SLIM_PHASE query-chunks wall=2.649 cumulative=4266.872 peak_rss_kib=69134968
SLIM_PROGRESS runs=1465974784/1859825801 resolve_wall=342.427 lce_wall=3708.144 write_wall=11.638 lf_steps=0 cache_hits=0
SLIM_PHASE query-chunks wall=2.607 cumulative=4269.478 peak_rss_kib=69134968
SLIM_PROGRESS runs=1467023360/1859825801 resolve_wall=342.682 lce_wall=3710.458 write_wall=11.646 lf_steps=0 cache_hits=0
SLIM_PHASE query-chunks wall=2.577 cumulative=4272.055 peak_rss_kib=69146100
SLIM_PROGRESS runs=1468071936/1859825801 resolve_wall=342.937 lce_wall=3712.837 write_wall=11.654 lf_steps=0 cache_hits=0
SLIM_PHASE query-chunks wall=2.640 cumulative=4274.696 peak_rss_kib=69152384
SLIM_PROGRESS runs=1469120512/1859825801 resolve_wall=343.190 lce_wall=3715.202 write_wall=11.661 lf_steps=0 cache_hits=0
SLIM_PHASE query-chunks wall=2.627 cumulative=4277.322 peak_rss_kib=69159332
SLIM_PROGRESS runs=1470169088/1859825801 resolve_wall=343.442 lce_wall=3717.556 write_wall=11.669 lf_steps=0 cache_hits=0
SLIM_PHASE query-chunks wall=2.614 cumulative=4279.936 peak_rss_kib=69169140
SLIM_PROGRESS runs=1471217664/1859825801 resolve_wall=343.697 lce_wall=3719.940 write_wall=11.677 lf_steps=0 cache_hits=0
SLIM_PHASE query-chunks wall=2.646 cumulative=4282.583 peak_rss_kib=69177412
SLIM_PROGRESS runs=1472266240/1859825801 resolve_wall=343.950 lce_wall=3722.301 write_wall=11.684 lf_steps=0 cache_hits=0
SLIM_PHASE query-chunks wall=2.622 cumulative=4285.205 peak_rss_kib=69200648
SLIM_PROGRESS runs=1473314816/1859825801 resolve_wall=344.203 lce_wall=3724.673 write_wall=11.692 lf_steps=0 cache_hits=0
SLIM_PHASE query-chunks wall=2.633 cumulative=4287.838 peak_rss_kib=69212012
SLIM_PROGRESS runs=1474363392/1859825801 resolve_wall=344.455 lce_wall=3727.074 write_wall=11.700 lf_steps=0 cache_hits=0
SLIM_PHASE query-chunks wall=2.660 cumulative=4290.498 peak_rss_kib=69221928
SLIM_PROGRESS runs=1475411968/1859825801 resolve_wall=344.710 lce_wall=3729.458 write_wall=11.707 lf_steps=0 cache_hits=0
SLIM_PHASE query-chunks wall=2.646 cumulative=4293.145 peak_rss_kib=69239040
SLIM_PROGRESS runs=1476460544/1859825801 resolve_wall=344.962 lce_wall=3731.868 write_wall=11.715 lf_steps=0 cache_hits=0
SLIM_PHASE query-chunks wall=2.670 cumulative=4295.815 peak_rss_kib=69241312
SLIM_PROGRESS runs=1477509120/1859825801 resolve_wall=345.218 lce_wall=3734.198 write_wall=11.722 lf_steps=0 cache_hits=0
SLIM_PHASE query-chunks wall=2.593 cumulative=4298.408 peak_rss_kib=69249440
SLIM_PROGRESS runs=1478557696/1859825801 resolve_wall=345.470 lce_wall=3736.615 write_wall=11.730 lf_steps=0 cache_hits=0
SLIM_PHASE query-chunks wall=2.677 cumulative=4301.085 peak_rss_kib=69254112
SLIM_PROGRESS runs=1479606272/1859825801 resolve_wall=345.726 lce_wall=3738.968 write_wall=11.737 lf_steps=0 cache_hits=0
SLIM_PHASE query-chunks wall=2.617 cumulative=4303.702 peak_rss_kib=69267584
SLIM_PROGRESS runs=1480654848/1859825801 resolve_wall=345.980 lce_wall=3741.345 write_wall=11.745 lf_steps=0 cache_hits=0
SLIM_PHASE query-chunks wall=2.638 cumulative=4306.340 peak_rss_kib=69275060
SLIM_PROGRESS runs=1481703424/1859825801 resolve_wall=346.230 lce_wall=3743.724 write_wall=11.752 lf_steps=0 cache_hits=0
SLIM_PHASE query-chunks wall=2.637 cumulative=4308.977 peak_rss_kib=69281652
SLIM_PROGRESS runs=1482752000/1859825801 resolve_wall=346.484 lce_wall=3746.064 write_wall=11.760 lf_steps=0 cache_hits=0
SLIM_PHASE query-chunks wall=2.601 cumulative=4311.578 peak_rss_kib=69293148
SLIM_PROGRESS runs=1483800576/1859825801 resolve_wall=346.739 lce_wall=3748.429 write_wall=11.767 lf_steps=0 cache_hits=0
SLIM_PHASE query-chunks wall=2.628 cumulative=4314.206 peak_rss_kib=69302428
SLIM_PROGRESS runs=1484849152/1859825801 resolve_wall=347.000 lce_wall=3750.773 write_wall=11.775 lf_steps=0 cache_hits=0
SLIM_PHASE query-chunks wall=2.613 cumulative=4316.820 peak_rss_kib=69308196
SLIM_PROGRESS runs=1485897728/1859825801 resolve_wall=347.253 lce_wall=3753.143 write_wall=11.782 lf_steps=0 cache_hits=0
SLIM_PHASE query-chunks wall=2.630 cumulative=4319.449 peak_rss_kib=69319300
SLIM_PROGRESS runs=1486946304/1859825801 resolve_wall=347.506 lce_wall=3755.521 write_wall=11.790 lf_steps=0 cache_hits=0
SLIM_PHASE query-chunks wall=2.639 cumulative=4322.088 peak_rss_kib=69330556
SLIM_PROGRESS runs=1487994880/1859825801 resolve_wall=347.760 lce_wall=3757.919 write_wall=11.797 lf_steps=0 cache_hits=0
SLIM_PHASE query-chunks wall=2.660 cumulative=4324.748 peak_rss_kib=69330556
SLIM_PROGRESS runs=1489043456/1859825801 resolve_wall=348.020 lce_wall=3760.227 write_wall=11.805 lf_steps=0 cache_hits=0
SLIM_PHASE query-chunks wall=2.575 cumulative=4327.323 peak_rss_kib=69333272
SLIM_PROGRESS runs=1490092032/1859825801 resolve_wall=348.275 lce_wall=3762.597 write_wall=11.812 lf_steps=0 cache_hits=0
SLIM_PHASE query-chunks wall=2.633 cumulative=4329.956 peak_rss_kib=69335892
SLIM_PROGRESS runs=1491140608/1859825801 resolve_wall=348.531 lce_wall=3764.950 write_wall=11.819 lf_steps=0 cache_hits=0
SLIM_PHASE query-chunks wall=2.617 cumulative=4332.573 peak_rss_kib=69355072
SLIM_PROGRESS runs=1492189184/1859825801 resolve_wall=348.782 lce_wall=3767.388 write_wall=11.827 lf_steps=0 cache_hits=0
SLIM_PHASE query-chunks wall=2.696 cumulative=4335.269 peak_rss_kib=69355584
SLIM_PROGRESS runs=1493237760/1859825801 resolve_wall=349.032 lce_wall=3769.736 write_wall=11.834 lf_steps=0 cache_hits=0
SLIM_PHASE query-chunks wall=2.605 cumulative=4337.873 peak_rss_kib=69370508
SLIM_PROGRESS runs=1494286336/1859825801 resolve_wall=349.285 lce_wall=3772.094 write_wall=11.841 lf_steps=0 cache_hits=0
SLIM_PHASE query-chunks wall=2.618 cumulative=4340.491 peak_rss_kib=69375124
SLIM_PROGRESS runs=1495334912/1859825801 resolve_wall=349.537 lce_wall=3774.491 write_wall=11.848 lf_steps=0 cache_hits=0
SLIM_PHASE query-chunks wall=2.657 cumulative=4343.148 peak_rss_kib=69377560
SLIM_PROGRESS runs=1496383488/1859825801 resolve_wall=349.789 lce_wall=3776.857 write_wall=11.856 lf_steps=0 cache_hits=0
SLIM_PHASE query-chunks wall=2.626 cumulative=4345.774 peak_rss_kib=69389636
SLIM_PROGRESS runs=1497432064/1859825801 resolve_wall=350.043 lce_wall=3779.198 write_wall=11.863 lf_steps=0 cache_hits=0
SLIM_PHASE query-chunks wall=2.602 cumulative=4348.376 peak_rss_kib=69393828
SLIM_PROGRESS runs=1498480640/1859825801 resolve_wall=350.294 lce_wall=3781.491 write_wall=11.870 lf_steps=0 cache_hits=0
SLIM_PHASE query-chunks wall=2.551 cumulative=4350.927 peak_rss_kib=69410904
SLIM_PROGRESS runs=1499529216/1859825801 resolve_wall=350.538 lce_wall=3783.841 write_wall=11.880 lf_steps=0 cache_hits=0
SLIM_PHASE query-chunks wall=2.604 cumulative=4353.531 peak_rss_kib=69426112
SLIM_PROGRESS runs=1500577792/1859825801 resolve_wall=350.781 lce_wall=3786.206 write_wall=11.891 lf_steps=0 cache_hits=0
SLIM_PHASE query-chunks wall=2.620 cumulative=4356.151 peak_rss_kib=69439092
SLIM_PROGRESS runs=1501626368/1859825801 resolve_wall=351.021 lce_wall=3788.631 write_wall=11.900 lf_steps=0 cache_hits=0
SLIM_PHASE query-chunks wall=2.675 cumulative=4358.826 peak_rss_kib=69447912
SLIM_PROGRESS runs=1502674944/1859825801 resolve_wall=351.262 lce_wall=3790.981 write_wall=11.910 lf_steps=0 cache_hits=0
SLIM_PHASE query-chunks wall=2.601 cumulative=4361.427 peak_rss_kib=69458836
SLIM_PROGRESS runs=1503723520/1859825801 resolve_wall=351.509 lce_wall=3793.335 write_wall=11.919 lf_steps=0 cache_hits=0
SLIM_PHASE query-chunks wall=2.609 cumulative=4364.036 peak_rss_kib=69465308
SLIM_PROGRESS runs=1504772096/1859825801 resolve_wall=351.764 lce_wall=3795.696 write_wall=11.927 lf_steps=0 cache_hits=0
SLIM_PHASE query-chunks wall=2.624 cumulative=4366.661 peak_rss_kib=69467184
SLIM_PROGRESS runs=1505820672/1859825801 resolve_wall=352.018 lce_wall=3798.058 write_wall=11.934 lf_steps=0 cache_hits=0
SLIM_PHASE query-chunks wall=2.624 cumulative=4369.284 peak_rss_kib=69474952
SLIM_PROGRESS runs=1506869248/1859825801 resolve_wall=352.272 lce_wall=3800.467 write_wall=11.942 lf_steps=0 cache_hits=0
SLIM_PHASE query-chunks wall=2.671 cumulative=4371.956 peak_rss_kib=69481628
SLIM_PROGRESS runs=1507917824/1859825801 resolve_wall=352.527 lce_wall=3802.891 write_wall=11.950 lf_steps=0 cache_hits=0
SLIM_PHASE query-chunks wall=2.687 cumulative=4374.643 peak_rss_kib=69487168
SLIM_PROGRESS runs=1508966400/1859825801 resolve_wall=352.782 lce_wall=3805.308 write_wall=11.957 lf_steps=0 cache_hits=0
SLIM_PHASE query-chunks wall=2.680 cumulative=4377.323 peak_rss_kib=69496592
SLIM_PROGRESS runs=1510014976/1859825801 resolve_wall=353.037 lce_wall=3807.677 write_wall=11.965 lf_steps=0 cache_hits=0
SLIM_PHASE query-chunks wall=2.631 cumulative=4379.954 peak_rss_kib=69500624
SLIM_PROGRESS runs=1511063552/1859825801 resolve_wall=353.295 lce_wall=3810.054 write_wall=11.972 lf_steps=0 cache_hits=0
SLIM_PHASE query-chunks wall=2.643 cumulative=4382.597 peak_rss_kib=69500624
SLIM_PROGRESS runs=1512112128/1859825801 resolve_wall=353.549 lce_wall=3812.411 write_wall=11.980 lf_steps=0 cache_hits=0
SLIM_PHASE query-chunks wall=2.619 cumulative=4385.215 peak_rss_kib=69514696
SLIM_PROGRESS runs=1513160704/1859825801 resolve_wall=353.806 lce_wall=3814.786 write_wall=11.987 lf_steps=0 cache_hits=0
SLIM_PHASE query-chunks wall=2.638 cumulative=4387.854 peak_rss_kib=69517012
SLIM_PROGRESS runs=1514209280/1859825801 resolve_wall=354.061 lce_wall=3817.135 write_wall=11.995 lf_steps=0 cache_hits=0
SLIM_PHASE query-chunks wall=2.613 cumulative=4390.466 peak_rss_kib=69517012
SLIM_PROGRESS runs=1515257856/1859825801 resolve_wall=354.318 lce_wall=3819.515 write_wall=12.002 lf_steps=0 cache_hits=0
SLIM_PHASE query-chunks wall=2.644 cumulative=4393.111 peak_rss_kib=69523088
SLIM_PROGRESS runs=1516306432/1859825801 resolve_wall=354.573 lce_wall=3821.865 write_wall=12.010 lf_steps=0 cache_hits=0
SLIM_PHASE query-chunks wall=2.613 cumulative=4395.724 peak_rss_kib=69529924
SLIM_PROGRESS runs=1517355008/1859825801 resolve_wall=354.826 lce_wall=3824.249 write_wall=12.017 lf_steps=0 cache_hits=0
SLIM_PHASE query-chunks wall=2.644 cumulative=4398.368 peak_rss_kib=69539256
SLIM_PROGRESS runs=1518403584/1859825801 resolve_wall=355.081 lce_wall=3826.692 write_wall=12.025 lf_steps=0 cache_hits=0
SLIM_PHASE query-chunks wall=2.707 cumulative=4401.075 peak_rss_kib=69546024
SLIM_PROGRESS runs=1519452160/1859825801 resolve_wall=355.336 lce_wall=3829.070 write_wall=12.032 lf_steps=0 cache_hits=0
SLIM_PHASE query-chunks wall=2.640 cumulative=4403.715 peak_rss_kib=69555352
SLIM_PROGRESS runs=1520500736/1859825801 resolve_wall=355.592 lce_wall=3831.448 write_wall=12.040 lf_steps=0 cache_hits=0
SLIM_PHASE query-chunks wall=2.641 cumulative=4406.356 peak_rss_kib=69566696
SLIM_PROGRESS runs=1521549312/1859825801 resolve_wall=355.847 lce_wall=3833.809 write_wall=12.048 lf_steps=0 cache_hits=0
SLIM_PHASE query-chunks wall=2.624 cumulative=4408.980 peak_rss_kib=69566696
SLIM_PROGRESS runs=1522597888/1859825801 resolve_wall=356.104 lce_wall=3836.163 write_wall=12.055 lf_steps=0 cache_hits=0
SLIM_PHASE query-chunks wall=2.619 cumulative=4411.599 peak_rss_kib=69566696
SLIM_PROGRESS runs=1523646464/1859825801 resolve_wall=356.359 lce_wall=3838.538 write_wall=12.063 lf_steps=0 cache_hits=0
SLIM_PHASE query-chunks wall=2.637 cumulative=4414.236 peak_rss_kib=69578344
SLIM_PROGRESS runs=1524695040/1859825801 resolve_wall=356.615 lce_wall=3840.904 write_wall=12.070 lf_steps=0 cache_hits=0
SLIM_PHASE query-chunks wall=2.631 cumulative=4416.867 peak_rss_kib=69596896
SLIM_PROGRESS runs=1525743616/1859825801 resolve_wall=356.875 lce_wall=3843.241 write_wall=12.078 lf_steps=0 cache_hits=0
SLIM_PHASE query-chunks wall=2.604 cumulative=4419.471 peak_rss_kib=69596896
SLIM_PROGRESS runs=1526792192/1859825801 resolve_wall=357.127 lce_wall=3845.563 write_wall=12.086 lf_steps=0 cache_hits=0
SLIM_PHASE query-chunks wall=2.582 cumulative=4422.053 peak_rss_kib=69609860
SLIM_PROGRESS runs=1527840768/1859825801 resolve_wall=357.380 lce_wall=3847.960 write_wall=12.093 lf_steps=0 cache_hits=0
SLIM_PHASE query-chunks wall=2.658 cumulative=4424.710 peak_rss_kib=69622944
SLIM_PROGRESS runs=1528889344/1859825801 resolve_wall=357.634 lce_wall=3850.349 write_wall=12.101 lf_steps=0 cache_hits=0
SLIM_PHASE query-chunks wall=2.650 cumulative=4427.361 peak_rss_kib=69635284
SLIM_PROGRESS runs=1529937920/1859825801 resolve_wall=357.887 lce_wall=3852.719 write_wall=12.108 lf_steps=0 cache_hits=0
SLIM_PHASE query-chunks wall=2.632 cumulative=4429.992 peak_rss_kib=69643100
SLIM_PROGRESS runs=1530986496/1859825801 resolve_wall=358.144 lce_wall=3855.083 write_wall=12.116 lf_steps=0 cache_hits=0
SLIM_PHASE query-chunks wall=2.629 cumulative=4432.621 peak_rss_kib=69653408
SLIM_PROGRESS runs=1532035072/1859825801 resolve_wall=358.398 lce_wall=3857.473 write_wall=12.124 lf_steps=0 cache_hits=0
SLIM_PHASE query-chunks wall=2.652 cumulative=4435.273 peak_rss_kib=69660944
SLIM_PROGRESS runs=1533083648/1859825801 resolve_wall=358.652 lce_wall=3859.866 write_wall=12.132 lf_steps=0 cache_hits=0
SLIM_PHASE query-chunks wall=2.654 cumulative=4437.927 peak_rss_kib=69667660
SLIM_PROGRESS runs=1534132224/1859825801 resolve_wall=358.905 lce_wall=3862.276 write_wall=12.139 lf_steps=0 cache_hits=0
SLIM_PHASE query-chunks wall=2.671 cumulative=4440.599 peak_rss_kib=69670348
SLIM_PROGRESS runs=1535180800/1859825801 resolve_wall=359.160 lce_wall=3864.658 write_wall=12.146 lf_steps=0 cache_hits=0
SLIM_PHASE query-chunks wall=2.644 cumulative=4443.243 peak_rss_kib=69689076
SLIM_PROGRESS runs=1536229376/1859825801 resolve_wall=359.415 lce_wall=3866.956 write_wall=12.154 lf_steps=0 cache_hits=0
SLIM_PHASE query-chunks wall=2.560 cumulative=4445.803 peak_rss_kib=69697336
SLIM_PROGRESS runs=1537277952/1859825801 resolve_wall=359.668 lce_wall=3869.366 write_wall=12.162 lf_steps=0 cache_hits=0
SLIM_PHASE query-chunks wall=2.672 cumulative=4448.475 peak_rss_kib=69714692
SLIM_PROGRESS runs=1538326528/1859825801 resolve_wall=359.924 lce_wall=3871.761 write_wall=12.170 lf_steps=0 cache_hits=0
SLIM_PHASE query-chunks wall=2.659 cumulative=4451.133 peak_rss_kib=69725504
SLIM_PROGRESS runs=1539375104/1859825801 resolve_wall=360.185 lce_wall=3874.166 write_wall=12.177 lf_steps=0 cache_hits=0
SLIM_PHASE query-chunks wall=2.674 cumulative=4453.807 peak_rss_kib=69736452
SLIM_PROGRESS runs=1540423680/1859825801 resolve_wall=360.444 lce_wall=3876.563 write_wall=12.185 lf_steps=0 cache_hits=0
SLIM_PHASE query-chunks wall=2.664 cumulative=4456.471 peak_rss_kib=69749256
SLIM_PROGRESS runs=1541472256/1859825801 resolve_wall=360.699 lce_wall=3878.874 write_wall=12.192 lf_steps=0 cache_hits=0
SLIM_PHASE query-chunks wall=2.573 cumulative=4459.045 peak_rss_kib=69751464
SLIM_PROGRESS runs=1542520832/1859825801 resolve_wall=360.959 lce_wall=3881.250 write_wall=12.200 lf_steps=0 cache_hits=0
SLIM_PHASE query-chunks wall=2.644 cumulative=4461.689 peak_rss_kib=69752444
SLIM_PROGRESS runs=1543569408/1859825801 resolve_wall=361.216 lce_wall=3883.617 write_wall=12.208 lf_steps=0 cache_hits=0
SLIM_PHASE query-chunks wall=2.632 cumulative=4464.321 peak_rss_kib=69756388
SLIM_PROGRESS runs=1544617984/1859825801 resolve_wall=361.470 lce_wall=3886.057 write_wall=12.215 lf_steps=0 cache_hits=0
SLIM_PHASE query-chunks wall=2.701 cumulative=4467.022 peak_rss_kib=69763540
SLIM_PROGRESS runs=1545666560/1859825801 resolve_wall=361.728 lce_wall=3888.408 write_wall=12.223 lf_steps=0 cache_hits=0
SLIM_PHASE query-chunks wall=2.617 cumulative=4469.639 peak_rss_kib=69770204
SLIM_PROGRESS runs=1546715136/1859825801 resolve_wall=361.989 lce_wall=3890.775 write_wall=12.231 lf_steps=0 cache_hits=0
SLIM_PHASE query-chunks wall=2.636 cumulative=4472.275 peak_rss_kib=69791500
SLIM_PROGRESS runs=1547763712/1859825801 resolve_wall=362.239 lce_wall=3893.180 write_wall=12.238 lf_steps=0 cache_hits=0
SLIM_PHASE query-chunks wall=2.663 cumulative=4474.938 peak_rss_kib=69807508
SLIM_PROGRESS runs=1548812288/1859825801 resolve_wall=362.493 lce_wall=3895.559 write_wall=12.246 lf_steps=0 cache_hits=0
SLIM_PHASE query-chunks wall=2.641 cumulative=4477.579 peak_rss_kib=69819452
SLIM_PROGRESS runs=1549860864/1859825801 resolve_wall=362.752 lce_wall=3897.950 write_wall=12.253 lf_steps=0 cache_hits=0
SLIM_PHASE query-chunks wall=2.657 cumulative=4480.236 peak_rss_kib=69822516
SLIM_PROGRESS runs=1550909440/1859825801 resolve_wall=363.009 lce_wall=3900.352 write_wall=12.261 lf_steps=0 cache_hits=0
SLIM_PHASE query-chunks wall=2.667 cumulative=4482.903 peak_rss_kib=69841588
SLIM_PROGRESS runs=1551958016/1859825801 resolve_wall=363.265 lce_wall=3902.719 write_wall=12.269 lf_steps=0 cache_hits=0
SLIM_PHASE query-chunks wall=2.632 cumulative=4485.534 peak_rss_kib=69845232
SLIM_PROGRESS runs=1553006592/1859825801 resolve_wall=363.524 lce_wall=3905.123 write_wall=12.277 lf_steps=0 cache_hits=0
SLIM_PHASE query-chunks wall=2.670 cumulative=4488.204 peak_rss_kib=69848896
SLIM_PROGRESS runs=1554055168/1859825801 resolve_wall=363.778 lce_wall=3907.535 write_wall=12.284 lf_steps=0 cache_hits=0
SLIM_PHASE query-chunks wall=2.674 cumulative=4490.878 peak_rss_kib=69854008
SLIM_PROGRESS runs=1555103744/1859825801 resolve_wall=364.034 lce_wall=3910.028 write_wall=12.292 lf_steps=0 cache_hits=0
SLIM_PHASE query-chunks wall=2.756 cumulative=4493.635 peak_rss_kib=69858804
SLIM_PROGRESS runs=1556152320/1859825801 resolve_wall=364.286 lce_wall=3912.565 write_wall=12.299 lf_steps=0 cache_hits=0
SLIM_PHASE query-chunks wall=2.797 cumulative=4496.431 peak_rss_kib=69871560
SLIM_PROGRESS runs=1557200896/1859825801 resolve_wall=364.554 lce_wall=3914.958 write_wall=12.307 lf_steps=0 cache_hits=0
SLIM_PHASE query-chunks wall=2.668 cumulative=4499.100 peak_rss_kib=69884052
SLIM_PROGRESS runs=1558249472/1859825801 resolve_wall=364.812 lce_wall=3917.342 write_wall=12.314 lf_steps=0 cache_hits=0
SLIM_PHASE query-chunks wall=2.650 cumulative=4501.750 peak_rss_kib=69890712
SLIM_PROGRESS runs=1559298048/1859825801 resolve_wall=365.073 lce_wall=3919.745 write_wall=12.322 lf_steps=0 cache_hits=0
SLIM_PHASE query-chunks wall=2.672 cumulative=4504.422 peak_rss_kib=69900636
SLIM_PROGRESS runs=1560346624/1859825801 resolve_wall=365.335 lce_wall=3922.121 write_wall=12.330 lf_steps=0 cache_hits=0
SLIM_PHASE query-chunks wall=2.646 cumulative=4507.068 peak_rss_kib=69907608
SLIM_PROGRESS runs=1561395200/1859825801 resolve_wall=365.589 lce_wall=3924.518 write_wall=12.337 lf_steps=0 cache_hits=0
SLIM_PHASE query-chunks wall=2.658 cumulative=4509.726 peak_rss_kib=69910708
SLIM_PROGRESS runs=1562443776/1859825801 resolve_wall=365.841 lce_wall=3926.857 write_wall=12.345 lf_steps=0 cache_hits=0
SLIM_PHASE query-chunks wall=2.598 cumulative=4512.324 peak_rss_kib=69927864
SLIM_PROGRESS runs=1563492352/1859825801 resolve_wall=366.097 lce_wall=3929.247 write_wall=12.352 lf_steps=0 cache_hits=0
SLIM_PHASE query-chunks wall=2.654 cumulative=4514.978 peak_rss_kib=69936772
SLIM_PROGRESS runs=1564540928/1859825801 resolve_wall=366.350 lce_wall=3931.656 write_wall=12.360 lf_steps=0 cache_hits=0
SLIM_PHASE query-chunks wall=2.670 cumulative=4517.648 peak_rss_kib=69944628
SLIM_PROGRESS runs=1565589504/1859825801 resolve_wall=366.607 lce_wall=3934.016 write_wall=12.367 lf_steps=0 cache_hits=0
SLIM_PHASE query-chunks wall=2.625 cumulative=4520.274 peak_rss_kib=69945672
SLIM_PROGRESS runs=1566638080/1859825801 resolve_wall=366.863 lce_wall=3936.342 write_wall=12.375 lf_steps=0 cache_hits=0
SLIM_PHASE query-chunks wall=2.589 cumulative=4522.863 peak_rss_kib=69947064
SLIM_PROGRESS runs=1567686656/1859825801 resolve_wall=367.126 lce_wall=3938.736 write_wall=12.383 lf_steps=0 cache_hits=0
SLIM_PHASE query-chunks wall=2.664 cumulative=4525.527 peak_rss_kib=69947320
SLIM_PROGRESS runs=1568735232/1859825801 resolve_wall=367.382 lce_wall=3941.093 write_wall=12.391 lf_steps=0 cache_hits=0
SLIM_PHASE query-chunks wall=2.621 cumulative=4528.148 peak_rss_kib=69949872
SLIM_PROGRESS runs=1569783808/1859825801 resolve_wall=367.636 lce_wall=3943.481 write_wall=12.398 lf_steps=0 cache_hits=0
SLIM_PHASE query-chunks wall=2.650 cumulative=4530.798 peak_rss_kib=69952304
SLIM_PROGRESS runs=1570832384/1859825801 resolve_wall=367.889 lce_wall=3945.915 write_wall=12.406 lf_steps=0 cache_hits=0
SLIM_PHASE query-chunks wall=2.695 cumulative=4533.493 peak_rss_kib=69958696
SLIM_PROGRESS runs=1571880960/1859825801 resolve_wall=368.142 lce_wall=3948.280 write_wall=12.414 lf_steps=0 cache_hits=0
SLIM_PHASE query-chunks wall=2.627 cumulative=4536.119 peak_rss_kib=69973728
SLIM_PROGRESS runs=1572929536/1859825801 resolve_wall=368.399 lce_wall=3950.670 write_wall=12.421 lf_steps=0 cache_hits=0
SLIM_PHASE query-chunks wall=2.655 cumulative=4538.774 peak_rss_kib=69994916
SLIM_PROGRESS runs=1573978112/1859825801 resolve_wall=368.654 lce_wall=3953.047 write_wall=12.429 lf_steps=0 cache_hits=0
SLIM_PHASE query-chunks wall=2.640 cumulative=4541.414 peak_rss_kib=69998696
SLIM_PROGRESS runs=1575026688/1859825801 resolve_wall=368.912 lce_wall=3955.541 write_wall=12.437 lf_steps=0 cache_hits=0
SLIM_PHASE query-chunks wall=2.761 cumulative=4544.175 peak_rss_kib=70004296
SLIM_PROGRESS runs=1576075264/1859825801 resolve_wall=369.173 lce_wall=3957.968 write_wall=12.445 lf_steps=0 cache_hits=0
SLIM_PHASE query-chunks wall=2.696 cumulative=4546.870 peak_rss_kib=70011448
SLIM_PROGRESS runs=1577123840/1859825801 resolve_wall=369.424 lce_wall=3960.418 write_wall=12.453 lf_steps=0 cache_hits=0
SLIM_PHASE query-chunks wall=2.709 cumulative=4549.579 peak_rss_kib=70019088
SLIM_PROGRESS runs=1578172416/1859825801 resolve_wall=369.681 lce_wall=3962.822 write_wall=12.461 lf_steps=0 cache_hits=0
SLIM_PHASE query-chunks wall=2.668 cumulative=4552.247 peak_rss_kib=70025692
SLIM_PROGRESS runs=1579220992/1859825801 resolve_wall=369.939 lce_wall=3965.201 write_wall=12.469 lf_steps=0 cache_hits=0
SLIM_PHASE query-chunks wall=2.645 cumulative=4554.892 peak_rss_kib=70029784
SLIM_PROGRESS runs=1580269568/1859825801 resolve_wall=370.199 lce_wall=3967.579 write_wall=12.476 lf_steps=0 cache_hits=0
SLIM_PHASE query-chunks wall=2.646 cumulative=4557.539 peak_rss_kib=70036040
SLIM_PROGRESS runs=1581318144/1859825801 resolve_wall=370.453 lce_wall=3969.950 write_wall=12.484 lf_steps=0 cache_hits=0
SLIM_PHASE query-chunks wall=2.632 cumulative=4560.171 peak_rss_kib=70038248
SLIM_PROGRESS runs=1582366720/1859825801 resolve_wall=370.706 lce_wall=3972.305 write_wall=12.492 lf_steps=0 cache_hits=0
SLIM_PHASE query-chunks wall=2.617 cumulative=4562.788 peak_rss_kib=70049008
SLIM_PROGRESS runs=1583415296/1859825801 resolve_wall=370.965 lce_wall=3974.661 write_wall=12.499 lf_steps=0 cache_hits=0
SLIM_PHASE query-chunks wall=2.622 cumulative=4565.410 peak_rss_kib=70070816
SLIM_PROGRESS runs=1584463872/1859825801 resolve_wall=371.218 lce_wall=3977.025 write_wall=12.507 lf_steps=0 cache_hits=0
SLIM_PHASE query-chunks wall=2.625 cumulative=4568.035 peak_rss_kib=70070816
SLIM_PROGRESS runs=1585512448/1859825801 resolve_wall=371.478 lce_wall=3979.418 write_wall=12.515 lf_steps=0 cache_hits=0
SLIM_PHASE query-chunks wall=2.662 cumulative=4570.697 peak_rss_kib=70076956
SLIM_PROGRESS runs=1586561024/1859825801 resolve_wall=371.738 lce_wall=3981.799 write_wall=12.523 lf_steps=0 cache_hits=0
SLIM_PHASE query-chunks wall=2.649 cumulative=4573.346 peak_rss_kib=70090924
SLIM_PROGRESS runs=1587609600/1859825801 resolve_wall=371.992 lce_wall=3984.154 write_wall=12.531 lf_steps=0 cache_hits=0
SLIM_PHASE query-chunks wall=2.616 cumulative=4575.962 peak_rss_kib=70095088
SLIM_PROGRESS runs=1588658176/1859825801 resolve_wall=372.247 lce_wall=3986.482 write_wall=12.538 lf_steps=0 cache_hits=0
SLIM_PHASE query-chunks wall=2.592 cumulative=4578.554 peak_rss_kib=70109324
SLIM_PROGRESS runs=1589706752/1859825801 resolve_wall=372.501 lce_wall=3988.873 write_wall=12.546 lf_steps=0 cache_hits=0
SLIM_PHASE query-chunks wall=2.652 cumulative=4581.206 peak_rss_kib=70125368
SLIM_PROGRESS runs=1590755328/1859825801 resolve_wall=372.756 lce_wall=3991.232 write_wall=12.554 lf_steps=0 cache_hits=0
SLIM_PHASE query-chunks wall=2.622 cumulative=4583.827 peak_rss_kib=70131980
SLIM_PROGRESS runs=1591803904/1859825801 resolve_wall=373.007 lce_wall=3993.608 write_wall=12.562 lf_steps=0 cache_hits=0
SLIM_PHASE query-chunks wall=2.636 cumulative=4586.464 peak_rss_kib=70138404
SLIM_PROGRESS runs=1592852480/1859825801 resolve_wall=373.245 lce_wall=3995.990 write_wall=12.572 lf_steps=0 cache_hits=0
SLIM_PHASE query-chunks wall=2.630 cumulative=4589.094 peak_rss_kib=70149692
SLIM_PROGRESS runs=1593901056/1859825801 resolve_wall=373.478 lce_wall=3998.378 write_wall=12.582 lf_steps=0 cache_hits=0
SLIM_PHASE query-chunks wall=2.630 cumulative=4591.724 peak_rss_kib=70156464
SLIM_PROGRESS runs=1594949632/1859825801 resolve_wall=373.713 lce_wall=4000.773 write_wall=12.592 lf_steps=0 cache_hits=0
SLIM_PHASE query-chunks wall=2.641 cumulative=4594.365 peak_rss_kib=70159680
SLIM_PROGRESS runs=1595998208/1859825801 resolve_wall=373.947 lce_wall=4003.225 write_wall=12.602 lf_steps=0 cache_hits=0
SLIM_PHASE query-chunks wall=2.697 cumulative=4597.062 peak_rss_kib=70163088
SLIM_PROGRESS runs=1597046784/1859825801 resolve_wall=374.186 lce_wall=4005.589 write_wall=12.612 lf_steps=0 cache_hits=0
SLIM_PHASE query-chunks wall=2.613 cumulative=4599.674 peak_rss_kib=70170208
SLIM_PROGRESS runs=1598095360/1859825801 resolve_wall=374.421 lce_wall=4008.143 write_wall=12.622 lf_steps=0 cache_hits=0
SLIM_PHASE query-chunks wall=2.798 cumulative=4602.473 peak_rss_kib=70185212
SLIM_PROGRESS runs=1599143936/1859825801 resolve_wall=374.661 lce_wall=4010.452 write_wall=12.631 lf_steps=0 cache_hits=0
SLIM_PHASE query-chunks wall=2.559 cumulative=4605.032 peak_rss_kib=70192116
SLIM_PROGRESS runs=1600192512/1859825801 resolve_wall=374.899 lce_wall=4012.823 write_wall=12.642 lf_steps=0 cache_hits=0
SLIM_PHASE query-chunks wall=2.620 cumulative=4607.652 peak_rss_kib=70198020
SLIM_PROGRESS runs=1601241088/1859825801 resolve_wall=375.138 lce_wall=4015.230 write_wall=12.652 lf_steps=0 cache_hits=0
SLIM_PHASE query-chunks wall=2.656 cumulative=4610.308 peak_rss_kib=70202132
SLIM_PROGRESS runs=1602289664/1859825801 resolve_wall=375.377 lce_wall=4017.615 write_wall=12.662 lf_steps=0 cache_hits=0
SLIM_PHASE query-chunks wall=2.634 cumulative=4612.942 peak_rss_kib=70212400
SLIM_PROGRESS runs=1603338240/1859825801 resolve_wall=375.616 lce_wall=4019.993 write_wall=12.672 lf_steps=0 cache_hits=0
SLIM_PHASE query-chunks wall=2.627 cumulative=4615.569 peak_rss_kib=70213208
SLIM_PROGRESS runs=1604386816/1859825801 resolve_wall=375.860 lce_wall=4022.351 write_wall=12.682 lf_steps=0 cache_hits=0
SLIM_PHASE query-chunks wall=2.613 cumulative=4618.181 peak_rss_kib=70213208
SLIM_PROGRESS runs=1605435392/1859825801 resolve_wall=376.103 lce_wall=4024.718 write_wall=12.691 lf_steps=0 cache_hits=0
SLIM_PHASE query-chunks wall=2.619 cumulative=4620.801 peak_rss_kib=70232740
SLIM_PROGRESS runs=1606483968/1859825801 resolve_wall=376.345 lce_wall=4027.095 write_wall=12.701 lf_steps=0 cache_hits=0
SLIM_PHASE query-chunks wall=2.628 cumulative=4623.429 peak_rss_kib=70232780
SLIM_PROGRESS runs=1607532544/1859825801 resolve_wall=376.589 lce_wall=4029.476 write_wall=12.710 lf_steps=0 cache_hits=0
SLIM_PHASE query-chunks wall=2.635 cumulative=4626.064 peak_rss_kib=70239136
SLIM_PROGRESS runs=1608581120/1859825801 resolve_wall=376.822 lce_wall=4031.785 write_wall=12.721 lf_steps=0 cache_hits=0
SLIM_PHASE query-chunks wall=2.553 cumulative=4628.617 peak_rss_kib=70254260
SLIM_PROGRESS runs=1609629696/1859825801 resolve_wall=377.060 lce_wall=4034.135 write_wall=12.731 lf_steps=0 cache_hits=0
SLIM_PHASE query-chunks wall=2.598 cumulative=4631.215 peak_rss_kib=70266744
SLIM_PROGRESS runs=1610678272/1859825801 resolve_wall=377.299 lce_wall=4036.478 write_wall=12.740 lf_steps=0 cache_hits=0
SLIM_PHASE query-chunks wall=2.591 cumulative=4633.806 peak_rss_kib=70292948
SLIM_PROGRESS runs=1611726848/1859825801 resolve_wall=377.536 lce_wall=4038.951 write_wall=12.749 lf_steps=0 cache_hits=0
SLIM_PHASE query-chunks wall=2.720 cumulative=4636.526 peak_rss_kib=70311952
SLIM_PROGRESS runs=1612775424/1859825801 resolve_wall=377.773 lce_wall=4041.469 write_wall=12.758 lf_steps=0 cache_hits=0
SLIM_PHASE query-chunks wall=2.763 cumulative=4639.289 peak_rss_kib=70314344
SLIM_PROGRESS runs=1613824000/1859825801 resolve_wall=378.005 lce_wall=4043.910 write_wall=12.767 lf_steps=0 cache_hits=0
SLIM_PHASE query-chunks wall=2.682 cumulative=4641.972 peak_rss_kib=70323280
SLIM_PROGRESS runs=1614872576/1859825801 resolve_wall=378.245 lce_wall=4046.303 write_wall=12.777 lf_steps=0 cache_hits=0
SLIM_PHASE query-chunks wall=2.643 cumulative=4644.615 peak_rss_kib=70325668
SLIM_PROGRESS runs=1615921152/1859825801 resolve_wall=378.479 lce_wall=4048.663 write_wall=12.787 lf_steps=0 cache_hits=0
SLIM_PHASE query-chunks wall=2.604 cumulative=4647.219 peak_rss_kib=70330544
SLIM_PROGRESS runs=1616969728/1859825801 resolve_wall=378.713 lce_wall=4051.004 write_wall=12.796 lf_steps=0 cache_hits=0
SLIM_PHASE query-chunks wall=2.584 cumulative=4649.804 peak_rss_kib=70341928
SLIM_PROGRESS runs=1618018304/1859825801 resolve_wall=378.954 lce_wall=4053.344 write_wall=12.807 lf_steps=0 cache_hits=0
SLIM_PHASE query-chunks wall=2.592 cumulative=4652.395 peak_rss_kib=70348952
SLIM_PROGRESS runs=1619066880/1859825801 resolve_wall=379.194 lce_wall=4055.651 write_wall=12.817 lf_steps=0 cache_hits=0
SLIM_PHASE query-chunks wall=2.557 cumulative=4654.953 peak_rss_kib=70357604
SLIM_PROGRESS runs=1620115456/1859825801 resolve_wall=379.438 lce_wall=4057.949 write_wall=12.826 lf_steps=0 cache_hits=0
SLIM_PHASE query-chunks wall=2.551 cumulative=4657.504 peak_rss_kib=70359444
SLIM_PROGRESS runs=1621164032/1859825801 resolve_wall=379.691 lce_wall=4060.240 write_wall=12.834 lf_steps=0 cache_hits=0
SLIM_PHASE query-chunks wall=2.552 cumulative=4660.056 peak_rss_kib=70366116
SLIM_PROGRESS runs=1622212608/1859825801 resolve_wall=379.945 lce_wall=4062.549 write_wall=12.841 lf_steps=0 cache_hits=0
SLIM_PHASE query-chunks wall=2.571 cumulative=4662.627 peak_rss_kib=70378924
SLIM_PROGRESS runs=1623261184/1859825801 resolve_wall=380.201 lce_wall=4064.843 write_wall=12.849 lf_steps=0 cache_hits=0
SLIM_PHASE query-chunks wall=2.557 cumulative=4665.184 peak_rss_kib=70387512
SLIM_PROGRESS runs=1624309760/1859825801 resolve_wall=380.453 lce_wall=4067.182 write_wall=12.857 lf_steps=0 cache_hits=0
SLIM_PHASE query-chunks wall=2.599 cumulative=4667.783 peak_rss_kib=70390260
SLIM_PROGRESS runs=1625358336/1859825801 resolve_wall=380.708 lce_wall=4069.510 write_wall=12.864 lf_steps=0 cache_hits=0
SLIM_PHASE query-chunks wall=2.592 cumulative=4670.375 peak_rss_kib=70401032
SLIM_PROGRESS runs=1626406912/1859825801 resolve_wall=380.963 lce_wall=4071.854 write_wall=12.872 lf_steps=0 cache_hits=0
SLIM_PHASE query-chunks wall=2.605 cumulative=4672.980 peak_rss_kib=70408356
SLIM_PROGRESS runs=1627455488/1859825801 resolve_wall=381.217 lce_wall=4074.237 write_wall=12.880 lf_steps=0 cache_hits=0
SLIM_PHASE query-chunks wall=2.646 cumulative=4675.626 peak_rss_kib=70409836
SLIM_PROGRESS runs=1628504064/1859825801 resolve_wall=381.473 lce_wall=4076.599 write_wall=12.887 lf_steps=0 cache_hits=0
SLIM_PHASE query-chunks wall=2.626 cumulative=4678.251 peak_rss_kib=70423168
SLIM_PROGRESS runs=1629552640/1859825801 resolve_wall=381.727 lce_wall=4078.974 write_wall=12.895 lf_steps=0 cache_hits=0
SLIM_PHASE query-chunks wall=2.636 cumulative=4680.888 peak_rss_kib=70432784
SLIM_PROGRESS runs=1630601216/1859825801 resolve_wall=381.981 lce_wall=4081.260 write_wall=12.902 lf_steps=0 cache_hits=0
SLIM_PHASE query-chunks wall=2.548 cumulative=4683.436 peak_rss_kib=70441468
SLIM_PROGRESS runs=1631649792/1859825801 resolve_wall=382.245 lce_wall=4083.610 write_wall=12.910 lf_steps=0 cache_hits=0
SLIM_PHASE query-chunks wall=2.621 cumulative=4686.057 peak_rss_kib=70445008
SLIM_PROGRESS runs=1632698368/1859825801 resolve_wall=382.499 lce_wall=4086.059 write_wall=12.918 lf_steps=0 cache_hits=0
SLIM_PHASE query-chunks wall=2.710 cumulative=4688.768 peak_rss_kib=70459772
SLIM_PROGRESS runs=1633746944/1859825801 resolve_wall=382.753 lce_wall=4088.462 write_wall=12.925 lf_steps=0 cache_hits=0
SLIM_PHASE query-chunks wall=2.665 cumulative=4691.433 peak_rss_kib=70469328
SLIM_PROGRESS runs=1634795520/1859825801 resolve_wall=383.013 lce_wall=4090.808 write_wall=12.933 lf_steps=0 cache_hits=0
SLIM_PHASE query-chunks wall=2.615 cumulative=4694.047 peak_rss_kib=70479060
SLIM_PROGRESS runs=1635844096/1859825801 resolve_wall=383.269 lce_wall=4093.166 write_wall=12.940 lf_steps=0 cache_hits=0
SLIM_PHASE query-chunks wall=2.620 cumulative=4696.668 peak_rss_kib=70484992
SLIM_PROGRESS runs=1636892672/1859825801 resolve_wall=383.528 lce_wall=4095.532 write_wall=12.947 lf_steps=0 cache_hits=0
SLIM_PHASE query-chunks wall=2.633 cumulative=4699.301 peak_rss_kib=70485120
SLIM_PROGRESS runs=1637941248/1859825801 resolve_wall=383.782 lce_wall=4097.890 write_wall=12.955 lf_steps=0 cache_hits=0
SLIM_PHASE query-chunks wall=2.620 cumulative=4701.921 peak_rss_kib=70496336
SLIM_PROGRESS runs=1638989824/1859825801 resolve_wall=384.036 lce_wall=4100.253 write_wall=12.962 lf_steps=0 cache_hits=0
SLIM_PHASE query-chunks wall=2.624 cumulative=4704.544 peak_rss_kib=70515896
SLIM_PROGRESS runs=1640038400/1859825801 resolve_wall=384.295 lce_wall=4102.573 write_wall=12.970 lf_steps=0 cache_hits=0
SLIM_PHASE query-chunks wall=2.587 cumulative=4707.132 peak_rss_kib=70520916
SLIM_PROGRESS runs=1641086976/1859825801 resolve_wall=384.552 lce_wall=4104.889 write_wall=12.977 lf_steps=0 cache_hits=0
SLIM_PHASE query-chunks wall=2.580 cumulative=4709.712 peak_rss_kib=70522236
SLIM_PROGRESS runs=1642135552/1859825801 resolve_wall=384.804 lce_wall=4107.203 write_wall=12.984 lf_steps=0 cache_hits=0
SLIM_PHASE query-chunks wall=2.573 cumulative=4712.284 peak_rss_kib=70530412
SLIM_PROGRESS runs=1643184128/1859825801 resolve_wall=385.058 lce_wall=4109.546 write_wall=12.992 lf_steps=0 cache_hits=0
SLIM_PHASE query-chunks wall=2.605 cumulative=4714.890 peak_rss_kib=70551616
SLIM_PROGRESS runs=1644232704/1859825801 resolve_wall=385.317 lce_wall=4111.862 write_wall=12.999 lf_steps=0 cache_hits=0
SLIM_PHASE query-chunks wall=2.582 cumulative=4717.472 peak_rss_kib=70551616
SLIM_PROGRESS runs=1645281280/1859825801 resolve_wall=385.577 lce_wall=4114.168 write_wall=13.007 lf_steps=0 cache_hits=0
SLIM_PHASE query-chunks wall=2.574 cumulative=4720.046 peak_rss_kib=70558964
SLIM_PROGRESS runs=1646329856/1859825801 resolve_wall=385.830 lce_wall=4116.442 write_wall=13.014 lf_steps=0 cache_hits=0
SLIM_PHASE query-chunks wall=2.534 cumulative=4722.580 peak_rss_kib=70558964
SLIM_PROGRESS runs=1647378432/1859825801 resolve_wall=386.081 lce_wall=4118.688 write_wall=13.021 lf_steps=0 cache_hits=0
SLIM_PHASE query-chunks wall=2.504 cumulative=4725.084 peak_rss_kib=70562100
SLIM_PROGRESS runs=1648427008/1859825801 resolve_wall=386.332 lce_wall=4120.957 write_wall=13.029 lf_steps=0 cache_hits=0
SLIM_PHASE query-chunks wall=2.528 cumulative=4727.612 peak_rss_kib=70568968
SLIM_PROGRESS runs=1649475584/1859825801 resolve_wall=386.588 lce_wall=4123.231 write_wall=13.036 lf_steps=0 cache_hits=0
SLIM_PHASE query-chunks wall=2.538 cumulative=4730.150 peak_rss_kib=70583828
SLIM_PROGRESS runs=1650524160/1859825801 resolve_wall=386.838 lce_wall=4125.724 write_wall=13.044 lf_steps=0 cache_hits=0
SLIM_PHASE query-chunks wall=2.751 cumulative=4732.901 peak_rss_kib=70596776
SLIM_PROGRESS runs=1651572736/1859825801 resolve_wall=387.093 lce_wall=4128.014 write_wall=13.051 lf_steps=0 cache_hits=0
SLIM_PHASE query-chunks wall=2.553 cumulative=4735.454 peak_rss_kib=70602724
SLIM_PROGRESS runs=1652621312/1859825801 resolve_wall=387.345 lce_wall=4130.300 write_wall=13.058 lf_steps=0 cache_hits=0
SLIM_PHASE query-chunks wall=2.545 cumulative=4737.999 peak_rss_kib=70614604
SLIM_PROGRESS runs=1653669888/1859825801 resolve_wall=387.600 lce_wall=4132.563 write_wall=13.066 lf_steps=0 cache_hits=0
SLIM_PHASE query-chunks wall=2.526 cumulative=4740.525 peak_rss_kib=70623904
SLIM_PROGRESS runs=1654718464/1859825801 resolve_wall=387.858 lce_wall=4134.809 write_wall=13.073 lf_steps=0 cache_hits=0
SLIM_PHASE query-chunks wall=2.511 cumulative=4743.035 peak_rss_kib=70623904
SLIM_PROGRESS runs=1655767040/1859825801 resolve_wall=388.110 lce_wall=4137.058 write_wall=13.080 lf_steps=0 cache_hits=0
SLIM_PHASE query-chunks wall=2.510 cumulative=4745.545 peak_rss_kib=70628212
SLIM_PROGRESS runs=1656815616/1859825801 resolve_wall=388.362 lce_wall=4139.321 write_wall=13.087 lf_steps=0 cache_hits=0
SLIM_PHASE query-chunks wall=2.521 cumulative=4748.066 peak_rss_kib=70637848
SLIM_PROGRESS runs=1657864192/1859825801 resolve_wall=388.617 lce_wall=4141.534 write_wall=13.095 lf_steps=0 cache_hits=0
SLIM_PHASE query-chunks wall=2.476 cumulative=4750.542 peak_rss_kib=70637848
SLIM_PROGRESS runs=1658912768/1859825801 resolve_wall=388.869 lce_wall=4143.880 write_wall=13.102 lf_steps=0 cache_hits=0
SLIM_PHASE query-chunks wall=2.605 cumulative=4753.147 peak_rss_kib=70644552
SLIM_PROGRESS runs=1659961344/1859825801 resolve_wall=389.120 lce_wall=4146.240 write_wall=13.109 lf_steps=0 cache_hits=0
SLIM_PHASE query-chunks wall=2.618 cumulative=4755.766 peak_rss_kib=70653872
SLIM_PROGRESS runs=1661009920/1859825801 resolve_wall=389.372 lce_wall=4148.555 write_wall=13.117 lf_steps=0 cache_hits=0
SLIM_PHASE query-chunks wall=2.575 cumulative=4758.340 peak_rss_kib=70670020
SLIM_PROGRESS runs=1662058496/1859825801 resolve_wall=389.624 lce_wall=4150.827 write_wall=13.124 lf_steps=0 cache_hits=0
SLIM_PHASE query-chunks wall=2.531 cumulative=4760.872 peak_rss_kib=70678512
SLIM_PROGRESS runs=1663107072/1859825801 resolve_wall=389.876 lce_wall=4153.116 write_wall=13.132 lf_steps=0 cache_hits=0
SLIM_PHASE query-chunks wall=2.549 cumulative=4763.421 peak_rss_kib=70691676
SLIM_PROGRESS runs=1664155648/1859825801 resolve_wall=390.127 lce_wall=4155.383 write_wall=13.139 lf_steps=0 cache_hits=0
SLIM_PHASE query-chunks wall=2.526 cumulative=4765.947 peak_rss_kib=70697456
SLIM_PROGRESS runs=1665204224/1859825801 resolve_wall=390.401 lce_wall=4157.702 write_wall=13.146 lf_steps=0 cache_hits=0
SLIM_PHASE query-chunks wall=2.600 cumulative=4768.547 peak_rss_kib=70705956
SLIM_PROGRESS runs=1666252800/1859825801 resolve_wall=390.655 lce_wall=4159.978 write_wall=13.154 lf_steps=0 cache_hits=0
SLIM_PHASE query-chunks wall=2.537 cumulative=4771.083 peak_rss_kib=70709856
SLIM_PROGRESS runs=1667301376/1859825801 resolve_wall=390.910 lce_wall=4162.304 write_wall=13.161 lf_steps=0 cache_hits=0
SLIM_PHASE query-chunks wall=2.590 cumulative=4773.673 peak_rss_kib=70720144
SLIM_PROGRESS runs=1668349952/1859825801 resolve_wall=391.160 lce_wall=4164.653 write_wall=13.169 lf_steps=0 cache_hits=0
SLIM_PHASE query-chunks wall=2.607 cumulative=4776.279 peak_rss_kib=70731020
SLIM_PROGRESS runs=1669398528/1859825801 resolve_wall=391.412 lce_wall=4166.895 write_wall=13.176 lf_steps=0 cache_hits=0
SLIM_PHASE query-chunks wall=2.502 cumulative=4778.781 peak_rss_kib=70739732
SLIM_PROGRESS runs=1670447104/1859825801 resolve_wall=391.670 lce_wall=4169.261 write_wall=13.183 lf_steps=0 cache_hits=0
SLIM_PHASE query-chunks wall=2.630 cumulative=4781.411 peak_rss_kib=70747664
SLIM_PROGRESS runs=1671495680/1859825801 resolve_wall=391.923 lce_wall=4171.731 write_wall=13.190 lf_steps=0 cache_hits=0
SLIM_PHASE query-chunks wall=2.732 cumulative=4784.143 peak_rss_kib=70752200
SLIM_PROGRESS runs=1672544256/1859825801 resolve_wall=392.185 lce_wall=4174.044 write_wall=13.198 lf_steps=0 cache_hits=0
SLIM_PHASE query-chunks wall=2.582 cumulative=4786.725 peak_rss_kib=70765224
SLIM_PROGRESS runs=1673592832/1859825801 resolve_wall=392.442 lce_wall=4176.358 write_wall=13.206 lf_steps=0 cache_hits=0
SLIM_PHASE query-chunks wall=2.578 cumulative=4789.304 peak_rss_kib=70777548
SLIM_PROGRESS runs=1674641408/1859825801 resolve_wall=392.701 lce_wall=4178.668 write_wall=13.213 lf_steps=0 cache_hits=0
SLIM_PHASE query-chunks wall=2.577 cumulative=4791.880 peak_rss_kib=70780228
SLIM_PROGRESS runs=1675689984/1859825801 resolve_wall=392.954 lce_wall=4181.016 write_wall=13.221 lf_steps=0 cache_hits=0
SLIM_PHASE query-chunks wall=2.608 cumulative=4794.489 peak_rss_kib=70797572
SLIM_PROGRESS runs=1676738560/1859825801 resolve_wall=393.208 lce_wall=4183.372 write_wall=13.228 lf_steps=0 cache_hits=0
SLIM_PHASE query-chunks wall=2.618 cumulative=4797.107 peak_rss_kib=70806368
SLIM_PROGRESS runs=1677787136/1859825801 resolve_wall=393.461 lce_wall=4185.677 write_wall=13.236 lf_steps=0 cache_hits=0
SLIM_PHASE query-chunks wall=2.566 cumulative=4799.673 peak_rss_kib=70811264
SLIM_PROGRESS runs=1678835712/1859825801 resolve_wall=393.724 lce_wall=4187.988 write_wall=13.243 lf_steps=0 cache_hits=0
SLIM_PHASE query-chunks wall=2.581 cumulative=4802.254 peak_rss_kib=70811264
SLIM_PROGRESS runs=1679884288/1859825801 resolve_wall=393.977 lce_wall=4190.283 write_wall=13.251 lf_steps=0 cache_hits=0
SLIM_PHASE query-chunks wall=2.556 cumulative=4804.811 peak_rss_kib=70825964
SLIM_PROGRESS runs=1680932864/1859825801 resolve_wall=394.229 lce_wall=4192.597 write_wall=13.258 lf_steps=0 cache_hits=0
SLIM_PHASE query-chunks wall=2.572 cumulative=4807.383 peak_rss_kib=70829440
SLIM_PROGRESS runs=1681981440/1859825801 resolve_wall=394.482 lce_wall=4194.914 write_wall=13.265 lf_steps=0 cache_hits=0
SLIM_PHASE query-chunks wall=2.578 cumulative=4809.961 peak_rss_kib=70844376
SLIM_PROGRESS runs=1683030016/1859825801 resolve_wall=394.737 lce_wall=4197.204 write_wall=13.273 lf_steps=0 cache_hits=0
SLIM_PHASE query-chunks wall=2.552 cumulative=4812.513 peak_rss_kib=70844376
SLIM_PROGRESS runs=1684078592/1859825801 resolve_wall=394.992 lce_wall=4199.544 write_wall=13.280 lf_steps=0 cache_hits=0
SLIM_PHASE query-chunks wall=2.603 cumulative=4815.116 peak_rss_kib=70849052
SLIM_PROGRESS runs=1685127168/1859825801 resolve_wall=395.254 lce_wall=4201.876 write_wall=13.287 lf_steps=0 cache_hits=0
SLIM_PHASE query-chunks wall=2.601 cumulative=4817.717 peak_rss_kib=70853756
SLIM_PROGRESS runs=1686175744/1859825801 resolve_wall=395.505 lce_wall=4204.226 write_wall=13.295 lf_steps=0 cache_hits=0
SLIM_PHASE query-chunks wall=2.609 cumulative=4820.326 peak_rss_kib=70871936
SLIM_PROGRESS runs=1687224320/1859825801 resolve_wall=395.758 lce_wall=4206.577 write_wall=13.302 lf_steps=0 cache_hits=0
SLIM_PHASE query-chunks wall=2.612 cumulative=4822.938 peak_rss_kib=70874016
SLIM_PROGRESS runs=1688272896/1859825801 resolve_wall=396.015 lce_wall=4208.951 write_wall=13.309 lf_steps=0 cache_hits=0
SLIM_PHASE query-chunks wall=2.637 cumulative=4825.575 peak_rss_kib=70874016
SLIM_PROGRESS runs=1689321472/1859825801 resolve_wall=396.269 lce_wall=4211.257 write_wall=13.317 lf_steps=0 cache_hits=0
SLIM_PHASE query-chunks wall=2.568 cumulative=4828.143 peak_rss_kib=70874016
SLIM_PROGRESS runs=1690370048/1859825801 resolve_wall=396.521 lce_wall=4213.555 write_wall=13.324 lf_steps=0 cache_hits=0
SLIM_PHASE query-chunks wall=2.558 cumulative=4830.701 peak_rss_kib=70879720
SLIM_PROGRESS runs=1691418624/1859825801 resolve_wall=396.777 lce_wall=4215.767 write_wall=13.331 lf_steps=0 cache_hits=0
SLIM_PHASE query-chunks wall=2.474 cumulative=4833.175 peak_rss_kib=70886932
SLIM_PROGRESS runs=1692467200/1859825801 resolve_wall=397.031 lce_wall=4218.090 write_wall=13.339 lf_steps=0 cache_hits=0
SLIM_PHASE query-chunks wall=2.585 cumulative=4835.760 peak_rss_kib=70907936
SLIM_PROGRESS runs=1693515776/1859825801 resolve_wall=397.285 lce_wall=4220.430 write_wall=13.346 lf_steps=0 cache_hits=0
SLIM_PHASE query-chunks wall=2.601 cumulative=4838.361 peak_rss_kib=70918736
SLIM_PROGRESS runs=1694564352/1859825801 resolve_wall=397.540 lce_wall=4222.723 write_wall=13.353 lf_steps=0 cache_hits=0
SLIM_PHASE query-chunks wall=2.556 cumulative=4840.917 peak_rss_kib=70922264
SLIM_PROGRESS runs=1695612928/1859825801 resolve_wall=397.794 lce_wall=4225.043 write_wall=13.361 lf_steps=0 cache_hits=0
SLIM_PHASE query-chunks wall=2.581 cumulative=4843.499 peak_rss_kib=70935696
SLIM_PROGRESS runs=1696661504/1859825801 resolve_wall=398.050 lce_wall=4227.376 write_wall=13.368 lf_steps=0 cache_hits=0
SLIM_PHASE query-chunks wall=2.596 cumulative=4846.095 peak_rss_kib=70938952
SLIM_PROGRESS runs=1697710080/1859825801 resolve_wall=398.306 lce_wall=4229.690 write_wall=13.376 lf_steps=0 cache_hits=0
SLIM_PHASE query-chunks wall=2.578 cumulative=4848.674 peak_rss_kib=70947268
SLIM_PROGRESS runs=1698758656/1859825801 resolve_wall=398.570 lce_wall=4231.998 write_wall=13.383 lf_steps=0 cache_hits=0
SLIM_PHASE query-chunks wall=2.579 cumulative=4851.253 peak_rss_kib=70948820
SLIM_PROGRESS runs=1699807232/1859825801 resolve_wall=398.829 lce_wall=4234.252 write_wall=13.390 lf_steps=0 cache_hits=0
SLIM_PHASE query-chunks wall=2.521 cumulative=4853.774 peak_rss_kib=70965808
SLIM_PROGRESS runs=1700855808/1859825801 resolve_wall=399.082 lce_wall=4236.514 write_wall=13.398 lf_steps=0 cache_hits=0
SLIM_PHASE query-chunks wall=2.522 cumulative=4856.296 peak_rss_kib=70971992
SLIM_PROGRESS runs=1701904384/1859825801 resolve_wall=399.335 lce_wall=4238.805 write_wall=13.405 lf_steps=0 cache_hits=0
SLIM_PHASE query-chunks wall=2.551 cumulative=4858.847 peak_rss_kib=70984812
SLIM_PROGRESS runs=1702952960/1859825801 resolve_wall=399.592 lce_wall=4241.133 write_wall=13.413 lf_steps=0 cache_hits=0
SLIM_PHASE query-chunks wall=2.592 cumulative=4861.439 peak_rss_kib=70995588
SLIM_PROGRESS runs=1704001536/1859825801 resolve_wall=399.847 lce_wall=4243.439 write_wall=13.420 lf_steps=0 cache_hits=0
SLIM_PHASE query-chunks wall=2.570 cumulative=4864.009 peak_rss_kib=71009500
SLIM_PROGRESS runs=1705050112/1859825801 resolve_wall=400.104 lce_wall=4245.860 write_wall=13.428 lf_steps=0 cache_hits=0
SLIM_PHASE query-chunks wall=2.686 cumulative=4866.695 peak_rss_kib=71012060
SLIM_PROGRESS runs=1706098688/1859825801 resolve_wall=400.359 lce_wall=4248.134 write_wall=13.435 lf_steps=0 cache_hits=0
SLIM_PHASE query-chunks wall=2.536 cumulative=4869.231 peak_rss_kib=71015308
SLIM_PROGRESS runs=1707147264/1859825801 resolve_wall=400.614 lce_wall=4250.424 write_wall=13.443 lf_steps=0 cache_hits=0
SLIM_PHASE query-chunks wall=2.553 cumulative=4871.784 peak_rss_kib=71021008
SLIM_PROGRESS runs=1708195840/1859825801 resolve_wall=400.877 lce_wall=4252.691 write_wall=13.450 lf_steps=0 cache_hits=0
SLIM_PHASE query-chunks wall=2.537 cumulative=4874.321 peak_rss_kib=71027108
SLIM_PROGRESS runs=1709244416/1859825801 resolve_wall=401.133 lce_wall=4254.978 write_wall=13.458 lf_steps=0 cache_hits=0
SLIM_PHASE query-chunks wall=2.550 cumulative=4876.871 peak_rss_kib=71041464
SLIM_PROGRESS runs=1710292992/1859825801 resolve_wall=401.392 lce_wall=4257.259 write_wall=13.465 lf_steps=0 cache_hits=0
SLIM_PHASE query-chunks wall=2.548 cumulative=4879.419 peak_rss_kib=71047140
SLIM_PROGRESS runs=1711341568/1859825801 resolve_wall=401.647 lce_wall=4259.560 write_wall=13.473 lf_steps=0 cache_hits=0
SLIM_PHASE query-chunks wall=2.564 cumulative=4881.983 peak_rss_kib=71053576
SLIM_PROGRESS runs=1712390144/1859825801 resolve_wall=401.891 lce_wall=4261.809 write_wall=13.482 lf_steps=0 cache_hits=0
SLIM_PHASE query-chunks wall=2.503 cumulative=4884.486 peak_rss_kib=71069520
SLIM_PROGRESS runs=1713438720/1859825801 resolve_wall=402.125 lce_wall=4264.093 write_wall=13.493 lf_steps=0 cache_hits=0
SLIM_PHASE query-chunks wall=2.529 cumulative=4887.015 peak_rss_kib=71071652
SLIM_PROGRESS runs=1714487296/1859825801 resolve_wall=402.360 lce_wall=4266.392 write_wall=13.504 lf_steps=0 cache_hits=0
SLIM_PHASE query-chunks wall=2.544 cumulative=4889.560 peak_rss_kib=71073944
SLIM_PROGRESS runs=1715535872/1859825801 resolve_wall=402.595 lce_wall=4268.685 write_wall=13.514 lf_steps=0 cache_hits=0
SLIM_PHASE query-chunks wall=2.539 cumulative=4892.099 peak_rss_kib=71073944
SLIM_PROGRESS runs=1716584448/1859825801 resolve_wall=402.831 lce_wall=4270.986 write_wall=13.525 lf_steps=0 cache_hits=0
SLIM_PHASE query-chunks wall=2.548 cumulative=4894.647 peak_rss_kib=71083900
SLIM_PROGRESS runs=1717633024/1859825801 resolve_wall=403.068 lce_wall=4273.309 write_wall=13.536 lf_steps=0 cache_hits=0
SLIM_PHASE query-chunks wall=2.570 cumulative=4897.217 peak_rss_kib=71101184
SLIM_PROGRESS runs=1718681600/1859825801 resolve_wall=403.303 lce_wall=4275.642 write_wall=13.546 lf_steps=0 cache_hits=0
SLIM_PHASE query-chunks wall=2.578 cumulative=4899.796 peak_rss_kib=71110072
SLIM_PROGRESS runs=1719730176/1859825801 resolve_wall=403.545 lce_wall=4277.849 write_wall=13.555 lf_steps=0 cache_hits=0
SLIM_PHASE query-chunks wall=2.459 cumulative=4902.254 peak_rss_kib=71111476
SLIM_PROGRESS runs=1720778752/1859825801 resolve_wall=403.784 lce_wall=4280.090 write_wall=13.565 lf_steps=0 cache_hits=0
SLIM_PHASE query-chunks wall=2.490 cumulative=4904.744 peak_rss_kib=71126288
SLIM_PROGRESS runs=1721827328/1859825801 resolve_wall=404.025 lce_wall=4282.299 write_wall=13.575 lf_steps=0 cache_hits=0
SLIM_PHASE query-chunks wall=2.460 cumulative=4907.204 peak_rss_kib=71132196
SLIM_PROGRESS runs=1722875904/1859825801 resolve_wall=404.279 lce_wall=4284.577 write_wall=13.582 lf_steps=0 cache_hits=0
SLIM_PHASE query-chunks wall=2.540 cumulative=4909.744 peak_rss_kib=71145384
SLIM_PROGRESS runs=1723924480/1859825801 resolve_wall=404.536 lce_wall=4286.877 write_wall=13.590 lf_steps=0 cache_hits=0
SLIM_PHASE query-chunks wall=2.565 cumulative=4912.308 peak_rss_kib=71155644
SLIM_PROGRESS runs=1724973056/1859825801 resolve_wall=404.789 lce_wall=4289.140 write_wall=13.597 lf_steps=0 cache_hits=0
SLIM_PHASE query-chunks wall=2.523 cumulative=4914.832 peak_rss_kib=71160860
SLIM_PROGRESS runs=1726021632/1859825801 resolve_wall=405.041 lce_wall=4291.446 write_wall=13.605 lf_steps=0 cache_hits=0
SLIM_PHASE query-chunks wall=2.566 cumulative=4917.398 peak_rss_kib=71173240
SLIM_PROGRESS runs=1727070208/1859825801 resolve_wall=405.294 lce_wall=4293.727 write_wall=13.612 lf_steps=0 cache_hits=0
SLIM_PHASE query-chunks wall=2.541 cumulative=4919.939 peak_rss_kib=71180912
SLIM_PROGRESS runs=1728118784/1859825801 resolve_wall=405.549 lce_wall=4296.029 write_wall=13.620 lf_steps=0 cache_hits=0
SLIM_PHASE query-chunks wall=2.566 cumulative=4922.505 peak_rss_kib=71189580
SLIM_PROGRESS runs=1729167360/1859825801 resolve_wall=405.808 lce_wall=4298.292 write_wall=13.628 lf_steps=0 cache_hits=0
SLIM_PHASE query-chunks wall=2.530 cumulative=4925.035 peak_rss_kib=71191688
SLIM_PROGRESS runs=1730215936/1859825801 resolve_wall=406.063 lce_wall=4300.572 write_wall=13.635 lf_steps=0 cache_hits=0
SLIM_PHASE query-chunks wall=2.542 cumulative=4927.577 peak_rss_kib=71191688
SLIM_PROGRESS runs=1731264512/1859825801 resolve_wall=406.316 lce_wall=4302.856 write_wall=13.643 lf_steps=0 cache_hits=0
SLIM_PHASE query-chunks wall=2.545 cumulative=4930.122 peak_rss_kib=71204044
SLIM_PROGRESS runs=1732313088/1859825801 resolve_wall=406.572 lce_wall=4305.155 write_wall=13.651 lf_steps=0 cache_hits=0
SLIM_PHASE query-chunks wall=2.563 cumulative=4932.685 peak_rss_kib=71216048
SLIM_PROGRESS runs=1733361664/1859825801 resolve_wall=406.825 lce_wall=4307.411 write_wall=13.658 lf_steps=0 cache_hits=0
SLIM_PHASE query-chunks wall=2.516 cumulative=4935.201 peak_rss_kib=71245476
SLIM_PROGRESS runs=1734410240/1859825801 resolve_wall=407.079 lce_wall=4309.663 write_wall=13.665 lf_steps=0 cache_hits=0
SLIM_PHASE query-chunks wall=2.514 cumulative=4937.715 peak_rss_kib=71258336
SLIM_PROGRESS runs=1735458816/1859825801 resolve_wall=407.334 lce_wall=4311.935 write_wall=13.673 lf_steps=0 cache_hits=0
SLIM_PHASE query-chunks wall=2.534 cumulative=4940.249 peak_rss_kib=71271520
SLIM_PROGRESS runs=1736507392/1859825801 resolve_wall=407.588 lce_wall=4314.231 write_wall=13.680 lf_steps=0 cache_hits=0
SLIM_PHASE query-chunks wall=2.558 cumulative=4942.807 peak_rss_kib=71281156
SLIM_PROGRESS runs=1737555968/1859825801 resolve_wall=407.852 lce_wall=4316.508 write_wall=13.687 lf_steps=0 cache_hits=0
SLIM_PHASE query-chunks wall=2.549 cumulative=4945.355 peak_rss_kib=71290528
SLIM_PROGRESS runs=1738604544/1859825801 resolve_wall=408.104 lce_wall=4318.767 write_wall=13.695 lf_steps=0 cache_hits=0
SLIM_PHASE query-chunks wall=2.519 cumulative=4947.874 peak_rss_kib=71302720
SLIM_PROGRESS runs=1739653120/1859825801 resolve_wall=408.363 lce_wall=4321.036 write_wall=13.702 lf_steps=0 cache_hits=0
SLIM_PHASE query-chunks wall=2.536 cumulative=4950.410 peak_rss_kib=71302848
SLIM_PROGRESS runs=1740701696/1859825801 resolve_wall=408.617 lce_wall=4323.337 write_wall=13.710 lf_steps=0 cache_hits=0
SLIM_PHASE query-chunks wall=2.562 cumulative=4952.972 peak_rss_kib=71304836
SLIM_PROGRESS runs=1741750272/1859825801 resolve_wall=408.870 lce_wall=4325.632 write_wall=13.717 lf_steps=0 cache_hits=0
SLIM_PHASE query-chunks wall=2.556 cumulative=4955.528 peak_rss_kib=71314452
SLIM_PROGRESS runs=1742798848/1859825801 resolve_wall=409.125 lce_wall=4327.955 write_wall=13.725 lf_steps=0 cache_hits=0
SLIM_PHASE query-chunks wall=2.585 cumulative=4958.113 peak_rss_kib=71314892
SLIM_PROGRESS runs=1743847424/1859825801 resolve_wall=409.378 lce_wall=4330.262 write_wall=13.732 lf_steps=0 cache_hits=0
SLIM_PHASE query-chunks wall=2.567 cumulative=4960.680 peak_rss_kib=71323996
SLIM_PROGRESS runs=1744896000/1859825801 resolve_wall=409.631 lce_wall=4332.578 write_wall=13.740 lf_steps=0 cache_hits=0
SLIM_PHASE query-chunks wall=2.577 cumulative=4963.257 peak_rss_kib=71331664
SLIM_PROGRESS runs=1745944576/1859825801 resolve_wall=409.888 lce_wall=4334.866 write_wall=13.747 lf_steps=0 cache_hits=0
SLIM_PHASE query-chunks wall=2.553 cumulative=4965.810 peak_rss_kib=71338352
SLIM_PROGRESS runs=1746993152/1859825801 resolve_wall=410.144 lce_wall=4337.170 write_wall=13.755 lf_steps=0 cache_hits=0
SLIM_PHASE query-chunks wall=2.568 cumulative=4968.378 peak_rss_kib=71345248
SLIM_PROGRESS runs=1748041728/1859825801 resolve_wall=410.397 lce_wall=4339.470 write_wall=13.762 lf_steps=0 cache_hits=0
SLIM_PHASE query-chunks wall=2.560 cumulative=4970.938 peak_rss_kib=71356052
SLIM_PROGRESS runs=1749090304/1859825801 resolve_wall=410.649 lce_wall=4341.775 write_wall=13.769 lf_steps=0 cache_hits=0
SLIM_PHASE query-chunks wall=2.565 cumulative=4973.503 peak_rss_kib=71360588
SLIM_PROGRESS runs=1750138880/1859825801 resolve_wall=410.900 lce_wall=4344.052 write_wall=13.777 lf_steps=0 cache_hits=0
SLIM_PHASE query-chunks wall=2.536 cumulative=4976.039 peak_rss_kib=71367848
SLIM_PROGRESS runs=1751187456/1859825801 resolve_wall=411.161 lce_wall=4346.357 write_wall=13.785 lf_steps=0 cache_hits=0
SLIM_PHASE query-chunks wall=2.573 cumulative=4978.612 peak_rss_kib=71367848
SLIM_PROGRESS runs=1752236032/1859825801 resolve_wall=411.420 lce_wall=4348.683 write_wall=13.792 lf_steps=0 cache_hits=0
SLIM_PHASE query-chunks wall=2.593 cumulative=4981.205 peak_rss_kib=71379708
SLIM_PROGRESS runs=1753284608/1859825801 resolve_wall=411.674 lce_wall=4350.999 write_wall=13.800 lf_steps=0 cache_hits=0
SLIM_PHASE query-chunks wall=2.577 cumulative=4983.782 peak_rss_kib=71382268
SLIM_PROGRESS runs=1754333184/1859825801 resolve_wall=411.927 lce_wall=4353.256 write_wall=13.807 lf_steps=0 cache_hits=0
SLIM_PHASE query-chunks wall=2.518 cumulative=4986.300 peak_rss_kib=71401904
SLIM_PROGRESS runs=1755381760/1859825801 resolve_wall=412.179 lce_wall=4355.511 write_wall=13.814 lf_steps=0 cache_hits=0
SLIM_PHASE query-chunks wall=2.514 cumulative=4988.814 peak_rss_kib=71407688
SLIM_PROGRESS runs=1756430336/1859825801 resolve_wall=412.432 lce_wall=4357.869 write_wall=13.821 lf_steps=0 cache_hits=0
SLIM_PHASE query-chunks wall=2.618 cumulative=4991.433 peak_rss_kib=71409112
SLIM_PROGRESS runs=1757478912/1859825801 resolve_wall=412.685 lce_wall=4360.260 write_wall=13.829 lf_steps=0 cache_hits=0
SLIM_PHASE query-chunks wall=2.652 cumulative=4994.085 peak_rss_kib=71422396
SLIM_PROGRESS runs=1758527488/1859825801 resolve_wall=412.942 lce_wall=4362.577 write_wall=13.836 lf_steps=0 cache_hits=0
SLIM_PHASE query-chunks wall=2.582 cumulative=4996.666 peak_rss_kib=71428480
SLIM_PROGRESS runs=1759576064/1859825801 resolve_wall=413.201 lce_wall=4364.940 write_wall=13.844 lf_steps=0 cache_hits=0
SLIM_PHASE query-chunks wall=2.629 cumulative=4999.295 peak_rss_kib=71443736
SLIM_PROGRESS runs=1760624640/1859825801 resolve_wall=413.458 lce_wall=4367.232 write_wall=13.851 lf_steps=0 cache_hits=0
SLIM_PHASE query-chunks wall=2.557 cumulative=5001.852 peak_rss_kib=71455612
SLIM_PROGRESS runs=1761673216/1859825801 resolve_wall=413.713 lce_wall=4369.576 write_wall=13.858 lf_steps=0 cache_hits=0
SLIM_PHASE query-chunks wall=2.606 cumulative=5004.458 peak_rss_kib=71471508
SLIM_PROGRESS runs=1762721792/1859825801 resolve_wall=413.969 lce_wall=4371.930 write_wall=13.866 lf_steps=0 cache_hits=0
SLIM_PHASE query-chunks wall=2.618 cumulative=5007.076 peak_rss_kib=71483664
SLIM_PROGRESS runs=1763770368/1859825801 resolve_wall=414.226 lce_wall=4374.330 write_wall=13.873 lf_steps=0 cache_hits=0
SLIM_PHASE query-chunks wall=2.664 cumulative=5009.740 peak_rss_kib=71492688
SLIM_PROGRESS runs=1764818944/1859825801 resolve_wall=414.482 lce_wall=4376.715 write_wall=13.880 lf_steps=0 cache_hits=0
SLIM_PHASE query-chunks wall=2.649 cumulative=5012.389 peak_rss_kib=71495324
SLIM_PROGRESS runs=1765867520/1859825801 resolve_wall=414.734 lce_wall=4379.070 write_wall=13.888 lf_steps=0 cache_hits=0
SLIM_PHASE query-chunks wall=2.614 cumulative=5015.003 peak_rss_kib=71499656
SLIM_PROGRESS runs=1766916096/1859825801 resolve_wall=414.987 lce_wall=4381.363 write_wall=13.895 lf_steps=0 cache_hits=0
SLIM_PHASE query-chunks wall=2.554 cumulative=5017.557 peak_rss_kib=71504716
SLIM_PROGRESS runs=1767964672/1859825801 resolve_wall=415.249 lce_wall=4383.694 write_wall=13.903 lf_steps=0 cache_hits=0
SLIM_PHASE query-chunks wall=2.600 cumulative=5020.157 peak_rss_kib=71513028
SLIM_PROGRESS runs=1769013248/1859825801 resolve_wall=415.501 lce_wall=4386.044 write_wall=13.910 lf_steps=0 cache_hits=0
SLIM_PHASE query-chunks wall=2.610 cumulative=5022.768 peak_rss_kib=71518944
SLIM_PROGRESS runs=1770061824/1859825801 resolve_wall=415.759 lce_wall=4388.372 write_wall=13.917 lf_steps=0 cache_hits=0
SLIM_PHASE query-chunks wall=2.593 cumulative=5025.361 peak_rss_kib=71528828
SLIM_PROGRESS runs=1771110400/1859825801 resolve_wall=416.014 lce_wall=4390.727 write_wall=13.925 lf_steps=0 cache_hits=0
SLIM_PHASE query-chunks wall=2.618 cumulative=5027.979 peak_rss_kib=71538776
SLIM_PROGRESS runs=1772158976/1859825801 resolve_wall=416.257 lce_wall=4393.088 write_wall=13.934 lf_steps=0 cache_hits=0
SLIM_PHASE query-chunks wall=2.612 cumulative=5030.591 peak_rss_kib=71545944
SLIM_PROGRESS runs=1773207552/1859825801 resolve_wall=416.501 lce_wall=4395.480 write_wall=13.941 lf_steps=0 cache_hits=0
SLIM_PHASE query-chunks wall=2.644 cumulative=5033.235 peak_rss_kib=71550148
SLIM_PROGRESS runs=1774256128/1859825801 resolve_wall=416.752 lce_wall=4397.885 write_wall=13.949 lf_steps=0 cache_hits=0
SLIM_PHASE query-chunks wall=2.665 cumulative=5035.899 peak_rss_kib=71560944
SLIM_PROGRESS runs=1775304704/1859825801 resolve_wall=417.004 lce_wall=4400.250 write_wall=13.957 lf_steps=0 cache_hits=0
SLIM_PHASE query-chunks wall=2.625 cumulative=5038.524 peak_rss_kib=71575340
SLIM_PROGRESS runs=1776353280/1859825801 resolve_wall=417.253 lce_wall=4402.617 write_wall=13.964 lf_steps=0 cache_hits=0
SLIM_PHASE query-chunks wall=2.624 cumulative=5041.148 peak_rss_kib=71582368
SLIM_PROGRESS runs=1777401856/1859825801 resolve_wall=417.508 lce_wall=4404.982 write_wall=13.972 lf_steps=0 cache_hits=0
SLIM_PHASE query-chunks wall=2.628 cumulative=5043.776 peak_rss_kib=71587404
SLIM_PROGRESS runs=1778450432/1859825801 resolve_wall=417.759 lce_wall=4407.338 write_wall=13.980 lf_steps=0 cache_hits=0
SLIM_PHASE query-chunks wall=2.615 cumulative=5046.390 peak_rss_kib=71596836
SLIM_PROGRESS runs=1779499008/1859825801 resolve_wall=418.009 lce_wall=4409.702 write_wall=13.988 lf_steps=0 cache_hits=0
SLIM_PHASE query-chunks wall=2.622 cumulative=5049.013 peak_rss_kib=71599460
SLIM_PROGRESS runs=1780547584/1859825801 resolve_wall=418.260 lce_wall=4412.060 write_wall=13.995 lf_steps=0 cache_hits=0
SLIM_PHASE query-chunks wall=2.616 cumulative=5051.629 peak_rss_kib=71622980
SLIM_PROGRESS runs=1781596160/1859825801 resolve_wall=418.512 lce_wall=4414.438 write_wall=14.003 lf_steps=0 cache_hits=0
SLIM_PHASE query-chunks wall=2.637 cumulative=5054.266 peak_rss_kib=71635404
SLIM_PROGRESS runs=1782644736/1859825801 resolve_wall=418.763 lce_wall=4416.796 write_wall=14.010 lf_steps=0 cache_hits=0
SLIM_PHASE query-chunks wall=2.616 cumulative=5056.883 peak_rss_kib=71641404
SLIM_PROGRESS runs=1783693312/1859825801 resolve_wall=419.016 lce_wall=4419.220 write_wall=14.018 lf_steps=0 cache_hits=0
SLIM_PHASE query-chunks wall=2.686 cumulative=5059.569 peak_rss_kib=71651012
SLIM_PROGRESS runs=1784741888/1859825801 resolve_wall=419.266 lce_wall=4421.653 write_wall=14.026 lf_steps=0 cache_hits=0
SLIM_PHASE query-chunks wall=2.690 cumulative=5062.258 peak_rss_kib=71657728
SLIM_PROGRESS runs=1785790464/1859825801 resolve_wall=419.518 lce_wall=4424.068 write_wall=14.034 lf_steps=0 cache_hits=0
SLIM_PHASE query-chunks wall=2.676 cumulative=5064.934 peak_rss_kib=71667640
SLIM_PROGRESS runs=1786839040/1859825801 resolve_wall=419.763 lce_wall=4426.445 write_wall=14.041 lf_steps=0 cache_hits=0
SLIM_PHASE query-chunks wall=2.630 cumulative=5067.565 peak_rss_kib=71671116
SLIM_PROGRESS runs=1787887616/1859825801 resolve_wall=419.999 lce_wall=4428.811 write_wall=14.051 lf_steps=0 cache_hits=0
SLIM_PHASE query-chunks wall=2.612 cumulative=5070.176 peak_rss_kib=71683112
SLIM_PROGRESS runs=1788936192/1859825801 resolve_wall=420.237 lce_wall=4431.144 write_wall=14.060 lf_steps=0 cache_hits=0
SLIM_PHASE query-chunks wall=2.580 cumulative=5072.756 peak_rss_kib=71697224
SLIM_PROGRESS runs=1789984768/1859825801 resolve_wall=420.476 lce_wall=4433.559 write_wall=14.070 lf_steps=0 cache_hits=0
SLIM_PHASE query-chunks wall=2.664 cumulative=5075.420 peak_rss_kib=71701404
SLIM_PROGRESS runs=1791033344/1859825801 resolve_wall=420.718 lce_wall=4435.917 write_wall=14.080 lf_steps=0 cache_hits=0
SLIM_PHASE query-chunks wall=2.610 cumulative=5078.030 peak_rss_kib=71710776
SLIM_PROGRESS runs=1792081920/1859825801 resolve_wall=420.958 lce_wall=4438.288 write_wall=14.089 lf_steps=0 cache_hits=0
SLIM_PHASE query-chunks wall=2.621 cumulative=5080.651 peak_rss_kib=71720484
SLIM_PROGRESS runs=1793130496/1859825801 resolve_wall=421.198 lce_wall=4440.687 write_wall=14.099 lf_steps=0 cache_hits=0
SLIM_PHASE query-chunks wall=2.649 cumulative=5083.300 peak_rss_kib=71736136
SLIM_PROGRESS runs=1794179072/1859825801 resolve_wall=421.439 lce_wall=4443.082 write_wall=14.108 lf_steps=0 cache_hits=0
SLIM_PHASE query-chunks wall=2.645 cumulative=5085.945 peak_rss_kib=71739380
SLIM_PROGRESS runs=1795227648/1859825801 resolve_wall=421.681 lce_wall=4445.454 write_wall=14.118 lf_steps=0 cache_hits=0
SLIM_PHASE query-chunks wall=2.624 cumulative=5088.569 peak_rss_kib=71743416
SLIM_PROGRESS runs=1796276224/1859825801 resolve_wall=421.925 lce_wall=4447.779 write_wall=14.127 lf_steps=0 cache_hits=0
SLIM_PHASE query-chunks wall=2.579 cumulative=5091.148 peak_rss_kib=71755144
SLIM_PROGRESS runs=1797324800/1859825801 resolve_wall=422.171 lce_wall=4450.164 write_wall=14.137 lf_steps=0 cache_hits=0
SLIM_PHASE query-chunks wall=2.640 cumulative=5093.787 peak_rss_kib=71763992
SLIM_PROGRESS runs=1798373376/1859825801 resolve_wall=422.413 lce_wall=4452.564 write_wall=14.146 lf_steps=0 cache_hits=0
SLIM_PHASE query-chunks wall=2.652 cumulative=5096.440 peak_rss_kib=71773132
SLIM_PROGRESS runs=1799421952/1859825801 resolve_wall=422.665 lce_wall=4454.974 write_wall=14.155 lf_steps=0 cache_hits=0
SLIM_PHASE query-chunks wall=2.671 cumulative=5099.111 peak_rss_kib=71780072
SLIM_PROGRESS runs=1800470528/1859825801 resolve_wall=422.936 lce_wall=4457.392 write_wall=14.166 lf_steps=0 cache_hits=0
SLIM_PHASE query-chunks wall=2.700 cumulative=5101.810 peak_rss_kib=71792468
SLIM_PROGRESS runs=1801519104/1859825801 resolve_wall=423.200 lce_wall=4459.811 write_wall=14.175 lf_steps=0 cache_hits=0
SLIM_PHASE query-chunks wall=2.693 cumulative=5104.503 peak_rss_kib=71797252
SLIM_PROGRESS runs=1802567680/1859825801 resolve_wall=423.455 lce_wall=4462.189 write_wall=14.184 lf_steps=0 cache_hits=0
SLIM_PHASE query-chunks wall=2.643 cumulative=5107.146 peak_rss_kib=71802152
SLIM_PROGRESS runs=1803616256/1859825801 resolve_wall=423.698 lce_wall=4464.673 write_wall=14.195 lf_steps=0 cache_hits=0
SLIM_PHASE query-chunks wall=2.738 cumulative=5109.884 peak_rss_kib=71803468
SLIM_PROGRESS runs=1804664832/1859825801 resolve_wall=423.967 lce_wall=4467.080 write_wall=14.205 lf_steps=0 cache_hits=0
SLIM_PHASE query-chunks wall=2.686 cumulative=5112.570 peak_rss_kib=71810240
SLIM_PROGRESS runs=1805713408/1859825801 resolve_wall=424.231 lce_wall=4469.472 write_wall=14.214 lf_steps=0 cache_hits=0
SLIM_PHASE query-chunks wall=2.665 cumulative=5115.235 peak_rss_kib=71817360
SLIM_PROGRESS runs=1806761984/1859825801 resolve_wall=424.486 lce_wall=4471.857 write_wall=14.223 lf_steps=0 cache_hits=0
SLIM_PHASE query-chunks wall=2.649 cumulative=5117.884 peak_rss_kib=71828668
SLIM_PROGRESS runs=1807810560/1859825801 resolve_wall=424.740 lce_wall=4474.228 write_wall=14.232 lf_steps=0 cache_hits=0
SLIM_PHASE query-chunks wall=2.634 cumulative=5120.518 peak_rss_kib=71833796
SLIM_PROGRESS runs=1808859136/1859825801 resolve_wall=424.985 lce_wall=4476.593 write_wall=14.240 lf_steps=0 cache_hits=0
SLIM_PHASE query-chunks wall=2.619 cumulative=5123.136 peak_rss_kib=71840456
SLIM_PROGRESS runs=1809907712/1859825801 resolve_wall=425.248 lce_wall=4478.934 write_wall=14.249 lf_steps=0 cache_hits=0
SLIM_PHASE query-chunks wall=2.613 cumulative=5125.750 peak_rss_kib=71842788
SLIM_PROGRESS runs=1810956288/1859825801 resolve_wall=425.516 lce_wall=4481.299 write_wall=14.259 lf_steps=0 cache_hits=0
SLIM_PHASE query-chunks wall=2.644 cumulative=5128.393 peak_rss_kib=71846568
SLIM_PROGRESS runs=1812004864/1859825801 resolve_wall=425.781 lce_wall=4483.656 write_wall=14.268 lf_steps=0 cache_hits=0
SLIM_PHASE query-chunks wall=2.632 cumulative=5131.025 peak_rss_kib=71851116
SLIM_PROGRESS runs=1813053440/1859825801 resolve_wall=426.048 lce_wall=4486.071 write_wall=14.278 lf_steps=0 cache_hits=0
SLIM_PHASE query-chunks wall=2.691 cumulative=5133.716 peak_rss_kib=71853604
SLIM_PROGRESS runs=1814102016/1859825801 resolve_wall=426.320 lce_wall=4488.501 write_wall=14.288 lf_steps=0 cache_hits=0
SLIM_PHASE query-chunks wall=2.711 cumulative=5136.427 peak_rss_kib=71859872
SLIM_PROGRESS runs=1815150592/1859825801 resolve_wall=426.596 lce_wall=4490.850 write_wall=14.297 lf_steps=0 cache_hits=0
SLIM_PHASE query-chunks wall=2.635 cumulative=5139.062 peak_rss_kib=71868096
SLIM_PROGRESS runs=1816199168/1859825801 resolve_wall=426.869 lce_wall=4493.362 write_wall=14.307 lf_steps=0 cache_hits=0
SLIM_PHASE query-chunks wall=2.795 cumulative=5141.858 peak_rss_kib=71869136
SLIM_PROGRESS runs=1817247744/1859825801 resolve_wall=427.144 lce_wall=4495.752 write_wall=14.317 lf_steps=0 cache_hits=0
SLIM_PHASE query-chunks wall=2.674 cumulative=5144.531 peak_rss_kib=71872884
SLIM_PROGRESS runs=1818296320/1859825801 resolve_wall=427.418 lce_wall=4498.206 write_wall=14.326 lf_steps=0 cache_hits=0
SLIM_PHASE query-chunks wall=2.738 cumulative=5147.270 peak_rss_kib=71889240
SLIM_PROGRESS runs=1819344896/1859825801 resolve_wall=427.690 lce_wall=4500.622 write_wall=14.336 lf_steps=0 cache_hits=0
SLIM_PHASE query-chunks wall=2.698 cumulative=5149.968 peak_rss_kib=71897384
SLIM_PROGRESS runs=1820393472/1859825801 resolve_wall=427.961 lce_wall=4503.015 write_wall=14.346 lf_steps=0 cache_hits=0
SLIM_PHASE query-chunks wall=2.673 cumulative=5152.641 peak_rss_kib=71905280
SLIM_PROGRESS runs=1821442048/1859825801 resolve_wall=428.233 lce_wall=4505.458 write_wall=14.355 lf_steps=0 cache_hits=0
SLIM_PHASE query-chunks wall=2.725 cumulative=5155.366 peak_rss_kib=71910964
SLIM_PROGRESS runs=1822490624/1859825801 resolve_wall=428.503 lce_wall=4507.804 write_wall=14.364 lf_steps=0 cache_hits=0
SLIM_PHASE query-chunks wall=2.626 cumulative=5157.992 peak_rss_kib=71918928
SLIM_PROGRESS runs=1823539200/1859825801 resolve_wall=428.775 lce_wall=4510.218 write_wall=14.374 lf_steps=0 cache_hits=0
SLIM_PHASE query-chunks wall=2.695 cumulative=5160.687 peak_rss_kib=71927904
SLIM_PROGRESS runs=1824587776/1859825801 resolve_wall=429.050 lce_wall=4512.601 write_wall=14.383 lf_steps=0 cache_hits=0
SLIM_PHASE query-chunks wall=2.668 cumulative=5163.356 peak_rss_kib=71937588
SLIM_PROGRESS runs=1825636352/1859825801 resolve_wall=429.310 lce_wall=4514.931 write_wall=14.392 lf_steps=0 cache_hits=0
SLIM_PHASE query-chunks wall=2.599 cumulative=5165.954 peak_rss_kib=71948064
SLIM_PROGRESS runs=1826684928/1859825801 resolve_wall=429.557 lce_wall=4517.294 write_wall=14.400 lf_steps=0 cache_hits=0
SLIM_PHASE query-chunks wall=2.617 cumulative=5168.572 peak_rss_kib=71955848
SLIM_PROGRESS runs=1827733504/1859825801 resolve_wall=429.805 lce_wall=4519.662 write_wall=14.407 lf_steps=0 cache_hits=0
SLIM_PHASE query-chunks wall=2.624 cumulative=5171.196 peak_rss_kib=71964812
SLIM_PROGRESS runs=1828782080/1859825801 resolve_wall=430.057 lce_wall=4522.070 write_wall=14.415 lf_steps=0 cache_hits=0
SLIM_PHASE query-chunks wall=2.667 cumulative=5173.863 peak_rss_kib=71971264
SLIM_PROGRESS runs=1829830656/1859825801 resolve_wall=430.304 lce_wall=4524.473 write_wall=14.422 lf_steps=0 cache_hits=0
SLIM_PHASE query-chunks wall=2.658 cumulative=5176.521 peak_rss_kib=71974068
SLIM_PROGRESS runs=1830879232/1859825801 resolve_wall=430.557 lce_wall=4526.860 write_wall=14.430 lf_steps=0 cache_hits=0
SLIM_PHASE query-chunks wall=2.647 cumulative=5179.168 peak_rss_kib=71981728
SLIM_PROGRESS runs=1831927808/1859825801 resolve_wall=430.807 lce_wall=4529.283 write_wall=14.438 lf_steps=0 cache_hits=0
SLIM_PHASE query-chunks wall=2.682 cumulative=5181.850 peak_rss_kib=71985552
SLIM_PROGRESS runs=1832976384/1859825801 resolve_wall=431.060 lce_wall=4531.704 write_wall=14.445 lf_steps=0 cache_hits=0
SLIM_PHASE query-chunks wall=2.681 cumulative=5184.531 peak_rss_kib=72000040
SLIM_PROGRESS runs=1834024960/1859825801 resolve_wall=431.313 lce_wall=4534.079 write_wall=14.453 lf_steps=0 cache_hits=0
SLIM_PHASE query-chunks wall=2.635 cumulative=5187.166 peak_rss_kib=72016416
SLIM_PROGRESS runs=1835073536/1859825801 resolve_wall=431.567 lce_wall=4536.514 write_wall=14.460 lf_steps=0 cache_hits=0
SLIM_PHASE query-chunks wall=2.697 cumulative=5189.864 peak_rss_kib=72020524
SLIM_PROGRESS runs=1836122112/1859825801 resolve_wall=431.820 lce_wall=4538.960 write_wall=14.468 lf_steps=0 cache_hits=0
SLIM_PHASE query-chunks wall=2.707 cumulative=5192.571 peak_rss_kib=72027732
SLIM_PROGRESS runs=1837170688/1859825801 resolve_wall=432.069 lce_wall=4541.494 write_wall=14.475 lf_steps=0 cache_hits=0
SLIM_PHASE query-chunks wall=2.791 cumulative=5195.362 peak_rss_kib=72037296
SLIM_PROGRESS runs=1838219264/1859825801 resolve_wall=432.321 lce_wall=4543.915 write_wall=14.483 lf_steps=0 cache_hits=0
SLIM_PHASE query-chunks wall=2.680 cumulative=5198.041 peak_rss_kib=72038908
SLIM_PROGRESS runs=1839267840/1859825801 resolve_wall=432.576 lce_wall=4546.311 write_wall=14.491 lf_steps=0 cache_hits=0
SLIM_PHASE query-chunks wall=2.659 cumulative=5200.700 peak_rss_kib=72057156
SLIM_PROGRESS runs=1840316416/1859825801 resolve_wall=432.823 lce_wall=4548.697 write_wall=14.498 lf_steps=0 cache_hits=0
SLIM_PHASE query-chunks wall=2.641 cumulative=5203.341 peak_rss_kib=72078304
SLIM_PROGRESS runs=1841364992/1859825801 resolve_wall=433.070 lce_wall=4551.096 write_wall=14.506 lf_steps=0 cache_hits=0
SLIM_PHASE query-chunks wall=2.654 cumulative=5205.995 peak_rss_kib=72085160
SLIM_PROGRESS runs=1842413568/1859825801 resolve_wall=433.323 lce_wall=4553.465 write_wall=14.514 lf_steps=0 cache_hits=0
SLIM_PHASE query-chunks wall=2.631 cumulative=5208.625 peak_rss_kib=72095856
SLIM_PROGRESS runs=1843462144/1859825801 resolve_wall=433.576 lce_wall=4555.868 write_wall=14.521 lf_steps=0 cache_hits=0
SLIM_PHASE query-chunks wall=2.663 cumulative=5211.289 peak_rss_kib=72104192
SLIM_PROGRESS runs=1844510720/1859825801 resolve_wall=433.829 lce_wall=4558.259 write_wall=14.529 lf_steps=0 cache_hits=0
SLIM_PHASE query-chunks wall=2.651 cumulative=5213.940 peak_rss_kib=72114080
SLIM_PROGRESS runs=1845559296/1859825801 resolve_wall=434.084 lce_wall=4560.667 write_wall=14.537 lf_steps=0 cache_hits=0
SLIM_PHASE query-chunks wall=2.671 cumulative=5216.611 peak_rss_kib=72122940
SLIM_PROGRESS runs=1846607872/1859825801 resolve_wall=434.335 lce_wall=4563.237 write_wall=14.544 lf_steps=0 cache_hits=0
SLIM_PHASE query-chunks wall=2.829 cumulative=5219.440 peak_rss_kib=72126668
SLIM_PROGRESS runs=1847656448/1859825801 resolve_wall=434.581 lce_wall=4565.719 write_wall=14.551 lf_steps=0 cache_hits=0
SLIM_PHASE query-chunks wall=2.735 cumulative=5222.175 peak_rss_kib=72143748
SLIM_PROGRESS runs=1848705024/1859825801 resolve_wall=434.831 lce_wall=4568.163 write_wall=14.559 lf_steps=0 cache_hits=0
SLIM_PHASE query-chunks wall=2.701 cumulative=5224.876 peak_rss_kib=72153500
SLIM_PROGRESS runs=1849753600/1859825801 resolve_wall=435.080 lce_wall=4570.659 write_wall=14.566 lf_steps=0 cache_hits=0
SLIM_PHASE query-chunks wall=2.753 cumulative=5227.630 peak_rss_kib=72160128
SLIM_PROGRESS runs=1850802176/1859825801 resolve_wall=435.333 lce_wall=4573.026 write_wall=14.574 lf_steps=0 cache_hits=0
SLIM_PHASE query-chunks wall=2.628 cumulative=5230.258 peak_rss_kib=72170572
SLIM_PROGRESS runs=1851850752/1859825801 resolve_wall=435.589 lce_wall=4575.401 write_wall=14.581 lf_steps=0 cache_hits=0
SLIM_PHASE query-chunks wall=2.639 cumulative=5232.896 peak_rss_kib=72183824
SLIM_PROGRESS runs=1852899328/1859825801 resolve_wall=435.843 lce_wall=4577.773 write_wall=14.589 lf_steps=0 cache_hits=0
SLIM_PHASE query-chunks wall=2.633 cumulative=5235.529 peak_rss_kib=72197988
SLIM_PROGRESS runs=1853947904/1859825801 resolve_wall=436.099 lce_wall=4580.207 write_wall=14.596 lf_steps=0 cache_hits=0
SLIM_PHASE query-chunks wall=2.698 cumulative=5238.227 peak_rss_kib=72210944
SLIM_PROGRESS runs=1854996480/1859825801 resolve_wall=436.352 lce_wall=4582.574 write_wall=14.604 lf_steps=0 cache_hits=0
SLIM_PHASE query-chunks wall=2.628 cumulative=5240.855 peak_rss_kib=72218388
SLIM_PROGRESS runs=1856045056/1859825801 resolve_wall=436.610 lce_wall=4584.944 write_wall=14.611 lf_steps=0 cache_hits=0
SLIM_PHASE query-chunks wall=2.636 cumulative=5243.491 peak_rss_kib=72231980
SLIM_PROGRESS runs=1857093632/1859825801 resolve_wall=436.859 lce_wall=4587.152 write_wall=14.619 lf_steps=0 cache_hits=0
SLIM_PHASE query-chunks wall=2.464 cumulative=5245.955 peak_rss_kib=72233656
SLIM_PROGRESS runs=1858142208/1859825801 resolve_wall=437.106 lce_wall=4588.620 write_wall=14.627 lf_steps=0 cache_hits=0
SLIM_PHASE query-chunks wall=1.723 cumulative=5247.678 peak_rss_kib=72235276
SLIM_PROGRESS runs=1859190784/1859825801 resolve_wall=437.353 lce_wall=4590.014 write_wall=14.635 lf_steps=0 cache_hits=0
SLIM_PHASE query-chunks wall=1.649 cumulative=5249.327 peak_rss_kib=72248348
SLIM_PHASE queries+stream-write-final wall=1.108 cumulative=5250.435 peak_rss_kib=72248348
SLIM_FP parse tau=2 bytes=1334126904 queries=1180783356 verified_symbols=8332430051 hash_probes=2933233772 mean_verified=7.056696733 max_verified=11901
SLIM_FP dict tau=24 bytes=1827918136 queries=3964040987 verified_symbols=170688001020 hash_probes=15490429215 mean_verified=43.059090857 max_verified=2566352
SLIM_QUERY_PHASE resolve_wall=437.509169 resolve_peak_kib=72248348 lce_wall=4590.960594 lce_peak_kib=72248348 write_wall=14.639814 write_peak_kib=72248348
SLIM_SEEDS queries=3663877939 mean_verified_phrases=2.274210601 max_verified_phrases=11901 (includes_zero_parse_work_seeds; boundary_included)
SLIM_RESOLVE walks=0 steps=0 max=0 anchor=0 failed=0 cache_hits=0
SLIM_BOUNDARY_RESOLVE head_direct=1859825801 tail_direct=3663877939 head_lf_steps=0
	Command being timed: "/tmp/laneQ/pass4/slim_dump --slim --resolve-ri4 --dict-stream --ri4 /mnt/nvme3n1/erikg/sxgc-pilot/k10/h10new2.ri4 --parse /mnt/nvme3n1/erikg/sxgc-pilot/k10/h10rl_pfp --head-sa /mnt/nvme3n1/erikg/sxgc-pilot/k10/h10.head_sa -o /mnt/nvme3n1/erikg/sxgc-pilot/k10/h10.slim.head.agg -t 64"
	User time (seconds): 66141.64
	System time (seconds): 220297.93
	Percent of CPU this job got: 5450%
	Elapsed (wall clock) time (h:mm:ss or m:ss): 1:27:35
	Average shared text size (kbytes): 0
	Average unshared data size (kbytes): 0
	Average stack size (kbytes): 0
	Average total size (kbytes): 0
	Maximum resident set size (kbytes): 72248348
	Average resident set size (kbytes): 0
	Major (requiring I/O) page faults: 42886
	Minor (reclaiming a frame) page faults: 244539369
	Voluntary context switches: 2938112
	Involuntary context switches: 2371608
	Swaps: 0
	File system inputs: 18108544
	File system outputs: 116256904
	Socket messages sent: 0
	Socket messages received: 0
	Signals delivered: 0
	Page size (bytes): 4096
	Exit status: 0
