CHUNK_READ index=0 runs=26313439 endpoints=33966787
CHUNK_READ index=1 runs=26248319 endpoints=33876165
CHUNK_READ index=2 runs=26366125 endpoints=34041067
CHUNK_READ index=3 runs=26110624 endpoints=33697885
CHUNK_READ index=4 runs=26874665 endpoints=34567454
CHUNK_READ index=5 runs=26241662 endpoints=33891631
CHUNK_READ index=6 runs=26164389 endpoints=33845115
CHUNK_READ index=7 runs=26374618 endpoints=34095719
CHUNK_READ index=8 runs=26386970 endpoints=34095012
CHUNK_READ index=9 runs=26726603 endpoints=34386089
CHUNK_READ index=10 runs=26656575 endpoints=34285405
CHUNK_READ index=11 runs=25912324 endpoints=33527240
CHUNK_READ index=12 runs=26309880 endpoints=33938021
CHUNK_READ index=13 runs=25917904 endpoints=33531482
CHUNK_READ index=14 runs=25909041 endpoints=33516451
CHUNK_READ index=15 runs=26400814 endpoints=34043782
PARSE phrases=9835281 occurrences=10648985 excluded_seam_occurrences=17
PREPROCESS_DONE seconds=90.6403
PROGRESS boundary=0 samples=10000 work=1746990 elapsed=0.0528134
PROGRESS boundary=0 samples=20000 work=3559785 elapsed=0.10093
PROGRESS boundary=0 samples=30000 work=5292157 elapsed=0.148181
PROGRESS boundary=0 samples=40000 work=7059290 elapsed=0.195243
PROGRESS boundary=0 samples=50000 work=8727945 elapsed=0.242289
PROGRESS boundary=0 samples=60000 work=10399070 elapsed=0.288971
PROGRESS boundary=0 samples=70000 work=12207294 elapsed=0.336083
PROGRESS boundary=0 samples=80000 work=13891525 elapsed=0.382649
PROGRESS boundary=0 samples=90000 work=15582385 elapsed=0.429361
PROGRESS boundary=0 samples=100000 work=17185651 elapsed=0.476532
PROGRESS boundary=0 samples=110000 work=19084529 elapsed=0.524316
PROGRESS boundary=0 samples=120000 work=20742437 elapsed=0.572216
PROGRESS boundary=0 samples=130000 work=22384897 elapsed=0.619434
PROGRESS boundary=0 samples=140000 work=24216022 elapsed=0.667116
PROGRESS boundary=0 samples=150000 work=25830215 elapsed=0.714351
PROGRESS boundary=0 samples=160000 work=27585079 elapsed=0.762298
PROGRESS boundary=0 samples=170000 work=29310456 elapsed=0.809816
PROGRESS boundary=0 samples=180000 work=31066500 elapsed=0.857658
PROGRESS boundary=0 samples=190000 work=32822854 elapsed=0.905151
PROGRESS boundary=0 samples=200000 work=34599235 elapsed=0.952425
PROGRESS boundary=0 samples=210000 work=36325627 elapsed=1.00003
PROGRESS boundary=0 samples=220000 work=38067949 elapsed=1.04744
PROGRESS boundary=0 samples=230000 work=39726764 elapsed=1.0947
PROGRESS boundary=0 samples=240000 work=41516036 elapsed=1.14222
PROGRESS boundary=0 samples=250000 work=43321795 elapsed=1.1898
PROGRESS boundary=0 samples=260000 work=45072760 elapsed=1.2372
PROGRESS boundary=0 samples=270000 work=46823344 elapsed=1.28451
PROGRESS boundary=0 samples=280000 work=48555428 elapsed=1.33164
PROGRESS boundary=0 samples=290000 work=50204991 elapsed=1.37916
PROGRESS boundary=0 samples=300000 work=51932773 elapsed=1.43064
PROGRESS boundary=0 samples=310000 work=53592348 elapsed=1.48178
PROGRESS boundary=0 samples=320000 work=55226804 elapsed=1.53252
PROGRESS boundary=0 samples=330000 work=56996020 elapsed=1.58373
PROGRESS boundary=0 samples=340000 work=58715293 elapsed=1.635
PROGRESS boundary=0 samples=350000 work=60375966 elapsed=1.68714
PROGRESS boundary=0 samples=360000 work=62092799 elapsed=1.74005
PROGRESS boundary=0 samples=370000 work=63845491 elapsed=1.80134
PROGRESS boundary=0 samples=380000 work=65613716 elapsed=1.85368
PROGRESS boundary=0 samples=390000 work=67541912 elapsed=1.911
PROGRESS boundary=0 samples=400000 work=69215773 elapsed=1.96989
PROGRESS boundary=0 samples=410000 work=70865925 elapsed=2.02723
PROGRESS boundary=0 samples=420000 work=72529217 elapsed=2.08301
PROGRESS boundary=0 samples=430000 work=74227808 elapsed=2.13655
PROGRESS boundary=0 samples=440000 work=75940266 elapsed=2.18866
PROGRESS boundary=0 samples=450000 work=77631595 elapsed=2.23976
PROGRESS boundary=0 samples=460000 work=79370454 elapsed=2.2902
PROGRESS boundary=0 samples=470000 work=81082418 elapsed=2.33999
PROGRESS boundary=0 samples=480000 work=82952242 elapsed=2.39091
PROGRESS boundary=0 samples=490000 work=84657411 elapsed=2.44334
PROGRESS boundary=0 samples=500000 work=86433277 elapsed=2.49502
PROGRESS boundary=0 samples=510000 work=88148987 elapsed=2.54965
PROGRESS boundary=0 samples=520000 work=89790356 elapsed=2.60569
PROGRESS boundary=0 samples=530000 work=91515601 elapsed=2.65927
PROGRESS boundary=0 samples=540000 work=93258351 elapsed=2.71109
PROGRESS boundary=0 samples=550000 work=94848942 elapsed=2.76167
PROGRESS boundary=0 samples=560000 work=96709274 elapsed=2.81164
PROGRESS boundary=0 samples=570000 work=98475865 elapsed=2.86088
PROGRESS boundary=0 samples=580000 work=100244962 elapsed=2.91349
PROGRESS boundary=0 samples=590000 work=101900586 elapsed=2.96805
PROGRESS boundary=0 samples=600000 work=103616436 elapsed=3.0232
PROGRESS boundary=0 samples=610000 work=105399024 elapsed=3.07833
PROGRESS boundary=0 samples=620000 work=107017954 elapsed=3.1317
PROGRESS boundary=0 samples=630000 work=108731209 elapsed=3.18329
PROGRESS boundary=0 samples=640000 work=110421282 elapsed=3.23385
PROGRESS boundary=0 samples=650000 work=112051592 elapsed=3.28369
PROGRESS boundary=0 samples=660000 work=113751794 elapsed=3.33309
PROGRESS boundary=0 samples=670000 work=115622417 elapsed=3.38293
PROGRESS boundary=0 samples=680000 work=117352627 elapsed=3.43535
PROGRESS boundary=0 samples=690000 work=118961031 elapsed=3.48599
PROGRESS boundary=0 samples=700000 work=120715676 elapsed=3.5395
PROGRESS boundary=0 samples=710000 work=122559303 elapsed=3.59503
PROGRESS boundary=0 samples=720000 work=124278163 elapsed=3.6478
PROGRESS boundary=0 samples=730000 work=126180083 elapsed=3.6996
PROGRESS boundary=0 samples=740000 work=127817377 elapsed=3.75028
PROGRESS boundary=0 samples=750000 work=129459823 elapsed=3.8001
PROGRESS boundary=0 samples=760000 work=131361742 elapsed=3.84977
PROGRESS boundary=0 samples=770000 work=133100812 elapsed=3.90067
PROGRESS boundary=0 samples=780000 work=134775012 elapsed=3.95359
PROGRESS boundary=0 samples=790000 work=136495225 elapsed=4.00865
PROGRESS boundary=0 samples=800000 work=138189145 elapsed=4.06403
PROGRESS boundary=0 samples=810000 work=139886410 elapsed=4.1178
PROGRESS boundary=0 samples=820000 work=141657100 elapsed=4.18333
PROGRESS boundary=0 samples=830000 work=143259794 elapsed=4.23568
PROGRESS boundary=0 samples=840000 work=145077031 elapsed=4.28633
PROGRESS boundary=0 samples=850000 work=146846216 elapsed=4.33617
PROGRESS boundary=0 samples=860000 work=148554162 elapsed=4.38602
PROGRESS boundary=0 samples=870000 work=150322759 elapsed=4.44403
PROGRESS boundary=0 samples=880000 work=152024030 elapsed=4.4977
PROGRESS boundary=0 samples=890000 work=153700513 elapsed=4.55197
PROGRESS boundary=0 samples=900000 work=155318131 elapsed=4.60693
PROGRESS boundary=0 samples=910000 work=157316333 elapsed=4.65946
PROGRESS boundary=0 samples=920000 work=159055204 elapsed=4.70998
PROGRESS boundary=0 samples=930000 work=160734879 elapsed=4.7597
PROGRESS boundary=0 samples=940000 work=162431604 elapsed=4.80841
PROGRESS boundary=0 samples=950000 work=164030734 elapsed=4.85606
PROGRESS boundary=0 samples=960000 work=165785788 elapsed=4.90636
PROGRESS boundary=0 samples=970000 work=167528744 elapsed=4.95878
PROGRESS boundary=0 samples=980000 work=169237584 elapsed=5.01184
PROGRESS boundary=0 samples=990000 work=170936064 elapsed=5.06597
PROGRESS boundary=0 samples=1000000 work=172581974 elapsed=5.11843
PROGRESS boundary=1 samples=10000 work=174188498 elapsed=0.0561113
PROGRESS boundary=1 samples=20000 work=175822995 elapsed=0.10566
PROGRESS boundary=1 samples=30000 work=177435591 elapsed=0.153766
PROGRESS boundary=1 samples=40000 work=179049830 elapsed=0.201691
PROGRESS boundary=1 samples=50000 work=180665001 elapsed=0.249633
PROGRESS boundary=1 samples=60000 work=182286151 elapsed=0.300166
PROGRESS boundary=1 samples=70000 work=183902679 elapsed=0.35089
PROGRESS boundary=1 samples=80000 work=185504269 elapsed=0.399899
PROGRESS boundary=1 samples=90000 work=187099532 elapsed=0.473957
PROGRESS boundary=1 samples=100000 work=188712438 elapsed=0.52787
PROGRESS boundary=1 samples=110000 work=190338046 elapsed=0.577719
PROGRESS boundary=1 samples=120000 work=191955933 elapsed=0.6258
PROGRESS boundary=1 samples=130000 work=193570915 elapsed=0.67318
PROGRESS boundary=1 samples=140000 work=195186638 elapsed=0.720022
PROGRESS boundary=1 samples=150000 work=196778755 elapsed=0.767391
PROGRESS boundary=1 samples=160000 work=198393602 elapsed=0.818836
PROGRESS boundary=1 samples=170000 work=199991543 elapsed=0.871064
PROGRESS boundary=1 samples=180000 work=201596582 elapsed=0.924239
PROGRESS boundary=1 samples=190000 work=203215472 elapsed=0.977546
PROGRESS boundary=1 samples=200000 work=204808465 elapsed=1.02854
PROGRESS boundary=1 samples=210000 work=206422960 elapsed=1.07803
PROGRESS boundary=1 samples=220000 work=208028097 elapsed=1.12563
PROGRESS boundary=1 samples=230000 work=209617925 elapsed=1.17377
PROGRESS boundary=1 samples=240000 work=211231031 elapsed=1.22213
PROGRESS boundary=1 samples=250000 work=212845382 elapsed=1.27105
PROGRESS boundary=1 samples=260000 work=214461079 elapsed=1.32148
PROGRESS boundary=1 samples=270000 work=216055067 elapsed=1.37061
PROGRESS boundary=1 samples=280000 work=217664221 elapsed=1.42258
PROGRESS boundary=1 samples=290000 work=219274961 elapsed=1.47784
PROGRESS boundary=1 samples=300000 work=220874038 elapsed=1.52931
PROGRESS boundary=1 samples=310000 work=222486115 elapsed=1.57912
PROGRESS boundary=1 samples=320000 work=224085846 elapsed=1.62807
PROGRESS boundary=1 samples=330000 work=225692982 elapsed=1.67649
PROGRESS boundary=1 samples=340000 work=227298080 elapsed=1.72475
PROGRESS boundary=1 samples=350000 work=228903078 elapsed=1.77441
PROGRESS boundary=1 samples=360000 work=230519110 elapsed=1.82656
PROGRESS boundary=1 samples=370000 work=232142026 elapsed=1.87963
PROGRESS boundary=1 samples=380000 work=233751145 elapsed=1.93318
PROGRESS boundary=1 samples=390000 work=235363783 elapsed=1.98691
PROGRESS boundary=1 samples=400000 work=236956197 elapsed=2.05549
PROGRESS boundary=1 samples=410000 work=238562729 elapsed=2.10827
PROGRESS boundary=1 samples=420000 work=240179892 elapsed=2.15862
PROGRESS boundary=1 samples=430000 work=241784449 elapsed=2.20719
PROGRESS boundary=1 samples=440000 work=243395634 elapsed=2.2548
PROGRESS boundary=1 samples=450000 work=245003072 elapsed=2.30476
PROGRESS boundary=1 samples=460000 work=246605816 elapsed=2.35327
PROGRESS boundary=1 samples=470000 work=248220731 elapsed=2.40165
PROGRESS boundary=1 samples=480000 work=249830929 elapsed=2.4542
PROGRESS boundary=1 samples=490000 work=251440810 elapsed=2.50557
PROGRESS boundary=1 samples=500000 work=253087353 elapsed=2.5552
PROGRESS boundary=1 samples=510000 work=254696884 elapsed=2.60291
PROGRESS boundary=1 samples=520000 work=256288836 elapsed=2.65043
PROGRESS boundary=1 samples=530000 work=257906241 elapsed=2.69839
PROGRESS boundary=1 samples=540000 work=259504118 elapsed=2.74619
PROGRESS boundary=1 samples=550000 work=261116923 elapsed=2.79664
PROGRESS boundary=1 samples=560000 work=262719630 elapsed=2.84944
PROGRESS boundary=1 samples=570000 work=264349234 elapsed=2.90332
PROGRESS boundary=1 samples=580000 work=265964413 elapsed=2.9564
PROGRESS boundary=1 samples=590000 work=267573666 elapsed=3.00784
PROGRESS boundary=1 samples=600000 work=269188238 elapsed=3.0576
PROGRESS boundary=1 samples=610000 work=270791116 elapsed=3.10602
PROGRESS boundary=1 samples=620000 work=272409738 elapsed=3.15407
PROGRESS boundary=1 samples=630000 work=274005456 elapsed=3.20143
PROGRESS boundary=1 samples=640000 work=275621496 elapsed=3.24855
PROGRESS boundary=1 samples=650000 work=277236436 elapsed=3.29787
PROGRESS boundary=1 samples=660000 work=278840360 elapsed=3.34705
PROGRESS boundary=1 samples=670000 work=280457101 elapsed=3.39563
PROGRESS boundary=1 samples=680000 work=282088791 elapsed=3.44894
PROGRESS boundary=1 samples=690000 work=283711217 elapsed=3.5019
PROGRESS boundary=1 samples=700000 work=285304939 elapsed=3.55238
PROGRESS boundary=1 samples=710000 work=286902462 elapsed=3.61663
PROGRESS boundary=1 samples=720000 work=288509167 elapsed=3.66651
PROGRESS boundary=1 samples=730000 work=290123420 elapsed=3.71556
PROGRESS boundary=1 samples=740000 work=291744927 elapsed=3.76351
PROGRESS boundary=1 samples=750000 work=293385610 elapsed=3.81825
PROGRESS boundary=1 samples=760000 work=294971070 elapsed=3.87246
PROGRESS boundary=1 samples=770000 work=296573345 elapsed=3.9257
PROGRESS boundary=1 samples=780000 work=298183430 elapsed=3.9782
PROGRESS boundary=1 samples=790000 work=299774473 elapsed=4.02983
PROGRESS boundary=1 samples=800000 work=301389273 elapsed=4.07887
PROGRESS boundary=1 samples=810000 work=302983073 elapsed=4.12669
PROGRESS boundary=1 samples=820000 work=304600584 elapsed=4.17478
PROGRESS boundary=1 samples=830000 work=306222957 elapsed=4.22241
PROGRESS boundary=1 samples=840000 work=307831994 elapsed=4.27158
PROGRESS boundary=1 samples=850000 work=309440362 elapsed=4.32255
PROGRESS boundary=1 samples=860000 work=311040232 elapsed=4.3716
PROGRESS boundary=1 samples=870000 work=312636043 elapsed=4.42395
PROGRESS boundary=1 samples=880000 work=314246622 elapsed=4.47691
PROGRESS boundary=1 samples=890000 work=315872670 elapsed=4.52822
PROGRESS boundary=1 samples=900000 work=317484636 elapsed=4.57698
PROGRESS boundary=1 samples=910000 work=319106584 elapsed=4.62547
PROGRESS boundary=1 samples=920000 work=320696460 elapsed=4.67392
PROGRESS boundary=1 samples=930000 work=322316294 elapsed=4.72217
PROGRESS boundary=1 samples=940000 work=323924574 elapsed=4.77037
PROGRESS boundary=1 samples=950000 work=325525185 elapsed=4.82236
PROGRESS boundary=1 samples=960000 work=327144437 elapsed=4.87489
PROGRESS boundary=1 samples=970000 work=328749768 elapsed=4.92816
PROGRESS boundary=1 samples=980000 work=330345325 elapsed=4.98189
PROGRESS boundary=1 samples=990000 work=331952632 elapsed=5.04929
PROGRESS boundary=1 samples=1000000 work=333578133 elapsed=5.10098
PROGRESS boundary=2 samples=10000 work=335285851 elapsed=0.0549922
PROGRESS boundary=2 samples=20000 work=336938357 elapsed=0.108211
PROGRESS boundary=2 samples=30000 work=338586995 elapsed=0.159259
PROGRESS boundary=2 samples=40000 work=340245881 elapsed=0.211285
PROGRESS boundary=2 samples=50000 work=341880147 elapsed=0.262544
PROGRESS boundary=2 samples=60000 work=343530032 elapsed=0.31762
PROGRESS boundary=2 samples=70000 work=345182456 elapsed=0.373113
PROGRESS boundary=2 samples=80000 work=346858038 elapsed=0.426065
PROGRESS boundary=2 samples=90000 work=348531005 elapsed=0.476744
PROGRESS boundary=2 samples=100000 work=350187886 elapsed=0.527266
PROGRESS boundary=2 samples=110000 work=351860440 elapsed=0.57717
PROGRESS boundary=2 samples=120000 work=353549004 elapsed=0.628388
PROGRESS boundary=2 samples=130000 work=355172196 elapsed=0.68491
PROGRESS boundary=2 samples=140000 work=356853617 elapsed=0.750602
PROGRESS boundary=2 samples=150000 work=358556574 elapsed=0.811522
PROGRESS boundary=2 samples=160000 work=360310632 elapsed=0.876162
PROGRESS boundary=2 samples=170000 work=361923128 elapsed=0.93928
PROGRESS boundary=2 samples=180000 work=363584312 elapsed=0.995261
PROGRESS boundary=2 samples=190000 work=365239440 elapsed=1.05935
PROGRESS boundary=2 samples=200000 work=366907596 elapsed=1.1216
PROGRESS boundary=2 samples=210000 work=368528879 elapsed=1.1758
PROGRESS boundary=2 samples=220000 work=370220852 elapsed=1.23544
PROGRESS boundary=2 samples=230000 work=371872632 elapsed=1.28948
PROGRESS boundary=2 samples=240000 work=373573097 elapsed=1.34671
PROGRESS boundary=2 samples=250000 work=375199897 elapsed=1.41531
PROGRESS boundary=2 samples=260000 work=376876050 elapsed=1.47596
PROGRESS boundary=2 samples=270000 work=378570801 elapsed=1.53158
PROGRESS boundary=2 samples=280000 work=380267026 elapsed=1.5853
PROGRESS boundary=2 samples=290000 work=381915641 elapsed=1.64848
PROGRESS boundary=2 samples=300000 work=383549165 elapsed=1.70465
PROGRESS boundary=2 samples=310000 work=385196226 elapsed=1.76343
PROGRESS boundary=2 samples=320000 work=386813866 elapsed=1.83103
PROGRESS boundary=2 samples=330000 work=388542576 elapsed=1.88729
PROGRESS boundary=2 samples=340000 work=390171025 elapsed=1.9383
PROGRESS boundary=2 samples=350000 work=391849147 elapsed=1.99177
PROGRESS boundary=2 samples=360000 work=393486393 elapsed=2.04115
PROGRESS boundary=2 samples=370000 work=395213656 elapsed=2.09043
PROGRESS boundary=2 samples=380000 work=396861258 elapsed=2.1395
PROGRESS boundary=2 samples=390000 work=398549861 elapsed=2.1897
PROGRESS boundary=2 samples=400000 work=400227413 elapsed=2.24185
PROGRESS boundary=2 samples=410000 work=401885531 elapsed=2.29854
PROGRESS boundary=2 samples=420000 work=403564974 elapsed=2.35193
PROGRESS boundary=2 samples=430000 work=405211374 elapsed=2.4035
PROGRESS boundary=2 samples=440000 work=406865898 elapsed=2.45619
PROGRESS boundary=2 samples=450000 work=408516291 elapsed=2.50748
PROGRESS boundary=2 samples=460000 work=410161493 elapsed=2.55983
PROGRESS boundary=2 samples=470000 work=411851280 elapsed=2.61135
PROGRESS boundary=2 samples=480000 work=413546219 elapsed=2.66438
PROGRESS boundary=2 samples=490000 work=415195019 elapsed=2.71998
PROGRESS boundary=2 samples=500000 work=416826804 elapsed=2.79213
PROGRESS boundary=2 samples=510000 work=418503474 elapsed=2.85126
PROGRESS boundary=2 samples=520000 work=420163093 elapsed=2.90712
PROGRESS boundary=2 samples=530000 work=421827792 elapsed=2.95935
PROGRESS boundary=2 samples=540000 work=423540386 elapsed=3.01205
PROGRESS boundary=2 samples=550000 work=425240625 elapsed=3.06375
PROGRESS boundary=2 samples=560000 work=426911748 elapsed=3.11628
PROGRESS boundary=2 samples=570000 work=428547505 elapsed=3.16853
PROGRESS boundary=2 samples=580000 work=430194579 elapsed=3.22179
PROGRESS boundary=2 samples=590000 work=431892556 elapsed=3.2772
PROGRESS boundary=2 samples=600000 work=433615534 elapsed=3.33057
PROGRESS boundary=2 samples=610000 work=435230620 elapsed=3.38324
PROGRESS boundary=2 samples=620000 work=436951683 elapsed=3.43472
PROGRESS boundary=2 samples=630000 work=438647872 elapsed=3.48807
PROGRESS boundary=2 samples=640000 work=440315307 elapsed=3.53996
PROGRESS boundary=2 samples=650000 work=441988045 elapsed=3.59273
PROGRESS boundary=2 samples=660000 work=443627170 elapsed=3.64434
PROGRESS boundary=2 samples=670000 work=445331720 elapsed=3.69725
PROGRESS boundary=2 samples=680000 work=447015476 elapsed=3.74883
PROGRESS boundary=2 samples=690000 work=448654066 elapsed=3.80149
PROGRESS boundary=2 samples=700000 work=450361849 elapsed=3.85374
PROGRESS boundary=2 samples=710000 work=452074864 elapsed=3.91042
PROGRESS boundary=2 samples=720000 work=453746223 elapsed=3.96323
PROGRESS boundary=2 samples=730000 work=455383305 elapsed=4.01575
PROGRESS boundary=2 samples=740000 work=457064000 elapsed=4.06794
PROGRESS boundary=2 samples=750000 work=458687827 elapsed=4.11974
PROGRESS boundary=2 samples=760000 work=460389770 elapsed=4.1716
PROGRESS boundary=2 samples=770000 work=462002458 elapsed=4.23744
PROGRESS boundary=2 samples=780000 work=463639319 elapsed=4.29091
PROGRESS boundary=2 samples=790000 work=465297040 elapsed=4.3429
PROGRESS boundary=2 samples=800000 work=466969497 elapsed=4.39477
PROGRESS boundary=2 samples=810000 work=468586261 elapsed=4.44516
PROGRESS boundary=2 samples=820000 work=470258227 elapsed=4.49734
PROGRESS boundary=2 samples=830000 work=471912685 elapsed=4.54787
PROGRESS boundary=2 samples=840000 work=473577128 elapsed=4.59968
PROGRESS boundary=2 samples=850000 work=475233672 elapsed=4.64996
PROGRESS boundary=2 samples=860000 work=476876244 elapsed=4.70133
PROGRESS boundary=2 samples=870000 work=478632739 elapsed=4.75277
PROGRESS boundary=2 samples=880000 work=480283694 elapsed=4.80434
PROGRESS boundary=2 samples=890000 work=481906586 elapsed=4.85526
PROGRESS boundary=2 samples=900000 work=483559531 elapsed=4.90561
PROGRESS boundary=2 samples=910000 work=485225400 elapsed=4.95761
PROGRESS boundary=2 samples=920000 work=486850923 elapsed=5.00858
PROGRESS boundary=2 samples=930000 work=488520424 elapsed=5.06336
PROGRESS boundary=2 samples=940000 work=490198172 elapsed=5.11399
PROGRESS boundary=2 samples=950000 work=491809910 elapsed=5.1651
PROGRESS boundary=2 samples=960000 work=493455869 elapsed=5.21404
PROGRESS boundary=2 samples=970000 work=495103268 elapsed=5.26377
PROGRESS boundary=2 samples=980000 work=496760202 elapsed=5.31243
PROGRESS boundary=2 samples=990000 work=498398285 elapsed=5.36096
PROGRESS boundary=2 samples=1000000 work=500030152 elapsed=5.41005
PROGRESS boundary=3 samples=10000 work=501610453 elapsed=0.0572183
PROGRESS boundary=3 samples=20000 work=503204099 elapsed=0.111279
PROGRESS boundary=3 samples=30000 work=504810986 elapsed=0.175349
PROGRESS boundary=3 samples=40000 work=506407346 elapsed=0.230786
PROGRESS boundary=3 samples=50000 work=508007796 elapsed=0.282353
PROGRESS boundary=3 samples=60000 work=509605798 elapsed=0.334669
PROGRESS boundary=3 samples=70000 work=511187429 elapsed=0.384804
PROGRESS boundary=3 samples=80000 work=512768767 elapsed=0.435842
PROGRESS boundary=3 samples=90000 work=514358378 elapsed=0.485389
PROGRESS boundary=3 samples=100000 work=515948461 elapsed=0.535909
PROGRESS boundary=3 samples=110000 work=517524769 elapsed=0.586213
PROGRESS boundary=3 samples=120000 work=519119590 elapsed=0.636332
PROGRESS boundary=3 samples=130000 work=520710423 elapsed=0.685936
PROGRESS boundary=3 samples=140000 work=522300672 elapsed=0.735672
PROGRESS boundary=3 samples=150000 work=523882930 elapsed=0.786328
PROGRESS boundary=3 samples=160000 work=525473824 elapsed=0.835471
PROGRESS boundary=3 samples=170000 work=527049889 elapsed=0.885879
PROGRESS boundary=3 samples=180000 work=528637219 elapsed=0.935053
PROGRESS boundary=3 samples=190000 work=530228498 elapsed=0.985622
PROGRESS boundary=3 samples=200000 work=531825922 elapsed=1.03456
PROGRESS boundary=3 samples=210000 work=533409766 elapsed=1.08413
PROGRESS boundary=3 samples=220000 work=535016220 elapsed=1.13326
PROGRESS boundary=3 samples=230000 work=536612088 elapsed=1.18197
PROGRESS boundary=3 samples=240000 work=538188324 elapsed=1.23232
PROGRESS boundary=3 samples=250000 work=539794650 elapsed=1.28173
PROGRESS boundary=3 samples=260000 work=541413908 elapsed=1.33289
PROGRESS boundary=3 samples=270000 work=543010929 elapsed=1.38249
PROGRESS boundary=3 samples=280000 work=544598234 elapsed=1.43275
PROGRESS boundary=3 samples=290000 work=546190226 elapsed=1.48243
PROGRESS boundary=3 samples=300000 work=547777765 elapsed=1.53243
PROGRESS boundary=3 samples=310000 work=549359829 elapsed=1.595
PROGRESS boundary=3 samples=320000 work=550938763 elapsed=1.64498
PROGRESS boundary=3 samples=330000 work=552524805 elapsed=1.6951
PROGRESS boundary=3 samples=340000 work=554107946 elapsed=1.74398
PROGRESS boundary=3 samples=350000 work=555708983 elapsed=1.79445
PROGRESS boundary=3 samples=360000 work=557297558 elapsed=1.84351
PROGRESS boundary=3 samples=370000 work=558874325 elapsed=1.89516
PROGRESS boundary=3 samples=380000 work=560462153 elapsed=1.94481
PROGRESS boundary=3 samples=390000 work=562050158 elapsed=1.99514
PROGRESS boundary=3 samples=400000 work=563645934 elapsed=2.04506
PROGRESS boundary=3 samples=410000 work=565243519 elapsed=2.09484
PROGRESS boundary=3 samples=420000 work=566823729 elapsed=2.14476
PROGRESS boundary=3 samples=430000 work=568403530 elapsed=2.19342
PROGRESS boundary=3 samples=440000 work=569997950 elapsed=2.24428
PROGRESS boundary=3 samples=450000 work=571580581 elapsed=2.29335
PROGRESS boundary=3 samples=460000 work=573162241 elapsed=2.34381
PROGRESS boundary=3 samples=470000 work=574754213 elapsed=2.39317
PROGRESS boundary=3 samples=480000 work=576357257 elapsed=2.44326
PROGRESS boundary=3 samples=490000 work=577945797 elapsed=2.49265
PROGRESS boundary=3 samples=500000 work=579537483 elapsed=2.54176
PROGRESS boundary=3 samples=510000 work=581126135 elapsed=2.59132
PROGRESS boundary=3 samples=520000 work=582701573 elapsed=2.64018
PROGRESS boundary=3 samples=530000 work=584279577 elapsed=2.68977
PROGRESS boundary=3 samples=540000 work=585863093 elapsed=2.73845
PROGRESS boundary=3 samples=550000 work=587446942 elapsed=2.78887
PROGRESS boundary=3 samples=560000 work=589038920 elapsed=2.83826
PROGRESS boundary=3 samples=570000 work=590636225 elapsed=2.88844
PROGRESS boundary=3 samples=580000 work=592226576 elapsed=2.93796
PROGRESS boundary=3 samples=590000 work=593815558 elapsed=2.98691
PROGRESS boundary=3 samples=600000 work=595398234 elapsed=3.03699
PROGRESS boundary=3 samples=610000 work=596996631 elapsed=3.08668
PROGRESS boundary=3 samples=620000 work=598586164 elapsed=3.13687
PROGRESS boundary=3 samples=630000 work=600172080 elapsed=3.18631
PROGRESS boundary=3 samples=640000 work=601774259 elapsed=3.23651
PROGRESS boundary=3 samples=650000 work=603351356 elapsed=3.28718
PROGRESS boundary=3 samples=660000 work=604947735 elapsed=3.33823
PROGRESS boundary=3 samples=670000 work=606518133 elapsed=3.38941
PROGRESS boundary=3 samples=680000 work=608114535 elapsed=3.43908
PROGRESS boundary=3 samples=690000 work=609701170 elapsed=3.49006
PROGRESS boundary=3 samples=700000 work=611306085 elapsed=3.54028
PROGRESS boundary=3 samples=710000 work=612879658 elapsed=3.59132
PROGRESS boundary=3 samples=720000 work=614453338 elapsed=3.64141
PROGRESS boundary=3 samples=730000 work=616048838 elapsed=3.69235
PROGRESS boundary=3 samples=740000 work=617641300 elapsed=3.74401
PROGRESS boundary=3 samples=750000 work=619235335 elapsed=3.79578
PROGRESS boundary=3 samples=760000 work=620829511 elapsed=3.84698
PROGRESS boundary=3 samples=770000 work=622419975 elapsed=3.89749
PROGRESS boundary=3 samples=780000 work=624008889 elapsed=3.94829
PROGRESS boundary=3 samples=790000 work=625595317 elapsed=4.00822
PROGRESS boundary=3 samples=800000 work=627162684 elapsed=4.06417
PROGRESS boundary=3 samples=810000 work=628760925 elapsed=4.1144
PROGRESS boundary=3 samples=820000 work=630341151 elapsed=4.16534
PROGRESS boundary=3 samples=830000 work=631919455 elapsed=4.21414
PROGRESS boundary=3 samples=840000 work=633509464 elapsed=4.26475
PROGRESS boundary=3 samples=850000 work=635112340 elapsed=4.31413
PROGRESS boundary=3 samples=860000 work=636721103 elapsed=4.36401
PROGRESS boundary=3 samples=870000 work=638317157 elapsed=4.41353
PROGRESS boundary=3 samples=880000 work=639909750 elapsed=4.46031
PROGRESS boundary=3 samples=890000 work=641512427 elapsed=4.51133
PROGRESS boundary=3 samples=900000 work=643109997 elapsed=4.55832
PROGRESS boundary=3 samples=910000 work=644703454 elapsed=4.60827
PROGRESS boundary=3 samples=920000 work=646296411 elapsed=4.65549
PROGRESS boundary=3 samples=930000 work=647901233 elapsed=4.70375
PROGRESS boundary=3 samples=940000 work=649492178 elapsed=4.75247
PROGRESS boundary=3 samples=950000 work=651081408 elapsed=4.80134
PROGRESS boundary=3 samples=960000 work=652682202 elapsed=4.85122
PROGRESS boundary=3 samples=970000 work=654269873 elapsed=4.90082
PROGRESS boundary=3 samples=980000 work=655860869 elapsed=4.95247
PROGRESS boundary=3 samples=990000 work=657466194 elapsed=5.00259
PROGRESS boundary=3 samples=1000000 work=659045382 elapsed=5.05343
PROGRESS boundary=4 samples=10000 work=660636389 elapsed=0.0564422
PROGRESS boundary=4 samples=20000 work=662266569 elapsed=0.107971
PROGRESS boundary=4 samples=30000 work=663882791 elapsed=0.156436
PROGRESS boundary=4 samples=40000 work=665503504 elapsed=0.205715
PROGRESS boundary=4 samples=50000 work=667098977 elapsed=0.254894
PROGRESS boundary=4 samples=60000 work=668701414 elapsed=0.304009
PROGRESS boundary=4 samples=70000 work=670312410 elapsed=0.353723
PROGRESS boundary=4 samples=80000 work=671915332 elapsed=0.399719
PROGRESS boundary=4 samples=90000 work=673523120 elapsed=0.449848
PROGRESS boundary=4 samples=100000 work=675128887 elapsed=0.498527
PROGRESS boundary=4 samples=110000 work=676750669 elapsed=0.548668
PROGRESS boundary=4 samples=120000 work=678350458 elapsed=0.597397
PROGRESS boundary=4 samples=130000 work=679955532 elapsed=0.646746
PROGRESS boundary=4 samples=140000 work=681563209 elapsed=0.696167
PROGRESS boundary=4 samples=150000 work=683188894 elapsed=0.744711
PROGRESS boundary=4 samples=160000 work=684800997 elapsed=0.794936
PROGRESS boundary=4 samples=170000 work=686413257 elapsed=0.843415
PROGRESS boundary=4 samples=180000 work=688004862 elapsed=0.893092
PROGRESS boundary=4 samples=190000 work=689613770 elapsed=0.941696
PROGRESS boundary=4 samples=200000 work=691223934 elapsed=0.990299
PROGRESS boundary=4 samples=210000 work=692816392 elapsed=1.03911
PROGRESS boundary=4 samples=220000 work=694418924 elapsed=1.08662
PROGRESS boundary=4 samples=230000 work=696021294 elapsed=1.13622
PROGRESS boundary=4 samples=240000 work=697629130 elapsed=1.18371
PROGRESS boundary=4 samples=250000 work=699224936 elapsed=1.23242
PROGRESS boundary=4 samples=260000 work=700827160 elapsed=1.28119
PROGRESS boundary=4 samples=270000 work=702424561 elapsed=1.33049
PROGRESS boundary=4 samples=280000 work=704037733 elapsed=1.37951
PROGRESS boundary=4 samples=290000 work=705645755 elapsed=1.42694
PROGRESS boundary=4 samples=300000 work=707254018 elapsed=1.47702
PROGRESS boundary=4 samples=310000 work=708868848 elapsed=1.5249
PROGRESS boundary=4 samples=320000 work=710477699 elapsed=1.57482
PROGRESS boundary=4 samples=330000 work=712090512 elapsed=1.62356
PROGRESS boundary=4 samples=340000 work=713705551 elapsed=1.67223
PROGRESS boundary=4 samples=350000 work=715313450 elapsed=1.72137
PROGRESS boundary=4 samples=360000 work=716939719 elapsed=1.76998
PROGRESS boundary=4 samples=370000 work=718553609 elapsed=1.81983
PROGRESS boundary=4 samples=380000 work=720148841 elapsed=1.86784
PROGRESS boundary=4 samples=390000 work=721752790 elapsed=1.91741
PROGRESS boundary=4 samples=400000 work=723334407 elapsed=1.96651
PROGRESS boundary=4 samples=410000 work=724941847 elapsed=2.01664
PROGRESS boundary=4 samples=420000 work=726546197 elapsed=2.06563
PROGRESS boundary=4 samples=430000 work=728154506 elapsed=2.11515
PROGRESS boundary=4 samples=440000 work=729758079 elapsed=2.16471
PROGRESS boundary=4 samples=450000 work=731344364 elapsed=2.21294
PROGRESS boundary=4 samples=460000 work=732940420 elapsed=2.26299
PROGRESS boundary=4 samples=470000 work=734540714 elapsed=2.31222
PROGRESS boundary=4 samples=480000 work=736155821 elapsed=2.36261
PROGRESS boundary=4 samples=490000 work=737770720 elapsed=2.41159
PROGRESS boundary=4 samples=500000 work=739370328 elapsed=2.46152
PROGRESS boundary=4 samples=510000 work=740982353 elapsed=2.51084
PROGRESS boundary=4 samples=520000 work=742575387 elapsed=2.55982
PROGRESS boundary=4 samples=530000 work=744168668 elapsed=2.60942
PROGRESS boundary=4 samples=540000 work=745783656 elapsed=2.65851
PROGRESS boundary=4 samples=550000 work=747376976 elapsed=2.70807
PROGRESS boundary=4 samples=560000 work=748970239 elapsed=2.75677
PROGRESS boundary=4 samples=570000 work=750556652 elapsed=2.80642
PROGRESS boundary=4 samples=580000 work=752154423 elapsed=2.85567
PROGRESS boundary=4 samples=590000 work=753768346 elapsed=2.90509
PROGRESS boundary=4 samples=600000 work=755372428 elapsed=2.96809
PROGRESS boundary=4 samples=610000 work=756970906 elapsed=3.01795
PROGRESS boundary=4 samples=620000 work=758574037 elapsed=3.06754
PROGRESS boundary=4 samples=630000 work=760188207 elapsed=3.11664
PROGRESS boundary=4 samples=640000 work=761799788 elapsed=3.16625
PROGRESS boundary=4 samples=650000 work=763407863 elapsed=3.21477
PROGRESS boundary=4 samples=660000 work=765016385 elapsed=3.26432
PROGRESS boundary=4 samples=670000 work=766611188 elapsed=3.31349
PROGRESS boundary=4 samples=680000 work=768217142 elapsed=3.36325
PROGRESS boundary=4 samples=690000 work=769824207 elapsed=3.41216
PROGRESS boundary=4 samples=700000 work=771427481 elapsed=3.46079
PROGRESS boundary=4 samples=710000 work=773028247 elapsed=3.51043
PROGRESS boundary=4 samples=720000 work=774632619 elapsed=3.5593
PROGRESS boundary=4 samples=730000 work=776247112 elapsed=3.60884
PROGRESS boundary=4 samples=740000 work=777862801 elapsed=3.65759
PROGRESS boundary=4 samples=750000 work=779480683 elapsed=3.70644
PROGRESS boundary=4 samples=760000 work=781095876 elapsed=3.75523
PROGRESS boundary=4 samples=770000 work=782713084 elapsed=3.80389
PROGRESS boundary=4 samples=780000 work=784335027 elapsed=3.85362
PROGRESS boundary=4 samples=790000 work=785953243 elapsed=3.90225
PROGRESS boundary=4 samples=800000 work=787550658 elapsed=3.95182
PROGRESS boundary=4 samples=810000 work=789161134 elapsed=4.00048
PROGRESS boundary=4 samples=820000 work=790770508 elapsed=4.05022
PROGRESS boundary=4 samples=830000 work=792382027 elapsed=4.09915
PROGRESS boundary=4 samples=840000 work=793991892 elapsed=4.14866
PROGRESS boundary=4 samples=850000 work=795597292 elapsed=4.19727
PROGRESS boundary=4 samples=860000 work=797205411 elapsed=4.24597
PROGRESS boundary=4 samples=870000 work=798804986 elapsed=4.29602
PROGRESS boundary=4 samples=880000 work=800397452 elapsed=4.36601
PROGRESS boundary=4 samples=890000 work=802013173 elapsed=4.41613
PROGRESS boundary=4 samples=900000 work=803606568 elapsed=4.46566
PROGRESS boundary=4 samples=910000 work=805211405 elapsed=4.51599
PROGRESS boundary=4 samples=920000 work=806838133 elapsed=4.56563
PROGRESS boundary=4 samples=930000 work=808444844 elapsed=4.61502
PROGRESS boundary=4 samples=940000 work=810036500 elapsed=4.66381
PROGRESS boundary=4 samples=950000 work=811635724 elapsed=4.71238
PROGRESS boundary=4 samples=960000 work=813236725 elapsed=4.76096
PROGRESS boundary=4 samples=970000 work=814856034 elapsed=4.80975
PROGRESS boundary=4 samples=980000 work=816443432 elapsed=4.85871
PROGRESS boundary=4 samples=990000 work=818053508 elapsed=4.90742
PROGRESS boundary=4 samples=1000000 work=819667296 elapsed=4.95736
PROGRESS boundary=5 samples=10000 work=822564325 elapsed=0.0569526
PROGRESS boundary=5 samples=20000 work=825370825 elapsed=0.108698
PROGRESS boundary=5 samples=30000 work=827889650 elapsed=0.157752
PROGRESS boundary=5 samples=40000 work=830292643 elapsed=0.207272
PROGRESS boundary=5 samples=50000 work=832371163 elapsed=0.25622
PROGRESS boundary=5 samples=60000 work=835178834 elapsed=0.305841
PROGRESS boundary=5 samples=70000 work=837603661 elapsed=0.356093
PROGRESS boundary=5 samples=80000 work=840143305 elapsed=0.404406
PROGRESS boundary=5 samples=90000 work=843510310 elapsed=0.455891
PROGRESS boundary=5 samples=100000 work=846465123 elapsed=0.508901
PROGRESS boundary=5 samples=110000 work=849351008 elapsed=0.565737
PROGRESS boundary=5 samples=120000 work=852035792 elapsed=0.618652
PROGRESS boundary=5 samples=130000 work=854493069 elapsed=0.66997
PROGRESS boundary=5 samples=140000 work=857757582 elapsed=0.720499
PROGRESS boundary=5 samples=150000 work=859876043 elapsed=0.769967
PROGRESS boundary=5 samples=160000 work=862694582 elapsed=0.821656
PROGRESS boundary=5 samples=170000 work=864630120 elapsed=0.869677
PROGRESS boundary=5 samples=180000 work=866706422 elapsed=0.921426
PROGRESS boundary=5 samples=190000 work=869328207 elapsed=0.9883
PROGRESS boundary=5 samples=200000 work=871640803 elapsed=1.0443
PROGRESS boundary=5 samples=210000 work=874291857 elapsed=1.09553
PROGRESS boundary=5 samples=220000 work=877080945 elapsed=1.14923
PROGRESS boundary=5 samples=230000 work=879360898 elapsed=1.19868
PROGRESS boundary=5 samples=240000 work=882437671 elapsed=1.25173
PROGRESS boundary=5 samples=250000 work=885051155 elapsed=1.29994
PROGRESS boundary=5 samples=260000 work=888042440 elapsed=1.35096
PROGRESS boundary=5 samples=270000 work=890248408 elapsed=1.39786
PROGRESS boundary=5 samples=280000 work=892527023 elapsed=1.4457
PROGRESS boundary=5 samples=290000 work=895175483 elapsed=1.49586
PROGRESS boundary=5 samples=300000 work=897663732 elapsed=1.54584
PROGRESS boundary=5 samples=310000 work=900387047 elapsed=1.59697
PROGRESS boundary=5 samples=320000 work=902773736 elapsed=1.64664
PROGRESS boundary=5 samples=330000 work=905532777 elapsed=1.69762
PROGRESS boundary=5 samples=340000 work=908226066 elapsed=1.74814
PROGRESS boundary=5 samples=350000 work=910809439 elapsed=1.79826
PROGRESS boundary=5 samples=360000 work=913532022 elapsed=1.84731
PROGRESS boundary=5 samples=370000 work=916300954 elapsed=1.89733
PROGRESS boundary=5 samples=380000 work=918792761 elapsed=1.94698
PROGRESS boundary=5 samples=390000 work=921218649 elapsed=1.99724
PROGRESS boundary=5 samples=400000 work=923556340 elapsed=2.04649
PROGRESS boundary=5 samples=410000 work=925791275 elapsed=2.09368
PROGRESS boundary=5 samples=420000 work=928893712 elapsed=2.14384
PROGRESS boundary=5 samples=430000 work=931573001 elapsed=2.19233
PROGRESS boundary=5 samples=440000 work=934643632 elapsed=2.2416
PROGRESS boundary=5 samples=450000 work=938133543 elapsed=2.29083
PROGRESS boundary=5 samples=460000 work=940346047 elapsed=2.33878
PROGRESS boundary=5 samples=470000 work=942824427 elapsed=2.3874
PROGRESS boundary=5 samples=480000 work=945165494 elapsed=2.43393
PROGRESS boundary=5 samples=490000 work=948183928 elapsed=2.4837
PROGRESS boundary=5 samples=500000 work=950659487 elapsed=2.54443
PROGRESS boundary=5 samples=510000 work=953365588 elapsed=2.59439
PROGRESS boundary=5 samples=520000 work=956162314 elapsed=2.64175
PROGRESS boundary=5 samples=530000 work=958818623 elapsed=2.68963
PROGRESS boundary=5 samples=540000 work=961361829 elapsed=2.73937
PROGRESS boundary=5 samples=550000 work=963836642 elapsed=2.78889
PROGRESS boundary=5 samples=560000 work=966552440 elapsed=2.83873
PROGRESS boundary=5 samples=570000 work=968962701 elapsed=2.88608
PROGRESS boundary=5 samples=580000 work=971546386 elapsed=2.93516
PROGRESS boundary=5 samples=590000 work=974393346 elapsed=2.98363
PROGRESS boundary=5 samples=600000 work=976904781 elapsed=3.03156
PROGRESS boundary=5 samples=610000 work=979333804 elapsed=3.08137
PROGRESS boundary=5 samples=620000 work=982161627 elapsed=3.12964
PROGRESS boundary=5 samples=630000 work=984827242 elapsed=3.17904
PROGRESS boundary=5 samples=640000 work=987813997 elapsed=3.2276
PROGRESS boundary=5 samples=650000 work=990305998 elapsed=3.27728
PROGRESS boundary=5 samples=660000 work=992836274 elapsed=3.32627
PROGRESS boundary=5 samples=670000 work=995070646 elapsed=3.37484
PROGRESS boundary=5 samples=680000 work=997754547 elapsed=3.42203
PROGRESS boundary=5 samples=690000 work=1000528134 elapsed=3.47039
PROGRESS boundary=5 samples=700000 work=1003058729 elapsed=3.51982
PROGRESS boundary=5 samples=710000 work=1005090294 elapsed=3.56666
PROGRESS boundary=5 samples=720000 work=1007817256 elapsed=3.61717
PROGRESS boundary=5 samples=730000 work=1010998564 elapsed=3.66502
PROGRESS boundary=5 samples=740000 work=1013622624 elapsed=3.71488
PROGRESS boundary=5 samples=750000 work=1016375647 elapsed=3.76886
PROGRESS boundary=5 samples=760000 work=1019378197 elapsed=3.82671
PROGRESS boundary=5 samples=770000 work=1021887715 elapsed=3.8838
PROGRESS boundary=5 samples=780000 work=1024431679 elapsed=3.95749
PROGRESS boundary=5 samples=790000 work=1027156053 elapsed=4.01402
PROGRESS boundary=5 samples=800000 work=1030107436 elapsed=4.07005
PROGRESS boundary=5 samples=810000 work=1032780945 elapsed=4.12641
PROGRESS boundary=5 samples=820000 work=1036011114 elapsed=4.18322
PROGRESS boundary=5 samples=830000 work=1038291975 elapsed=4.23786
PROGRESS boundary=5 samples=840000 work=1041590926 elapsed=4.29437
PROGRESS boundary=5 samples=850000 work=1044623975 elapsed=4.34884
PROGRESS boundary=5 samples=860000 work=1047253645 elapsed=4.40398
PROGRESS boundary=5 samples=870000 work=1049945765 elapsed=4.46153
PROGRESS boundary=5 samples=880000 work=1052208602 elapsed=4.51508
PROGRESS boundary=5 samples=890000 work=1054887174 elapsed=4.57284
PROGRESS boundary=5 samples=900000 work=1056932151 elapsed=4.62543
PROGRESS boundary=5 samples=910000 work=1059704878 elapsed=4.68185
PROGRESS boundary=5 samples=920000 work=1062938846 elapsed=4.73802
PROGRESS boundary=5 samples=930000 work=1065986523 elapsed=4.79455
PROGRESS boundary=5 samples=940000 work=1068942882 elapsed=4.8491
PROGRESS boundary=5 samples=950000 work=1071538503 elapsed=4.90418
PROGRESS boundary=5 samples=960000 work=1074275817 elapsed=4.95805
PROGRESS boundary=5 samples=970000 work=1076499720 elapsed=5.01236
PROGRESS boundary=5 samples=980000 work=1079248901 elapsed=5.06817
PROGRESS boundary=5 samples=990000 work=1082338493 elapsed=5.1228
PROGRESS boundary=5 samples=1000000 work=1084914616 elapsed=5.17767
PROGRESS boundary=6 samples=10000 work=1086519541 elapsed=0.0605381
PROGRESS boundary=6 samples=20000 work=1088119105 elapsed=0.117055
PROGRESS boundary=6 samples=30000 work=1089733861 elapsed=0.17193
PROGRESS boundary=6 samples=40000 work=1091426972 elapsed=0.226223
PROGRESS boundary=6 samples=50000 work=1093034126 elapsed=0.297634
PROGRESS boundary=6 samples=60000 work=1094628334 elapsed=0.352314
PROGRESS boundary=6 samples=70000 work=1096227938 elapsed=0.405228
PROGRESS boundary=6 samples=80000 work=1097877810 elapsed=0.459956
PROGRESS boundary=6 samples=90000 work=1099489628 elapsed=0.511842
PROGRESS boundary=6 samples=100000 work=1101158655 elapsed=0.564993
PROGRESS boundary=6 samples=110000 work=1102758655 elapsed=0.617345
PROGRESS boundary=6 samples=120000 work=1104395361 elapsed=0.668623
PROGRESS boundary=6 samples=130000 work=1106044837 elapsed=0.720213
PROGRESS boundary=6 samples=140000 work=1107699953 elapsed=0.773438
PROGRESS boundary=6 samples=150000 work=1109337996 elapsed=0.825095
PROGRESS boundary=6 samples=160000 work=1110950949 elapsed=0.877837
PROGRESS boundary=6 samples=170000 work=1112562976 elapsed=0.93263
PROGRESS boundary=6 samples=180000 work=1114187548 elapsed=0.98577
PROGRESS boundary=6 samples=190000 work=1115787583 elapsed=1.0387
PROGRESS boundary=6 samples=200000 work=1117388761 elapsed=1.08907
PROGRESS boundary=6 samples=210000 work=1119015621 elapsed=1.14118
PROGRESS boundary=6 samples=220000 work=1120652225 elapsed=1.19359
PROGRESS boundary=6 samples=230000 work=1122295223 elapsed=1.24521
PROGRESS boundary=6 samples=240000 work=1123885230 elapsed=1.29745
PROGRESS boundary=6 samples=250000 work=1125524390 elapsed=1.34894
PROGRESS boundary=6 samples=260000 work=1127149503 elapsed=1.40299
PROGRESS boundary=6 samples=270000 work=1128783008 elapsed=1.45444
PROGRESS boundary=6 samples=280000 work=1130415007 elapsed=1.50761
PROGRESS boundary=6 samples=290000 work=1132036780 elapsed=1.55869
PROGRESS boundary=6 samples=300000 work=1133659313 elapsed=1.61046
PROGRESS boundary=6 samples=310000 work=1135292131 elapsed=1.66196
PROGRESS boundary=6 samples=320000 work=1136914649 elapsed=1.71319
PROGRESS boundary=6 samples=330000 work=1138531953 elapsed=1.76407
PROGRESS boundary=6 samples=340000 work=1140206089 elapsed=1.83063
PROGRESS boundary=6 samples=350000 work=1141830899 elapsed=1.88265
PROGRESS boundary=6 samples=360000 work=1143460861 elapsed=1.93482
PROGRESS boundary=6 samples=370000 work=1145100438 elapsed=1.98676
PROGRESS boundary=6 samples=380000 work=1146711683 elapsed=2.03797
PROGRESS boundary=6 samples=390000 work=1148336749 elapsed=2.08957
PROGRESS boundary=6 samples=400000 work=1149947675 elapsed=2.14177
PROGRESS boundary=6 samples=410000 work=1151559513 elapsed=2.1918
PROGRESS boundary=6 samples=420000 work=1153200013 elapsed=2.24773
PROGRESS boundary=6 samples=430000 work=1154821743 elapsed=2.30218
PROGRESS boundary=6 samples=440000 work=1156481172 elapsed=2.35998
PROGRESS boundary=6 samples=450000 work=1158084834 elapsed=2.41533
PROGRESS boundary=6 samples=460000 work=1159709957 elapsed=2.47031
PROGRESS boundary=6 samples=470000 work=1161324488 elapsed=2.52504
PROGRESS boundary=6 samples=480000 work=1162935994 elapsed=2.57924
PROGRESS boundary=6 samples=490000 work=1164581054 elapsed=2.63229
PROGRESS boundary=6 samples=500000 work=1166202085 elapsed=2.68187
PROGRESS boundary=6 samples=510000 work=1167837852 elapsed=2.73512
PROGRESS boundary=6 samples=520000 work=1169444870 elapsed=2.7888
PROGRESS boundary=6 samples=530000 work=1171060667 elapsed=2.84181
PROGRESS boundary=6 samples=540000 work=1172712978 elapsed=2.89518
PROGRESS boundary=6 samples=550000 work=1174335203 elapsed=2.94977
PROGRESS boundary=6 samples=560000 work=1175947191 elapsed=3.00207
PROGRESS boundary=6 samples=570000 work=1177576399 elapsed=3.05391
PROGRESS boundary=6 samples=580000 work=1179221870 elapsed=3.10887
PROGRESS boundary=6 samples=590000 work=1180887503 elapsed=3.16207
PROGRESS boundary=6 samples=600000 work=1182517033 elapsed=3.21535
PROGRESS boundary=6 samples=610000 work=1184153403 elapsed=3.28244
PROGRESS boundary=6 samples=620000 work=1185754280 elapsed=3.33523
PROGRESS boundary=6 samples=630000 work=1187382382 elapsed=3.38865
PROGRESS boundary=6 samples=640000 work=1188997137 elapsed=3.44138
PROGRESS boundary=6 samples=650000 work=1190619996 elapsed=3.49303
PROGRESS boundary=6 samples=660000 work=1192281431 elapsed=3.54524
PROGRESS boundary=6 samples=670000 work=1193930523 elapsed=3.59712
PROGRESS boundary=6 samples=680000 work=1195550004 elapsed=3.64795
PROGRESS boundary=6 samples=690000 work=1197192290 elapsed=3.69968
PROGRESS boundary=6 samples=700000 work=1198807630 elapsed=3.75123
PROGRESS boundary=6 samples=710000 work=1200445868 elapsed=3.80296
PROGRESS boundary=6 samples=720000 work=1202070896 elapsed=3.86281
PROGRESS boundary=6 samples=730000 work=1203698849 elapsed=3.92274
PROGRESS boundary=6 samples=740000 work=1205312762 elapsed=3.98128
PROGRESS boundary=6 samples=750000 work=1206942286 elapsed=4.03934
PROGRESS boundary=6 samples=760000 work=1208565448 elapsed=4.09709
PROGRESS boundary=6 samples=770000 work=1210183664 elapsed=4.15423
PROGRESS boundary=6 samples=780000 work=1211849193 elapsed=4.21258
PROGRESS boundary=6 samples=790000 work=1213483839 elapsed=4.26959
PROGRESS boundary=6 samples=800000 work=1215102330 elapsed=4.32584
PROGRESS boundary=6 samples=810000 work=1216737427 elapsed=4.37952
PROGRESS boundary=6 samples=820000 work=1218369625 elapsed=4.43507
PROGRESS boundary=6 samples=830000 work=1220005235 elapsed=4.48913
PROGRESS boundary=6 samples=840000 work=1221630498 elapsed=4.54284
PROGRESS boundary=6 samples=850000 work=1223264900 elapsed=4.59526
PROGRESS boundary=6 samples=860000 work=1224866350 elapsed=4.66392
PROGRESS boundary=6 samples=870000 work=1226490178 elapsed=4.71676
PROGRESS boundary=6 samples=880000 work=1228099397 elapsed=4.77217
PROGRESS boundary=6 samples=890000 work=1229707023 elapsed=4.84728
PROGRESS boundary=6 samples=900000 work=1231330036 elapsed=4.92946
PROGRESS boundary=6 samples=910000 work=1232975201 elapsed=5.00939
PROGRESS boundary=6 samples=920000 work=1234583561 elapsed=5.0918
PROGRESS boundary=6 samples=930000 work=1236227600 elapsed=5.17574
PROGRESS boundary=6 samples=940000 work=1237845989 elapsed=5.26065
PROGRESS boundary=6 samples=950000 work=1239472339 elapsed=5.34566
PROGRESS boundary=6 samples=960000 work=1241070483 elapsed=5.42917
PROGRESS boundary=6 samples=970000 work=1242712400 elapsed=5.51325
PROGRESS boundary=6 samples=980000 work=1244311293 elapsed=5.59313
PROGRESS boundary=6 samples=990000 work=1245936572 elapsed=5.67194
PROGRESS boundary=6 samples=1000000 work=1247572171 elapsed=5.7499
PROGRESS boundary=7 samples=10000 work=1249199471 elapsed=0.0902686
PROGRESS boundary=7 samples=20000 work=1250797577 elapsed=0.169041
PROGRESS boundary=7 samples=30000 work=1252401188 elapsed=0.244619
PROGRESS boundary=7 samples=40000 work=1254004765 elapsed=0.325539
PROGRESS boundary=7 samples=50000 work=1255610731 elapsed=0.40091
PROGRESS boundary=7 samples=60000 work=1257211349 elapsed=0.475328
PROGRESS boundary=7 samples=70000 work=1258821030 elapsed=0.548941
PROGRESS boundary=7 samples=80000 work=1260424714 elapsed=0.622984
PROGRESS boundary=7 samples=90000 work=1262029091 elapsed=0.696176
PROGRESS boundary=7 samples=100000 work=1263629648 elapsed=0.77027
PROGRESS boundary=7 samples=110000 work=1265218247 elapsed=0.843014
PROGRESS boundary=7 samples=120000 work=1266811683 elapsed=0.915995
PROGRESS boundary=7 samples=130000 work=1268420806 elapsed=0.989462
PROGRESS boundary=7 samples=140000 work=1270044063 elapsed=1.06364
PROGRESS boundary=7 samples=150000 work=1271654906 elapsed=1.13736
PROGRESS boundary=7 samples=160000 work=1273262098 elapsed=1.21067
PROGRESS boundary=7 samples=170000 work=1274868789 elapsed=1.28424
PROGRESS boundary=7 samples=180000 work=1276463131 elapsed=1.35864
PROGRESS boundary=7 samples=190000 work=1278076558 elapsed=1.43293
PROGRESS boundary=7 samples=200000 work=1279690420 elapsed=1.51618
PROGRESS boundary=7 samples=210000 work=1281299128 elapsed=1.59064
PROGRESS boundary=7 samples=220000 work=1282915292 elapsed=1.66509
PROGRESS boundary=7 samples=230000 work=1284518147 elapsed=1.73833
PROGRESS boundary=7 samples=240000 work=1286115094 elapsed=1.81159
PROGRESS boundary=7 samples=250000 work=1287718772 elapsed=1.88481
PROGRESS boundary=7 samples=260000 work=1289318114 elapsed=1.95532
PROGRESS boundary=7 samples=270000 work=1290926421 elapsed=2.02645
PROGRESS boundary=7 samples=280000 work=1292535889 elapsed=2.12273
PROGRESS boundary=7 samples=290000 work=1294133060 elapsed=2.2048
PROGRESS boundary=7 samples=300000 work=1295729916 elapsed=2.28023
PROGRESS boundary=7 samples=310000 work=1297346857 elapsed=2.35472
PROGRESS boundary=7 samples=320000 work=1298954275 elapsed=2.42736
PROGRESS boundary=7 samples=330000 work=1300560282 elapsed=2.49805
PROGRESS boundary=7 samples=340000 work=1302153668 elapsed=2.56547
PROGRESS boundary=7 samples=350000 work=1303761021 elapsed=2.63201
PROGRESS boundary=7 samples=360000 work=1305369426 elapsed=2.69948
PROGRESS boundary=7 samples=370000 work=1306974465 elapsed=2.76673
PROGRESS boundary=7 samples=380000 work=1308569763 elapsed=2.85475
PROGRESS boundary=7 samples=390000 work=1310168291 elapsed=2.9216
PROGRESS boundary=7 samples=400000 work=1311785152 elapsed=2.98765
PROGRESS boundary=7 samples=410000 work=1313406282 elapsed=3.0544
PROGRESS boundary=7 samples=420000 work=1314998594 elapsed=3.11956
PROGRESS boundary=7 samples=430000 work=1316600206 elapsed=3.18496
PROGRESS boundary=7 samples=440000 work=1318192434 elapsed=3.2486
PROGRESS boundary=7 samples=450000 work=1319801883 elapsed=3.31181
PROGRESS boundary=7 samples=460000 work=1321416256 elapsed=3.37486
PROGRESS boundary=7 samples=470000 work=1323010144 elapsed=3.43799
PROGRESS boundary=7 samples=480000 work=1324594382 elapsed=3.50027
PROGRESS boundary=7 samples=490000 work=1326203830 elapsed=3.56331
PROGRESS boundary=7 samples=500000 work=1327801335 elapsed=3.62481
PROGRESS boundary=7 samples=510000 work=1329395063 elapsed=3.68658
PROGRESS boundary=7 samples=520000 work=1331004742 elapsed=3.74824
PROGRESS boundary=7 samples=530000 work=1332608011 elapsed=3.80954
PROGRESS boundary=7 samples=540000 work=1334219622 elapsed=3.86566
PROGRESS boundary=7 samples=550000 work=1335815242 elapsed=3.9214
PROGRESS boundary=7 samples=560000 work=1337418683 elapsed=3.97689
PROGRESS boundary=7 samples=570000 work=1339027194 elapsed=4.03274
PROGRESS boundary=7 samples=580000 work=1340637493 elapsed=4.08977
PROGRESS boundary=7 samples=590000 work=1342242127 elapsed=4.14712
PROGRESS boundary=7 samples=600000 work=1343852847 elapsed=4.2102
PROGRESS boundary=7 samples=610000 work=1345460618 elapsed=4.27289
PROGRESS boundary=7 samples=620000 work=1347063486 elapsed=4.33605
PROGRESS boundary=7 samples=630000 work=1348677030 elapsed=4.39861
PROGRESS boundary=7 samples=640000 work=1350272365 elapsed=4.47188
PROGRESS boundary=7 samples=650000 work=1351884080 elapsed=4.54315
PROGRESS boundary=7 samples=660000 work=1353501232 elapsed=4.6101
PROGRESS boundary=7 samples=670000 work=1355117821 elapsed=4.68172
PROGRESS boundary=7 samples=680000 work=1356733912 elapsed=4.74842
PROGRESS boundary=7 samples=690000 work=1358356752 elapsed=4.81734
PROGRESS boundary=7 samples=700000 work=1359960604 elapsed=4.88222
PROGRESS boundary=7 samples=710000 work=1361554201 elapsed=4.95028
PROGRESS boundary=7 samples=720000 work=1363172915 elapsed=5.0188
PROGRESS boundary=7 samples=730000 work=1364764360 elapsed=5.08329
PROGRESS boundary=7 samples=740000 work=1366354356 elapsed=5.1481
PROGRESS boundary=7 samples=750000 work=1367954648 elapsed=5.21257
PROGRESS boundary=7 samples=760000 work=1369557055 elapsed=5.27592
PROGRESS boundary=7 samples=770000 work=1371154930 elapsed=5.342
PROGRESS boundary=7 samples=780000 work=1372748265 elapsed=5.40522
PROGRESS boundary=7 samples=790000 work=1374344527 elapsed=5.47201
PROGRESS boundary=7 samples=800000 work=1375945533 elapsed=5.54317
PROGRESS boundary=7 samples=810000 work=1377541833 elapsed=5.6084
PROGRESS boundary=7 samples=820000 work=1379143037 elapsed=5.67548
PROGRESS boundary=7 samples=830000 work=1380755673 elapsed=5.74001
PROGRESS boundary=7 samples=840000 work=1382351348 elapsed=5.80598
PROGRESS boundary=7 samples=850000 work=1383945378 elapsed=5.87077
PROGRESS boundary=7 samples=860000 work=1385565903 elapsed=5.93729
PROGRESS boundary=7 samples=870000 work=1387184442 elapsed=6.00618
PROGRESS boundary=7 samples=880000 work=1388782324 elapsed=6.07147
PROGRESS boundary=7 samples=890000 work=1390390357 elapsed=6.14027
PROGRESS boundary=7 samples=900000 work=1391995744 elapsed=6.22758
PROGRESS boundary=7 samples=910000 work=1393593369 elapsed=6.31785
PROGRESS boundary=7 samples=920000 work=1395197863 elapsed=6.40681
PROGRESS boundary=7 samples=930000 work=1396813328 elapsed=6.48376
PROGRESS boundary=7 samples=940000 work=1398416988 elapsed=6.55072
PROGRESS boundary=7 samples=950000 work=1400017362 elapsed=6.61878
PROGRESS boundary=7 samples=960000 work=1401621529 elapsed=6.68485
PROGRESS boundary=7 samples=970000 work=1403247476 elapsed=6.74716
PROGRESS boundary=7 samples=980000 work=1404825540 elapsed=6.81282
PROGRESS boundary=7 samples=990000 work=1406432262 elapsed=6.87529
PROGRESS boundary=7 samples=1000000 work=1408033163 elapsed=6.93915
PROGRESS boundary=8 samples=10000 work=1409621330 elapsed=0.0778109
PROGRESS boundary=8 samples=20000 work=1411213858 elapsed=0.147117
PROGRESS boundary=8 samples=30000 work=1412821582 elapsed=0.219114
PROGRESS boundary=8 samples=40000 work=1414424618 elapsed=0.294725
PROGRESS boundary=8 samples=50000 work=1416034751 elapsed=0.364271
PROGRESS boundary=8 samples=60000 work=1417627736 elapsed=0.432574
PROGRESS boundary=8 samples=70000 work=1419201958 elapsed=0.49718
PROGRESS boundary=8 samples=80000 work=1420805587 elapsed=0.56378
PROGRESS boundary=8 samples=90000 work=1422426556 elapsed=0.628603
PROGRESS boundary=8 samples=100000 work=1424034934 elapsed=0.695411
PROGRESS boundary=8 samples=110000 work=1425645414 elapsed=0.762273
PROGRESS boundary=8 samples=120000 work=1427238911 elapsed=0.826086
PROGRESS boundary=8 samples=130000 work=1428833212 elapsed=0.892358
PROGRESS boundary=8 samples=140000 work=1430421850 elapsed=0.955642
PROGRESS boundary=8 samples=150000 work=1432022135 elapsed=1.02301
PROGRESS boundary=8 samples=160000 work=1433628016 elapsed=1.0905
PROGRESS boundary=8 samples=170000 work=1435236360 elapsed=1.15727
PROGRESS boundary=8 samples=180000 work=1436846272 elapsed=1.22449
PROGRESS boundary=8 samples=190000 work=1438433868 elapsed=1.28809
PROGRESS boundary=8 samples=200000 work=1440039866 elapsed=1.35512
PROGRESS boundary=8 samples=210000 work=1441649439 elapsed=1.41859
PROGRESS boundary=8 samples=220000 work=1443259572 elapsed=1.48584
PROGRESS boundary=8 samples=230000 work=1444852323 elapsed=1.54876
PROGRESS boundary=8 samples=240000 work=1446448770 elapsed=1.61371
PROGRESS boundary=8 samples=250000 work=1448033474 elapsed=1.67799
PROGRESS boundary=8 samples=260000 work=1449632386 elapsed=1.74241
PROGRESS boundary=8 samples=270000 work=1451220571 elapsed=1.81328
PROGRESS boundary=8 samples=280000 work=1452818109 elapsed=1.8775
PROGRESS boundary=8 samples=290000 work=1454419479 elapsed=1.94354
PROGRESS boundary=8 samples=300000 work=1456032129 elapsed=2.00742
PROGRESS boundary=8 samples=310000 work=1457642468 elapsed=2.07205
PROGRESS boundary=8 samples=320000 work=1459241774 elapsed=2.13702
PROGRESS boundary=8 samples=330000 work=1460854577 elapsed=2.20007
PROGRESS boundary=8 samples=340000 work=1462451213 elapsed=2.26682
PROGRESS boundary=8 samples=350000 work=1464049376 elapsed=2.33093
PROGRESS boundary=8 samples=360000 work=1465654759 elapsed=2.39694
PROGRESS boundary=8 samples=370000 work=1467243812 elapsed=2.4625
PROGRESS boundary=8 samples=380000 work=1468841670 elapsed=2.56197
PROGRESS boundary=8 samples=390000 work=1470440619 elapsed=2.63346
PROGRESS boundary=8 samples=400000 work=1472050164 elapsed=2.70356
PROGRESS boundary=8 samples=410000 work=1473655734 elapsed=2.76976
PROGRESS boundary=8 samples=420000 work=1475269750 elapsed=2.83737
PROGRESS boundary=8 samples=430000 work=1476859886 elapsed=2.90173
PROGRESS boundary=8 samples=440000 work=1478461965 elapsed=2.96821
PROGRESS boundary=8 samples=450000 work=1480058331 elapsed=3.03468
PROGRESS boundary=8 samples=460000 work=1481643419 elapsed=3.09802
PROGRESS boundary=8 samples=470000 work=1483253674 elapsed=3.16503
PROGRESS boundary=8 samples=480000 work=1484847418 elapsed=3.22833
PROGRESS boundary=8 samples=490000 work=1486444418 elapsed=3.2966
PROGRESS boundary=8 samples=500000 work=1488041056 elapsed=3.36247
PROGRESS boundary=8 samples=510000 work=1489638613 elapsed=3.42571
PROGRESS boundary=8 samples=520000 work=1491220054 elapsed=3.49143
PROGRESS boundary=8 samples=530000 work=1492816940 elapsed=3.55486
PROGRESS boundary=8 samples=540000 work=1494421636 elapsed=3.62151
PROGRESS boundary=8 samples=550000 work=1496031636 elapsed=3.68592
PROGRESS boundary=8 samples=560000 work=1497632644 elapsed=3.75437
PROGRESS boundary=8 samples=570000 work=1499219833 elapsed=3.82163
PROGRESS boundary=8 samples=580000 work=1500819295 elapsed=3.8871
PROGRESS boundary=8 samples=590000 work=1502412428 elapsed=3.95483
PROGRESS boundary=8 samples=600000 work=1504008494 elapsed=4.0263
PROGRESS boundary=8 samples=610000 work=1505601124 elapsed=4.09637
PROGRESS boundary=8 samples=620000 work=1507190346 elapsed=4.166
PROGRESS boundary=8 samples=630000 work=1508789179 elapsed=4.23283
PROGRESS boundary=8 samples=640000 work=1510395743 elapsed=4.29948
PROGRESS boundary=8 samples=650000 work=1511991211 elapsed=4.36366
PROGRESS boundary=8 samples=660000 work=1513567960 elapsed=4.42932
PROGRESS boundary=8 samples=670000 work=1515183462 elapsed=4.49354
PROGRESS boundary=8 samples=680000 work=1516774641 elapsed=4.55855
PROGRESS boundary=8 samples=690000 work=1518368798 elapsed=4.62488
PROGRESS boundary=8 samples=700000 work=1519966480 elapsed=4.69142
PROGRESS boundary=8 samples=710000 work=1521584331 elapsed=4.75632
PROGRESS boundary=8 samples=720000 work=1523181395 elapsed=4.8195
PROGRESS boundary=8 samples=730000 work=1524795410 elapsed=4.88395
PROGRESS boundary=8 samples=740000 work=1526401456 elapsed=4.94036
PROGRESS boundary=8 samples=750000 work=1528010697 elapsed=4.99371
PROGRESS boundary=8 samples=760000 work=1529612948 elapsed=5.04617
PROGRESS boundary=8 samples=770000 work=1531210006 elapsed=5.10013
PROGRESS boundary=8 samples=780000 work=1532806635 elapsed=5.1543
PROGRESS boundary=8 samples=790000 work=1534405046 elapsed=5.20708
PROGRESS boundary=8 samples=800000 work=1536011022 elapsed=5.2599
PROGRESS boundary=8 samples=810000 work=1537615355 elapsed=5.3126
PROGRESS boundary=8 samples=820000 work=1539192344 elapsed=5.36586
PROGRESS boundary=8 samples=830000 work=1540797998 elapsed=5.41877
PROGRESS boundary=8 samples=840000 work=1542394130 elapsed=5.47267
PROGRESS boundary=8 samples=850000 work=1543983269 elapsed=5.52578
PROGRESS boundary=8 samples=860000 work=1545588039 elapsed=5.5787
PROGRESS boundary=8 samples=870000 work=1547178611 elapsed=5.63186
PROGRESS boundary=8 samples=880000 work=1548787976 elapsed=5.68552
PROGRESS boundary=8 samples=890000 work=1550389840 elapsed=5.73904
PROGRESS boundary=8 samples=900000 work=1551993336 elapsed=5.79263
PROGRESS boundary=8 samples=910000 work=1553593643 elapsed=5.84751
PROGRESS boundary=8 samples=920000 work=1555198603 elapsed=5.90045
PROGRESS boundary=8 samples=930000 work=1556802705 elapsed=5.95517
PROGRESS boundary=8 samples=940000 work=1558400897 elapsed=6.00921
PROGRESS boundary=8 samples=950000 work=1560001656 elapsed=6.0635
PROGRESS boundary=8 samples=960000 work=1561606333 elapsed=6.1185
PROGRESS boundary=8 samples=970000 work=1563201198 elapsed=6.17299
PROGRESS boundary=8 samples=980000 work=1564782410 elapsed=6.22477
PROGRESS boundary=8 samples=990000 work=1566370169 elapsed=6.2772
PROGRESS boundary=8 samples=1000000 work=1567990011 elapsed=6.32965
PROGRESS boundary=9 samples=10000 work=1569594313 elapsed=0.0823865
PROGRESS boundary=9 samples=20000 work=1571190816 elapsed=0.161076
PROGRESS boundary=9 samples=30000 work=1572791873 elapsed=0.230603
PROGRESS boundary=9 samples=40000 work=1574406959 elapsed=0.305608
PROGRESS boundary=9 samples=50000 work=1575990813 elapsed=0.370241
PROGRESS boundary=9 samples=60000 work=1577587775 elapsed=0.442555
PROGRESS boundary=9 samples=70000 work=1579182149 elapsed=0.517294
PROGRESS boundary=9 samples=80000 work=1580797590 elapsed=0.579022
PROGRESS boundary=9 samples=90000 work=1582391230 elapsed=0.649012
PROGRESS boundary=9 samples=100000 work=1583989844 elapsed=0.725923
PROGRESS boundary=9 samples=110000 work=1585590300 elapsed=0.788445
PROGRESS boundary=9 samples=120000 work=1587178100 elapsed=0.862014
PROGRESS boundary=9 samples=130000 work=1588782593 elapsed=0.929694
PROGRESS boundary=9 samples=140000 work=1590373150 elapsed=0.993369
PROGRESS boundary=9 samples=150000 work=1591969585 elapsed=1.06734
PROGRESS boundary=9 samples=160000 work=1593571016 elapsed=1.13467
PROGRESS boundary=9 samples=170000 work=1595151983 elapsed=1.19344
PROGRESS boundary=9 samples=180000 work=1596732060 elapsed=1.26933
PROGRESS boundary=9 samples=190000 work=1598335863 elapsed=1.33682
PROGRESS boundary=9 samples=200000 work=1599932306 elapsed=1.39886
PROGRESS boundary=9 samples=210000 work=1601542467 elapsed=1.47211
PROGRESS boundary=9 samples=220000 work=1603124381 elapsed=1.53339
PROGRESS boundary=9 samples=230000 work=1604728598 elapsed=1.60416
PROGRESS boundary=9 samples=240000 work=1606331024 elapsed=1.67478
PROGRESS boundary=9 samples=250000 work=1607908044 elapsed=1.73595
PROGRESS boundary=9 samples=260000 work=1609513311 elapsed=1.80986
PROGRESS boundary=9 samples=270000 work=1611127499 elapsed=1.87878
PROGRESS boundary=9 samples=280000 work=1612738475 elapsed=1.93693
PROGRESS boundary=9 samples=290000 work=1614320980 elapsed=2.01059
PROGRESS boundary=9 samples=300000 work=1615937472 elapsed=2.08175
PROGRESS boundary=9 samples=310000 work=1617536335 elapsed=2.13816
PROGRESS boundary=9 samples=320000 work=1619110458 elapsed=2.21174
PROGRESS boundary=9 samples=330000 work=1620695728 elapsed=2.28399
PROGRESS boundary=9 samples=340000 work=1622320634 elapsed=2.34049
PROGRESS boundary=9 samples=350000 work=1623918314 elapsed=2.41055
PROGRESS boundary=9 samples=360000 work=1625512699 elapsed=2.48317
PROGRESS boundary=9 samples=370000 work=1627086190 elapsed=2.54502
PROGRESS boundary=9 samples=380000 work=1628677462 elapsed=2.61363
PROGRESS boundary=9 samples=390000 work=1630281349 elapsed=2.68747
PROGRESS boundary=9 samples=400000 work=1631877235 elapsed=2.74432
PROGRESS boundary=9 samples=410000 work=1633466407 elapsed=2.81614
PROGRESS boundary=9 samples=420000 work=1635049824 elapsed=2.89022
PROGRESS boundary=9 samples=430000 work=1636659355 elapsed=2.94558
PROGRESS boundary=9 samples=440000 work=1638254329 elapsed=3.01875
PROGRESS boundary=9 samples=450000 work=1639848027 elapsed=3.09108
PROGRESS boundary=9 samples=460000 work=1641445585 elapsed=3.14711
PROGRESS boundary=9 samples=470000 work=1643032719 elapsed=3.21922
PROGRESS boundary=9 samples=480000 work=1644618447 elapsed=3.28985
PROGRESS boundary=9 samples=490000 work=1646205999 elapsed=3.34465
PROGRESS boundary=9 samples=500000 work=1647791022 elapsed=3.419
PROGRESS boundary=9 samples=510000 work=1649370626 elapsed=3.49251
PROGRESS boundary=9 samples=520000 work=1650980546 elapsed=3.54665
PROGRESS boundary=9 samples=530000 work=1652579871 elapsed=3.61762
PROGRESS boundary=9 samples=540000 work=1654181143 elapsed=3.69322
PROGRESS boundary=9 samples=550000 work=1655772372 elapsed=3.74927
PROGRESS boundary=9 samples=560000 work=1657369648 elapsed=3.81891
PROGRESS boundary=9 samples=570000 work=1658945086 elapsed=3.89001
PROGRESS boundary=9 samples=580000 work=1660524547 elapsed=3.94915
PROGRESS boundary=9 samples=590000 work=1662113969 elapsed=4.02334
PROGRESS boundary=9 samples=600000 work=1663695632 elapsed=4.10012
PROGRESS boundary=9 samples=610000 work=1665297662 elapsed=4.16015
PROGRESS boundary=9 samples=620000 work=1666914583 elapsed=4.23729
PROGRESS boundary=9 samples=630000 work=1668514996 elapsed=4.31692
PROGRESS boundary=9 samples=640000 work=1670105191 elapsed=4.39018
PROGRESS boundary=9 samples=650000 work=1671700339 elapsed=4.46591
PROGRESS boundary=9 samples=660000 work=1673293428 elapsed=4.54228
PROGRESS boundary=9 samples=670000 work=1674907572 elapsed=4.60048
PROGRESS boundary=9 samples=680000 work=1676498585 elapsed=4.6727
PROGRESS boundary=9 samples=690000 work=1678123326 elapsed=4.74481
PROGRESS boundary=9 samples=700000 work=1679748863 elapsed=4.80082
PROGRESS boundary=9 samples=710000 work=1681362421 elapsed=4.85607
PROGRESS boundary=9 samples=720000 work=1682994293 elapsed=4.92803
PROGRESS boundary=9 samples=730000 work=1684579627 elapsed=4.99966
PROGRESS boundary=9 samples=740000 work=1686166033 elapsed=5.05641
PROGRESS boundary=9 samples=750000 work=1687753929 elapsed=5.1287
PROGRESS boundary=9 samples=760000 work=1689333526 elapsed=5.19053
PROGRESS boundary=9 samples=770000 work=1690930796 elapsed=5.25712
PROGRESS boundary=9 samples=780000 work=1692529329 elapsed=5.3297
PROGRESS boundary=9 samples=790000 work=1694119304 elapsed=5.38549
PROGRESS boundary=9 samples=800000 work=1695723964 elapsed=5.4607
PROGRESS boundary=9 samples=810000 work=1697337520 elapsed=5.52721
PROGRESS boundary=9 samples=820000 work=1698924618 elapsed=5.58907
PROGRESS boundary=9 samples=830000 work=1700515959 elapsed=5.65833
PROGRESS boundary=9 samples=840000 work=1702127448 elapsed=5.72161
PROGRESS boundary=9 samples=850000 work=1703713170 elapsed=5.78494
PROGRESS boundary=9 samples=860000 work=1705307954 elapsed=5.85461
PROGRESS boundary=9 samples=870000 work=1706889843 elapsed=5.92351
PROGRESS boundary=9 samples=880000 work=1708494152 elapsed=5.99223
PROGRESS boundary=9 samples=890000 work=1710084710 elapsed=6.06297
PROGRESS boundary=9 samples=900000 work=1711684348 elapsed=6.1306
PROGRESS boundary=9 samples=910000 work=1713266105 elapsed=6.20197
PROGRESS boundary=9 samples=920000 work=1714849986 elapsed=6.27601
PROGRESS boundary=9 samples=930000 work=1716475918 elapsed=6.34554
PROGRESS boundary=9 samples=940000 work=1718043244 elapsed=6.40806
PROGRESS boundary=9 samples=950000 work=1719625599 elapsed=6.47393
PROGRESS boundary=9 samples=960000 work=1721210854 elapsed=6.54333
PROGRESS boundary=9 samples=970000 work=1722812822 elapsed=6.59823
PROGRESS boundary=9 samples=980000 work=1724403714 elapsed=6.67018
PROGRESS boundary=9 samples=990000 work=1726020609 elapsed=6.73866
PROGRESS boundary=9 samples=1000000 work=1727628473 elapsed=6.79302
PROGRESS boundary=10 samples=10000 work=1729214717 elapsed=0.131325
PROGRESS boundary=10 samples=20000 work=1730804968 elapsed=0.223122
PROGRESS boundary=10 samples=30000 work=1732387770 elapsed=0.31781
PROGRESS boundary=10 samples=40000 work=1733971096 elapsed=0.39628
PROGRESS boundary=10 samples=50000 work=1735564268 elapsed=0.481395
PROGRESS boundary=10 samples=60000 work=1737152860 elapsed=0.558373
PROGRESS boundary=10 samples=70000 work=1738752644 elapsed=0.622167
PROGRESS boundary=10 samples=80000 work=1740365473 elapsed=0.701848
PROGRESS boundary=10 samples=90000 work=1741960541 elapsed=0.77821
PROGRESS boundary=10 samples=100000 work=1743546870 elapsed=0.845323
PROGRESS boundary=10 samples=110000 work=1745159112 elapsed=0.91934
PROGRESS boundary=10 samples=120000 work=1746739598 elapsed=0.977093
PROGRESS boundary=10 samples=130000 work=1748319839 elapsed=1.0288
PROGRESS boundary=10 samples=140000 work=1749919030 elapsed=1.0796
PROGRESS boundary=10 samples=150000 work=1751516033 elapsed=1.13004
PROGRESS boundary=10 samples=160000 work=1753111977 elapsed=1.18025
PROGRESS boundary=10 samples=170000 work=1754696793 elapsed=1.23083
PROGRESS boundary=10 samples=180000 work=1756305014 elapsed=1.28094
PROGRESS boundary=10 samples=190000 work=1757884042 elapsed=1.33094
PROGRESS boundary=10 samples=200000 work=1759479835 elapsed=1.38101
PROGRESS boundary=10 samples=210000 work=1761084438 elapsed=1.4365
PROGRESS boundary=10 samples=220000 work=1762674017 elapsed=1.49195
PROGRESS boundary=10 samples=230000 work=1764267169 elapsed=1.54449
PROGRESS boundary=10 samples=240000 work=1765876549 elapsed=1.59528
PROGRESS boundary=10 samples=250000 work=1767462700 elapsed=1.64539
PROGRESS boundary=10 samples=260000 work=1769056388 elapsed=1.69539
PROGRESS boundary=10 samples=270000 work=1770643588 elapsed=1.745
PROGRESS boundary=10 samples=280000 work=1772258927 elapsed=1.79484
PROGRESS boundary=10 samples=290000 work=1773857806 elapsed=1.84455
PROGRESS boundary=10 samples=300000 work=1775449659 elapsed=1.89482
PROGRESS boundary=10 samples=310000 work=1777049548 elapsed=1.94646
PROGRESS boundary=10 samples=320000 work=1778656826 elapsed=1.99835
PROGRESS boundary=10 samples=330000 work=1780263536 elapsed=2.04916
PROGRESS boundary=10 samples=340000 work=1781875540 elapsed=2.1043
PROGRESS boundary=10 samples=350000 work=1783473614 elapsed=2.15994
PROGRESS boundary=10 samples=360000 work=1785059399 elapsed=2.23365
PROGRESS boundary=10 samples=370000 work=1786652065 elapsed=2.28838
PROGRESS boundary=10 samples=380000 work=1788256959 elapsed=2.34173
PROGRESS boundary=10 samples=390000 work=1789862848 elapsed=2.39503
PROGRESS boundary=10 samples=400000 work=1791458625 elapsed=2.44974
PROGRESS boundary=10 samples=410000 work=1793062969 elapsed=2.50927
PROGRESS boundary=10 samples=420000 work=1794651579 elapsed=2.56327
PROGRESS boundary=10 samples=430000 work=1796238630 elapsed=2.61596
PROGRESS boundary=10 samples=440000 work=1797828877 elapsed=2.66855
PROGRESS boundary=10 samples=450000 work=1799397336 elapsed=2.72092
PROGRESS boundary=10 samples=460000 work=1800980562 elapsed=2.77332
PROGRESS boundary=10 samples=470000 work=1802584100 elapsed=2.82628
PROGRESS boundary=10 samples=480000 work=1804178589 elapsed=2.87902
PROGRESS boundary=10 samples=490000 work=1805762778 elapsed=2.93428
PROGRESS boundary=10 samples=500000 work=1807374275 elapsed=2.99773
PROGRESS boundary=10 samples=510000 work=1808973413 elapsed=3.05847
PROGRESS boundary=10 samples=520000 work=1810559633 elapsed=3.12459
PROGRESS boundary=10 samples=530000 work=1812155983 elapsed=3.18546
PROGRESS boundary=10 samples=540000 work=1813756001 elapsed=3.2481
PROGRESS boundary=10 samples=550000 work=1815356293 elapsed=3.30168
PROGRESS boundary=10 samples=560000 work=1816941494 elapsed=3.36768
PROGRESS boundary=10 samples=570000 work=1818524680 elapsed=3.42402
PROGRESS boundary=10 samples=580000 work=1820129766 elapsed=3.47532
PROGRESS boundary=10 samples=590000 work=1821724951 elapsed=3.52605
PROGRESS boundary=10 samples=600000 work=1823325307 elapsed=3.58534
PROGRESS boundary=10 samples=610000 work=1824916526 elapsed=3.63787
PROGRESS boundary=10 samples=620000 work=1826512898 elapsed=3.68865
PROGRESS boundary=10 samples=630000 work=1828109968 elapsed=3.74554
PROGRESS boundary=10 samples=640000 work=1829688537 elapsed=3.80162
PROGRESS boundary=10 samples=650000 work=1831285825 elapsed=3.85275
PROGRESS boundary=10 samples=660000 work=1832879608 elapsed=3.90307
PROGRESS boundary=10 samples=670000 work=1834475441 elapsed=3.95887
PROGRESS boundary=10 samples=680000 work=1836066378 elapsed=4.01461
PROGRESS boundary=10 samples=690000 work=1837654197 elapsed=4.06623
PROGRESS boundary=10 samples=700000 work=1839238814 elapsed=4.11673
PROGRESS boundary=10 samples=710000 work=1840839140 elapsed=4.17141
PROGRESS boundary=10 samples=720000 work=1842437123 elapsed=4.22542
PROGRESS boundary=10 samples=730000 work=1844036306 elapsed=4.2779
PROGRESS boundary=10 samples=740000 work=1845649444 elapsed=4.32911
PROGRESS boundary=10 samples=750000 work=1847258252 elapsed=4.37998
PROGRESS boundary=10 samples=760000 work=1848849179 elapsed=4.43196
PROGRESS boundary=10 samples=770000 work=1850465556 elapsed=4.48383
PROGRESS boundary=10 samples=780000 work=1852046202 elapsed=4.53671
PROGRESS boundary=10 samples=790000 work=1853614008 elapsed=4.59479
PROGRESS boundary=10 samples=800000 work=1855189118 elapsed=4.65627
PROGRESS boundary=10 samples=810000 work=1856783463 elapsed=4.71688
PROGRESS boundary=10 samples=820000 work=1858367127 elapsed=4.77849
PROGRESS boundary=10 samples=830000 work=1859960929 elapsed=4.83576
PROGRESS boundary=10 samples=840000 work=1861551501 elapsed=4.89013
PROGRESS boundary=10 samples=850000 work=1863152297 elapsed=4.94213
PROGRESS boundary=10 samples=860000 work=1864751200 elapsed=4.99264
PROGRESS boundary=10 samples=870000 work=1866353151 elapsed=5.04308
PROGRESS boundary=10 samples=880000 work=1867956750 elapsed=5.09319
PROGRESS boundary=10 samples=890000 work=1869546050 elapsed=5.14319
PROGRESS boundary=10 samples=900000 work=1871139171 elapsed=5.1931
PROGRESS boundary=10 samples=910000 work=1872745166 elapsed=5.24355
PROGRESS boundary=10 samples=920000 work=1874337220 elapsed=5.29337
PROGRESS boundary=10 samples=930000 work=1875935942 elapsed=5.34336
PROGRESS boundary=10 samples=940000 work=1877547824 elapsed=5.43054
PROGRESS boundary=10 samples=950000 work=1879133244 elapsed=5.53044
PROGRESS boundary=10 samples=960000 work=1880727182 elapsed=5.62233
PROGRESS boundary=10 samples=970000 work=1882300078 elapsed=5.71659
PROGRESS boundary=10 samples=980000 work=1883903950 elapsed=5.80963
PROGRESS boundary=10 samples=990000 work=1885507612 elapsed=5.8667
PROGRESS boundary=10 samples=1000000 work=1887099994 elapsed=5.91759
PROGRESS boundary=11 samples=10000 work=1888732829 elapsed=0.151132
PROGRESS boundary=11 samples=20000 work=1890350651 elapsed=0.230085
PROGRESS boundary=11 samples=30000 work=1891972730 elapsed=0.295361
PROGRESS boundary=11 samples=40000 work=1893584317 elapsed=0.35682
PROGRESS boundary=11 samples=50000 work=1895197768 elapsed=0.413484
PROGRESS boundary=11 samples=60000 work=1896817841 elapsed=0.469605
PROGRESS boundary=11 samples=70000 work=1898452718 elapsed=0.522577
PROGRESS boundary=11 samples=80000 work=1900053846 elapsed=0.573978
PROGRESS boundary=11 samples=90000 work=1901652052 elapsed=0.623768
PROGRESS boundary=11 samples=100000 work=1903265788 elapsed=0.673785
PROGRESS boundary=11 samples=110000 work=1904871348 elapsed=0.722138
PROGRESS boundary=11 samples=120000 work=1906484425 elapsed=0.770281
PROGRESS boundary=11 samples=130000 work=1908105805 elapsed=0.819591
PROGRESS boundary=11 samples=140000 work=1909736571 elapsed=0.875028
PROGRESS boundary=11 samples=150000 work=1911341865 elapsed=0.934389
PROGRESS boundary=11 samples=160000 work=1912953736 elapsed=0.99468
PROGRESS boundary=11 samples=170000 work=1914578176 elapsed=1.05378
PROGRESS boundary=11 samples=180000 work=1916206396 elapsed=1.10583
PROGRESS boundary=11 samples=190000 work=1917824404 elapsed=1.15614
PROGRESS boundary=11 samples=200000 work=1919455098 elapsed=1.2056
PROGRESS boundary=11 samples=210000 work=1921084127 elapsed=1.25439
PROGRESS boundary=11 samples=220000 work=1922714817 elapsed=1.30344
PROGRESS boundary=11 samples=230000 work=1924347124 elapsed=1.35127
PROGRESS boundary=11 samples=240000 work=1925969521 elapsed=1.39876
PROGRESS boundary=11 samples=250000 work=1927591310 elapsed=1.44678
PROGRESS boundary=11 samples=260000 work=1929190341 elapsed=1.49489
PROGRESS boundary=11 samples=270000 work=1930813633 elapsed=1.54169
PROGRESS boundary=11 samples=280000 work=1932416287 elapsed=1.58826
PROGRESS boundary=11 samples=290000 work=1934053464 elapsed=1.63499
PROGRESS boundary=11 samples=300000 work=1935663655 elapsed=1.68148
PROGRESS boundary=11 samples=310000 work=1937276887 elapsed=1.72795
PROGRESS boundary=11 samples=320000 work=1938911414 elapsed=1.77522
PROGRESS boundary=11 samples=330000 work=1940523349 elapsed=1.82161
PROGRESS boundary=11 samples=340000 work=1942161130 elapsed=1.86813
PROGRESS boundary=11 samples=350000 work=1943772722 elapsed=1.91468
PROGRESS boundary=11 samples=360000 work=1945378597 elapsed=1.96106
PROGRESS boundary=11 samples=370000 work=1946986338 elapsed=2.00757
PROGRESS boundary=11 samples=380000 work=1948607927 elapsed=2.05411
PROGRESS boundary=11 samples=390000 work=1950225675 elapsed=2.10068
PROGRESS boundary=11 samples=400000 work=1951859931 elapsed=2.1473
PROGRESS boundary=11 samples=410000 work=1953478579 elapsed=2.19377
PROGRESS boundary=11 samples=420000 work=1955091167 elapsed=2.24033
PROGRESS boundary=11 samples=430000 work=1956714673 elapsed=2.2873
PROGRESS boundary=11 samples=440000 work=1958332968 elapsed=2.33404
PROGRESS boundary=11 samples=450000 work=1959957486 elapsed=2.38077
PROGRESS boundary=11 samples=460000 work=1961576658 elapsed=2.42746
PROGRESS boundary=11 samples=470000 work=1963181077 elapsed=2.47391
PROGRESS boundary=11 samples=480000 work=1964797243 elapsed=2.52038
PROGRESS boundary=11 samples=490000 work=1966400039 elapsed=2.56498
PROGRESS boundary=11 samples=500000 work=1968010721 elapsed=2.6109
PROGRESS boundary=11 samples=510000 work=1969629432 elapsed=2.65713
PROGRESS boundary=11 samples=520000 work=1971258607 elapsed=2.70357
PROGRESS boundary=11 samples=530000 work=1972878138 elapsed=2.74991
PROGRESS boundary=11 samples=540000 work=1974513405 elapsed=2.79323
PROGRESS boundary=11 samples=550000 work=1976132185 elapsed=2.83965
PROGRESS boundary=11 samples=560000 work=1977755907 elapsed=2.88542
PROGRESS boundary=11 samples=570000 work=1979371126 elapsed=2.93178
PROGRESS boundary=11 samples=580000 work=1980982406 elapsed=2.97816
PROGRESS boundary=11 samples=590000 work=1982587264 elapsed=3.02449
PROGRESS boundary=11 samples=600000 work=1984198731 elapsed=3.07077
PROGRESS boundary=11 samples=610000 work=1985801918 elapsed=3.11692
PROGRESS boundary=11 samples=620000 work=1987421583 elapsed=3.16274
PROGRESS boundary=11 samples=630000 work=1989040860 elapsed=3.20896
PROGRESS boundary=11 samples=640000 work=1990667079 elapsed=3.25436
PROGRESS boundary=11 samples=650000 work=1992291652 elapsed=3.30067
PROGRESS boundary=11 samples=660000 work=1993909004 elapsed=3.34662
PROGRESS boundary=11 samples=670000 work=1995536138 elapsed=3.39267
PROGRESS boundary=11 samples=680000 work=1997181206 elapsed=3.43903
PROGRESS boundary=11 samples=690000 work=1998803513 elapsed=3.48475
PROGRESS boundary=11 samples=700000 work=2000433029 elapsed=3.53105
PROGRESS boundary=11 samples=710000 work=2002054455 elapsed=3.57719
PROGRESS boundary=11 samples=720000 work=2003682850 elapsed=3.6235
PROGRESS boundary=11 samples=730000 work=2005288050 elapsed=3.66982
PROGRESS boundary=11 samples=740000 work=2006921561 elapsed=3.71632
PROGRESS boundary=11 samples=750000 work=2008556610 elapsed=3.76283
PROGRESS boundary=11 samples=760000 work=2010162208 elapsed=3.80918
PROGRESS boundary=11 samples=770000 work=2011761959 elapsed=3.85552
PROGRESS boundary=11 samples=780000 work=2013368515 elapsed=3.9019
PROGRESS boundary=11 samples=790000 work=2014960285 elapsed=3.94795
PROGRESS boundary=11 samples=800000 work=2016561237 elapsed=3.99422
PROGRESS boundary=11 samples=810000 work=2018179573 elapsed=4.04045
PROGRESS boundary=11 samples=820000 work=2019799048 elapsed=4.08674
PROGRESS boundary=11 samples=830000 work=2021419869 elapsed=4.13299
PROGRESS boundary=11 samples=840000 work=2023043866 elapsed=4.17892
PROGRESS boundary=11 samples=850000 work=2024653188 elapsed=4.22508
PROGRESS boundary=11 samples=860000 work=2026278096 elapsed=4.27137
PROGRESS boundary=11 samples=870000 work=2027887405 elapsed=4.31775
PROGRESS boundary=11 samples=880000 work=2029498160 elapsed=4.36319
PROGRESS boundary=11 samples=890000 work=2031108482 elapsed=4.40787
PROGRESS boundary=11 samples=900000 work=2032719830 elapsed=4.45429
PROGRESS boundary=11 samples=910000 work=2034327402 elapsed=4.49858
PROGRESS boundary=11 samples=920000 work=2035936339 elapsed=4.54497
PROGRESS boundary=11 samples=930000 work=2037544197 elapsed=4.59082
PROGRESS boundary=11 samples=940000 work=2039155461 elapsed=4.63719
PROGRESS boundary=11 samples=950000 work=2040779441 elapsed=4.68349
PROGRESS boundary=11 samples=960000 work=2042402872 elapsed=4.72985
PROGRESS boundary=11 samples=970000 work=2044021171 elapsed=4.77666
PROGRESS boundary=11 samples=980000 work=2045626400 elapsed=4.82331
PROGRESS boundary=11 samples=990000 work=2047257692 elapsed=4.86998
PROGRESS boundary=11 samples=1000000 work=2048886189 elapsed=4.91655
PROGRESS boundary=12 samples=10000 work=2050495165 elapsed=0.113592
PROGRESS boundary=12 samples=20000 work=2052092964 elapsed=0.174593
PROGRESS boundary=12 samples=30000 work=2053696261 elapsed=0.227781
PROGRESS boundary=12 samples=40000 work=2055310461 elapsed=0.278632
PROGRESS boundary=12 samples=50000 work=2056922973 elapsed=0.327869
PROGRESS boundary=12 samples=60000 work=2058531462 elapsed=0.374326
PROGRESS boundary=12 samples=70000 work=2060161858 elapsed=0.422403
PROGRESS boundary=12 samples=80000 work=2061764384 elapsed=0.467213
PROGRESS boundary=12 samples=90000 work=2063367092 elapsed=0.512708
PROGRESS boundary=12 samples=100000 work=2064967308 elapsed=0.559027
PROGRESS boundary=12 samples=110000 work=2066585453 elapsed=0.604099
PROGRESS boundary=12 samples=120000 work=2068185488 elapsed=0.651018
PROGRESS boundary=12 samples=130000 work=2069803043 elapsed=0.694451
PROGRESS boundary=12 samples=140000 work=2071417354 elapsed=0.740586
PROGRESS boundary=12 samples=150000 work=2073015632 elapsed=0.787039
PROGRESS boundary=12 samples=160000 work=2074621405 elapsed=0.832024
PROGRESS boundary=12 samples=170000 work=2076225142 elapsed=0.879429
PROGRESS boundary=12 samples=180000 work=2077836279 elapsed=0.925894
PROGRESS boundary=12 samples=190000 work=2079454270 elapsed=0.973011
PROGRESS boundary=12 samples=200000 work=2081078191 elapsed=1.02053
PROGRESS boundary=12 samples=210000 work=2082681820 elapsed=1.09052
PROGRESS boundary=12 samples=220000 work=2084281792 elapsed=1.13919
PROGRESS boundary=12 samples=230000 work=2085908581 elapsed=1.18771
PROGRESS boundary=12 samples=240000 work=2087510307 elapsed=1.23515
PROGRESS boundary=12 samples=250000 work=2089116083 elapsed=1.2812
PROGRESS boundary=12 samples=260000 work=2090698735 elapsed=1.32827
PROGRESS boundary=12 samples=270000 work=2092335144 elapsed=1.37362
PROGRESS boundary=12 samples=280000 work=2093949105 elapsed=1.41982
PROGRESS boundary=12 samples=290000 work=2095551615 elapsed=1.46652
PROGRESS boundary=12 samples=300000 work=2097163044 elapsed=1.51207
PROGRESS boundary=12 samples=310000 work=2098778636 elapsed=1.55908
PROGRESS boundary=12 samples=320000 work=2100408378 elapsed=1.60546
PROGRESS boundary=12 samples=330000 work=2102011110 elapsed=1.65193
PROGRESS boundary=12 samples=340000 work=2103618825 elapsed=1.69866
PROGRESS boundary=12 samples=350000 work=2105224339 elapsed=1.74516
PROGRESS boundary=12 samples=360000 work=2106833537 elapsed=1.79199
PROGRESS boundary=12 samples=370000 work=2108438616 elapsed=1.83767
PROGRESS boundary=12 samples=380000 work=2110063425 elapsed=1.88432
PROGRESS boundary=12 samples=390000 work=2111678508 elapsed=1.93082
PROGRESS boundary=12 samples=400000 work=2113283886 elapsed=1.97718
PROGRESS boundary=12 samples=410000 work=2114890277 elapsed=2.02388
PROGRESS boundary=12 samples=420000 work=2116490270 elapsed=2.07042
PROGRESS boundary=12 samples=430000 work=2118118081 elapsed=2.11689
PROGRESS boundary=12 samples=440000 work=2119713969 elapsed=2.16358
PROGRESS boundary=12 samples=450000 work=2121308694 elapsed=2.21028
PROGRESS boundary=12 samples=460000 work=2122905156 elapsed=2.25765
PROGRESS boundary=12 samples=470000 work=2124542366 elapsed=2.3042
PROGRESS boundary=12 samples=480000 work=2126129440 elapsed=2.37171
PROGRESS boundary=12 samples=490000 work=2127755075 elapsed=2.4213
PROGRESS boundary=12 samples=500000 work=2129367757 elapsed=2.47011
PROGRESS boundary=12 samples=510000 work=2130963605 elapsed=2.51757
PROGRESS boundary=12 samples=520000 work=2132586674 elapsed=2.56484
PROGRESS boundary=12 samples=530000 work=2134175669 elapsed=2.61181
PROGRESS boundary=12 samples=540000 work=2135788824 elapsed=2.65667
PROGRESS boundary=12 samples=550000 work=2137403056 elapsed=2.70355
PROGRESS boundary=12 samples=560000 work=2139005169 elapsed=2.75043
PROGRESS boundary=12 samples=570000 work=2140617118 elapsed=2.79844
PROGRESS boundary=12 samples=580000 work=2142235443 elapsed=2.84553
PROGRESS boundary=12 samples=590000 work=2143850758 elapsed=2.8909
PROGRESS boundary=12 samples=600000 work=2145465982 elapsed=2.93869
PROGRESS boundary=12 samples=610000 work=2147056424 elapsed=2.98523
PROGRESS boundary=12 samples=620000 work=2148666553 elapsed=3.03208
PROGRESS boundary=12 samples=630000 work=2150261996 elapsed=3.07882
PROGRESS boundary=12 samples=640000 work=2151852297 elapsed=3.12544
PROGRESS boundary=12 samples=650000 work=2153443784 elapsed=3.17235
PROGRESS boundary=12 samples=660000 work=2155055493 elapsed=3.21837
PROGRESS boundary=12 samples=670000 work=2156654424 elapsed=3.26528
PROGRESS boundary=12 samples=680000 work=2158245390 elapsed=3.31099
PROGRESS boundary=12 samples=690000 work=2159869801 elapsed=3.35737
PROGRESS boundary=12 samples=700000 work=2161487491 elapsed=3.40386
PROGRESS boundary=12 samples=710000 work=2163085652 elapsed=3.44843
PROGRESS boundary=12 samples=720000 work=2164692702 elapsed=3.4955
PROGRESS boundary=12 samples=730000 work=2166303892 elapsed=3.55656
PROGRESS boundary=12 samples=740000 work=2167919300 elapsed=3.6058
PROGRESS boundary=12 samples=750000 work=2169507942 elapsed=3.65168
PROGRESS boundary=12 samples=760000 work=2171118339 elapsed=3.70095
PROGRESS boundary=12 samples=770000 work=2172724076 elapsed=3.74897
PROGRESS boundary=12 samples=780000 work=2174327599 elapsed=3.79602
PROGRESS boundary=12 samples=790000 work=2175933236 elapsed=3.84362
PROGRESS boundary=12 samples=800000 work=2177549870 elapsed=3.88905
PROGRESS boundary=12 samples=810000 work=2179157187 elapsed=3.93641
PROGRESS boundary=12 samples=820000 work=2180765660 elapsed=3.98215
PROGRESS boundary=12 samples=830000 work=2182366956 elapsed=4.02881
PROGRESS boundary=12 samples=840000 work=2183973110 elapsed=4.07605
PROGRESS boundary=12 samples=850000 work=2185567925 elapsed=4.12225
PROGRESS boundary=12 samples=860000 work=2187173321 elapsed=4.16998
PROGRESS boundary=12 samples=870000 work=2188786445 elapsed=4.21768
PROGRESS boundary=12 samples=880000 work=2190407677 elapsed=4.26547
PROGRESS boundary=12 samples=890000 work=2192016895 elapsed=4.31309
PROGRESS boundary=12 samples=900000 work=2193638832 elapsed=4.36026
PROGRESS boundary=12 samples=910000 work=2195234039 elapsed=4.40797
PROGRESS boundary=12 samples=920000 work=2196825403 elapsed=4.45467
PROGRESS boundary=12 samples=930000 work=2198450457 elapsed=4.50208
PROGRESS boundary=12 samples=940000 work=2200072177 elapsed=4.54964
PROGRESS boundary=12 samples=950000 work=2201672651 elapsed=4.60844
PROGRESS boundary=12 samples=960000 work=2203275091 elapsed=4.65782
PROGRESS boundary=12 samples=970000 work=2204891429 elapsed=4.70249
PROGRESS boundary=12 samples=980000 work=2206529623 elapsed=4.75009
PROGRESS boundary=12 samples=990000 work=2208138199 elapsed=4.79548
PROGRESS boundary=12 samples=1000000 work=2209752148 elapsed=4.83976
PROGRESS boundary=13 samples=10000 work=2211369951 elapsed=0.0518309
PROGRESS boundary=13 samples=20000 work=2212985942 elapsed=0.0964026
PROGRESS boundary=13 samples=30000 work=2214598370 elapsed=0.143758
PROGRESS boundary=13 samples=40000 work=2216238104 elapsed=0.187818
PROGRESS boundary=13 samples=50000 work=2217862325 elapsed=0.234125
PROGRESS boundary=13 samples=60000 work=2219468276 elapsed=0.281192
PROGRESS boundary=13 samples=70000 work=2221090230 elapsed=0.326882
PROGRESS boundary=13 samples=80000 work=2222706048 elapsed=0.373964
PROGRESS boundary=13 samples=90000 work=2224332124 elapsed=0.421114
PROGRESS boundary=13 samples=100000 work=2225938057 elapsed=0.468345
PROGRESS boundary=13 samples=110000 work=2227557141 elapsed=0.515419
PROGRESS boundary=13 samples=120000 work=2229165069 elapsed=0.562499
PROGRESS boundary=13 samples=130000 work=2230793794 elapsed=0.609464
PROGRESS boundary=13 samples=140000 work=2232418595 elapsed=0.655126
PROGRESS boundary=13 samples=150000 work=2234063851 elapsed=0.702351
PROGRESS boundary=13 samples=160000 work=2235700959 elapsed=0.747092
PROGRESS boundary=13 samples=170000 work=2237330759 elapsed=0.792225
PROGRESS boundary=13 samples=180000 work=2238949503 elapsed=0.854221
PROGRESS boundary=13 samples=190000 work=2240579704 elapsed=0.901973
PROGRESS boundary=13 samples=200000 work=2242232835 elapsed=0.951218
PROGRESS boundary=13 samples=210000 work=2243874653 elapsed=0.996885
PROGRESS boundary=13 samples=220000 work=2245491376 elapsed=1.04426
PROGRESS boundary=13 samples=230000 work=2247125181 elapsed=1.09009
PROGRESS boundary=13 samples=240000 work=2248743092 elapsed=1.13586
PROGRESS boundary=13 samples=250000 work=2250382661 elapsed=1.18251
PROGRESS boundary=13 samples=260000 work=2252006108 elapsed=1.22731
PROGRESS boundary=13 samples=270000 work=2253622342 elapsed=1.2743
PROGRESS boundary=13 samples=280000 work=2255248871 elapsed=1.31957
PROGRESS boundary=13 samples=290000 work=2256868961 elapsed=1.36577
PROGRESS boundary=13 samples=300000 work=2258507165 elapsed=1.41288
PROGRESS boundary=13 samples=310000 work=2260115267 elapsed=1.4577
PROGRESS boundary=13 samples=320000 work=2261739509 elapsed=1.50469
PROGRESS boundary=13 samples=330000 work=2263369987 elapsed=1.55006
PROGRESS boundary=13 samples=340000 work=2264995659 elapsed=1.59648
PROGRESS boundary=13 samples=350000 work=2266620824 elapsed=1.64317
PROGRESS boundary=13 samples=360000 work=2268269433 elapsed=1.68778
PROGRESS boundary=13 samples=370000 work=2269890876 elapsed=1.73505
PROGRESS boundary=13 samples=380000 work=2271502848 elapsed=1.78013
PROGRESS boundary=13 samples=390000 work=2273116699 elapsed=1.82711
PROGRESS boundary=13 samples=400000 work=2274733536 elapsed=1.87414
PROGRESS boundary=13 samples=410000 work=2276352713 elapsed=1.94034
PROGRESS boundary=13 samples=420000 work=2277986395 elapsed=1.99164
PROGRESS boundary=13 samples=430000 work=2279609128 elapsed=2.03972
PROGRESS boundary=13 samples=440000 work=2281215622 elapsed=2.08672
PROGRESS boundary=13 samples=450000 work=2282861538 elapsed=2.13186
PROGRESS boundary=13 samples=460000 work=2284479218 elapsed=2.17912
PROGRESS boundary=13 samples=470000 work=2286116734 elapsed=2.22554
PROGRESS boundary=13 samples=480000 work=2287719350 elapsed=2.27228
PROGRESS boundary=13 samples=490000 work=2289359397 elapsed=2.31914
PROGRESS boundary=13 samples=500000 work=2290980734 elapsed=2.36569
PROGRESS boundary=13 samples=510000 work=2292604289 elapsed=2.4128
PROGRESS boundary=13 samples=520000 work=2294232490 elapsed=2.45948
PROGRESS boundary=13 samples=530000 work=2295841814 elapsed=2.50649
PROGRESS boundary=13 samples=540000 work=2297451420 elapsed=2.55183
PROGRESS boundary=13 samples=550000 work=2299067267 elapsed=2.59773
PROGRESS boundary=13 samples=560000 work=2300689902 elapsed=2.64477
PROGRESS boundary=13 samples=570000 work=2302319459 elapsed=2.6915
PROGRESS boundary=13 samples=580000 work=2303945041 elapsed=2.73863
PROGRESS boundary=13 samples=590000 work=2305573572 elapsed=2.7858
PROGRESS boundary=13 samples=600000 work=2307189103 elapsed=2.83197
PROGRESS boundary=13 samples=610000 work=2308813191 elapsed=2.87903
PROGRESS boundary=13 samples=620000 work=2310440993 elapsed=2.9392
PROGRESS boundary=13 samples=630000 work=2312071817 elapsed=2.99356
PROGRESS boundary=13 samples=640000 work=2313693033 elapsed=3.04414
PROGRESS boundary=13 samples=650000 work=2315327374 elapsed=3.09193
PROGRESS boundary=13 samples=660000 work=2316950778 elapsed=3.13874
PROGRESS boundary=13 samples=670000 work=2318581660 elapsed=3.18472
PROGRESS boundary=13 samples=680000 work=2320225153 elapsed=3.23178
PROGRESS boundary=13 samples=690000 work=2321856353 elapsed=3.27689
PROGRESS boundary=13 samples=700000 work=2323471559 elapsed=3.324
PROGRESS boundary=13 samples=710000 work=2325086781 elapsed=3.37099
PROGRESS boundary=13 samples=720000 work=2326715200 elapsed=3.41695
PROGRESS boundary=13 samples=730000 work=2328352783 elapsed=3.46412
PROGRESS boundary=13 samples=740000 work=2329970816 elapsed=3.51067
PROGRESS boundary=13 samples=750000 work=2331598946 elapsed=3.55774
PROGRESS boundary=13 samples=760000 work=2333228729 elapsed=3.60346
PROGRESS boundary=13 samples=770000 work=2334824495 elapsed=3.65045
PROGRESS boundary=13 samples=780000 work=2336446068 elapsed=3.69751
PROGRESS boundary=13 samples=790000 work=2338068724 elapsed=3.74347
PROGRESS boundary=13 samples=800000 work=2339712174 elapsed=3.79053
PROGRESS boundary=13 samples=810000 work=2341334853 elapsed=3.83608
PROGRESS boundary=13 samples=820000 work=2342946777 elapsed=3.88178
PROGRESS boundary=13 samples=830000 work=2344562880 elapsed=3.92872
PROGRESS boundary=13 samples=840000 work=2346176113 elapsed=3.98812
PROGRESS boundary=13 samples=850000 work=2347781002 elapsed=4.03936
PROGRESS boundary=13 samples=860000 work=2349391289 elapsed=4.08694
PROGRESS boundary=13 samples=870000 work=2351009502 elapsed=4.13427
PROGRESS boundary=13 samples=880000 work=2352612813 elapsed=4.18004
PROGRESS boundary=13 samples=890000 work=2354228430 elapsed=4.22599
PROGRESS boundary=13 samples=900000 work=2355852156 elapsed=4.27297
PROGRESS boundary=13 samples=910000 work=2357498178 elapsed=4.31959
PROGRESS boundary=13 samples=920000 work=2359131871 elapsed=4.36675
PROGRESS boundary=13 samples=930000 work=2360764136 elapsed=4.41378
PROGRESS boundary=13 samples=940000 work=2362390698 elapsed=4.46102
PROGRESS boundary=13 samples=950000 work=2364011959 elapsed=4.50805
PROGRESS boundary=13 samples=960000 work=2365636663 elapsed=4.55438
PROGRESS boundary=13 samples=970000 work=2367278633 elapsed=4.60151
PROGRESS boundary=13 samples=980000 work=2368890936 elapsed=4.64769
PROGRESS boundary=13 samples=990000 work=2370512153 elapsed=4.69485
PROGRESS boundary=13 samples=1000000 work=2372123148 elapsed=4.7412
PROGRESS boundary=14 samples=10000 work=2373706359 elapsed=0.052067
PROGRESS boundary=14 samples=20000 work=2375299316 elapsed=0.100718
PROGRESS boundary=14 samples=30000 work=2376900349 elapsed=0.148695
PROGRESS boundary=14 samples=40000 work=2378501736 elapsed=0.197473
PROGRESS boundary=14 samples=50000 work=2380093018 elapsed=0.25176
PROGRESS boundary=14 samples=60000 work=2381685406 elapsed=0.321697
PROGRESS boundary=14 samples=70000 work=2383296636 elapsed=0.370711
PROGRESS boundary=14 samples=80000 work=2384895526 elapsed=0.419261
PROGRESS boundary=14 samples=90000 work=2386500752 elapsed=0.467662
PROGRESS boundary=14 samples=100000 work=2388105466 elapsed=0.515542
PROGRESS boundary=14 samples=110000 work=2389692592 elapsed=0.563888
PROGRESS boundary=14 samples=120000 work=2391310018 elapsed=0.611866
PROGRESS boundary=14 samples=130000 work=2392903712 elapsed=0.660238
PROGRESS boundary=14 samples=140000 work=2394504299 elapsed=0.708629
PROGRESS boundary=14 samples=150000 work=2396103585 elapsed=0.756917
PROGRESS boundary=14 samples=160000 work=2397710729 elapsed=0.80505
PROGRESS boundary=14 samples=170000 work=2399300952 elapsed=0.852233
PROGRESS boundary=14 samples=180000 work=2400893530 elapsed=0.900399
PROGRESS boundary=14 samples=190000 work=2402493652 elapsed=0.947796
PROGRESS boundary=14 samples=200000 work=2404088967 elapsed=0.995714
PROGRESS boundary=14 samples=210000 work=2405694096 elapsed=1.04407
PROGRESS boundary=14 samples=220000 work=2407304561 elapsed=1.09237
PROGRESS boundary=14 samples=230000 work=2408892637 elapsed=1.14072
PROGRESS boundary=14 samples=240000 work=2410488334 elapsed=1.18902
PROGRESS boundary=14 samples=250000 work=2412083276 elapsed=1.23811
PROGRESS boundary=14 samples=260000 work=2413666258 elapsed=1.28762
PROGRESS boundary=14 samples=270000 work=2415265478 elapsed=1.33552
PROGRESS boundary=14 samples=280000 work=2416849671 elapsed=1.38309
PROGRESS boundary=14 samples=290000 work=2418436580 elapsed=1.44978
PROGRESS boundary=14 samples=300000 work=2420045579 elapsed=1.49855
PROGRESS boundary=14 samples=310000 work=2421643052 elapsed=1.54602
PROGRESS boundary=14 samples=320000 work=2423234134 elapsed=1.5935
PROGRESS boundary=14 samples=330000 work=2424840870 elapsed=1.64117
PROGRESS boundary=14 samples=340000 work=2426443275 elapsed=1.68902
PROGRESS boundary=14 samples=350000 work=2428032154 elapsed=1.73647
PROGRESS boundary=14 samples=360000 work=2429637592 elapsed=1.7816
PROGRESS boundary=14 samples=370000 work=2431245678 elapsed=1.829
PROGRESS boundary=14 samples=380000 work=2432837984 elapsed=1.87515
PROGRESS boundary=14 samples=390000 work=2434436210 elapsed=1.9228
PROGRESS boundary=14 samples=400000 work=2436038091 elapsed=1.97007
PROGRESS boundary=14 samples=410000 work=2437640315 elapsed=2.01575
PROGRESS boundary=14 samples=420000 work=2439228302 elapsed=2.06301
PROGRESS boundary=14 samples=430000 work=2440800476 elapsed=2.10775
PROGRESS boundary=14 samples=440000 work=2442393674 elapsed=2.15501
PROGRESS boundary=14 samples=450000 work=2443986264 elapsed=2.20271
PROGRESS boundary=14 samples=460000 work=2445576296 elapsed=2.24969
PROGRESS boundary=14 samples=470000 work=2447166288 elapsed=2.29705
PROGRESS boundary=14 samples=480000 work=2448760788 elapsed=2.34407
PROGRESS boundary=14 samples=490000 work=2450358083 elapsed=2.39203
PROGRESS boundary=14 samples=500000 work=2451957972 elapsed=2.43924
PROGRESS boundary=14 samples=510000 work=2453547819 elapsed=2.48618
PROGRESS boundary=14 samples=520000 work=2455145510 elapsed=2.55029
PROGRESS boundary=14 samples=530000 work=2456714834 elapsed=2.59874
PROGRESS boundary=14 samples=540000 work=2458307584 elapsed=2.64652
PROGRESS boundary=14 samples=550000 work=2459926951 elapsed=2.69402
PROGRESS boundary=14 samples=560000 work=2461523591 elapsed=2.74123
PROGRESS boundary=14 samples=570000 work=2463118287 elapsed=2.78833
PROGRESS boundary=14 samples=580000 work=2464722004 elapsed=2.83549
PROGRESS boundary=14 samples=590000 work=2466331546 elapsed=2.88269
PROGRESS boundary=14 samples=600000 work=2467931294 elapsed=2.92976
PROGRESS boundary=14 samples=610000 work=2469512346 elapsed=2.97684
PROGRESS boundary=14 samples=620000 work=2471108803 elapsed=3.02378
PROGRESS boundary=14 samples=630000 work=2472695675 elapsed=3.07078
PROGRESS boundary=14 samples=640000 work=2474316415 elapsed=3.11802
PROGRESS boundary=14 samples=650000 work=2475897213 elapsed=3.16515
PROGRESS boundary=14 samples=660000 work=2477484380 elapsed=3.21249
PROGRESS boundary=14 samples=670000 work=2479059591 elapsed=3.25951
PROGRESS boundary=14 samples=680000 work=2480657032 elapsed=3.30662
PROGRESS boundary=14 samples=690000 work=2482236449 elapsed=3.35355
PROGRESS boundary=14 samples=700000 work=2483850903 elapsed=3.4006
PROGRESS boundary=14 samples=710000 work=2485445073 elapsed=3.44768
PROGRESS boundary=14 samples=720000 work=2487030505 elapsed=3.49463
PROGRESS boundary=14 samples=730000 work=2488615705 elapsed=3.54176
PROGRESS boundary=14 samples=740000 work=2490223557 elapsed=3.58898
PROGRESS boundary=14 samples=750000 work=2491808092 elapsed=3.63597
PROGRESS boundary=14 samples=760000 work=2493405335 elapsed=3.68308
PROGRESS boundary=14 samples=770000 work=2495009496 elapsed=3.73081
PROGRESS boundary=14 samples=780000 work=2496615106 elapsed=3.77871
PROGRESS boundary=14 samples=790000 work=2498207851 elapsed=3.8266
PROGRESS boundary=14 samples=800000 work=2499796557 elapsed=3.87442
PROGRESS boundary=14 samples=810000 work=2501404890 elapsed=3.92254
PROGRESS boundary=14 samples=820000 work=2503009154 elapsed=3.97051
PROGRESS boundary=14 samples=830000 work=2504597657 elapsed=4.0184
PROGRESS boundary=14 samples=840000 work=2506208961 elapsed=4.06635
PROGRESS boundary=14 samples=850000 work=2507822369 elapsed=4.11405
PROGRESS boundary=14 samples=860000 work=2509443260 elapsed=4.16142
PROGRESS boundary=14 samples=870000 work=2511037815 elapsed=4.20866
PROGRESS boundary=14 samples=880000 work=2512627925 elapsed=4.25586
PROGRESS boundary=14 samples=890000 work=2514225254 elapsed=4.30281
PROGRESS boundary=14 samples=900000 work=2515802416 elapsed=4.34969
PROGRESS boundary=14 samples=910000 work=2517403748 elapsed=4.39665
PROGRESS boundary=14 samples=920000 work=2519007602 elapsed=4.44377
PROGRESS boundary=14 samples=930000 work=2520594943 elapsed=4.49076
PROGRESS boundary=14 samples=940000 work=2522194370 elapsed=4.53724
PROGRESS boundary=14 samples=950000 work=2523803191 elapsed=4.58432
PROGRESS boundary=14 samples=960000 work=2525395918 elapsed=4.63127
PROGRESS boundary=14 samples=970000 work=2526992497 elapsed=4.67817
PROGRESS boundary=14 samples=980000 work=2528595072 elapsed=4.72529
PROGRESS boundary=14 samples=990000 work=2530181266 elapsed=4.77224
PROGRESS boundary=14 samples=1000000 work=2531776149 elapsed=4.81934
