ri4: n=30151407545 k=1 R=1859825862
SLIM_PHASE ri4-load wall=20.994 cumulative=20.994 peak_rss_kib=31557632
SLIM_HEAD_SA bytes=14878606896 rows=1859825862 mmap=1
SLIM_PHASE dict-read wall=0.000 cumulative=22.205 peak_rss_kib=31559680
SLIM_PHASE dict-boundaries wall=54.281 cumulative=76.486 peak_rss_kib=31606784
SLIM_STRING_ENDS count=1 bytes=8 from_parse_dict=1 cyclic=1
SLIM_PHASE parse+boundaries wall=123.172 cumulative=199.658 peak_rss_kib=33306624
SLIM_PHASE parse-fingerprints wall=2.299 cumulative=201.957 peak_rss_kib=34609152
SLIM_PHASE dict-fingerprints wall=30.551 cumulative=232.508 peak_rss_kib=36395008
SLIM_STRUCT n=30151407555 P=333531753 D=5483754736 phrases=37705242 parse_bytes=1334127016 bd_bytes=49162474 bp_bytes=384442817 dict_resident=0 dict_cache_per_thread=262144 no_SA_ISA_LCP_RMQ=1 no_M_b_bwt_w_wt=1
SLIM_PHASE lce-build-total wall=211.620 cumulative=232.614 peak_rss_kib=36395008
SLIM_PHASE lf-build wall=36.061 cumulative=268.675 peak_rss_kib=58213012
SLIM_RI runs=9299129310 starts=14878606896 samples=8136738152 lf_capacity=23468546656
SLIM_PROGRESS runs=65536/1859825862 resolve_wall=0.017 lce_wall=0.288 write_wall=0.001 lf_steps=0 cache_hits=0
SLIM_PHASE query-chunks wall=0.306 cumulative=268.981 peak_rss_kib=58217108
SLIM_PROGRESS runs=1114112/1859825862 resolve_wall=0.270 lce_wall=4.837 write_wall=0.008 lf_steps=0 cache_hits=0
SLIM_PHASE query-chunks wall=4.809 cumulative=273.790 peak_rss_kib=58217108
SLIM_PROGRESS runs=2162688/1859825862 resolve_wall=0.525 lce_wall=9.610 write_wall=0.016 lf_steps=0 cache_hits=0
SLIM_PHASE query-chunks wall=5.036 cumulative=278.826 peak_rss_kib=58217108
SLIM_PROGRESS runs=3211264/1859825862 resolve_wall=0.795 lce_wall=14.242 write_wall=0.023 lf_steps=0 cache_hits=0
SLIM_PHASE query-chunks wall=4.910 cumulative=283.736 peak_rss_kib=58217108
SLIM_PROGRESS runs=4259840/1859825862 resolve_wall=1.059 lce_wall=18.854 write_wall=0.030 lf_steps=0 cache_hits=0
SLIM_PHASE query-chunks wall=4.883 cumulative=288.619 peak_rss_kib=58217108
SLIM_PROGRESS runs=5308416/1859825862 resolve_wall=1.328 lce_wall=23.565 write_wall=0.037 lf_steps=0 cache_hits=0
SLIM_PHASE query-chunks wall=4.988 cumulative=293.607 peak_rss_kib=58217108
SLIM_PROGRESS runs=6356992/1859825862 resolve_wall=1.593 lce_wall=28.254 write_wall=0.045 lf_steps=0 cache_hits=0
SLIM_PHASE query-chunks wall=4.962 cumulative=298.568 peak_rss_kib=58217108
SLIM_PROGRESS runs=7405568/1859825862 resolve_wall=1.850 lce_wall=33.054 write_wall=0.053 lf_steps=0 cache_hits=0
SLIM_PHASE query-chunks wall=5.064 cumulative=303.632 peak_rss_kib=58217108
SLIM_PROGRESS runs=8454144/1859825862 resolve_wall=2.112 lce_wall=37.952 write_wall=0.060 lf_steps=0 cache_hits=0
SLIM_PHASE query-chunks wall=5.168 cumulative=308.801 peak_rss_kib=58217108
SLIM_PROGRESS runs=9502720/1859825862 resolve_wall=2.373 lce_wall=42.967 write_wall=0.067 lf_steps=0 cache_hits=0
SLIM_PHASE query-chunks wall=5.284 cumulative=314.085 peak_rss_kib=58217108
SLIM_PROGRESS runs=10551296/1859825862 resolve_wall=2.638 lce_wall=48.740 write_wall=0.076 lf_steps=0 cache_hits=0
SLIM_PHASE query-chunks wall=6.046 cumulative=320.130 peak_rss_kib=58217108
SLIM_PROGRESS runs=11599872/1859825862 resolve_wall=2.895 lce_wall=54.428 write_wall=0.083 lf_steps=0 cache_hits=0
SLIM_PHASE query-chunks wall=5.952 cumulative=326.083 peak_rss_kib=58217108
SLIM_PROGRESS runs=12648448/1859825862 resolve_wall=3.156 lce_wall=59.647 write_wall=0.090 lf_steps=0 cache_hits=0
SLIM_PHASE query-chunks wall=5.487 cumulative=331.570 peak_rss_kib=58217108
SLIM_PROGRESS runs=13697024/1859825862 resolve_wall=3.416 lce_wall=65.094 write_wall=0.097 lf_steps=0 cache_hits=0
SLIM_PHASE query-chunks wall=5.715 cumulative=337.285 peak_rss_kib=58217108
SLIM_PROGRESS runs=14745600/1859825862 resolve_wall=3.680 lce_wall=70.656 write_wall=0.106 lf_steps=0 cache_hits=0
SLIM_PHASE query-chunks wall=5.833 cumulative=343.118 peak_rss_kib=58217108
SLIM_PROGRESS runs=15794176/1859825862 resolve_wall=3.940 lce_wall=76.079 write_wall=0.113 lf_steps=0 cache_hits=0
SLIM_PHASE query-chunks wall=5.692 cumulative=348.810 peak_rss_kib=58217108
SLIM_PROGRESS runs=16842752/1859825862 resolve_wall=4.210 lce_wall=81.081 write_wall=0.121 lf_steps=0 cache_hits=0
SLIM_PHASE query-chunks wall=5.280 cumulative=354.090 peak_rss_kib=58217108
SLIM_PROGRESS runs=17891328/1859825862 resolve_wall=4.477 lce_wall=86.170 write_wall=0.129 lf_steps=0 cache_hits=0
SLIM_PHASE query-chunks wall=5.364 cumulative=359.454 peak_rss_kib=58217108
SLIM_PROGRESS runs=18939904/1859825862 resolve_wall=4.741 lce_wall=91.086 write_wall=0.137 lf_steps=0 cache_hits=0
SLIM_PHASE query-chunks wall=5.188 cumulative=364.642 peak_rss_kib=58217108
SLIM_PROGRESS runs=19988480/1859825862 resolve_wall=5.006 lce_wall=96.081 write_wall=0.144 lf_steps=0 cache_hits=0
SLIM_PHASE query-chunks wall=5.268 cumulative=369.910 peak_rss_kib=58217108
SLIM_PROGRESS runs=21037056/1859825862 resolve_wall=5.266 lce_wall=100.996 write_wall=0.151 lf_steps=0 cache_hits=0
SLIM_PHASE query-chunks wall=5.182 cumulative=375.092 peak_rss_kib=58219456
SLIM_PROGRESS runs=22085632/1859825862 resolve_wall=5.526 lce_wall=106.039 write_wall=0.159 lf_steps=0 cache_hits=0
SLIM_PHASE query-chunks wall=5.311 cumulative=380.403 peak_rss_kib=58228064
SLIM_PROGRESS runs=23134208/1859825862 resolve_wall=5.793 lce_wall=111.119 write_wall=0.166 lf_steps=0 cache_hits=0
SLIM_PHASE query-chunks wall=5.354 cumulative=385.756 peak_rss_kib=58233344
SLIM_PROGRESS runs=24182784/1859825862 resolve_wall=6.060 lce_wall=116.261 write_wall=0.173 lf_steps=0 cache_hits=0
SLIM_PHASE query-chunks wall=5.417 cumulative=391.173 peak_rss_kib=58239804
SLIM_PROGRESS runs=25231360/1859825862 resolve_wall=6.331 lce_wall=121.296 write_wall=0.181 lf_steps=0 cache_hits=0
SLIM_PHASE query-chunks wall=5.314 cumulative=396.487 peak_rss_kib=58244384
SLIM_PROGRESS runs=26279936/1859825862 resolve_wall=6.598 lce_wall=126.397 write_wall=0.189 lf_steps=0 cache_hits=0
SLIM_PHASE query-chunks wall=5.376 cumulative=401.864 peak_rss_kib=58253812
SLIM_PROGRESS runs=27328512/1859825862 resolve_wall=6.861 lce_wall=131.116 write_wall=0.196 lf_steps=0 cache_hits=0
SLIM_PHASE query-chunks wall=4.989 cumulative=406.852 peak_rss_kib=58266468
SLIM_PROGRESS runs=28377088/1859825862 resolve_wall=7.120 lce_wall=136.206 write_wall=0.205 lf_steps=0 cache_hits=0
SLIM_PHASE query-chunks wall=5.359 cumulative=412.211 peak_rss_kib=58266468
SLIM_PROGRESS runs=29425664/1859825862 resolve_wall=7.390 lce_wall=141.024 write_wall=0.212 lf_steps=0 cache_hits=0
SLIM_PHASE query-chunks wall=5.095 cumulative=417.306 peak_rss_kib=58277524
SLIM_PROGRESS runs=30474240/1859825862 resolve_wall=7.654 lce_wall=145.979 write_wall=0.220 lf_steps=0 cache_hits=0
SLIM_PHASE query-chunks wall=5.227 cumulative=422.533 peak_rss_kib=58282092
SLIM_PROGRESS runs=31522816/1859825862 resolve_wall=7.930 lce_wall=150.620 write_wall=0.228 lf_steps=0 cache_hits=0
SLIM_PHASE query-chunks wall=4.925 cumulative=427.457 peak_rss_kib=58283020
SLIM_PROGRESS runs=32571392/1859825862 resolve_wall=8.197 lce_wall=155.316 write_wall=0.236 lf_steps=0 cache_hits=0
SLIM_PHASE query-chunks wall=4.972 cumulative=432.429 peak_rss_kib=58291840
SLIM_PROGRESS runs=33619968/1859825862 resolve_wall=8.459 lce_wall=160.133 write_wall=0.244 lf_steps=0 cache_hits=0
SLIM_PHASE query-chunks wall=5.087 cumulative=437.516 peak_rss_kib=58298000
SLIM_PROGRESS runs=34668544/1859825862 resolve_wall=8.722 lce_wall=164.933 write_wall=0.251 lf_steps=0 cache_hits=0
SLIM_PHASE query-chunks wall=5.071 cumulative=442.587 peak_rss_kib=58308368
SLIM_PROGRESS runs=35717120/1859825862 resolve_wall=8.989 lce_wall=169.999 write_wall=0.259 lf_steps=0 cache_hits=0
SLIM_PHASE query-chunks wall=5.340 cumulative=447.928 peak_rss_kib=58317264
SLIM_PROGRESS runs=36765696/1859825862 resolve_wall=9.251 lce_wall=174.946 write_wall=0.266 lf_steps=0 cache_hits=0
SLIM_PHASE query-chunks wall=5.216 cumulative=453.144 peak_rss_kib=58319656
SLIM_PROGRESS runs=37814272/1859825862 resolve_wall=9.519 lce_wall=179.742 write_wall=0.274 lf_steps=0 cache_hits=0
SLIM_PHASE query-chunks wall=5.072 cumulative=458.216 peak_rss_kib=58322696
SLIM_PROGRESS runs=38862848/1859825862 resolve_wall=9.784 lce_wall=184.560 write_wall=0.281 lf_steps=0 cache_hits=0
SLIM_PHASE query-chunks wall=5.091 cumulative=463.307 peak_rss_kib=58330496
SLIM_PROGRESS runs=39911424/1859825862 resolve_wall=10.050 lce_wall=189.241 write_wall=0.289 lf_steps=0 cache_hits=0
SLIM_PHASE query-chunks wall=4.955 cumulative=468.262 peak_rss_kib=58339224
SLIM_PROGRESS runs=40960000/1859825862 resolve_wall=10.306 lce_wall=193.868 write_wall=0.296 lf_steps=0 cache_hits=0
SLIM_PHASE query-chunks wall=4.889 cumulative=473.151 peak_rss_kib=58349688
SLIM_PROGRESS runs=42008576/1859825862 resolve_wall=10.564 lce_wall=198.539 write_wall=0.303 lf_steps=0 cache_hits=0
SLIM_PHASE query-chunks wall=4.936 cumulative=478.088 peak_rss_kib=58352516
SLIM_PROGRESS runs=43057152/1859825862 resolve_wall=10.825 lce_wall=203.263 write_wall=0.310 lf_steps=0 cache_hits=0
SLIM_PHASE query-chunks wall=4.993 cumulative=483.081 peak_rss_kib=58364764
SLIM_PROGRESS runs=44105728/1859825862 resolve_wall=11.089 lce_wall=207.830 write_wall=0.317 lf_steps=0 cache_hits=0
SLIM_PHASE query-chunks wall=4.837 cumulative=487.918 peak_rss_kib=58367596
SLIM_PROGRESS runs=45154304/1859825862 resolve_wall=11.355 lce_wall=212.460 write_wall=0.325 lf_steps=0 cache_hits=0
SLIM_PHASE query-chunks wall=4.904 cumulative=492.821 peak_rss_kib=58373232
SLIM_PROGRESS runs=46202880/1859825862 resolve_wall=11.630 lce_wall=216.988 write_wall=0.332 lf_steps=0 cache_hits=0
SLIM_PHASE query-chunks wall=4.811 cumulative=497.632 peak_rss_kib=58386776
SLIM_PROGRESS runs=47251456/1859825862 resolve_wall=11.909 lce_wall=221.585 write_wall=0.340 lf_steps=0 cache_hits=0
SLIM_PHASE query-chunks wall=4.883 cumulative=502.515 peak_rss_kib=58389996
SLIM_PROGRESS runs=48300032/1859825862 resolve_wall=12.184 lce_wall=226.299 write_wall=0.347 lf_steps=0 cache_hits=0
SLIM_PHASE query-chunks wall=4.997 cumulative=507.513 peak_rss_kib=58395948
SLIM_PROGRESS runs=49348608/1859825862 resolve_wall=12.455 lce_wall=231.053 write_wall=0.354 lf_steps=0 cache_hits=0
SLIM_PHASE query-chunks wall=5.032 cumulative=512.545 peak_rss_kib=58400800
SLIM_PROGRESS runs=50397184/1859825862 resolve_wall=12.721 lce_wall=235.535 write_wall=0.362 lf_steps=0 cache_hits=0
SLIM_PHASE query-chunks wall=4.756 cumulative=517.301 peak_rss_kib=58402464
SLIM_PROGRESS runs=51445760/1859825862 resolve_wall=12.988 lce_wall=240.189 write_wall=0.369 lf_steps=0 cache_hits=0
SLIM_PHASE query-chunks wall=4.928 cumulative=522.229 peak_rss_kib=58406284
SLIM_PROGRESS runs=52494336/1859825862 resolve_wall=13.253 lce_wall=244.903 write_wall=0.376 lf_steps=0 cache_hits=0
SLIM_PHASE query-chunks wall=4.987 cumulative=527.215 peak_rss_kib=58416456
SLIM_PROGRESS runs=53542912/1859825862 resolve_wall=13.523 lce_wall=249.393 write_wall=0.384 lf_steps=0 cache_hits=0
SLIM_PHASE query-chunks wall=4.769 cumulative=531.984 peak_rss_kib=58420928
SLIM_PROGRESS runs=54591488/1859825862 resolve_wall=13.795 lce_wall=254.030 write_wall=0.392 lf_steps=0 cache_hits=0
SLIM_PHASE query-chunks wall=4.917 cumulative=536.901 peak_rss_kib=58427680
SLIM_PROGRESS runs=55640064/1859825862 resolve_wall=14.056 lce_wall=258.961 write_wall=0.399 lf_steps=0 cache_hits=0
SLIM_PHASE query-chunks wall=5.199 cumulative=542.100 peak_rss_kib=58436672
SLIM_PROGRESS runs=56688640/1859825862 resolve_wall=14.324 lce_wall=263.924 write_wall=0.407 lf_steps=0 cache_hits=0
SLIM_PHASE query-chunks wall=5.239 cumulative=547.339 peak_rss_kib=58441032
SLIM_PROGRESS runs=57737216/1859825862 resolve_wall=14.584 lce_wall=269.074 write_wall=0.414 lf_steps=0 cache_hits=0
SLIM_PHASE query-chunks wall=5.418 cumulative=552.757 peak_rss_kib=58445524
SLIM_PROGRESS runs=58785792/1859825862 resolve_wall=14.846 lce_wall=273.952 write_wall=0.422 lf_steps=0 cache_hits=0
SLIM_PHASE query-chunks wall=5.147 cumulative=557.904 peak_rss_kib=58450672
SLIM_PROGRESS runs=59834368/1859825862 resolve_wall=15.111 lce_wall=278.661 write_wall=0.429 lf_steps=0 cache_hits=0
SLIM_PHASE query-chunks wall=4.982 cumulative=562.886 peak_rss_kib=58457668
SLIM_PROGRESS runs=60882944/1859825862 resolve_wall=15.371 lce_wall=283.398 write_wall=0.436 lf_steps=0 cache_hits=0
SLIM_PHASE query-chunks wall=5.005 cumulative=567.890 peak_rss_kib=58464500
SLIM_PROGRESS runs=61931520/1859825862 resolve_wall=15.634 lce_wall=287.993 write_wall=0.444 lf_steps=0 cache_hits=0
SLIM_PHASE query-chunks wall=4.866 cumulative=572.756 peak_rss_kib=58471500
SLIM_PROGRESS runs=62980096/1859825862 resolve_wall=15.896 lce_wall=292.515 write_wall=0.451 lf_steps=0 cache_hits=0
SLIM_PHASE query-chunks wall=4.791 cumulative=577.548 peak_rss_kib=58481512
SLIM_PROGRESS runs=64028672/1859825862 resolve_wall=16.159 lce_wall=297.095 write_wall=0.459 lf_steps=0 cache_hits=0
SLIM_PHASE query-chunks wall=4.851 cumulative=582.399 peak_rss_kib=58490024
SLIM_PROGRESS runs=65077248/1859825862 resolve_wall=16.423 lce_wall=301.655 write_wall=0.467 lf_steps=0 cache_hits=0
SLIM_PHASE query-chunks wall=4.831 cumulative=587.230 peak_rss_kib=58496528
SLIM_PROGRESS runs=66125824/1859825862 resolve_wall=16.690 lce_wall=306.280 write_wall=0.474 lf_steps=0 cache_hits=0
SLIM_PHASE query-chunks wall=4.899 cumulative=592.129 peak_rss_kib=58503760
SLIM_PROGRESS runs=67174400/1859825862 resolve_wall=16.948 lce_wall=310.926 write_wall=0.481 lf_steps=0 cache_hits=0
SLIM_PHASE query-chunks wall=4.912 cumulative=597.041 peak_rss_kib=58511888
SLIM_PROGRESS runs=68222976/1859825862 resolve_wall=17.217 lce_wall=315.772 write_wall=0.489 lf_steps=0 cache_hits=0
SLIM_PHASE query-chunks wall=5.123 cumulative=602.164 peak_rss_kib=58522832
SLIM_PROGRESS runs=69271552/1859825862 resolve_wall=17.480 lce_wall=320.673 write_wall=0.496 lf_steps=0 cache_hits=0
SLIM_PHASE query-chunks wall=5.171 cumulative=607.335 peak_rss_kib=58525680
SLIM_PROGRESS runs=70320128/1859825862 resolve_wall=17.753 lce_wall=325.389 write_wall=0.503 lf_steps=0 cache_hits=0
SLIM_PHASE query-chunks wall=4.997 cumulative=612.332 peak_rss_kib=58529928
SLIM_PROGRESS runs=71368704/1859825862 resolve_wall=18.027 lce_wall=330.045 write_wall=0.510 lf_steps=0 cache_hits=0
SLIM_PHASE query-chunks wall=4.937 cumulative=617.269 peak_rss_kib=58533360
SLIM_PROGRESS runs=72417280/1859825862 resolve_wall=18.298 lce_wall=334.701 write_wall=0.517 lf_steps=0 cache_hits=0
SLIM_PHASE query-chunks wall=4.934 cumulative=622.203 peak_rss_kib=58542916
SLIM_PROGRESS runs=73465856/1859825862 resolve_wall=18.566 lce_wall=339.446 write_wall=0.525 lf_steps=0 cache_hits=0
SLIM_PHASE query-chunks wall=5.021 cumulative=627.224 peak_rss_kib=58551676
SLIM_PROGRESS runs=74514432/1859825862 resolve_wall=18.841 lce_wall=344.178 write_wall=0.532 lf_steps=0 cache_hits=0
SLIM_PHASE query-chunks wall=5.014 cumulative=632.238 peak_rss_kib=58558272
SLIM_PROGRESS runs=75563008/1859825862 resolve_wall=19.120 lce_wall=348.778 write_wall=0.539 lf_steps=0 cache_hits=0
SLIM_PHASE query-chunks wall=4.885 cumulative=637.124 peak_rss_kib=58561764
SLIM_PROGRESS runs=76611584/1859825862 resolve_wall=19.391 lce_wall=353.422 write_wall=0.547 lf_steps=0 cache_hits=0
SLIM_PHASE query-chunks wall=4.924 cumulative=642.047 peak_rss_kib=58570032
SLIM_PROGRESS runs=77660160/1859825862 resolve_wall=19.660 lce_wall=358.209 write_wall=0.555 lf_steps=0 cache_hits=0
SLIM_PHASE query-chunks wall=5.064 cumulative=647.111 peak_rss_kib=58579504
SLIM_PROGRESS runs=78708736/1859825862 resolve_wall=19.931 lce_wall=362.755 write_wall=0.563 lf_steps=0 cache_hits=0
SLIM_PHASE query-chunks wall=4.825 cumulative=651.936 peak_rss_kib=58587728
SLIM_PROGRESS runs=79757312/1859825862 resolve_wall=20.200 lce_wall=367.703 write_wall=0.570 lf_steps=0 cache_hits=0
SLIM_PHASE query-chunks wall=5.224 cumulative=657.160 peak_rss_kib=58592188
SLIM_PROGRESS runs=80805888/1859825862 resolve_wall=20.474 lce_wall=372.540 write_wall=0.577 lf_steps=0 cache_hits=0
SLIM_PHASE query-chunks wall=5.118 cumulative=662.278 peak_rss_kib=58599692
SLIM_PROGRESS runs=81854464/1859825862 resolve_wall=20.752 lce_wall=377.421 write_wall=0.585 lf_steps=0 cache_hits=0
SLIM_PHASE query-chunks wall=5.167 cumulative=667.445 peak_rss_kib=58604204
SLIM_PROGRESS runs=82903040/1859825862 resolve_wall=21.025 lce_wall=382.181 write_wall=0.592 lf_steps=0 cache_hits=0
SLIM_PHASE query-chunks wall=5.040 cumulative=672.485 peak_rss_kib=58610764
SLIM_PROGRESS runs=83951616/1859825862 resolve_wall=21.298 lce_wall=386.821 write_wall=0.600 lf_steps=0 cache_hits=0
SLIM_PHASE query-chunks wall=4.922 cumulative=677.407 peak_rss_kib=58619992
SLIM_PROGRESS runs=85000192/1859825862 resolve_wall=21.569 lce_wall=392.012 write_wall=0.607 lf_steps=0 cache_hits=0
SLIM_PHASE query-chunks wall=5.469 cumulative=682.876 peak_rss_kib=58628124
SLIM_PROGRESS runs=86048768/1859825862 resolve_wall=21.842 lce_wall=396.569 write_wall=0.614 lf_steps=0 cache_hits=0
SLIM_PHASE query-chunks wall=4.838 cumulative=687.714 peak_rss_kib=58635260
SLIM_PROGRESS runs=87097344/1859825862 resolve_wall=22.118 lce_wall=401.057 write_wall=0.621 lf_steps=0 cache_hits=0
SLIM_PHASE query-chunks wall=4.771 cumulative=692.485 peak_rss_kib=58645888
SLIM_PROGRESS runs=88145920/1859825862 resolve_wall=22.394 lce_wall=405.752 write_wall=0.628 lf_steps=0 cache_hits=0
SLIM_PHASE query-chunks wall=4.979 cumulative=697.463 peak_rss_kib=58648976
SLIM_PROGRESS runs=89194496/1859825862 resolve_wall=22.662 lce_wall=410.622 write_wall=0.636 lf_steps=0 cache_hits=0
SLIM_PHASE query-chunks wall=5.145 cumulative=702.609 peak_rss_kib=58659864
SLIM_PROGRESS runs=90243072/1859825862 resolve_wall=22.933 lce_wall=415.163 write_wall=0.643 lf_steps=0 cache_hits=0
SLIM_PHASE query-chunks wall=4.819 cumulative=707.427 peak_rss_kib=58663000
SLIM_PROGRESS runs=91291648/1859825862 resolve_wall=23.202 lce_wall=419.756 write_wall=0.651 lf_steps=0 cache_hits=0
SLIM_PHASE query-chunks wall=4.870 cumulative=712.297 peak_rss_kib=58665068
SLIM_PROGRESS runs=92340224/1859825862 resolve_wall=23.463 lce_wall=424.275 write_wall=0.658 lf_steps=0 cache_hits=0
SLIM_PHASE query-chunks wall=4.788 cumulative=717.085 peak_rss_kib=58677924
SLIM_PROGRESS runs=93388800/1859825862 resolve_wall=23.721 lce_wall=428.771 write_wall=0.665 lf_steps=0 cache_hits=0
SLIM_PHASE query-chunks wall=4.761 cumulative=721.846 peak_rss_kib=58681828
SLIM_PROGRESS runs=94437376/1859825862 resolve_wall=23.977 lce_wall=433.374 write_wall=0.672 lf_steps=0 cache_hits=0
SLIM_PHASE query-chunks wall=4.867 cumulative=726.713 peak_rss_kib=58689860
SLIM_PROGRESS runs=95485952/1859825862 resolve_wall=24.245 lce_wall=437.947 write_wall=0.679 lf_steps=0 cache_hits=0
SLIM_PHASE query-chunks wall=4.848 cumulative=731.560 peak_rss_kib=58694476
SLIM_PROGRESS runs=96534528/1859825862 resolve_wall=24.506 lce_wall=442.700 write_wall=0.686 lf_steps=0 cache_hits=0
SLIM_PHASE query-chunks wall=5.022 cumulative=736.582 peak_rss_kib=58703460
SLIM_PROGRESS runs=97583104/1859825862 resolve_wall=24.768 lce_wall=447.261 write_wall=0.693 lf_steps=0 cache_hits=0
SLIM_PHASE query-chunks wall=4.830 cumulative=741.413 peak_rss_kib=58710716
SLIM_PROGRESS runs=98631680/1859825862 resolve_wall=25.031 lce_wall=451.910 write_wall=0.701 lf_steps=0 cache_hits=0
SLIM_PHASE query-chunks wall=4.920 cumulative=746.332 peak_rss_kib=58715308
SLIM_PROGRESS runs=99680256/1859825862 resolve_wall=25.288 lce_wall=456.632 write_wall=0.709 lf_steps=0 cache_hits=0
SLIM_PHASE query-chunks wall=4.987 cumulative=751.319 peak_rss_kib=58720144
SLIM_PROGRESS runs=100728832/1859825862 resolve_wall=25.552 lce_wall=461.275 write_wall=0.717 lf_steps=0 cache_hits=0
SLIM_PHASE query-chunks wall=4.915 cumulative=756.234 peak_rss_kib=58727008
SLIM_PROGRESS runs=101777408/1859825862 resolve_wall=25.808 lce_wall=466.066 write_wall=0.724 lf_steps=0 cache_hits=0
SLIM_PHASE query-chunks wall=5.055 cumulative=761.289 peak_rss_kib=58733760
SLIM_PROGRESS runs=102825984/1859825862 resolve_wall=26.071 lce_wall=470.757 write_wall=0.731 lf_steps=0 cache_hits=0
SLIM_PHASE query-chunks wall=4.961 cumulative=766.250 peak_rss_kib=58752128
SLIM_PROGRESS runs=103874560/1859825862 resolve_wall=26.335 lce_wall=475.384 write_wall=0.738 lf_steps=0 cache_hits=0
SLIM_PHASE query-chunks wall=4.898 cumulative=771.148 peak_rss_kib=58766116
SLIM_PROGRESS runs=104923136/1859825862 resolve_wall=26.607 lce_wall=480.020 write_wall=0.745 lf_steps=0 cache_hits=0
SLIM_PHASE query-chunks wall=4.916 cumulative=776.064 peak_rss_kib=58768480
SLIM_PROGRESS runs=105971712/1859825862 resolve_wall=26.882 lce_wall=484.666 write_wall=0.753 lf_steps=0 cache_hits=0
SLIM_PHASE query-chunks wall=4.929 cumulative=780.992 peak_rss_kib=58771256
SLIM_PROGRESS runs=107020288/1859825862 resolve_wall=27.161 lce_wall=489.161 write_wall=0.760 lf_steps=0 cache_hits=0
SLIM_PHASE query-chunks wall=4.781 cumulative=785.774 peak_rss_kib=58775864
SLIM_PROGRESS runs=108068864/1859825862 resolve_wall=27.441 lce_wall=493.777 write_wall=0.767 lf_steps=0 cache_hits=0
SLIM_PHASE query-chunks wall=4.903 cumulative=790.677 peak_rss_kib=58782712
SLIM_PROGRESS runs=109117440/1859825862 resolve_wall=27.713 lce_wall=498.557 write_wall=0.774 lf_steps=0 cache_hits=0
SLIM_PHASE query-chunks wall=5.059 cumulative=795.736 peak_rss_kib=58789136
SLIM_PROGRESS runs=110166016/1859825862 resolve_wall=27.983 lce_wall=503.129 write_wall=0.782 lf_steps=0 cache_hits=0
SLIM_PHASE query-chunks wall=4.849 cumulative=800.585 peak_rss_kib=58796312
SLIM_PROGRESS runs=111214592/1859825862 resolve_wall=28.257 lce_wall=507.850 write_wall=0.790 lf_steps=0 cache_hits=0
SLIM_PHASE query-chunks wall=5.003 cumulative=805.588 peak_rss_kib=58798488
SLIM_PROGRESS runs=112263168/1859825862 resolve_wall=28.535 lce_wall=512.531 write_wall=0.797 lf_steps=0 cache_hits=0
SLIM_PHASE query-chunks wall=4.967 cumulative=810.555 peak_rss_kib=58807480
SLIM_PROGRESS runs=113311744/1859825862 resolve_wall=28.805 lce_wall=517.180 write_wall=0.804 lf_steps=0 cache_hits=0
SLIM_PHASE query-chunks wall=4.926 cumulative=815.481 peak_rss_kib=58815808
SLIM_PROGRESS runs=114360320/1859825862 resolve_wall=29.072 lce_wall=521.693 write_wall=0.811 lf_steps=0 cache_hits=0
SLIM_PHASE query-chunks wall=4.787 cumulative=820.268 peak_rss_kib=58821160
SLIM_PROGRESS runs=115408896/1859825862 resolve_wall=29.345 lce_wall=526.356 write_wall=0.818 lf_steps=0 cache_hits=0
SLIM_PHASE query-chunks wall=4.944 cumulative=825.212 peak_rss_kib=58827976
SLIM_PROGRESS runs=116457472/1859825862 resolve_wall=29.619 lce_wall=530.879 write_wall=0.826 lf_steps=0 cache_hits=0
SLIM_PHASE query-chunks wall=4.804 cumulative=830.016 peak_rss_kib=58836968
SLIM_PROGRESS runs=117506048/1859825862 resolve_wall=29.880 lce_wall=535.430 write_wall=0.832 lf_steps=0 cache_hits=0
SLIM_PHASE query-chunks wall=4.819 cumulative=834.835 peak_rss_kib=58850644
SLIM_PROGRESS runs=118554624/1859825862 resolve_wall=30.143 lce_wall=540.047 write_wall=0.840 lf_steps=0 cache_hits=0
SLIM_PHASE query-chunks wall=4.888 cumulative=839.724 peak_rss_kib=58859156
SLIM_PROGRESS runs=119603200/1859825862 resolve_wall=30.401 lce_wall=544.787 write_wall=0.847 lf_steps=0 cache_hits=0
SLIM_PHASE query-chunks wall=5.005 cumulative=844.728 peak_rss_kib=58868052
SLIM_PROGRESS runs=120651776/1859825862 resolve_wall=30.655 lce_wall=549.650 write_wall=0.855 lf_steps=0 cache_hits=0
SLIM_PHASE query-chunks wall=5.125 cumulative=849.853 peak_rss_kib=58883588
SLIM_PROGRESS runs=121700352/1859825862 resolve_wall=30.912 lce_wall=554.669 write_wall=0.863 lf_steps=0 cache_hits=0
SLIM_PHASE query-chunks wall=5.284 cumulative=855.137 peak_rss_kib=58889012
SLIM_PROGRESS runs=122748928/1859825862 resolve_wall=31.165 lce_wall=559.748 write_wall=0.870 lf_steps=0 cache_hits=0
SLIM_PHASE query-chunks wall=5.340 cumulative=860.477 peak_rss_kib=58897636
SLIM_PROGRESS runs=123797504/1859825862 resolve_wall=31.421 lce_wall=564.667 write_wall=0.878 lf_steps=0 cache_hits=0
SLIM_PHASE query-chunks wall=5.183 cumulative=865.660 peak_rss_kib=58908540
SLIM_PROGRESS runs=124846080/1859825862 resolve_wall=31.682 lce_wall=569.443 write_wall=0.886 lf_steps=0 cache_hits=0
SLIM_PHASE query-chunks wall=5.044 cumulative=870.704 peak_rss_kib=58921068
SLIM_PROGRESS runs=125894656/1859825862 resolve_wall=31.938 lce_wall=574.029 write_wall=0.893 lf_steps=0 cache_hits=0
SLIM_PHASE query-chunks wall=4.851 cumulative=875.555 peak_rss_kib=58924012
SLIM_PROGRESS runs=126943232/1859825862 resolve_wall=32.196 lce_wall=578.621 write_wall=0.900 lf_steps=0 cache_hits=0
SLIM_PHASE query-chunks wall=4.857 cumulative=880.411 peak_rss_kib=58929196
SLIM_PROGRESS runs=127991808/1859825862 resolve_wall=32.450 lce_wall=583.357 write_wall=0.908 lf_steps=0 cache_hits=0
SLIM_PHASE query-chunks wall=4.999 cumulative=885.410 peak_rss_kib=58938988
SLIM_PROGRESS runs=129040384/1859825862 resolve_wall=32.706 lce_wall=588.413 write_wall=0.915 lf_steps=0 cache_hits=0
SLIM_PHASE query-chunks wall=5.319 cumulative=890.729 peak_rss_kib=58952076
SLIM_PROGRESS runs=130088960/1859825862 resolve_wall=32.963 lce_wall=593.099 write_wall=0.923 lf_steps=0 cache_hits=0
SLIM_PHASE query-chunks wall=4.951 cumulative=895.680 peak_rss_kib=58956396
SLIM_PROGRESS runs=131137536/1859825862 resolve_wall=33.221 lce_wall=597.059 write_wall=0.931 lf_steps=0 cache_hits=0
SLIM_PHASE query-chunks wall=4.227 cumulative=899.906 peak_rss_kib=58959532
SLIM_PROGRESS runs=132186112/1859825862 resolve_wall=33.476 lce_wall=601.967 write_wall=0.939 lf_steps=0 cache_hits=0
SLIM_PHASE query-chunks wall=5.171 cumulative=905.077 peak_rss_kib=58964404
SLIM_PROGRESS runs=133234688/1859825862 resolve_wall=33.743 lce_wall=606.478 write_wall=0.946 lf_steps=0 cache_hits=0
SLIM_PHASE query-chunks wall=4.786 cumulative=909.863 peak_rss_kib=58968820
SLIM_PROGRESS runs=134283264/1859825862 resolve_wall=34.008 lce_wall=611.063 write_wall=0.953 lf_steps=0 cache_hits=0
SLIM_PHASE query-chunks wall=4.856 cumulative=914.719 peak_rss_kib=58975428
SLIM_PROGRESS runs=135331840/1859825862 resolve_wall=34.268 lce_wall=615.708 write_wall=0.960 lf_steps=0 cache_hits=0
SLIM_PHASE query-chunks wall=4.913 cumulative=919.632 peak_rss_kib=58986340
SLIM_PROGRESS runs=136380416/1859825862 resolve_wall=34.530 lce_wall=620.315 write_wall=0.968 lf_steps=0 cache_hits=0
SLIM_PHASE query-chunks wall=4.876 cumulative=924.508 peak_rss_kib=58993488
SLIM_PROGRESS runs=137428992/1859825862 resolve_wall=34.790 lce_wall=624.879 write_wall=0.975 lf_steps=0 cache_hits=0
SLIM_PHASE query-chunks wall=4.832 cumulative=929.340 peak_rss_kib=59006768
SLIM_PROGRESS runs=138477568/1859825862 resolve_wall=35.046 lce_wall=630.004 write_wall=0.982 lf_steps=0 cache_hits=0
SLIM_PHASE query-chunks wall=5.388 cumulative=934.729 peak_rss_kib=59020016
SLIM_PROGRESS runs=139526144/1859825862 resolve_wall=35.303 lce_wall=634.966 write_wall=0.993 lf_steps=0 cache_hits=0
SLIM_PHASE query-chunks wall=5.230 cumulative=939.959 peak_rss_kib=59024692
SLIM_PROGRESS runs=140574720/1859825862 resolve_wall=35.563 lce_wall=639.902 write_wall=1.001 lf_steps=0 cache_hits=0
SLIM_PHASE query-chunks wall=5.204 cumulative=945.162 peak_rss_kib=59031564
SLIM_PROGRESS runs=141623296/1859825862 resolve_wall=35.835 lce_wall=644.738 write_wall=1.009 lf_steps=0 cache_hits=0
SLIM_PHASE query-chunks wall=5.117 cumulative=950.279 peak_rss_kib=59038812
SLIM_PROGRESS runs=142671872/1859825862 resolve_wall=36.090 lce_wall=649.562 write_wall=1.016 lf_steps=0 cache_hits=0
SLIM_PHASE query-chunks wall=5.087 cumulative=955.366 peak_rss_kib=59045772
SLIM_PROGRESS runs=143720448/1859825862 resolve_wall=36.349 lce_wall=654.135 write_wall=1.024 lf_steps=0 cache_hits=0
SLIM_PHASE query-chunks wall=4.840 cumulative=960.205 peak_rss_kib=59065156
SLIM_PROGRESS runs=144769024/1859825862 resolve_wall=36.609 lce_wall=658.770 write_wall=1.031 lf_steps=0 cache_hits=0
SLIM_PHASE query-chunks wall=4.901 cumulative=965.107 peak_rss_kib=59070596
SLIM_PROGRESS runs=145817600/1859825862 resolve_wall=36.873 lce_wall=663.455 write_wall=1.038 lf_steps=0 cache_hits=0
SLIM_PHASE query-chunks wall=4.958 cumulative=970.064 peak_rss_kib=59077444
SLIM_PROGRESS runs=146866176/1859825862 resolve_wall=37.145 lce_wall=668.154 write_wall=1.046 lf_steps=0 cache_hits=0
SLIM_PHASE query-chunks wall=4.979 cumulative=975.043 peak_rss_kib=59090340
SLIM_PROGRESS runs=147914752/1859825862 resolve_wall=37.419 lce_wall=672.980 write_wall=1.053 lf_steps=0 cache_hits=0
SLIM_PHASE query-chunks wall=5.107 cumulative=980.150 peak_rss_kib=59096668
SLIM_PROGRESS runs=148963328/1859825862 resolve_wall=37.677 lce_wall=677.864 write_wall=1.061 lf_steps=0 cache_hits=0
SLIM_PHASE query-chunks wall=5.150 cumulative=985.300 peak_rss_kib=59112228
SLIM_PROGRESS runs=150011904/1859825862 resolve_wall=37.939 lce_wall=682.825 write_wall=1.068 lf_steps=0 cache_hits=0
SLIM_PHASE query-chunks wall=5.231 cumulative=990.531 peak_rss_kib=59121044
SLIM_PROGRESS runs=151060480/1859825862 resolve_wall=38.197 lce_wall=688.148 write_wall=1.076 lf_steps=0 cache_hits=0
SLIM_PHASE query-chunks wall=5.589 cumulative=996.120 peak_rss_kib=59139412
SLIM_PROGRESS runs=152109056/1859825862 resolve_wall=38.459 lce_wall=693.309 write_wall=1.084 lf_steps=0 cache_hits=0
SLIM_PHASE query-chunks wall=5.430 cumulative=1001.550 peak_rss_kib=59148220
SLIM_PROGRESS runs=153157632/1859825862 resolve_wall=38.712 lce_wall=698.124 write_wall=1.092 lf_steps=0 cache_hits=0
SLIM_PHASE query-chunks wall=5.077 cumulative=1006.627 peak_rss_kib=59149020
SLIM_PROGRESS runs=154206208/1859825862 resolve_wall=38.970 lce_wall=702.770 write_wall=1.099 lf_steps=0 cache_hits=0
SLIM_PHASE query-chunks wall=4.910 cumulative=1011.537 peak_rss_kib=59157340
SLIM_PROGRESS runs=155254784/1859825862 resolve_wall=39.229 lce_wall=707.353 write_wall=1.106 lf_steps=0 cache_hits=0
SLIM_PHASE query-chunks wall=4.850 cumulative=1016.387 peak_rss_kib=59171996
SLIM_PROGRESS runs=156303360/1859825862 resolve_wall=39.497 lce_wall=711.894 write_wall=1.113 lf_steps=0 cache_hits=0
SLIM_PHASE query-chunks wall=4.816 cumulative=1021.203 peak_rss_kib=59176872
SLIM_PROGRESS runs=157351936/1859825862 resolve_wall=39.763 lce_wall=716.435 write_wall=1.120 lf_steps=0 cache_hits=0
SLIM_PHASE query-chunks wall=4.814 cumulative=1026.017 peak_rss_kib=59183016
SLIM_PROGRESS runs=158400512/1859825862 resolve_wall=40.026 lce_wall=721.081 write_wall=1.127 lf_steps=0 cache_hits=0
SLIM_PHASE query-chunks wall=4.917 cumulative=1030.934 peak_rss_kib=59195528
SLIM_PROGRESS runs=159449088/1859825862 resolve_wall=40.290 lce_wall=725.672 write_wall=1.134 lf_steps=0 cache_hits=0
SLIM_PHASE query-chunks wall=4.862 cumulative=1035.796 peak_rss_kib=59202568
SLIM_PROGRESS runs=160497664/1859825862 resolve_wall=40.550 lce_wall=730.475 write_wall=1.143 lf_steps=0 cache_hits=0
SLIM_PHASE query-chunks wall=5.071 cumulative=1040.867 peak_rss_kib=59217252
SLIM_PROGRESS runs=161546240/1859825862 resolve_wall=40.808 lce_wall=735.143 write_wall=1.155 lf_steps=0 cache_hits=0
SLIM_PHASE query-chunks wall=4.939 cumulative=1045.806 peak_rss_kib=59222148
SLIM_PROGRESS runs=162594816/1859825862 resolve_wall=41.062 lce_wall=740.040 write_wall=1.162 lf_steps=0 cache_hits=0
SLIM_PHASE query-chunks wall=5.159 cumulative=1050.965 peak_rss_kib=59230400
SLIM_PROGRESS runs=163643392/1859825862 resolve_wall=41.313 lce_wall=744.737 write_wall=1.170 lf_steps=0 cache_hits=0
SLIM_PHASE query-chunks wall=4.956 cumulative=1055.920 peak_rss_kib=59235704
SLIM_PROGRESS runs=164691968/1859825862 resolve_wall=41.578 lce_wall=750.292 write_wall=1.177 lf_steps=0 cache_hits=0
SLIM_PHASE query-chunks wall=5.827 cumulative=1061.747 peak_rss_kib=59244936
SLIM_PROGRESS runs=165740544/1859825862 resolve_wall=41.834 lce_wall=755.431 write_wall=1.184 lf_steps=0 cache_hits=0
SLIM_PHASE query-chunks wall=5.404 cumulative=1067.150 peak_rss_kib=59258976
SLIM_PROGRESS runs=166789120/1859825862 resolve_wall=42.099 lce_wall=760.608 write_wall=1.192 lf_steps=0 cache_hits=0
SLIM_PHASE query-chunks wall=5.449 cumulative=1072.600 peak_rss_kib=59262064
SLIM_PROGRESS runs=167837696/1859825862 resolve_wall=42.377 lce_wall=765.718 write_wall=1.199 lf_steps=0 cache_hits=0
SLIM_PHASE query-chunks wall=5.395 cumulative=1077.995 peak_rss_kib=59266216
SLIM_PROGRESS runs=168886272/1859825862 resolve_wall=42.647 lce_wall=770.865 write_wall=1.207 lf_steps=0 cache_hits=0
SLIM_PHASE query-chunks wall=5.425 cumulative=1083.420 peak_rss_kib=59276404
SLIM_PROGRESS runs=169934848/1859825862 resolve_wall=42.910 lce_wall=776.041 write_wall=1.215 lf_steps=0 cache_hits=0
SLIM_PHASE query-chunks wall=5.447 cumulative=1088.867 peak_rss_kib=59281028
SLIM_PROGRESS runs=170983424/1859825862 resolve_wall=43.173 lce_wall=782.197 write_wall=1.223 lf_steps=0 cache_hits=0
SLIM_PHASE query-chunks wall=6.428 cumulative=1095.295 peak_rss_kib=59294308
SLIM_PROGRESS runs=172032000/1859825862 resolve_wall=43.438 lce_wall=788.550 write_wall=1.231 lf_steps=0 cache_hits=0
SLIM_PHASE query-chunks wall=6.625 cumulative=1101.920 peak_rss_kib=59309472
SLIM_PROGRESS runs=173080576/1859825862 resolve_wall=43.704 lce_wall=797.042 write_wall=1.240 lf_steps=0 cache_hits=0
SLIM_PHASE query-chunks wall=8.767 cumulative=1110.687 peak_rss_kib=59320696
SLIM_PROGRESS runs=174129152/1859825862 resolve_wall=43.990 lce_wall=805.216 write_wall=1.255 lf_steps=0 cache_hits=0
SLIM_PHASE query-chunks wall=8.475 cumulative=1119.163 peak_rss_kib=59320696
SLIM_PROGRESS runs=175177728/1859825862 resolve_wall=44.255 lce_wall=810.520 write_wall=1.263 lf_steps=0 cache_hits=0
SLIM_PHASE query-chunks wall=5.577 cumulative=1124.740 peak_rss_kib=59330388
SLIM_PROGRESS runs=176226304/1859825862 resolve_wall=44.514 lce_wall=817.212 write_wall=1.271 lf_steps=0 cache_hits=0
SLIM_PHASE query-chunks wall=6.959 cumulative=1131.699 peak_rss_kib=59333488
SLIM_PROGRESS runs=177274880/1859825862 resolve_wall=44.781 lce_wall=822.915 write_wall=1.279 lf_steps=0 cache_hits=0
SLIM_PHASE query-chunks wall=5.978 cumulative=1137.676 peak_rss_kib=59342844
SLIM_PROGRESS runs=178323456/1859825862 resolve_wall=45.045 lce_wall=828.119 write_wall=1.286 lf_steps=0 cache_hits=0
SLIM_PHASE query-chunks wall=5.476 cumulative=1143.152 peak_rss_kib=59351812
SLIM_PROGRESS runs=179372032/1859825862 resolve_wall=45.317 lce_wall=832.821 write_wall=1.293 lf_steps=0 cache_hits=0
SLIM_PHASE query-chunks wall=4.982 cumulative=1148.134 peak_rss_kib=59362660
SLIM_PROGRESS runs=180420608/1859825862 resolve_wall=45.600 lce_wall=837.479 write_wall=1.300 lf_steps=0 cache_hits=0
SLIM_PHASE query-chunks wall=4.948 cumulative=1153.083 peak_rss_kib=59370660
SLIM_PROGRESS runs=181469184/1859825862 resolve_wall=45.873 lce_wall=842.130 write_wall=1.308 lf_steps=0 cache_hits=0
SLIM_PHASE query-chunks wall=4.932 cumulative=1158.014 peak_rss_kib=59375304
SLIM_PROGRESS runs=182517760/1859825862 resolve_wall=46.147 lce_wall=846.988 write_wall=1.317 lf_steps=0 cache_hits=0
SLIM_PHASE query-chunks wall=5.140 cumulative=1163.154 peak_rss_kib=59383848
SLIM_PROGRESS runs=183566336/1859825862 resolve_wall=46.413 lce_wall=851.506 write_wall=1.324 lf_steps=0 cache_hits=0
SLIM_PHASE query-chunks wall=4.793 cumulative=1167.947 peak_rss_kib=59392468
SLIM_PROGRESS runs=184614912/1859825862 resolve_wall=46.680 lce_wall=856.044 write_wall=1.332 lf_steps=0 cache_hits=0
SLIM_PHASE query-chunks wall=4.812 cumulative=1172.758 peak_rss_kib=59397844
SLIM_PROGRESS runs=185663488/1859825862 resolve_wall=46.948 lce_wall=860.626 write_wall=1.339 lf_steps=0 cache_hits=0
SLIM_PHASE query-chunks wall=4.858 cumulative=1177.617 peak_rss_kib=59416032
SLIM_PROGRESS runs=186712064/1859825862 resolve_wall=47.224 lce_wall=865.411 write_wall=1.348 lf_steps=0 cache_hits=0
SLIM_PHASE query-chunks wall=5.070 cumulative=1182.686 peak_rss_kib=59421312
SLIM_PROGRESS runs=187760640/1859825862 resolve_wall=47.500 lce_wall=870.150 write_wall=1.355 lf_steps=0 cache_hits=0
SLIM_PHASE query-chunks wall=5.022 cumulative=1187.709 peak_rss_kib=59425248
SLIM_PROGRESS runs=188809216/1859825862 resolve_wall=47.774 lce_wall=874.775 write_wall=1.363 lf_steps=0 cache_hits=0
SLIM_PHASE query-chunks wall=4.908 cumulative=1192.616 peak_rss_kib=59438336
SLIM_PROGRESS runs=189857792/1859825862 resolve_wall=48.044 lce_wall=879.404 write_wall=1.372 lf_steps=0 cache_hits=0
SLIM_PHASE query-chunks wall=4.907 cumulative=1197.523 peak_rss_kib=59446660
SLIM_PROGRESS runs=190906368/1859825862 resolve_wall=48.305 lce_wall=883.986 write_wall=1.379 lf_steps=0 cache_hits=0
SLIM_PHASE query-chunks wall=4.852 cumulative=1202.375 peak_rss_kib=59459224
SLIM_PROGRESS runs=191954944/1859825862 resolve_wall=48.560 lce_wall=888.456 write_wall=1.387 lf_steps=0 cache_hits=0
SLIM_PHASE query-chunks wall=4.732 cumulative=1207.107 peak_rss_kib=59466468
SLIM_PROGRESS runs=193003520/1859825862 resolve_wall=48.824 lce_wall=893.497 write_wall=1.394 lf_steps=0 cache_hits=0
SLIM_PHASE query-chunks wall=5.312 cumulative=1212.420 peak_rss_kib=59468180
SLIM_PROGRESS runs=194052096/1859825862 resolve_wall=49.091 lce_wall=898.380 write_wall=1.401 lf_steps=0 cache_hits=0
SLIM_PHASE query-chunks wall=5.157 cumulative=1217.576 peak_rss_kib=59478648
SLIM_PROGRESS runs=195100672/1859825862 resolve_wall=49.361 lce_wall=903.912 write_wall=1.409 lf_steps=0 cache_hits=0
SLIM_PHASE query-chunks wall=5.810 cumulative=1223.387 peak_rss_kib=59491464
SLIM_PROGRESS runs=196149248/1859825862 resolve_wall=49.628 lce_wall=909.121 write_wall=1.417 lf_steps=0 cache_hits=0
SLIM_PHASE query-chunks wall=5.484 cumulative=1228.870 peak_rss_kib=59496708
SLIM_PROGRESS runs=197197824/1859825862 resolve_wall=49.891 lce_wall=914.143 write_wall=1.424 lf_steps=0 cache_hits=0
SLIM_PHASE query-chunks wall=5.293 cumulative=1234.163 peak_rss_kib=59513672
SLIM_PROGRESS runs=198246400/1859825862 resolve_wall=50.154 lce_wall=919.376 write_wall=1.433 lf_steps=0 cache_hits=0
SLIM_PHASE query-chunks wall=5.506 cumulative=1239.669 peak_rss_kib=59515116
SLIM_PROGRESS runs=199294976/1859825862 resolve_wall=50.416 lce_wall=924.345 write_wall=1.441 lf_steps=0 cache_hits=0
SLIM_PHASE query-chunks wall=5.239 cumulative=1244.908 peak_rss_kib=59524748
SLIM_PROGRESS runs=200343552/1859825862 resolve_wall=50.681 lce_wall=929.992 write_wall=1.449 lf_steps=0 cache_hits=0
SLIM_PHASE query-chunks wall=5.921 cumulative=1250.829 peak_rss_kib=59541980
SLIM_PROGRESS runs=201392128/1859825862 resolve_wall=50.946 lce_wall=935.190 write_wall=1.457 lf_steps=0 cache_hits=0
SLIM_PHASE query-chunks wall=5.470 cumulative=1256.298 peak_rss_kib=59547092
SLIM_PROGRESS runs=202440704/1859825862 resolve_wall=51.215 lce_wall=940.154 write_wall=1.464 lf_steps=0 cache_hits=0
SLIM_PHASE query-chunks wall=5.241 cumulative=1261.539 peak_rss_kib=59552180
SLIM_PROGRESS runs=203489280/1859825862 resolve_wall=51.480 lce_wall=945.219 write_wall=1.472 lf_steps=0 cache_hits=0
SLIM_PHASE query-chunks wall=5.338 cumulative=1266.877 peak_rss_kib=59558336
SLIM_PROGRESS runs=204537856/1859825862 resolve_wall=51.750 lce_wall=950.148 write_wall=1.480 lf_steps=0 cache_hits=0
SLIM_PHASE query-chunks wall=5.207 cumulative=1272.084 peak_rss_kib=59562892
SLIM_PROGRESS runs=205586432/1859825862 resolve_wall=52.009 lce_wall=955.060 write_wall=1.488 lf_steps=0 cache_hits=0
SLIM_PHASE query-chunks wall=5.180 cumulative=1277.264 peak_rss_kib=59572268
SLIM_PROGRESS runs=206635008/1859825862 resolve_wall=52.270 lce_wall=960.213 write_wall=1.496 lf_steps=0 cache_hits=0
SLIM_PHASE query-chunks wall=5.422 cumulative=1282.686 peak_rss_kib=59576724
SLIM_PROGRESS runs=207683584/1859825862 resolve_wall=52.528 lce_wall=965.209 write_wall=1.504 lf_steps=0 cache_hits=0
SLIM_PHASE query-chunks wall=5.262 cumulative=1287.948 peak_rss_kib=59582520
SLIM_PROGRESS runs=208732160/1859825862 resolve_wall=52.801 lce_wall=970.258 write_wall=1.511 lf_steps=0 cache_hits=0
SLIM_PHASE query-chunks wall=5.328 cumulative=1293.277 peak_rss_kib=59590080
SLIM_PROGRESS runs=209780736/1859825862 resolve_wall=53.075 lce_wall=975.239 write_wall=1.518 lf_steps=0 cache_hits=0
SLIM_PHASE query-chunks wall=5.262 cumulative=1298.539 peak_rss_kib=59597504
SLIM_PROGRESS runs=210829312/1859825862 resolve_wall=53.346 lce_wall=980.126 write_wall=1.525 lf_steps=0 cache_hits=0
SLIM_PHASE query-chunks wall=5.166 cumulative=1303.705 peak_rss_kib=59600548
SLIM_PROGRESS runs=211877888/1859825862 resolve_wall=53.612 lce_wall=984.762 write_wall=1.532 lf_steps=0 cache_hits=0
SLIM_PHASE query-chunks wall=4.909 cumulative=1308.614 peak_rss_kib=59607012
SLIM_PROGRESS runs=212926464/1859825862 resolve_wall=53.887 lce_wall=989.391 write_wall=1.540 lf_steps=0 cache_hits=0
SLIM_PHASE query-chunks wall=4.912 cumulative=1313.526 peak_rss_kib=59619756
SLIM_PROGRESS runs=213975040/1859825862 resolve_wall=54.161 lce_wall=994.035 write_wall=1.547 lf_steps=0 cache_hits=0
SLIM_PHASE query-chunks wall=4.925 cumulative=1318.451 peak_rss_kib=59628552
SLIM_PROGRESS runs=215023616/1859825862 resolve_wall=54.431 lce_wall=998.684 write_wall=1.554 lf_steps=0 cache_hits=0
SLIM_PHASE query-chunks wall=4.926 cumulative=1323.377 peak_rss_kib=59643496
SLIM_PROGRESS runs=216072192/1859825862 resolve_wall=54.708 lce_wall=1003.335 write_wall=1.561 lf_steps=0 cache_hits=0
SLIM_PHASE query-chunks wall=4.935 cumulative=1328.313 peak_rss_kib=59650888
SLIM_PROGRESS runs=217120768/1859825862 resolve_wall=54.979 lce_wall=1007.989 write_wall=1.569 lf_steps=0 cache_hits=0
SLIM_PHASE query-chunks wall=4.932 cumulative=1333.245 peak_rss_kib=59663688
SLIM_PROGRESS runs=218169344/1859825862 resolve_wall=55.255 lce_wall=1012.653 write_wall=1.576 lf_steps=0 cache_hits=0
SLIM_PHASE query-chunks wall=4.948 cumulative=1338.193 peak_rss_kib=59672872
SLIM_PROGRESS runs=219217920/1859825862 resolve_wall=55.525 lce_wall=1017.199 write_wall=1.583 lf_steps=0 cache_hits=0
SLIM_PHASE query-chunks wall=4.823 cumulative=1343.016 peak_rss_kib=59681428
SLIM_PROGRESS runs=220266496/1859825862 resolve_wall=55.792 lce_wall=1021.986 write_wall=1.591 lf_steps=0 cache_hits=0
SLIM_PHASE query-chunks wall=5.062 cumulative=1348.078 peak_rss_kib=59683352
SLIM_PROGRESS runs=221315072/1859825862 resolve_wall=56.065 lce_wall=1026.938 write_wall=1.599 lf_steps=0 cache_hits=0
SLIM_PHASE query-chunks wall=5.233 cumulative=1353.311 peak_rss_kib=59689912
SLIM_PROGRESS runs=222363648/1859825862 resolve_wall=56.335 lce_wall=1032.637 write_wall=1.607 lf_steps=0 cache_hits=0
SLIM_PHASE query-chunks wall=5.978 cumulative=1359.288 peak_rss_kib=59700964
SLIM_PROGRESS runs=223412224/1859825862 resolve_wall=56.608 lce_wall=1041.358 write_wall=1.615 lf_steps=0 cache_hits=0
SLIM_PHASE query-chunks wall=9.003 cumulative=1368.291 peak_rss_kib=59707504
SLIM_PROGRESS runs=224460800/1859825862 resolve_wall=56.888 lce_wall=1050.150 write_wall=1.624 lf_steps=0 cache_hits=0
SLIM_PHASE query-chunks wall=9.081 cumulative=1377.372 peak_rss_kib=59710816
SLIM_PROGRESS runs=225509376/1859825862 resolve_wall=57.162 lce_wall=1056.751 write_wall=1.632 lf_steps=0 cache_hits=0
SLIM_PHASE query-chunks wall=6.884 cumulative=1384.256 peak_rss_kib=59719924
SLIM_PROGRESS runs=226557952/1859825862 resolve_wall=57.431 lce_wall=1063.530 write_wall=1.641 lf_steps=0 cache_hits=0
SLIM_PHASE query-chunks wall=7.057 cumulative=1391.312 peak_rss_kib=59736688
SLIM_PROGRESS runs=227606528/1859825862 resolve_wall=57.688 lce_wall=1069.781 write_wall=1.650 lf_steps=0 cache_hits=0
SLIM_PHASE query-chunks wall=6.517 cumulative=1397.829 peak_rss_kib=59744128
SLIM_PROGRESS runs=228655104/1859825862 resolve_wall=57.944 lce_wall=1076.085 write_wall=1.658 lf_steps=0 cache_hits=0
SLIM_PHASE query-chunks wall=6.569 cumulative=1404.398 peak_rss_kib=59755288
SLIM_PROGRESS runs=229703680/1859825862 resolve_wall=58.214 lce_wall=1082.802 write_wall=1.667 lf_steps=0 cache_hits=0
SLIM_PHASE query-chunks wall=6.996 cumulative=1411.394 peak_rss_kib=59757684
SLIM_PROGRESS runs=230752256/1859825862 resolve_wall=58.488 lce_wall=1089.212 write_wall=1.675 lf_steps=0 cache_hits=0
SLIM_PHASE query-chunks wall=6.692 cumulative=1418.086 peak_rss_kib=59770676
SLIM_PROGRESS runs=231800832/1859825862 resolve_wall=58.766 lce_wall=1096.934 write_wall=1.685 lf_steps=0 cache_hits=0
SLIM_PHASE query-chunks wall=8.010 cumulative=1426.096 peak_rss_kib=59773968
SLIM_PROGRESS runs=232849408/1859825862 resolve_wall=59.042 lce_wall=1103.891 write_wall=1.694 lf_steps=0 cache_hits=0
SLIM_PHASE query-chunks wall=7.241 cumulative=1433.338 peak_rss_kib=59780512
SLIM_PROGRESS runs=233897984/1859825862 resolve_wall=59.310 lce_wall=1110.583 write_wall=1.704 lf_steps=0 cache_hits=0
SLIM_PHASE query-chunks wall=6.970 cumulative=1440.308 peak_rss_kib=59789568
SLIM_PROGRESS runs=234946560/1859825862 resolve_wall=59.584 lce_wall=1117.053 write_wall=1.713 lf_steps=0 cache_hits=0
SLIM_PHASE query-chunks wall=6.754 cumulative=1447.062 peak_rss_kib=59792128
SLIM_PROGRESS runs=235995136/1859825862 resolve_wall=59.858 lce_wall=1124.705 write_wall=1.722 lf_steps=0 cache_hits=0
SLIM_PHASE query-chunks wall=7.935 cumulative=1454.997 peak_rss_kib=59797024
SLIM_PROGRESS runs=237043712/1859825862 resolve_wall=60.138 lce_wall=1132.722 write_wall=1.732 lf_steps=0 cache_hits=0
SLIM_PHASE query-chunks wall=8.308 cumulative=1463.305 peak_rss_kib=59798304
SLIM_PROGRESS runs=238092288/1859825862 resolve_wall=60.408 lce_wall=1141.125 write_wall=1.744 lf_steps=0 cache_hits=0
SLIM_PHASE query-chunks wall=8.685 cumulative=1471.989 peak_rss_kib=59808456
SLIM_PROGRESS runs=239140864/1859825862 resolve_wall=60.677 lce_wall=1147.102 write_wall=1.752 lf_steps=0 cache_hits=0
SLIM_PHASE query-chunks wall=6.255 cumulative=1478.244 peak_rss_kib=59815616
SLIM_PROGRESS runs=240189440/1859825862 resolve_wall=60.937 lce_wall=1151.859 write_wall=1.760 lf_steps=0 cache_hits=0
SLIM_PHASE query-chunks wall=5.025 cumulative=1483.269 peak_rss_kib=59827064
SLIM_PROGRESS runs=241238016/1859825862 resolve_wall=61.199 lce_wall=1156.432 write_wall=1.767 lf_steps=0 cache_hits=0
SLIM_PHASE query-chunks wall=4.842 cumulative=1488.111 peak_rss_kib=59830256
SLIM_PROGRESS runs=242286592/1859825862 resolve_wall=61.469 lce_wall=1161.165 write_wall=1.775 lf_steps=0 cache_hits=0
SLIM_PHASE query-chunks wall=5.010 cumulative=1493.121 peak_rss_kib=59846492
SLIM_PROGRESS runs=243335168/1859825862 resolve_wall=61.738 lce_wall=1166.131 write_wall=1.782 lf_steps=0 cache_hits=0
SLIM_PHASE query-chunks wall=5.242 cumulative=1498.364 peak_rss_kib=59849644
SLIM_PROGRESS runs=244383744/1859825862 resolve_wall=62.015 lce_wall=1170.820 write_wall=1.790 lf_steps=0 cache_hits=0
SLIM_PHASE query-chunks wall=4.974 cumulative=1503.337 peak_rss_kib=59851908
SLIM_PROGRESS runs=245432320/1859825862 resolve_wall=62.290 lce_wall=1175.815 write_wall=1.797 lf_steps=0 cache_hits=0
SLIM_PHASE query-chunks wall=5.279 cumulative=1508.616 peak_rss_kib=59856616
SLIM_PROGRESS runs=246480896/1859825862 resolve_wall=62.550 lce_wall=1180.782 write_wall=1.805 lf_steps=0 cache_hits=0
SLIM_PHASE query-chunks wall=5.234 cumulative=1513.850 peak_rss_kib=59862820
SLIM_PROGRESS runs=247529472/1859825862 resolve_wall=62.805 lce_wall=1185.842 write_wall=1.812 lf_steps=0 cache_hits=0
SLIM_PHASE query-chunks wall=5.323 cumulative=1519.173 peak_rss_kib=59869168
SLIM_PROGRESS runs=248578048/1859825862 resolve_wall=63.075 lce_wall=1191.302 write_wall=1.820 lf_steps=0 cache_hits=0
SLIM_PHASE query-chunks wall=5.738 cumulative=1524.911 peak_rss_kib=59884496
SLIM_PROGRESS runs=249626624/1859825862 resolve_wall=63.344 lce_wall=1195.839 write_wall=1.828 lf_steps=0 cache_hits=0
SLIM_PHASE query-chunks wall=4.813 cumulative=1529.724 peak_rss_kib=59894960
SLIM_PROGRESS runs=250675200/1859825862 resolve_wall=63.614 lce_wall=1200.414 write_wall=1.836 lf_steps=0 cache_hits=0
SLIM_PHASE query-chunks wall=4.854 cumulative=1534.578 peak_rss_kib=59905904
SLIM_PROGRESS runs=251723776/1859825862 resolve_wall=63.883 lce_wall=1205.092 write_wall=1.844 lf_steps=0 cache_hits=0
SLIM_PHASE query-chunks wall=4.955 cumulative=1539.533 peak_rss_kib=59914512
SLIM_PROGRESS runs=252772352/1859825862 resolve_wall=64.140 lce_wall=1209.880 write_wall=1.852 lf_steps=0 cache_hits=0
SLIM_PHASE query-chunks wall=5.053 cumulative=1544.586 peak_rss_kib=59923312
SLIM_PROGRESS runs=253820928/1859825862 resolve_wall=64.400 lce_wall=1214.418 write_wall=1.860 lf_steps=0 cache_hits=0
SLIM_PHASE query-chunks wall=4.806 cumulative=1549.393 peak_rss_kib=59932016
SLIM_PROGRESS runs=254869504/1859825862 resolve_wall=64.664 lce_wall=1218.628 write_wall=1.868 lf_steps=0 cache_hits=0
SLIM_PHASE query-chunks wall=4.483 cumulative=1553.876 peak_rss_kib=59939260
SLIM_PROGRESS runs=255918080/1859825862 resolve_wall=64.931 lce_wall=1223.044 write_wall=1.876 lf_steps=0 cache_hits=0
SLIM_PHASE query-chunks wall=4.690 cumulative=1558.565 peak_rss_kib=59943520
SLIM_PROGRESS runs=256966656/1859825862 resolve_wall=65.201 lce_wall=1227.647 write_wall=1.884 lf_steps=0 cache_hits=0
SLIM_PHASE query-chunks wall=4.882 cumulative=1563.447 peak_rss_kib=59954128
SLIM_PROGRESS runs=258015232/1859825862 resolve_wall=65.471 lce_wall=1232.352 write_wall=1.891 lf_steps=0 cache_hits=0
SLIM_PHASE query-chunks wall=4.982 cumulative=1568.429 peak_rss_kib=59967432
SLIM_PROGRESS runs=259063808/1859825862 resolve_wall=65.738 lce_wall=1236.981 write_wall=1.898 lf_steps=0 cache_hits=0
SLIM_PHASE query-chunks wall=4.904 cumulative=1573.333 peak_rss_kib=59975636
SLIM_PROGRESS runs=260112384/1859825862 resolve_wall=66.004 lce_wall=1241.815 write_wall=1.906 lf_steps=0 cache_hits=0
SLIM_PHASE query-chunks wall=5.107 cumulative=1578.441 peak_rss_kib=59986820
SLIM_PROGRESS runs=261160960/1859825862 resolve_wall=66.267 lce_wall=1246.454 write_wall=1.913 lf_steps=0 cache_hits=0
SLIM_PHASE query-chunks wall=4.909 cumulative=1583.349 peak_rss_kib=59993620
SLIM_PROGRESS runs=262209536/1859825862 resolve_wall=66.526 lce_wall=1251.024 write_wall=1.920 lf_steps=0 cache_hits=0
SLIM_PHASE query-chunks wall=4.837 cumulative=1588.186 peak_rss_kib=60000932
SLIM_PROGRESS runs=263258112/1859825862 resolve_wall=66.791 lce_wall=1255.661 write_wall=1.927 lf_steps=0 cache_hits=0
SLIM_PHASE query-chunks wall=4.910 cumulative=1593.096 peak_rss_kib=60008708
SLIM_PROGRESS runs=264306688/1859825862 resolve_wall=67.053 lce_wall=1260.146 write_wall=1.934 lf_steps=0 cache_hits=0
SLIM_PHASE query-chunks wall=4.754 cumulative=1597.849 peak_rss_kib=60020308
SLIM_PROGRESS runs=265355264/1859825862 resolve_wall=67.315 lce_wall=1264.926 write_wall=1.942 lf_steps=0 cache_hits=0
SLIM_PHASE query-chunks wall=5.050 cumulative=1602.899 peak_rss_kib=60024516
SLIM_PROGRESS runs=266403840/1859825862 resolve_wall=67.581 lce_wall=1269.591 write_wall=1.950 lf_steps=0 cache_hits=0
SLIM_PHASE query-chunks wall=4.939 cumulative=1607.838 peak_rss_kib=60035140
SLIM_PROGRESS runs=267452416/1859825862 resolve_wall=67.836 lce_wall=1274.409 write_wall=1.957 lf_steps=0 cache_hits=0
SLIM_PHASE query-chunks wall=5.080 cumulative=1612.918 peak_rss_kib=60043956
SLIM_PROGRESS runs=268500992/1859825862 resolve_wall=68.098 lce_wall=1278.986 write_wall=1.964 lf_steps=0 cache_hits=0
SLIM_PHASE query-chunks wall=4.847 cumulative=1617.765 peak_rss_kib=60053072
SLIM_PROGRESS runs=269549568/1859825862 resolve_wall=68.363 lce_wall=1284.132 write_wall=1.972 lf_steps=0 cache_hits=0
SLIM_PHASE query-chunks wall=5.418 cumulative=1623.183 peak_rss_kib=60063800
SLIM_PROGRESS runs=270598144/1859825862 resolve_wall=68.629 lce_wall=1289.057 write_wall=1.979 lf_steps=0 cache_hits=0
SLIM_PHASE query-chunks wall=5.199 cumulative=1628.382 peak_rss_kib=60078388
SLIM_PROGRESS runs=271646720/1859825862 resolve_wall=68.902 lce_wall=1294.089 write_wall=1.986 lf_steps=0 cache_hits=0
SLIM_PHASE query-chunks wall=5.313 cumulative=1633.695 peak_rss_kib=60087092
SLIM_PROGRESS runs=272695296/1859825862 resolve_wall=69.165 lce_wall=1299.248 write_wall=1.994 lf_steps=0 cache_hits=0
SLIM_PHASE query-chunks wall=5.430 cumulative=1639.125 peak_rss_kib=60102036
SLIM_PROGRESS runs=273743872/1859825862 resolve_wall=69.426 lce_wall=1304.766 write_wall=2.001 lf_steps=0 cache_hits=0
SLIM_PHASE query-chunks wall=5.786 cumulative=1644.910 peak_rss_kib=60106824
SLIM_PROGRESS runs=274792448/1859825862 resolve_wall=69.687 lce_wall=1310.363 write_wall=2.009 lf_steps=0 cache_hits=0
SLIM_PHASE query-chunks wall=5.866 cumulative=1650.776 peak_rss_kib=60117384
SLIM_PROGRESS runs=275841024/1859825862 resolve_wall=69.941 lce_wall=1315.720 write_wall=2.016 lf_steps=0 cache_hits=0
SLIM_PHASE query-chunks wall=5.619 cumulative=1656.395 peak_rss_kib=60122076
SLIM_PROGRESS runs=276889600/1859825862 resolve_wall=70.203 lce_wall=1320.773 write_wall=2.024 lf_steps=0 cache_hits=0
SLIM_PHASE query-chunks wall=5.323 cumulative=1661.718 peak_rss_kib=60133020
SLIM_PROGRESS runs=277938176/1859825862 resolve_wall=70.461 lce_wall=1325.857 write_wall=2.032 lf_steps=0 cache_hits=0
SLIM_PHASE query-chunks wall=5.349 cumulative=1667.067 peak_rss_kib=60143744
SLIM_PROGRESS runs=278986752/1859825862 resolve_wall=70.722 lce_wall=1330.704 write_wall=2.039 lf_steps=0 cache_hits=0
SLIM_PHASE query-chunks wall=5.115 cumulative=1672.183 peak_rss_kib=60145648
SLIM_PROGRESS runs=280035328/1859825862 resolve_wall=70.984 lce_wall=1335.751 write_wall=2.046 lf_steps=0 cache_hits=0
SLIM_PHASE query-chunks wall=5.317 cumulative=1677.500 peak_rss_kib=60150396
SLIM_PROGRESS runs=281083904/1859825862 resolve_wall=71.246 lce_wall=1340.857 write_wall=2.054 lf_steps=0 cache_hits=0
SLIM_PHASE query-chunks wall=5.376 cumulative=1682.876 peak_rss_kib=60163188
SLIM_PROGRESS runs=282132480/1859825862 resolve_wall=71.508 lce_wall=1346.253 write_wall=2.062 lf_steps=0 cache_hits=0
SLIM_PHASE query-chunks wall=5.665 cumulative=1688.541 peak_rss_kib=60165764
SLIM_PROGRESS runs=283181056/1859825862 resolve_wall=71.764 lce_wall=1351.363 write_wall=2.069 lf_steps=0 cache_hits=0
SLIM_PHASE query-chunks wall=5.374 cumulative=1693.915 peak_rss_kib=60184820
SLIM_PROGRESS runs=284229632/1859825862 resolve_wall=72.033 lce_wall=1356.533 write_wall=2.077 lf_steps=0 cache_hits=0
SLIM_PHASE query-chunks wall=5.446 cumulative=1699.362 peak_rss_kib=60189356
SLIM_PROGRESS runs=285278208/1859825862 resolve_wall=72.295 lce_wall=1361.701 write_wall=2.084 lf_steps=0 cache_hits=0
SLIM_PHASE query-chunks wall=5.438 cumulative=1704.799 peak_rss_kib=60201996
SLIM_PROGRESS runs=286326784/1859825862 resolve_wall=72.564 lce_wall=1366.477 write_wall=2.091 lf_steps=0 cache_hits=0
SLIM_PHASE query-chunks wall=5.052 cumulative=1709.851 peak_rss_kib=60209228
SLIM_PROGRESS runs=287375360/1859825862 resolve_wall=72.834 lce_wall=1371.005 write_wall=2.099 lf_steps=0 cache_hits=0
SLIM_PHASE query-chunks wall=4.806 cumulative=1714.657 peak_rss_kib=60221336
SLIM_PROGRESS runs=288423936/1859825862 resolve_wall=73.096 lce_wall=1375.396 write_wall=2.106 lf_steps=0 cache_hits=0
SLIM_PHASE query-chunks wall=4.661 cumulative=1719.318 peak_rss_kib=60234488
SLIM_PROGRESS runs=289472512/1859825862 resolve_wall=73.359 lce_wall=1380.116 write_wall=2.113 lf_steps=0 cache_hits=0
SLIM_PHASE query-chunks wall=4.991 cumulative=1724.309 peak_rss_kib=60244184
SLIM_PROGRESS runs=290521088/1859825862 resolve_wall=73.620 lce_wall=1384.673 write_wall=2.120 lf_steps=0 cache_hits=0
SLIM_PHASE query-chunks wall=4.825 cumulative=1729.134 peak_rss_kib=60252828
SLIM_PROGRESS runs=291569664/1859825862 resolve_wall=73.899 lce_wall=1389.202 write_wall=2.127 lf_steps=0 cache_hits=0
SLIM_PHASE query-chunks wall=4.814 cumulative=1733.948 peak_rss_kib=60256020
SLIM_PROGRESS runs=292618240/1859825862 resolve_wall=74.171 lce_wall=1393.866 write_wall=2.134 lf_steps=0 cache_hits=0
SLIM_PHASE query-chunks wall=4.944 cumulative=1738.892 peak_rss_kib=60262664
SLIM_PROGRESS runs=293666816/1859825862 resolve_wall=74.432 lce_wall=1398.558 write_wall=2.142 lf_steps=0 cache_hits=0
SLIM_PHASE query-chunks wall=4.960 cumulative=1743.852 peak_rss_kib=60264040
SLIM_PROGRESS runs=294715392/1859825862 resolve_wall=74.691 lce_wall=1403.148 write_wall=2.149 lf_steps=0 cache_hits=0
SLIM_PHASE query-chunks wall=4.857 cumulative=1748.710 peak_rss_kib=60268148
SLIM_PROGRESS runs=295763968/1859825862 resolve_wall=74.950 lce_wall=1407.751 write_wall=2.156 lf_steps=0 cache_hits=0
SLIM_PHASE query-chunks wall=4.868 cumulative=1753.578 peak_rss_kib=60272472
SLIM_PROGRESS runs=296812544/1859825862 resolve_wall=75.208 lce_wall=1412.373 write_wall=2.164 lf_steps=0 cache_hits=0
SLIM_PHASE query-chunks wall=4.888 cumulative=1758.466 peak_rss_kib=60281296
SLIM_PROGRESS runs=297861120/1859825862 resolve_wall=75.467 lce_wall=1417.000 write_wall=2.171 lf_steps=0 cache_hits=0
SLIM_PHASE query-chunks wall=4.894 cumulative=1763.360 peak_rss_kib=60288624
SLIM_PROGRESS runs=298909696/1859825862 resolve_wall=75.733 lce_wall=1421.624 write_wall=2.179 lf_steps=0 cache_hits=0
SLIM_PHASE query-chunks wall=4.897 cumulative=1768.257 peak_rss_kib=60298904
SLIM_PROGRESS runs=299958272/1859825862 resolve_wall=75.997 lce_wall=1425.928 write_wall=2.186 lf_steps=0 cache_hits=0
SLIM_PHASE query-chunks wall=4.577 cumulative=1772.834 peak_rss_kib=60303224
SLIM_PROGRESS runs=301006848/1859825862 resolve_wall=76.247 lce_wall=1430.599 write_wall=2.194 lf_steps=0 cache_hits=0
SLIM_PHASE query-chunks wall=4.928 cumulative=1777.761 peak_rss_kib=60320300
SLIM_PROGRESS runs=302055424/1859825862 resolve_wall=76.508 lce_wall=1435.514 write_wall=2.202 lf_steps=0 cache_hits=0
SLIM_PHASE query-chunks wall=5.184 cumulative=1782.946 peak_rss_kib=60327724
SLIM_PROGRESS runs=303104000/1859825862 resolve_wall=76.761 lce_wall=1440.487 write_wall=2.209 lf_steps=0 cache_hits=0
SLIM_PHASE query-chunks wall=5.234 cumulative=1788.179 peak_rss_kib=60338476
SLIM_PROGRESS runs=304152576/1859825862 resolve_wall=77.018 lce_wall=1445.539 write_wall=2.216 lf_steps=0 cache_hits=0
SLIM_PHASE query-chunks wall=5.316 cumulative=1793.495 peak_rss_kib=60352440
SLIM_PROGRESS runs=305201152/1859825862 resolve_wall=77.276 lce_wall=1450.518 write_wall=2.224 lf_steps=0 cache_hits=0
SLIM_PHASE query-chunks wall=5.246 cumulative=1798.741 peak_rss_kib=60357548
SLIM_PROGRESS runs=306249728/1859825862 resolve_wall=77.537 lce_wall=1455.082 write_wall=2.231 lf_steps=0 cache_hits=0
SLIM_PHASE query-chunks wall=4.832 cumulative=1803.572 peak_rss_kib=60370752
SLIM_PROGRESS runs=307298304/1859825862 resolve_wall=77.806 lce_wall=1459.651 write_wall=2.238 lf_steps=0 cache_hits=0
SLIM_PHASE query-chunks wall=4.846 cumulative=1808.418 peak_rss_kib=60371536
SLIM_PROGRESS runs=308346880/1859825862 resolve_wall=78.083 lce_wall=1464.364 write_wall=2.245 lf_steps=0 cache_hits=0
SLIM_PHASE query-chunks wall=4.997 cumulative=1813.415 peak_rss_kib=60389216
SLIM_PROGRESS runs=309395456/1859825862 resolve_wall=78.350 lce_wall=1469.469 write_wall=2.252 lf_steps=0 cache_hits=0
SLIM_PHASE query-chunks wall=5.379 cumulative=1818.794 peak_rss_kib=60402372
SLIM_PROGRESS runs=310444032/1859825862 resolve_wall=78.613 lce_wall=1474.252 write_wall=2.260 lf_steps=0 cache_hits=0
SLIM_PHASE query-chunks wall=5.055 cumulative=1823.849 peak_rss_kib=60411076
SLIM_PROGRESS runs=311492608/1859825862 resolve_wall=78.868 lce_wall=1478.816 write_wall=2.267 lf_steps=0 cache_hits=0
SLIM_PHASE query-chunks wall=4.826 cumulative=1828.675 peak_rss_kib=60417636
SLIM_PROGRESS runs=312541184/1859825862 resolve_wall=79.134 lce_wall=1483.485 write_wall=2.275 lf_steps=0 cache_hits=0
SLIM_PHASE query-chunks wall=4.942 cumulative=1833.617 peak_rss_kib=60426328
SLIM_PROGRESS runs=313589760/1859825862 resolve_wall=79.411 lce_wall=1488.139 write_wall=2.282 lf_steps=0 cache_hits=0
SLIM_PHASE query-chunks wall=4.939 cumulative=1838.556 peak_rss_kib=60428936
SLIM_PROGRESS runs=314638336/1859825862 resolve_wall=79.694 lce_wall=1492.833 write_wall=2.289 lf_steps=0 cache_hits=0
SLIM_PHASE query-chunks wall=4.985 cumulative=1843.541 peak_rss_kib=60439592
SLIM_PROGRESS runs=315686912/1859825862 resolve_wall=79.975 lce_wall=1497.727 write_wall=2.296 lf_steps=0 cache_hits=0
SLIM_PHASE query-chunks wall=5.182 cumulative=1848.723 peak_rss_kib=60448412
SLIM_PROGRESS runs=316735488/1859825862 resolve_wall=80.245 lce_wall=1502.840 write_wall=2.304 lf_steps=0 cache_hits=0
SLIM_PHASE query-chunks wall=5.391 cumulative=1854.113 peak_rss_kib=60451260
SLIM_PROGRESS runs=317784064/1859825862 resolve_wall=80.519 lce_wall=1507.439 write_wall=2.311 lf_steps=0 cache_hits=0
SLIM_PHASE query-chunks wall=4.880 cumulative=1858.994 peak_rss_kib=60454452
SLIM_PROGRESS runs=318832640/1859825862 resolve_wall=80.787 lce_wall=1511.958 write_wall=2.318 lf_steps=0 cache_hits=0
SLIM_PHASE query-chunks wall=4.795 cumulative=1863.788 peak_rss_kib=60465240
SLIM_PROGRESS runs=319881216/1859825862 resolve_wall=81.056 lce_wall=1516.564 write_wall=2.326 lf_steps=0 cache_hits=0
SLIM_PHASE query-chunks wall=4.883 cumulative=1868.671 peak_rss_kib=60478716
SLIM_PROGRESS runs=320929792/1859825862 resolve_wall=81.329 lce_wall=1521.133 write_wall=2.334 lf_steps=0 cache_hits=0
SLIM_PHASE query-chunks wall=4.850 cumulative=1873.521 peak_rss_kib=60493388
SLIM_PROGRESS runs=321978368/1859825862 resolve_wall=81.604 lce_wall=1526.054 write_wall=2.342 lf_steps=0 cache_hits=0
SLIM_PHASE query-chunks wall=5.203 cumulative=1878.725 peak_rss_kib=60497196
SLIM_PROGRESS runs=323026944/1859825862 resolve_wall=81.872 lce_wall=1530.799 write_wall=2.349 lf_steps=0 cache_hits=0
SLIM_PHASE query-chunks wall=5.020 cumulative=1883.745 peak_rss_kib=60498604
SLIM_PROGRESS runs=324075520/1859825862 resolve_wall=82.126 lce_wall=1535.739 write_wall=2.356 lf_steps=0 cache_hits=0
SLIM_PHASE query-chunks wall=5.201 cumulative=1888.946 peak_rss_kib=60503644
SLIM_PROGRESS runs=325124096/1859825862 resolve_wall=82.389 lce_wall=1540.386 write_wall=2.363 lf_steps=0 cache_hits=0
SLIM_PHASE query-chunks wall=4.918 cumulative=1893.864 peak_rss_kib=60509868
SLIM_PROGRESS runs=326172672/1859825862 resolve_wall=82.647 lce_wall=1545.082 write_wall=2.370 lf_steps=0 cache_hits=0
SLIM_PHASE query-chunks wall=4.961 cumulative=1898.825 peak_rss_kib=60528724
SLIM_PROGRESS runs=327221248/1859825862 resolve_wall=82.898 lce_wall=1550.391 write_wall=2.377 lf_steps=0 cache_hits=0
SLIM_PHASE query-chunks wall=5.568 cumulative=1904.393 peak_rss_kib=60535084
SLIM_PROGRESS runs=328269824/1859825862 resolve_wall=83.147 lce_wall=1555.598 write_wall=2.385 lf_steps=0 cache_hits=0
SLIM_PHASE query-chunks wall=5.463 cumulative=1909.855 peak_rss_kib=60546220
SLIM_PROGRESS runs=329318400/1859825862 resolve_wall=83.404 lce_wall=1560.310 write_wall=2.392 lf_steps=0 cache_hits=0
SLIM_PHASE query-chunks wall=4.977 cumulative=1914.833 peak_rss_kib=60552492
SLIM_PROGRESS runs=330366976/1859825862 resolve_wall=83.661 lce_wall=1565.164 write_wall=2.400 lf_steps=0 cache_hits=0
SLIM_PHASE query-chunks wall=5.118 cumulative=1919.951 peak_rss_kib=60557196
SLIM_PROGRESS runs=331415552/1859825862 resolve_wall=83.915 lce_wall=1570.451 write_wall=2.407 lf_steps=0 cache_hits=0
SLIM_PHASE query-chunks wall=5.548 cumulative=1925.499 peak_rss_kib=60566092
SLIM_PROGRESS runs=332464128/1859825862 resolve_wall=84.172 lce_wall=1575.326 write_wall=2.414 lf_steps=0 cache_hits=0
SLIM_PHASE query-chunks wall=5.139 cumulative=1930.638 peak_rss_kib=60576748
SLIM_PROGRESS runs=333512704/1859825862 resolve_wall=84.431 lce_wall=1580.915 write_wall=2.422 lf_steps=0 cache_hits=0
SLIM_PHASE query-chunks wall=5.857 cumulative=1936.495 peak_rss_kib=60587980
SLIM_PROGRESS runs=334561280/1859825862 resolve_wall=84.695 lce_wall=1589.101 write_wall=2.431 lf_steps=0 cache_hits=0
SLIM_PHASE query-chunks wall=8.459 cumulative=1944.954 peak_rss_kib=60594252
SLIM_PROGRESS runs=335609856/1859825862 resolve_wall=84.960 lce_wall=1597.430 write_wall=2.439 lf_steps=0 cache_hits=0
SLIM_PHASE query-chunks wall=8.602 cumulative=1953.556 peak_rss_kib=60600620
SLIM_PROGRESS runs=336658432/1859825862 resolve_wall=85.231 lce_wall=1605.774 write_wall=2.448 lf_steps=0 cache_hits=0
SLIM_PHASE query-chunks wall=8.624 cumulative=1962.180 peak_rss_kib=60605172
SLIM_PROGRESS runs=337707008/1859825862 resolve_wall=85.497 lce_wall=1611.861 write_wall=2.456 lf_steps=0 cache_hits=0
SLIM_PHASE query-chunks wall=6.361 cumulative=1968.541 peak_rss_kib=60616184
SLIM_PROGRESS runs=338755584/1859825862 resolve_wall=85.760 lce_wall=1619.352 write_wall=2.464 lf_steps=0 cache_hits=0
SLIM_PHASE query-chunks wall=7.763 cumulative=1976.304 peak_rss_kib=60617416
SLIM_PROGRESS runs=339804160/1859825862 resolve_wall=86.028 lce_wall=1628.402 write_wall=2.472 lf_steps=0 cache_hits=0
SLIM_PHASE query-chunks wall=9.326 cumulative=1985.630 peak_rss_kib=60627624
SLIM_PROGRESS runs=340852736/1859825862 resolve_wall=86.293 lce_wall=1635.297 write_wall=2.481 lf_steps=0 cache_hits=0
SLIM_PHASE query-chunks wall=7.169 cumulative=1992.799 peak_rss_kib=60630340
SLIM_PROGRESS runs=341901312/1859825862 resolve_wall=86.554 lce_wall=1640.726 write_wall=2.489 lf_steps=0 cache_hits=0
SLIM_PHASE query-chunks wall=5.698 cumulative=1998.497 peak_rss_kib=60637552
SLIM_PROGRESS runs=342949888/1859825862 resolve_wall=86.814 lce_wall=1645.856 write_wall=2.497 lf_steps=0 cache_hits=0
SLIM_PHASE query-chunks wall=5.398 cumulative=2003.895 peak_rss_kib=60646280
SLIM_PROGRESS runs=343998464/1859825862 resolve_wall=87.086 lce_wall=1651.128 write_wall=2.504 lf_steps=0 cache_hits=0
SLIM_PHASE query-chunks wall=5.552 cumulative=2009.447 peak_rss_kib=60657056
SLIM_PROGRESS runs=345047040/1859825862 resolve_wall=87.357 lce_wall=1656.111 write_wall=2.511 lf_steps=0 cache_hits=0
SLIM_PHASE query-chunks wall=5.261 cumulative=2014.708 peak_rss_kib=60666048
SLIM_PROGRESS runs=346095616/1859825862 resolve_wall=87.627 lce_wall=1661.086 write_wall=2.519 lf_steps=0 cache_hits=0
SLIM_PHASE query-chunks wall=5.253 cumulative=2019.961 peak_rss_kib=60682464
SLIM_PROGRESS runs=347144192/1859825862 resolve_wall=87.899 lce_wall=1666.077 write_wall=2.526 lf_steps=0 cache_hits=0
SLIM_PHASE query-chunks wall=5.270 cumulative=2025.232 peak_rss_kib=60690168
SLIM_PROGRESS runs=348192768/1859825862 resolve_wall=88.170 lce_wall=1670.700 write_wall=2.534 lf_steps=0 cache_hits=0
SLIM_PHASE query-chunks wall=4.902 cumulative=2030.133 peak_rss_kib=60701620
SLIM_PROGRESS runs=349241344/1859825862 resolve_wall=88.440 lce_wall=1675.317 write_wall=2.541 lf_steps=0 cache_hits=0
SLIM_PHASE query-chunks wall=4.894 cumulative=2035.027 peak_rss_kib=60704572
SLIM_PROGRESS runs=350289920/1859825862 resolve_wall=88.702 lce_wall=1679.996 write_wall=2.548 lf_steps=0 cache_hits=0
SLIM_PHASE query-chunks wall=4.948 cumulative=2039.975 peak_rss_kib=60706980
SLIM_PROGRESS runs=351338496/1859825862 resolve_wall=88.963 lce_wall=1684.567 write_wall=2.556 lf_steps=0 cache_hits=0
SLIM_PHASE query-chunks wall=4.840 cumulative=2044.815 peak_rss_kib=60711064
SLIM_PROGRESS runs=352387072/1859825862 resolve_wall=89.238 lce_wall=1689.416 write_wall=2.563 lf_steps=0 cache_hits=0
SLIM_PHASE query-chunks wall=5.133 cumulative=2049.947 peak_rss_kib=60715720
SLIM_PROGRESS runs=353435648/1859825862 resolve_wall=89.506 lce_wall=1694.430 write_wall=2.573 lf_steps=0 cache_hits=0
SLIM_PHASE query-chunks wall=5.292 cumulative=2055.239 peak_rss_kib=60730824
SLIM_PROGRESS runs=354484224/1859825862 resolve_wall=89.768 lce_wall=1699.028 write_wall=2.580 lf_steps=0 cache_hits=0
SLIM_PHASE query-chunks wall=4.867 cumulative=2060.106 peak_rss_kib=60739148
SLIM_PROGRESS runs=355532800/1859825862 resolve_wall=90.047 lce_wall=1703.784 write_wall=2.590 lf_steps=0 cache_hits=0
SLIM_PHASE query-chunks wall=5.045 cumulative=2065.152 peak_rss_kib=60745628
SLIM_PROGRESS runs=356581376/1859825862 resolve_wall=90.312 lce_wall=1708.747 write_wall=2.599 lf_steps=0 cache_hits=0
SLIM_PHASE query-chunks wall=5.237 cumulative=2070.389 peak_rss_kib=60758124
SLIM_PROGRESS runs=357629952/1859825862 resolve_wall=90.569 lce_wall=1713.479 write_wall=2.607 lf_steps=0 cache_hits=0
SLIM_PHASE query-chunks wall=4.997 cumulative=2075.386 peak_rss_kib=60764660
SLIM_PROGRESS runs=358678528/1859825862 resolve_wall=90.822 lce_wall=1718.272 write_wall=2.614 lf_steps=0 cache_hits=0
SLIM_PHASE query-chunks wall=5.053 cumulative=2080.439 peak_rss_kib=60767200
SLIM_PROGRESS runs=359727104/1859825862 resolve_wall=91.077 lce_wall=1722.868 write_wall=2.622 lf_steps=0 cache_hits=0
SLIM_PHASE query-chunks wall=4.859 cumulative=2085.298 peak_rss_kib=60790000
SLIM_PROGRESS runs=360775680/1859825862 resolve_wall=91.337 lce_wall=1727.497 write_wall=2.629 lf_steps=0 cache_hits=0
SLIM_PHASE query-chunks wall=4.897 cumulative=2090.195 peak_rss_kib=60794856
SLIM_PROGRESS runs=361824256/1859825862 resolve_wall=91.604 lce_wall=1732.129 write_wall=2.637 lf_steps=0 cache_hits=0
SLIM_PHASE query-chunks wall=4.907 cumulative=2095.102 peak_rss_kib=60805800
SLIM_PROGRESS runs=362872832/1859825862 resolve_wall=91.867 lce_wall=1736.654 write_wall=2.644 lf_steps=0 cache_hits=0
SLIM_PHASE query-chunks wall=4.795 cumulative=2099.896 peak_rss_kib=60807464
SLIM_PROGRESS runs=363921408/1859825862 resolve_wall=92.126 lce_wall=1741.450 write_wall=2.651 lf_steps=0 cache_hits=0
SLIM_PHASE query-chunks wall=5.063 cumulative=2104.959 peak_rss_kib=60813744
SLIM_PROGRESS runs=364969984/1859825862 resolve_wall=92.379 lce_wall=1746.184 write_wall=2.658 lf_steps=0 cache_hits=0
SLIM_PHASE query-chunks wall=4.994 cumulative=2109.953 peak_rss_kib=60820480
SLIM_PROGRESS runs=366018560/1859825862 resolve_wall=92.642 lce_wall=1751.051 write_wall=2.666 lf_steps=0 cache_hits=0
SLIM_PHASE query-chunks wall=5.138 cumulative=2115.091 peak_rss_kib=60831652
SLIM_PROGRESS runs=367067136/1859825862 resolve_wall=92.902 lce_wall=1755.686 write_wall=2.674 lf_steps=0 cache_hits=0
SLIM_PHASE query-chunks wall=4.903 cumulative=2119.994 peak_rss_kib=60842464
SLIM_PROGRESS runs=368115712/1859825862 resolve_wall=93.152 lce_wall=1760.434 write_wall=2.681 lf_steps=0 cache_hits=0
SLIM_PHASE query-chunks wall=5.005 cumulative=2124.999 peak_rss_kib=60845600
SLIM_PROGRESS runs=369164288/1859825862 resolve_wall=93.406 lce_wall=1765.491 write_wall=2.688 lf_steps=0 cache_hits=0
SLIM_PHASE query-chunks wall=5.318 cumulative=2130.317 peak_rss_kib=60855968
SLIM_PROGRESS runs=370212864/1859825862 resolve_wall=93.662 lce_wall=1770.529 write_wall=2.695 lf_steps=0 cache_hits=0
SLIM_PHASE query-chunks wall=5.303 cumulative=2135.620 peak_rss_kib=60866624
SLIM_PROGRESS runs=371261440/1859825862 resolve_wall=93.921 lce_wall=1775.333 write_wall=2.703 lf_steps=0 cache_hits=0
SLIM_PHASE query-chunks wall=5.070 cumulative=2140.689 peak_rss_kib=60869376
SLIM_PROGRESS runs=372310016/1859825862 resolve_wall=94.177 lce_wall=1780.146 write_wall=2.711 lf_steps=0 cache_hits=0
SLIM_PHASE query-chunks wall=5.077 cumulative=2145.766 peak_rss_kib=60880132
SLIM_PROGRESS runs=373358592/1859825862 resolve_wall=94.440 lce_wall=1784.801 write_wall=2.718 lf_steps=0 cache_hits=0
SLIM_PHASE query-chunks wall=4.925 cumulative=2150.692 peak_rss_kib=60884836
SLIM_PROGRESS runs=374407168/1859825862 resolve_wall=94.701 lce_wall=1789.425 write_wall=2.725 lf_steps=0 cache_hits=0
SLIM_PHASE query-chunks wall=4.893 cumulative=2155.584 peak_rss_kib=60891168
SLIM_PROGRESS runs=375455744/1859825862 resolve_wall=94.954 lce_wall=1794.067 write_wall=2.732 lf_steps=0 cache_hits=0
SLIM_PHASE query-chunks wall=4.902 cumulative=2160.486 peak_rss_kib=60896452
SLIM_PROGRESS runs=376504320/1859825862 resolve_wall=95.214 lce_wall=1798.865 write_wall=2.739 lf_steps=0 cache_hits=0
SLIM_PHASE query-chunks wall=5.065 cumulative=2165.552 peak_rss_kib=60903032
SLIM_PROGRESS runs=377552896/1859825862 resolve_wall=95.480 lce_wall=1803.758 write_wall=2.746 lf_steps=0 cache_hits=0
SLIM_PHASE query-chunks wall=5.166 cumulative=2170.718 peak_rss_kib=60920120
SLIM_PROGRESS runs=378601472/1859825862 resolve_wall=95.742 lce_wall=1808.642 write_wall=2.754 lf_steps=0 cache_hits=0
SLIM_PHASE query-chunks wall=5.154 cumulative=2175.872 peak_rss_kib=60932620
SLIM_PROGRESS runs=379650048/1859825862 resolve_wall=96.003 lce_wall=1813.446 write_wall=2.761 lf_steps=0 cache_hits=0
SLIM_PHASE query-chunks wall=5.072 cumulative=2180.944 peak_rss_kib=60937520
SLIM_PROGRESS runs=380698624/1859825862 resolve_wall=96.259 lce_wall=1818.437 write_wall=2.768 lf_steps=0 cache_hits=0
SLIM_PHASE query-chunks wall=5.253 cumulative=2186.197 peak_rss_kib=60950884
SLIM_PROGRESS runs=381747200/1859825862 resolve_wall=96.517 lce_wall=1823.302 write_wall=2.776 lf_steps=0 cache_hits=0
SLIM_PHASE query-chunks wall=5.132 cumulative=2191.329 peak_rss_kib=60962116
SLIM_PROGRESS runs=382795776/1859825862 resolve_wall=96.775 lce_wall=1828.683 write_wall=2.784 lf_steps=0 cache_hits=0
SLIM_PHASE query-chunks wall=5.647 cumulative=2196.976 peak_rss_kib=60964984
SLIM_PROGRESS runs=383844352/1859825862 resolve_wall=97.042 lce_wall=1834.016 write_wall=2.792 lf_steps=0 cache_hits=0
SLIM_PHASE query-chunks wall=5.608 cumulative=2202.585 peak_rss_kib=60974216
SLIM_PROGRESS runs=384892928/1859825862 resolve_wall=97.304 lce_wall=1839.469 write_wall=2.799 lf_steps=0 cache_hits=0
SLIM_PHASE query-chunks wall=5.722 cumulative=2208.306 peak_rss_kib=60983448
SLIM_PROGRESS runs=385941504/1859825862 resolve_wall=97.567 lce_wall=1844.809 write_wall=2.807 lf_steps=0 cache_hits=0
SLIM_PHASE query-chunks wall=5.612 cumulative=2213.918 peak_rss_kib=60985720
SLIM_PROGRESS runs=386990080/1859825862 resolve_wall=97.833 lce_wall=1850.606 write_wall=2.815 lf_steps=0 cache_hits=0
SLIM_PHASE query-chunks wall=6.070 cumulative=2219.989 peak_rss_kib=60998856
SLIM_PROGRESS runs=388038656/1859825862 resolve_wall=98.095 lce_wall=1855.056 write_wall=2.822 lf_steps=0 cache_hits=0
SLIM_PHASE query-chunks wall=4.720 cumulative=2224.709 peak_rss_kib=61005608
SLIM_PROGRESS runs=389087232/1859825862 resolve_wall=98.352 lce_wall=1860.730 write_wall=2.830 lf_steps=0 cache_hits=0
SLIM_PHASE query-chunks wall=5.939 cumulative=2230.648 peak_rss_kib=61009832
SLIM_PROGRESS runs=390135808/1859825862 resolve_wall=98.623 lce_wall=1867.232 write_wall=2.839 lf_steps=0 cache_hits=0
SLIM_PHASE query-chunks wall=6.782 cumulative=2237.430 peak_rss_kib=61017292
SLIM_PROGRESS runs=391184384/1859825862 resolve_wall=98.884 lce_wall=1873.084 write_wall=2.849 lf_steps=0 cache_hits=0
SLIM_PHASE query-chunks wall=6.123 cumulative=2243.552 peak_rss_kib=61024428
SLIM_PROGRESS runs=392232960/1859825862 resolve_wall=99.142 lce_wall=1878.620 write_wall=2.857 lf_steps=0 cache_hits=0
SLIM_PHASE query-chunks wall=5.803 cumulative=2249.356 peak_rss_kib=61025248
SLIM_PROGRESS runs=393281536/1859825862 resolve_wall=99.406 lce_wall=1883.954 write_wall=2.865 lf_steps=0 cache_hits=0
SLIM_PHASE query-chunks wall=5.606 cumulative=2254.961 peak_rss_kib=61025248
SLIM_PROGRESS runs=394330112/1859825862 resolve_wall=99.669 lce_wall=1889.176 write_wall=2.873 lf_steps=0 cache_hits=0
SLIM_PHASE query-chunks wall=5.493 cumulative=2260.454 peak_rss_kib=61037292
SLIM_PROGRESS runs=395378688/1859825862 resolve_wall=99.932 lce_wall=1893.908 write_wall=2.880 lf_steps=0 cache_hits=0
SLIM_PHASE query-chunks wall=5.003 cumulative=2265.457 peak_rss_kib=61050284
SLIM_PROGRESS runs=396427264/1859825862 resolve_wall=100.198 lce_wall=1898.658 write_wall=2.888 lf_steps=0 cache_hits=0
SLIM_PHASE query-chunks wall=5.024 cumulative=2270.480 peak_rss_kib=61066844
SLIM_PROGRESS runs=397475840/1859825862 resolve_wall=100.460 lce_wall=1903.367 write_wall=2.895 lf_steps=0 cache_hits=0
SLIM_PHASE query-chunks wall=4.978 cumulative=2275.459 peak_rss_kib=61073740
SLIM_PROGRESS runs=398524416/1859825862 resolve_wall=100.720 lce_wall=1908.333 write_wall=2.903 lf_steps=0 cache_hits=0
SLIM_PHASE query-chunks wall=5.234 cumulative=2280.693 peak_rss_kib=61080444
SLIM_PROGRESS runs=399572992/1859825862 resolve_wall=100.984 lce_wall=1913.093 write_wall=2.910 lf_steps=0 cache_hits=0
SLIM_PHASE query-chunks wall=5.032 cumulative=2285.724 peak_rss_kib=61082956
SLIM_PROGRESS runs=400621568/1859825862 resolve_wall=101.247 lce_wall=1917.596 write_wall=2.917 lf_steps=0 cache_hits=0
SLIM_PHASE query-chunks wall=4.774 cumulative=2290.498 peak_rss_kib=61093872
SLIM_PROGRESS runs=401670144/1859825862 resolve_wall=101.509 lce_wall=1922.726 write_wall=2.925 lf_steps=0 cache_hits=0
SLIM_PHASE query-chunks wall=5.399 cumulative=2295.897 peak_rss_kib=61104824
SLIM_PROGRESS runs=402718720/1859825862 resolve_wall=101.773 lce_wall=1927.723 write_wall=2.933 lf_steps=0 cache_hits=0
SLIM_PHASE query-chunks wall=5.269 cumulative=2301.166 peak_rss_kib=61109828
SLIM_PROGRESS runs=403767296/1859825862 resolve_wall=102.039 lce_wall=1932.402 write_wall=2.940 lf_steps=0 cache_hits=0
SLIM_PHASE query-chunks wall=4.952 cumulative=2306.118 peak_rss_kib=61118844
SLIM_PROGRESS runs=404815872/1859825862 resolve_wall=102.307 lce_wall=1937.271 write_wall=2.947 lf_steps=0 cache_hits=0
SLIM_PHASE query-chunks wall=5.145 cumulative=2311.263 peak_rss_kib=61123356
SLIM_PROGRESS runs=405864448/1859825862 resolve_wall=102.567 lce_wall=1941.974 write_wall=2.955 lf_steps=0 cache_hits=0
SLIM_PHASE query-chunks wall=4.971 cumulative=2316.234 peak_rss_kib=61134044
SLIM_PROGRESS runs=406913024/1859825862 resolve_wall=102.842 lce_wall=1946.835 write_wall=2.962 lf_steps=0 cache_hits=0
SLIM_PHASE query-chunks wall=5.143 cumulative=2321.377 peak_rss_kib=61139420
SLIM_PROGRESS runs=407961600/1859825862 resolve_wall=103.108 lce_wall=1951.497 write_wall=2.970 lf_steps=0 cache_hits=0
SLIM_PHASE query-chunks wall=4.935 cumulative=2326.313 peak_rss_kib=61145800
SLIM_PROGRESS runs=409010176/1859825862 resolve_wall=103.373 lce_wall=1956.078 write_wall=2.977 lf_steps=0 cache_hits=0
SLIM_PHASE query-chunks wall=4.853 cumulative=2331.165 peak_rss_kib=61152504
SLIM_PROGRESS runs=410058752/1859825862 resolve_wall=103.642 lce_wall=1960.674 write_wall=2.984 lf_steps=0 cache_hits=0
SLIM_PHASE query-chunks wall=4.873 cumulative=2336.038 peak_rss_kib=61163928
SLIM_PROGRESS runs=411107328/1859825862 resolve_wall=103.914 lce_wall=1965.474 write_wall=2.991 lf_steps=0 cache_hits=0
SLIM_PHASE query-chunks wall=5.080 cumulative=2341.119 peak_rss_kib=61166972
SLIM_PROGRESS runs=412155904/1859825862 resolve_wall=104.175 lce_wall=1970.436 write_wall=2.998 lf_steps=0 cache_hits=0
SLIM_PHASE query-chunks wall=5.230 cumulative=2346.348 peak_rss_kib=61169252
SLIM_PROGRESS runs=413204480/1859825862 resolve_wall=104.433 lce_wall=1975.572 write_wall=3.006 lf_steps=0 cache_hits=0
SLIM_PHASE query-chunks wall=5.401 cumulative=2351.749 peak_rss_kib=61178416
SLIM_PROGRESS runs=414253056/1859825862 resolve_wall=104.694 lce_wall=1980.799 write_wall=3.014 lf_steps=0 cache_hits=0
SLIM_PHASE query-chunks wall=5.496 cumulative=2357.245 peak_rss_kib=61187172
SLIM_PROGRESS runs=415301632/1859825862 resolve_wall=104.950 lce_wall=1986.148 write_wall=3.021 lf_steps=0 cache_hits=0
SLIM_PHASE query-chunks wall=5.614 cumulative=2362.859 peak_rss_kib=61199876
SLIM_PROGRESS runs=416350208/1859825862 resolve_wall=105.213 lce_wall=1991.464 write_wall=3.029 lf_steps=0 cache_hits=0
SLIM_PHASE query-chunks wall=5.586 cumulative=2368.445 peak_rss_kib=61205548
SLIM_PROGRESS runs=417398784/1859825862 resolve_wall=105.471 lce_wall=1996.826 write_wall=3.037 lf_steps=0 cache_hits=0
SLIM_PHASE query-chunks wall=5.629 cumulative=2374.073 peak_rss_kib=61220400
SLIM_PROGRESS runs=418447360/1859825862 resolve_wall=105.734 lce_wall=2001.982 write_wall=3.048 lf_steps=0 cache_hits=0
SLIM_PHASE query-chunks wall=5.430 cumulative=2379.503 peak_rss_kib=61229680
SLIM_PROGRESS runs=419495936/1859825862 resolve_wall=105.992 lce_wall=2007.247 write_wall=3.058 lf_steps=0 cache_hits=0
SLIM_PHASE query-chunks wall=5.534 cumulative=2385.037 peak_rss_kib=61235852
SLIM_PROGRESS runs=420544512/1859825862 resolve_wall=106.256 lce_wall=2012.566 write_wall=3.070 lf_steps=0 cache_hits=0
SLIM_PHASE query-chunks wall=5.595 cumulative=2390.632 peak_rss_kib=61243180
SLIM_PROGRESS runs=421593088/1859825862 resolve_wall=106.512 lce_wall=2017.715 write_wall=3.079 lf_steps=0 cache_hits=0
SLIM_PHASE query-chunks wall=5.414 cumulative=2396.046 peak_rss_kib=61247500
SLIM_PROGRESS runs=422641664/1859825862 resolve_wall=106.774 lce_wall=2022.792 write_wall=3.086 lf_steps=0 cache_hits=0
SLIM_PHASE query-chunks wall=5.347 cumulative=2401.393 peak_rss_kib=61257904
SLIM_PROGRESS runs=423690240/1859825862 resolve_wall=107.038 lce_wall=2027.854 write_wall=3.093 lf_steps=0 cache_hits=0
SLIM_PHASE query-chunks wall=5.333 cumulative=2406.726 peak_rss_kib=61262604
SLIM_PROGRESS runs=424738816/1859825862 resolve_wall=107.305 lce_wall=2033.066 write_wall=3.102 lf_steps=0 cache_hits=0
SLIM_PHASE query-chunks wall=5.487 cumulative=2412.214 peak_rss_kib=61269548
SLIM_PROGRESS runs=425787392/1859825862 resolve_wall=107.570 lce_wall=2038.171 write_wall=3.109 lf_steps=0 cache_hits=0
SLIM_PHASE query-chunks wall=5.378 cumulative=2417.591 peak_rss_kib=61282376
SLIM_PROGRESS runs=426835968/1859825862 resolve_wall=107.831 lce_wall=2043.491 write_wall=3.117 lf_steps=0 cache_hits=0
SLIM_PHASE query-chunks wall=5.589 cumulative=2423.180 peak_rss_kib=61291316
SLIM_PROGRESS runs=427884544/1859825862 resolve_wall=108.089 lce_wall=2048.665 write_wall=3.124 lf_steps=0 cache_hits=0
SLIM_PHASE query-chunks wall=5.439 cumulative=2428.619 peak_rss_kib=61295968
SLIM_PROGRESS runs=428933120/1859825862 resolve_wall=108.357 lce_wall=2053.691 write_wall=3.132 lf_steps=0 cache_hits=0
SLIM_PHASE query-chunks wall=5.303 cumulative=2433.922 peak_rss_kib=61303104
SLIM_PROGRESS runs=429981696/1859825862 resolve_wall=108.616 lce_wall=2058.796 write_wall=3.139 lf_steps=0 cache_hits=0
SLIM_PHASE query-chunks wall=5.372 cumulative=2439.294 peak_rss_kib=61312480
SLIM_PROGRESS runs=431030272/1859825862 resolve_wall=108.876 lce_wall=2063.647 write_wall=3.147 lf_steps=0 cache_hits=0
SLIM_PHASE query-chunks wall=5.117 cumulative=2444.411 peak_rss_kib=61319408
SLIM_PROGRESS runs=432078848/1859825862 resolve_wall=109.138 lce_wall=2068.581 write_wall=3.154 lf_steps=0 cache_hits=0
SLIM_PHASE query-chunks wall=5.204 cumulative=2449.615 peak_rss_kib=61332368
SLIM_PROGRESS runs=433127424/1859825862 resolve_wall=109.404 lce_wall=2073.290 write_wall=3.161 lf_steps=0 cache_hits=0
SLIM_PHASE query-chunks wall=4.983 cumulative=2454.598 peak_rss_kib=61344976
SLIM_PROGRESS runs=434176000/1859825862 resolve_wall=109.678 lce_wall=2077.980 write_wall=3.168 lf_steps=0 cache_hits=0
SLIM_PHASE query-chunks wall=4.971 cumulative=2459.569 peak_rss_kib=61350908
SLIM_PROGRESS runs=435224576/1859825862 resolve_wall=109.931 lce_wall=2082.610 write_wall=3.176 lf_steps=0 cache_hits=0
SLIM_PHASE query-chunks wall=4.890 cumulative=2464.459 peak_rss_kib=61363200
SLIM_PROGRESS runs=436273152/1859825862 resolve_wall=110.198 lce_wall=2087.610 write_wall=3.186 lf_steps=0 cache_hits=0
SLIM_PHASE query-chunks wall=5.277 cumulative=2469.736 peak_rss_kib=61374048
SLIM_PROGRESS runs=437321728/1859825862 resolve_wall=110.443 lce_wall=2092.678 write_wall=3.194 lf_steps=0 cache_hits=0
SLIM_PHASE query-chunks wall=5.322 cumulative=2475.059 peak_rss_kib=61384704
SLIM_PROGRESS runs=438370304/1859825862 resolve_wall=110.684 lce_wall=2098.724 write_wall=3.202 lf_steps=0 cache_hits=0
SLIM_PHASE query-chunks wall=6.294 cumulative=2481.352 peak_rss_kib=61393600
SLIM_PROGRESS runs=439418880/1859825862 resolve_wall=110.937 lce_wall=2105.472 write_wall=3.210 lf_steps=0 cache_hits=0
SLIM_PHASE query-chunks wall=7.010 cumulative=2488.362 peak_rss_kib=61400084
SLIM_PROGRESS runs=440467456/1859825862 resolve_wall=111.187 lce_wall=2110.940 write_wall=3.218 lf_steps=0 cache_hits=0
SLIM_PHASE query-chunks wall=5.726 cumulative=2494.088 peak_rss_kib=61409172
SLIM_PROGRESS runs=441516032/1859825862 resolve_wall=111.435 lce_wall=2115.883 write_wall=3.226 lf_steps=0 cache_hits=0
SLIM_PHASE query-chunks wall=5.199 cumulative=2499.287 peak_rss_kib=61415444
SLIM_PROGRESS runs=442564608/1859825862 resolve_wall=111.690 lce_wall=2120.588 write_wall=3.234 lf_steps=0 cache_hits=0
SLIM_PHASE query-chunks wall=4.969 cumulative=2504.256 peak_rss_kib=61424496
SLIM_PROGRESS runs=443613184/1859825862 resolve_wall=111.948 lce_wall=2125.567 write_wall=3.242 lf_steps=0 cache_hits=0
SLIM_PHASE query-chunks wall=5.244 cumulative=2509.500 peak_rss_kib=61429008
SLIM_PROGRESS runs=444661760/1859825862 resolve_wall=112.195 lce_wall=2130.383 write_wall=3.249 lf_steps=0 cache_hits=0
SLIM_PHASE query-chunks wall=5.071 cumulative=2514.571 peak_rss_kib=61434000
SLIM_PROGRESS runs=445710336/1859825862 resolve_wall=112.446 lce_wall=2135.099 write_wall=3.257 lf_steps=0 cache_hits=0
SLIM_PHASE query-chunks wall=4.975 cumulative=2519.546 peak_rss_kib=61440464
SLIM_PROGRESS runs=446758912/1859825862 resolve_wall=112.695 lce_wall=2139.963 write_wall=3.265 lf_steps=0 cache_hits=0
SLIM_PHASE query-chunks wall=5.122 cumulative=2524.668 peak_rss_kib=61442996
SLIM_PROGRESS runs=447807488/1859825862 resolve_wall=112.952 lce_wall=2144.681 write_wall=3.272 lf_steps=0 cache_hits=0
SLIM_PHASE query-chunks wall=4.981 cumulative=2529.649 peak_rss_kib=61449644
SLIM_PROGRESS runs=448856064/1859825862 resolve_wall=113.215 lce_wall=2149.354 write_wall=3.279 lf_steps=0 cache_hits=0
SLIM_PHASE query-chunks wall=4.945 cumulative=2534.594 peak_rss_kib=61460660
SLIM_PROGRESS runs=449904640/1859825862 resolve_wall=113.475 lce_wall=2153.999 write_wall=3.286 lf_steps=0 cache_hits=0
SLIM_PHASE query-chunks wall=4.912 cumulative=2539.505 peak_rss_kib=61469532
SLIM_PROGRESS runs=450953216/1859825862 resolve_wall=113.731 lce_wall=2158.520 write_wall=3.293 lf_steps=0 cache_hits=0
SLIM_PHASE query-chunks wall=4.784 cumulative=2544.289 peak_rss_kib=61472960
SLIM_PROGRESS runs=452001792/1859825862 resolve_wall=113.987 lce_wall=2163.074 write_wall=3.300 lf_steps=0 cache_hits=0
SLIM_PHASE query-chunks wall=4.817 cumulative=2549.107 peak_rss_kib=61477396
SLIM_PROGRESS runs=453050368/1859825862 resolve_wall=114.241 lce_wall=2168.125 write_wall=3.308 lf_steps=0 cache_hits=0
SLIM_PHASE query-chunks wall=5.312 cumulative=2554.419 peak_rss_kib=61490916
SLIM_PROGRESS runs=454098944/1859825862 resolve_wall=114.496 lce_wall=2173.401 write_wall=3.315 lf_steps=0 cache_hits=0
SLIM_PHASE query-chunks wall=5.540 cumulative=2559.959 peak_rss_kib=61496436
SLIM_PROGRESS runs=455147520/1859825862 resolve_wall=114.761 lce_wall=2178.237 write_wall=3.323 lf_steps=0 cache_hits=0
SLIM_PHASE query-chunks wall=5.108 cumulative=2565.067 peak_rss_kib=61500796
SLIM_PROGRESS runs=456196096/1859825862 resolve_wall=115.014 lce_wall=2182.904 write_wall=3.330 lf_steps=0 cache_hits=0
SLIM_PHASE query-chunks wall=4.927 cumulative=2569.994 peak_rss_kib=61508252
SLIM_PROGRESS runs=457244672/1859825862 resolve_wall=115.275 lce_wall=2187.491 write_wall=3.337 lf_steps=0 cache_hits=0
SLIM_PHASE query-chunks wall=4.856 cumulative=2574.850 peak_rss_kib=61508476
SLIM_PROGRESS runs=458293248/1859825862 resolve_wall=115.531 lce_wall=2192.059 write_wall=3.344 lf_steps=0 cache_hits=0
SLIM_PHASE query-chunks wall=4.831 cumulative=2579.681 peak_rss_kib=61531456
SLIM_PROGRESS runs=459341824/1859825862 resolve_wall=115.791 lce_wall=2196.656 write_wall=3.352 lf_steps=0 cache_hits=0
SLIM_PHASE query-chunks wall=4.865 cumulative=2584.545 peak_rss_kib=61538808
SLIM_PROGRESS runs=460390400/1859825862 resolve_wall=116.055 lce_wall=2201.249 write_wall=3.359 lf_steps=0 cache_hits=0
SLIM_PHASE query-chunks wall=4.865 cumulative=2589.410 peak_rss_kib=61547432
SLIM_PROGRESS runs=461438976/1859825862 resolve_wall=116.321 lce_wall=2205.929 write_wall=3.367 lf_steps=0 cache_hits=0
SLIM_PHASE query-chunks wall=4.953 cumulative=2594.363 peak_rss_kib=61550700
SLIM_PROGRESS runs=462487552/1859825862 resolve_wall=116.589 lce_wall=2210.837 write_wall=3.374 lf_steps=0 cache_hits=0
SLIM_PHASE query-chunks wall=5.184 cumulative=2599.547 peak_rss_kib=61552852
SLIM_PROGRESS runs=463536128/1859825862 resolve_wall=116.851 lce_wall=2215.379 write_wall=3.382 lf_steps=0 cache_hits=0
SLIM_PHASE query-chunks wall=4.812 cumulative=2604.359 peak_rss_kib=61559164
SLIM_PROGRESS runs=464584704/1859825862 resolve_wall=117.107 lce_wall=2219.790 write_wall=3.389 lf_steps=0 cache_hits=0
SLIM_PHASE query-chunks wall=4.674 cumulative=2609.034 peak_rss_kib=61570204
SLIM_PROGRESS runs=465633280/1859825862 resolve_wall=117.365 lce_wall=2224.266 write_wall=3.396 lf_steps=0 cache_hits=0
SLIM_PHASE query-chunks wall=4.742 cumulative=2613.775 peak_rss_kib=61580476
SLIM_PROGRESS runs=466681856/1859825862 resolve_wall=117.624 lce_wall=2228.840 write_wall=3.404 lf_steps=0 cache_hits=0
SLIM_PHASE query-chunks wall=4.840 cumulative=2618.615 peak_rss_kib=61591036
SLIM_PROGRESS runs=467730432/1859825862 resolve_wall=117.885 lce_wall=2233.400 write_wall=3.411 lf_steps=0 cache_hits=0
SLIM_PHASE query-chunks wall=4.828 cumulative=2623.443 peak_rss_kib=61596320
SLIM_PROGRESS runs=468779008/1859825862 resolve_wall=118.142 lce_wall=2238.337 write_wall=3.418 lf_steps=0 cache_hits=0
SLIM_PHASE query-chunks wall=5.202 cumulative=2628.645 peak_rss_kib=61599568
SLIM_PROGRESS runs=469827584/1859825862 resolve_wall=118.406 lce_wall=2243.236 write_wall=3.425 lf_steps=0 cache_hits=0
SLIM_PHASE query-chunks wall=5.170 cumulative=2633.815 peak_rss_kib=61608112
SLIM_PROGRESS runs=470876160/1859825862 resolve_wall=118.672 lce_wall=2248.305 write_wall=3.433 lf_steps=0 cache_hits=0
SLIM_PHASE query-chunks wall=5.343 cumulative=2639.158 peak_rss_kib=61612996
SLIM_PROGRESS runs=471924736/1859825862 resolve_wall=118.943 lce_wall=2253.457 write_wall=3.440 lf_steps=0 cache_hits=0
SLIM_PHASE query-chunks wall=5.431 cumulative=2644.589 peak_rss_kib=61619652
SLIM_PROGRESS runs=472973312/1859825862 resolve_wall=119.204 lce_wall=2258.573 write_wall=3.448 lf_steps=0 cache_hits=0
SLIM_PHASE query-chunks wall=5.384 cumulative=2649.973 peak_rss_kib=61632740
SLIM_PROGRESS runs=474021888/1859825862 resolve_wall=119.464 lce_wall=2263.889 write_wall=3.455 lf_steps=0 cache_hits=0
SLIM_PHASE query-chunks wall=5.584 cumulative=2655.557 peak_rss_kib=61647812
SLIM_PROGRESS runs=475070464/1859825862 resolve_wall=119.736 lce_wall=2270.165 write_wall=3.464 lf_steps=0 cache_hits=0
SLIM_PHASE query-chunks wall=6.557 cumulative=2662.114 peak_rss_kib=61662808
SLIM_PROGRESS runs=476119040/1859825862 resolve_wall=120.015 lce_wall=2276.556 write_wall=3.473 lf_steps=0 cache_hits=0
SLIM_PHASE query-chunks wall=6.679 cumulative=2668.793 peak_rss_kib=61669516
SLIM_PROGRESS runs=477167616/1859825862 resolve_wall=120.292 lce_wall=2282.958 write_wall=3.482 lf_steps=0 cache_hits=0
SLIM_PHASE query-chunks wall=6.687 cumulative=2675.480 peak_rss_kib=61674560
SLIM_PROGRESS runs=478216192/1859825862 resolve_wall=120.571 lce_wall=2289.375 write_wall=3.490 lf_steps=0 cache_hits=0
SLIM_PHASE query-chunks wall=6.705 cumulative=2682.185 peak_rss_kib=61676324
SLIM_PROGRESS runs=479264768/1859825862 resolve_wall=120.858 lce_wall=2295.934 write_wall=3.499 lf_steps=0 cache_hits=0
SLIM_PHASE query-chunks wall=6.856 cumulative=2689.041 peak_rss_kib=61693016
SLIM_PROGRESS runs=480313344/1859825862 resolve_wall=121.118 lce_wall=2303.999 write_wall=3.508 lf_steps=0 cache_hits=0
SLIM_PHASE query-chunks wall=8.333 cumulative=2697.374 peak_rss_kib=61695368
SLIM_PROGRESS runs=481361920/1859825862 resolve_wall=121.397 lce_wall=2312.771 write_wall=3.518 lf_steps=0 cache_hits=0
SLIM_PHASE query-chunks wall=9.062 cumulative=2706.436 peak_rss_kib=61704196
SLIM_PROGRESS runs=482410496/1859825862 resolve_wall=121.669 lce_wall=2321.684 write_wall=3.529 lf_steps=0 cache_hits=0
SLIM_PHASE query-chunks wall=9.196 cumulative=2715.632 peak_rss_kib=61708680
SLIM_PROGRESS runs=483459072/1859825862 resolve_wall=121.968 lce_wall=2329.485 write_wall=3.540 lf_steps=0 cache_hits=0
SLIM_PHASE query-chunks wall=8.111 cumulative=2723.744 peak_rss_kib=61717728
SLIM_PROGRESS runs=484507648/1859825862 resolve_wall=122.264 lce_wall=2337.452 write_wall=3.551 lf_steps=0 cache_hits=0
SLIM_PHASE query-chunks wall=8.274 cumulative=2732.018 peak_rss_kib=61734420
SLIM_PROGRESS runs=485556224/1859825862 resolve_wall=122.542 lce_wall=2345.381 write_wall=3.565 lf_steps=0 cache_hits=0
SLIM_PHASE query-chunks wall=8.221 cumulative=2740.239 peak_rss_kib=61738420
SLIM_PROGRESS runs=486604800/1859825862 resolve_wall=122.822 lce_wall=2353.247 write_wall=3.576 lf_steps=0 cache_hits=0
SLIM_PHASE query-chunks wall=8.156 cumulative=2748.396 peak_rss_kib=61747804
SLIM_PROGRESS runs=487653376/1859825862 resolve_wall=123.117 lce_wall=2360.807 write_wall=3.585 lf_steps=0 cache_hits=0
SLIM_PHASE query-chunks wall=7.865 cumulative=2756.260 peak_rss_kib=61756596
SLIM_PROGRESS runs=488701952/1859825862 resolve_wall=123.407 lce_wall=2368.728 write_wall=3.597 lf_steps=0 cache_hits=0
SLIM_PHASE query-chunks wall=8.222 cumulative=2764.482 peak_rss_kib=61763416
SLIM_PROGRESS runs=489750528/1859825862 resolve_wall=123.706 lce_wall=2376.077 write_wall=3.607 lf_steps=0 cache_hits=0
SLIM_PHASE query-chunks wall=7.658 cumulative=2772.141 peak_rss_kib=61774360
SLIM_PROGRESS runs=490799104/1859825862 resolve_wall=123.992 lce_wall=2384.358 write_wall=3.616 lf_steps=0 cache_hits=0
SLIM_PHASE query-chunks wall=8.577 cumulative=2780.718 peak_rss_kib=61783040
SLIM_PROGRESS runs=491847680/1859825862 resolve_wall=124.270 lce_wall=2392.706 write_wall=3.629 lf_steps=0 cache_hits=0
SLIM_PHASE query-chunks wall=8.639 cumulative=2789.357 peak_rss_kib=61786560
SLIM_PROGRESS runs=492896256/1859825862 resolve_wall=124.551 lce_wall=2401.093 write_wall=3.639 lf_steps=0 cache_hits=0
SLIM_PHASE query-chunks wall=8.678 cumulative=2798.035 peak_rss_kib=61799052
SLIM_PROGRESS runs=493944832/1859825862 resolve_wall=124.860 lce_wall=2408.859 write_wall=3.652 lf_steps=0 cache_hits=0
SLIM_PHASE query-chunks wall=8.089 cumulative=2806.124 peak_rss_kib=61803660
SLIM_PROGRESS runs=494993408/1859825862 resolve_wall=125.164 lce_wall=2416.558 write_wall=3.664 lf_steps=0 cache_hits=0
SLIM_PHASE query-chunks wall=8.014 cumulative=2814.138 peak_rss_kib=61808956
SLIM_PROGRESS runs=496041984/1859825862 resolve_wall=125.467 lce_wall=2423.480 write_wall=3.692 lf_steps=0 cache_hits=0
SLIM_PHASE query-chunks wall=7.253 cumulative=2821.392 peak_rss_kib=61808956
SLIM_PROGRESS runs=497090560/1859825862 resolve_wall=125.775 lce_wall=2430.586 write_wall=3.714 lf_steps=0 cache_hits=0
SLIM_PHASE query-chunks wall=7.437 cumulative=2828.829 peak_rss_kib=61811116
SLIM_PROGRESS runs=498139136/1859825862 resolve_wall=126.043 lce_wall=2437.386 write_wall=3.724 lf_steps=0 cache_hits=0
SLIM_PHASE query-chunks wall=7.078 cumulative=2835.906 peak_rss_kib=61813068
SLIM_PROGRESS runs=499187712/1859825862 resolve_wall=126.343 lce_wall=2444.229 write_wall=3.800 lf_steps=0 cache_hits=0
SLIM_PHASE query-chunks wall=7.219 cumulative=2843.125 peak_rss_kib=61813068
SLIM_PROGRESS runs=500236288/1859825862 resolve_wall=126.623 lce_wall=2451.074 write_wall=3.813 lf_steps=0 cache_hits=0
SLIM_PHASE query-chunks wall=7.139 cumulative=2850.264 peak_rss_kib=61813068
SLIM_PROGRESS runs=501284864/1859825862 resolve_wall=126.904 lce_wall=2457.641 write_wall=3.825 lf_steps=0 cache_hits=0
SLIM_PHASE query-chunks wall=6.860 cumulative=2857.124 peak_rss_kib=61813068
SLIM_PROGRESS runs=502333440/1859825862 resolve_wall=127.166 lce_wall=2463.511 write_wall=3.842 lf_steps=0 cache_hits=0
SLIM_PHASE query-chunks wall=6.150 cumulative=2863.274 peak_rss_kib=61813068
SLIM_PROGRESS runs=503382016/1859825862 resolve_wall=127.428 lce_wall=2468.776 write_wall=3.850 lf_steps=0 cache_hits=0
SLIM_PHASE query-chunks wall=5.535 cumulative=2868.809 peak_rss_kib=61813068
SLIM_PROGRESS runs=504430592/1859825862 resolve_wall=127.684 lce_wall=2473.471 write_wall=3.858 lf_steps=0 cache_hits=0
SLIM_PHASE query-chunks wall=4.959 cumulative=2873.768 peak_rss_kib=61813068
SLIM_PROGRESS runs=505479168/1859825862 resolve_wall=127.941 lce_wall=2478.059 write_wall=3.866 lf_steps=0 cache_hits=0
SLIM_PHASE query-chunks wall=4.853 cumulative=2878.621 peak_rss_kib=61813068
SLIM_PROGRESS runs=506527744/1859825862 resolve_wall=128.206 lce_wall=2482.598 write_wall=3.874 lf_steps=0 cache_hits=0
SLIM_PHASE query-chunks wall=4.811 cumulative=2883.432 peak_rss_kib=61813068
SLIM_PROGRESS runs=507576320/1859825862 resolve_wall=128.471 lce_wall=2487.172 write_wall=3.881 lf_steps=0 cache_hits=0
SLIM_PHASE query-chunks wall=4.847 cumulative=2888.279 peak_rss_kib=61813068
SLIM_PROGRESS runs=508624896/1859825862 resolve_wall=128.738 lce_wall=2491.779 write_wall=3.888 lf_steps=0 cache_hits=0
SLIM_PHASE query-chunks wall=4.882 cumulative=2893.161 peak_rss_kib=61813068
SLIM_PROGRESS runs=509673472/1859825862 resolve_wall=129.005 lce_wall=2496.421 write_wall=3.896 lf_steps=0 cache_hits=0
SLIM_PHASE query-chunks wall=4.916 cumulative=2898.077 peak_rss_kib=61813068
SLIM_PROGRESS runs=510722048/1859825862 resolve_wall=129.265 lce_wall=2501.215 write_wall=3.903 lf_steps=0 cache_hits=0
SLIM_PHASE query-chunks wall=5.061 cumulative=2903.138 peak_rss_kib=61813068
SLIM_PROGRESS runs=511770624/1859825862 resolve_wall=129.525 lce_wall=2505.906 write_wall=3.910 lf_steps=0 cache_hits=0
SLIM_PHASE query-chunks wall=4.959 cumulative=2908.097 peak_rss_kib=61813068
SLIM_PROGRESS runs=512819200/1859825862 resolve_wall=129.790 lce_wall=2510.577 write_wall=3.917 lf_steps=0 cache_hits=0
SLIM_PHASE query-chunks wall=4.943 cumulative=2913.041 peak_rss_kib=61813068
SLIM_PROGRESS runs=513867776/1859825862 resolve_wall=130.047 lce_wall=2515.068 write_wall=3.924 lf_steps=0 cache_hits=0
SLIM_PHASE query-chunks wall=4.755 cumulative=2917.795 peak_rss_kib=61813068
SLIM_PROGRESS runs=514916352/1859825862 resolve_wall=130.308 lce_wall=2519.812 write_wall=3.931 lf_steps=0 cache_hits=0
SLIM_PHASE query-chunks wall=5.012 cumulative=2922.807 peak_rss_kib=61813068
SLIM_PROGRESS runs=515964928/1859825862 resolve_wall=130.562 lce_wall=2524.504 write_wall=3.939 lf_steps=0 cache_hits=0
SLIM_PHASE query-chunks wall=4.954 cumulative=2927.762 peak_rss_kib=61813068
SLIM_PROGRESS runs=517013504/1859825862 resolve_wall=130.823 lce_wall=2529.111 write_wall=3.946 lf_steps=0 cache_hits=0
SLIM_PHASE query-chunks wall=4.875 cumulative=2932.636 peak_rss_kib=61813068
SLIM_PROGRESS runs=518062080/1859825862 resolve_wall=131.078 lce_wall=2533.831 write_wall=3.953 lf_steps=0 cache_hits=0
SLIM_PHASE query-chunks wall=4.982 cumulative=2937.619 peak_rss_kib=61813068
SLIM_PROGRESS runs=519110656/1859825862 resolve_wall=131.342 lce_wall=2538.657 write_wall=3.960 lf_steps=0 cache_hits=0
SLIM_PHASE query-chunks wall=5.097 cumulative=2942.715 peak_rss_kib=61813068
SLIM_PROGRESS runs=520159232/1859825862 resolve_wall=131.609 lce_wall=2543.338 write_wall=3.968 lf_steps=0 cache_hits=0
SLIM_PHASE query-chunks wall=4.956 cumulative=2947.671 peak_rss_kib=61813068
SLIM_PROGRESS runs=521207808/1859825862 resolve_wall=131.866 lce_wall=2547.963 write_wall=3.975 lf_steps=0 cache_hits=0
SLIM_PHASE query-chunks wall=4.889 cumulative=2952.561 peak_rss_kib=61813068
SLIM_PROGRESS runs=522256384/1859825862 resolve_wall=132.123 lce_wall=2552.573 write_wall=3.982 lf_steps=0 cache_hits=0
SLIM_PHASE query-chunks wall=4.874 cumulative=2957.435 peak_rss_kib=61813068
SLIM_PROGRESS runs=523304960/1859825862 resolve_wall=132.382 lce_wall=2557.172 write_wall=3.989 lf_steps=0 cache_hits=0
SLIM_PHASE query-chunks wall=4.866 cumulative=2962.301 peak_rss_kib=61813068
SLIM_PROGRESS runs=524353536/1859825862 resolve_wall=132.640 lce_wall=2562.348 write_wall=3.997 lf_steps=0 cache_hits=0
SLIM_PHASE query-chunks wall=5.441 cumulative=2967.742 peak_rss_kib=61813068
SLIM_PROGRESS runs=525402112/1859825862 resolve_wall=132.902 lce_wall=2567.963 write_wall=4.004 lf_steps=0 cache_hits=0
SLIM_PHASE query-chunks wall=5.884 cumulative=2973.627 peak_rss_kib=61813068
SLIM_PROGRESS runs=526450688/1859825862 resolve_wall=133.166 lce_wall=2574.012 write_wall=4.013 lf_steps=0 cache_hits=0
SLIM_PHASE query-chunks wall=6.321 cumulative=2979.948 peak_rss_kib=61813068
SLIM_PROGRESS runs=527499264/1859825862 resolve_wall=133.425 lce_wall=2579.548 write_wall=4.021 lf_steps=0 cache_hits=0
SLIM_PHASE query-chunks wall=5.804 cumulative=2985.751 peak_rss_kib=61813068
SLIM_PROGRESS runs=528547840/1859825862 resolve_wall=133.686 lce_wall=2584.866 write_wall=4.028 lf_steps=0 cache_hits=0
SLIM_PHASE query-chunks wall=5.587 cumulative=2991.338 peak_rss_kib=61813068
SLIM_PROGRESS runs=529596416/1859825862 resolve_wall=133.950 lce_wall=2590.365 write_wall=4.036 lf_steps=0 cache_hits=0
SLIM_PHASE query-chunks wall=5.771 cumulative=2997.109 peak_rss_kib=61813068
SLIM_PROGRESS runs=530644992/1859825862 resolve_wall=134.214 lce_wall=2596.175 write_wall=4.044 lf_steps=0 cache_hits=0
SLIM_PHASE query-chunks wall=6.082 cumulative=3003.191 peak_rss_kib=61813068
SLIM_PROGRESS runs=531693568/1859825862 resolve_wall=134.489 lce_wall=2602.553 write_wall=4.052 lf_steps=0 cache_hits=0
SLIM_PHASE query-chunks wall=6.662 cumulative=3009.854 peak_rss_kib=61813068
SLIM_PROGRESS runs=532742144/1859825862 resolve_wall=134.770 lce_wall=2609.077 write_wall=4.061 lf_steps=0 cache_hits=0
SLIM_PHASE query-chunks wall=6.813 cumulative=3016.666 peak_rss_kib=61813068
SLIM_PROGRESS runs=533790720/1859825862 resolve_wall=135.046 lce_wall=2616.063 write_wall=4.069 lf_steps=0 cache_hits=0
SLIM_PHASE query-chunks wall=7.271 cumulative=3023.937 peak_rss_kib=61813068
SLIM_PROGRESS runs=534839296/1859825862 resolve_wall=135.327 lce_wall=2623.317 write_wall=4.078 lf_steps=0 cache_hits=0
SLIM_PHASE query-chunks wall=7.544 cumulative=3031.481 peak_rss_kib=61813068
SLIM_PROGRESS runs=535887872/1859825862 resolve_wall=135.624 lce_wall=2630.605 write_wall=4.088 lf_steps=0 cache_hits=0
SLIM_PHASE query-chunks wall=7.596 cumulative=3039.077 peak_rss_kib=61813068
SLIM_PROGRESS runs=536936448/1859825862 resolve_wall=135.924 lce_wall=2638.378 write_wall=4.098 lf_steps=0 cache_hits=0
SLIM_PHASE query-chunks wall=8.082 cumulative=3047.159 peak_rss_kib=61813068
SLIM_PROGRESS runs=537985024/1859825862 resolve_wall=136.203 lce_wall=2647.227 write_wall=4.109 lf_steps=0 cache_hits=0
SLIM_PHASE query-chunks wall=9.139 cumulative=3056.298 peak_rss_kib=61813068
SLIM_PROGRESS runs=539033600/1859825862 resolve_wall=136.505 lce_wall=2656.031 write_wall=4.120 lf_steps=0 cache_hits=0
SLIM_PHASE query-chunks wall=9.118 cumulative=3065.416 peak_rss_kib=61813068
SLIM_PROGRESS runs=540082176/1859825862 resolve_wall=136.807 lce_wall=2663.715 write_wall=4.130 lf_steps=0 cache_hits=0
SLIM_PHASE query-chunks wall=7.996 cumulative=3073.412 peak_rss_kib=61813068
SLIM_PROGRESS runs=541130752/1859825862 resolve_wall=137.112 lce_wall=2670.964 write_wall=4.141 lf_steps=0 cache_hits=0
SLIM_PHASE query-chunks wall=7.565 cumulative=3080.977 peak_rss_kib=61813068
SLIM_PROGRESS runs=542179328/1859825862 resolve_wall=137.409 lce_wall=2677.886 write_wall=4.149 lf_steps=0 cache_hits=0
SLIM_PHASE query-chunks wall=7.228 cumulative=3088.204 peak_rss_kib=61813068
SLIM_PROGRESS runs=543227904/1859825862 resolve_wall=137.693 lce_wall=2684.525 write_wall=4.158 lf_steps=0 cache_hits=0
SLIM_PHASE query-chunks wall=6.932 cumulative=3095.137 peak_rss_kib=61813068
SLIM_PROGRESS runs=544276480/1859825862 resolve_wall=137.976 lce_wall=2690.863 write_wall=4.166 lf_steps=0 cache_hits=0
SLIM_PHASE query-chunks wall=6.629 cumulative=3101.766 peak_rss_kib=61813068
SLIM_PROGRESS runs=545325056/1859825862 resolve_wall=138.256 lce_wall=2697.498 write_wall=4.175 lf_steps=0 cache_hits=0
SLIM_PHASE query-chunks wall=6.924 cumulative=3108.691 peak_rss_kib=61813068
SLIM_PROGRESS runs=546373632/1859825862 resolve_wall=138.517 lce_wall=2703.986 write_wall=4.184 lf_steps=0 cache_hits=0
SLIM_PHASE query-chunks wall=6.759 cumulative=3115.450 peak_rss_kib=61813068
SLIM_PROGRESS runs=547422208/1859825862 resolve_wall=138.796 lce_wall=2710.905 write_wall=4.195 lf_steps=0 cache_hits=0
SLIM_PHASE query-chunks wall=7.208 cumulative=3122.658 peak_rss_kib=61813068
SLIM_PROGRESS runs=548470784/1859825862 resolve_wall=139.059 lce_wall=2717.409 write_wall=4.214 lf_steps=0 cache_hits=0
SLIM_PHASE query-chunks wall=6.786 cumulative=3129.443 peak_rss_kib=61813068
SLIM_PROGRESS runs=549519360/1859825862 resolve_wall=139.359 lce_wall=2723.517 write_wall=4.281 lf_steps=0 cache_hits=0
SLIM_PHASE query-chunks wall=6.475 cumulative=3135.919 peak_rss_kib=61813068
SLIM_PROGRESS runs=550567936/1859825862 resolve_wall=139.623 lce_wall=2728.748 write_wall=4.288 lf_steps=0 cache_hits=0
SLIM_PHASE query-chunks wall=5.503 cumulative=3141.422 peak_rss_kib=61813068
SLIM_PROGRESS runs=551616512/1859825862 resolve_wall=139.879 lce_wall=2734.807 write_wall=4.297 lf_steps=0 cache_hits=0
SLIM_PHASE query-chunks wall=6.324 cumulative=3147.746 peak_rss_kib=61813068
SLIM_PROGRESS runs=552665088/1859825862 resolve_wall=140.141 lce_wall=2740.485 write_wall=4.304 lf_steps=0 cache_hits=0
SLIM_PHASE query-chunks wall=5.947 cumulative=3153.693 peak_rss_kib=61813068
SLIM_PROGRESS runs=553713664/1859825862 resolve_wall=140.405 lce_wall=2746.337 write_wall=4.312 lf_steps=0 cache_hits=0
SLIM_PHASE query-chunks wall=6.124 cumulative=3159.817 peak_rss_kib=61813068
SLIM_PROGRESS runs=554762240/1859825862 resolve_wall=140.663 lce_wall=2751.419 write_wall=4.319 lf_steps=0 cache_hits=0
SLIM_PHASE query-chunks wall=5.346 cumulative=3165.163 peak_rss_kib=61813068
SLIM_PROGRESS runs=555810816/1859825862 resolve_wall=140.917 lce_wall=2756.404 write_wall=4.327 lf_steps=0 cache_hits=0
SLIM_PHASE query-chunks wall=5.247 cumulative=3170.410 peak_rss_kib=61813068
SLIM_PROGRESS runs=556859392/1859825862 resolve_wall=141.187 lce_wall=2761.361 write_wall=4.335 lf_steps=0 cache_hits=0
SLIM_PHASE query-chunks wall=5.236 cumulative=3175.646 peak_rss_kib=61813068
SLIM_PROGRESS runs=557907968/1859825862 resolve_wall=141.448 lce_wall=2766.481 write_wall=4.343 lf_steps=0 cache_hits=0
SLIM_PHASE query-chunks wall=5.389 cumulative=3181.035 peak_rss_kib=61813068
SLIM_PROGRESS runs=558956544/1859825862 resolve_wall=141.700 lce_wall=2771.599 write_wall=4.350 lf_steps=0 cache_hits=0
SLIM_PHASE query-chunks wall=5.377 cumulative=3186.413 peak_rss_kib=61813068
SLIM_PROGRESS runs=560005120/1859825862 resolve_wall=141.971 lce_wall=2776.915 write_wall=4.358 lf_steps=0 cache_hits=0
SLIM_PHASE query-chunks wall=5.595 cumulative=3192.008 peak_rss_kib=61813068
SLIM_PROGRESS runs=561053696/1859825862 resolve_wall=142.231 lce_wall=2781.958 write_wall=4.366 lf_steps=0 cache_hits=0
SLIM_PHASE query-chunks wall=5.310 cumulative=3197.318 peak_rss_kib=61813068
SLIM_PROGRESS runs=562102272/1859825862 resolve_wall=142.498 lce_wall=2787.170 write_wall=4.373 lf_steps=0 cache_hits=0
SLIM_PHASE query-chunks wall=5.488 cumulative=3202.806 peak_rss_kib=61813068
SLIM_PROGRESS runs=563150848/1859825862 resolve_wall=142.765 lce_wall=2792.419 write_wall=4.381 lf_steps=0 cache_hits=0
SLIM_PHASE query-chunks wall=5.523 cumulative=3208.329 peak_rss_kib=61813068
SLIM_PROGRESS runs=564199424/1859825862 resolve_wall=143.026 lce_wall=2797.693 write_wall=4.388 lf_steps=0 cache_hits=0
SLIM_PHASE query-chunks wall=5.542 cumulative=3213.871 peak_rss_kib=61813068
SLIM_PROGRESS runs=565248000/1859825862 resolve_wall=143.294 lce_wall=2803.493 write_wall=4.396 lf_steps=0 cache_hits=0
SLIM_PHASE query-chunks wall=6.077 cumulative=3219.948 peak_rss_kib=61813068
SLIM_PROGRESS runs=566296576/1859825862 resolve_wall=143.566 lce_wall=2809.279 write_wall=4.405 lf_steps=0 cache_hits=0
SLIM_PHASE query-chunks wall=6.067 cumulative=3226.015 peak_rss_kib=61813068
SLIM_PROGRESS runs=567345152/1859825862 resolve_wall=143.839 lce_wall=2815.364 write_wall=4.413 lf_steps=0 cache_hits=0
SLIM_PHASE query-chunks wall=6.366 cumulative=3232.381 peak_rss_kib=61813068
SLIM_PROGRESS runs=568393728/1859825862 resolve_wall=144.112 lce_wall=2821.264 write_wall=4.421 lf_steps=0 cache_hits=0
SLIM_PHASE query-chunks wall=6.182 cumulative=3238.562 peak_rss_kib=61813068
SLIM_PROGRESS runs=569442304/1859825862 resolve_wall=144.379 lce_wall=2826.398 write_wall=4.430 lf_steps=0 cache_hits=0
SLIM_PHASE query-chunks wall=5.409 cumulative=3243.971 peak_rss_kib=61813068
SLIM_PROGRESS runs=570490880/1859825862 resolve_wall=144.642 lce_wall=2831.697 write_wall=4.437 lf_steps=0 cache_hits=0
SLIM_PHASE query-chunks wall=5.571 cumulative=3249.542 peak_rss_kib=61813068
SLIM_PROGRESS runs=571539456/1859825862 resolve_wall=144.904 lce_wall=2836.809 write_wall=4.445 lf_steps=0 cache_hits=0
SLIM_PHASE query-chunks wall=5.382 cumulative=3254.924 peak_rss_kib=61813068
SLIM_PROGRESS runs=572588032/1859825862 resolve_wall=145.161 lce_wall=2841.922 write_wall=4.453 lf_steps=0 cache_hits=0
SLIM_PHASE query-chunks wall=5.378 cumulative=3260.302 peak_rss_kib=61813068
SLIM_PROGRESS runs=573636608/1859825862 resolve_wall=145.424 lce_wall=2846.816 write_wall=4.461 lf_steps=0 cache_hits=0
SLIM_PHASE query-chunks wall=5.164 cumulative=3265.466 peak_rss_kib=61813068
SLIM_PROGRESS runs=574685184/1859825862 resolve_wall=145.687 lce_wall=2851.937 write_wall=4.477 lf_steps=0 cache_hits=0
SLIM_PHASE query-chunks wall=5.400 cumulative=3270.866 peak_rss_kib=61813068
SLIM_PROGRESS runs=575733760/1859825862 resolve_wall=145.946 lce_wall=2857.203 write_wall=4.484 lf_steps=0 cache_hits=0
SLIM_PHASE query-chunks wall=5.533 cumulative=3276.400 peak_rss_kib=61813068
SLIM_PROGRESS runs=576782336/1859825862 resolve_wall=146.205 lce_wall=2862.460 write_wall=4.491 lf_steps=0 cache_hits=0
SLIM_PHASE query-chunks wall=5.523 cumulative=3281.923 peak_rss_kib=61813068
SLIM_PROGRESS runs=577830912/1859825862 resolve_wall=146.467 lce_wall=2867.606 write_wall=4.499 lf_steps=0 cache_hits=0
SLIM_PHASE query-chunks wall=5.415 cumulative=3287.338 peak_rss_kib=61813068
SLIM_PROGRESS runs=578879488/1859825862 resolve_wall=146.736 lce_wall=2872.903 write_wall=4.506 lf_steps=0 cache_hits=0
SLIM_PHASE query-chunks wall=5.574 cumulative=3292.912 peak_rss_kib=61813068
SLIM_PROGRESS runs=579928064/1859825862 resolve_wall=147.007 lce_wall=2878.510 write_wall=4.515 lf_steps=0 cache_hits=0
SLIM_PHASE query-chunks wall=5.887 cumulative=3298.799 peak_rss_kib=61813068
SLIM_PROGRESS runs=580976640/1859825862 resolve_wall=147.268 lce_wall=2883.905 write_wall=4.523 lf_steps=0 cache_hits=0
SLIM_PHASE query-chunks wall=5.664 cumulative=3304.463 peak_rss_kib=61813068
SLIM_PROGRESS runs=582025216/1859825862 resolve_wall=147.531 lce_wall=2888.800 write_wall=4.530 lf_steps=0 cache_hits=0
SLIM_PHASE query-chunks wall=5.166 cumulative=3309.628 peak_rss_kib=61813068
SLIM_PROGRESS runs=583073792/1859825862 resolve_wall=147.789 lce_wall=2893.414 write_wall=4.537 lf_steps=0 cache_hits=0
SLIM_PHASE query-chunks wall=4.880 cumulative=3314.508 peak_rss_kib=61813068
SLIM_PROGRESS runs=584122368/1859825862 resolve_wall=148.048 lce_wall=2898.464 write_wall=4.545 lf_steps=0 cache_hits=0
SLIM_PHASE query-chunks wall=5.316 cumulative=3319.825 peak_rss_kib=61813068
SLIM_PROGRESS runs=585170944/1859825862 resolve_wall=148.304 lce_wall=2903.678 write_wall=4.552 lf_steps=0 cache_hits=0
SLIM_PHASE query-chunks wall=5.477 cumulative=3325.302 peak_rss_kib=61813068
SLIM_PROGRESS runs=586219520/1859825862 resolve_wall=148.557 lce_wall=2908.558 write_wall=4.560 lf_steps=0 cache_hits=0
SLIM_PHASE query-chunks wall=5.139 cumulative=3330.442 peak_rss_kib=61813068
SLIM_PROGRESS runs=587268096/1859825862 resolve_wall=148.799 lce_wall=2913.595 write_wall=4.567 lf_steps=0 cache_hits=0
SLIM_PHASE query-chunks wall=5.287 cumulative=3335.729 peak_rss_kib=61813068
SLIM_PROGRESS runs=588316672/1859825862 resolve_wall=149.027 lce_wall=2918.138 write_wall=4.574 lf_steps=0 cache_hits=0
SLIM_PHASE query-chunks wall=4.778 cumulative=3340.507 peak_rss_kib=61813068
SLIM_PROGRESS runs=589365248/1859825862 resolve_wall=149.272 lce_wall=2922.655 write_wall=4.581 lf_steps=0 cache_hits=0
SLIM_PHASE query-chunks wall=4.771 cumulative=3345.277 peak_rss_kib=61813068
SLIM_PROGRESS runs=590413824/1859825862 resolve_wall=149.536 lce_wall=2927.445 write_wall=4.589 lf_steps=0 cache_hits=0
SLIM_PHASE query-chunks wall=5.062 cumulative=3350.339 peak_rss_kib=61813068
SLIM_PROGRESS runs=591462400/1859825862 resolve_wall=149.815 lce_wall=2931.895 write_wall=4.596 lf_steps=0 cache_hits=0
SLIM_PHASE query-chunks wall=4.736 cumulative=3355.075 peak_rss_kib=61813068
SLIM_PROGRESS runs=592510976/1859825862 resolve_wall=150.074 lce_wall=2936.339 write_wall=4.603 lf_steps=0 cache_hits=0
SLIM_PHASE query-chunks wall=4.710 cumulative=3359.785 peak_rss_kib=61813068
SLIM_PROGRESS runs=593559552/1859825862 resolve_wall=150.342 lce_wall=2940.704 write_wall=4.610 lf_steps=0 cache_hits=0
SLIM_PHASE query-chunks wall=4.640 cumulative=3364.425 peak_rss_kib=61813068
SLIM_PROGRESS runs=594608128/1859825862 resolve_wall=150.607 lce_wall=2945.382 write_wall=4.617 lf_steps=0 cache_hits=0
SLIM_PHASE query-chunks wall=4.951 cumulative=3369.375 peak_rss_kib=61813068
SLIM_PROGRESS runs=595656704/1859825862 resolve_wall=150.876 lce_wall=2949.928 write_wall=4.624 lf_steps=0 cache_hits=0
SLIM_PHASE query-chunks wall=4.823 cumulative=3374.198 peak_rss_kib=61813068
SLIM_PROGRESS runs=596705280/1859825862 resolve_wall=151.140 lce_wall=2954.514 write_wall=4.632 lf_steps=0 cache_hits=0
SLIM_PHASE query-chunks wall=4.857 cumulative=3379.055 peak_rss_kib=61813068
SLIM_PROGRESS runs=597753856/1859825862 resolve_wall=151.380 lce_wall=2959.179 write_wall=4.639 lf_steps=0 cache_hits=0
SLIM_PHASE query-chunks wall=4.913 cumulative=3383.968 peak_rss_kib=61813068
SLIM_PROGRESS runs=598802432/1859825862 resolve_wall=151.637 lce_wall=2963.969 write_wall=4.647 lf_steps=0 cache_hits=0
SLIM_PHASE query-chunks wall=5.055 cumulative=3389.023 peak_rss_kib=61813068
SLIM_PROGRESS runs=599851008/1859825862 resolve_wall=151.897 lce_wall=2968.713 write_wall=4.654 lf_steps=0 cache_hits=0
SLIM_PHASE query-chunks wall=5.011 cumulative=3394.034 peak_rss_kib=61813068
SLIM_PROGRESS runs=600899584/1859825862 resolve_wall=152.151 lce_wall=2973.538 write_wall=4.662 lf_steps=0 cache_hits=0
SLIM_PHASE query-chunks wall=5.086 cumulative=3399.121 peak_rss_kib=61813068
SLIM_PROGRESS runs=601948160/1859825862 resolve_wall=152.406 lce_wall=2978.250 write_wall=4.670 lf_steps=0 cache_hits=0
SLIM_PHASE query-chunks wall=4.975 cumulative=3404.096 peak_rss_kib=61813068
SLIM_PROGRESS runs=602996736/1859825862 resolve_wall=152.649 lce_wall=2983.000 write_wall=4.677 lf_steps=0 cache_hits=0
SLIM_PHASE query-chunks wall=5.001 cumulative=3409.097 peak_rss_kib=61813068
SLIM_PROGRESS runs=604045312/1859825862 resolve_wall=152.903 lce_wall=2987.923 write_wall=4.684 lf_steps=0 cache_hits=0
SLIM_PHASE query-chunks wall=5.185 cumulative=3414.281 peak_rss_kib=61813068
SLIM_PROGRESS runs=605093888/1859825862 resolve_wall=153.114 lce_wall=2993.154 write_wall=4.692 lf_steps=0 cache_hits=0
SLIM_PHASE query-chunks wall=5.449 cumulative=3419.730 peak_rss_kib=61813068
SLIM_PROGRESS runs=606142464/1859825862 resolve_wall=153.372 lce_wall=2997.829 write_wall=4.699 lf_steps=0 cache_hits=0
SLIM_PHASE query-chunks wall=4.941 cumulative=3424.672 peak_rss_kib=61813068
SLIM_PROGRESS runs=607191040/1859825862 resolve_wall=153.628 lce_wall=3002.441 write_wall=4.706 lf_steps=0 cache_hits=0
SLIM_PHASE query-chunks wall=4.875 cumulative=3429.547 peak_rss_kib=61813068
SLIM_PROGRESS runs=608239616/1859825862 resolve_wall=153.892 lce_wall=3007.022 write_wall=4.713 lf_steps=0 cache_hits=0
SLIM_PHASE query-chunks wall=4.852 cumulative=3434.399 peak_rss_kib=61813068
SLIM_PROGRESS runs=609288192/1859825862 resolve_wall=154.136 lce_wall=3011.632 write_wall=4.721 lf_steps=0 cache_hits=0
SLIM_PHASE query-chunks wall=4.861 cumulative=3439.260 peak_rss_kib=61813068
SLIM_PROGRESS runs=610336768/1859825862 resolve_wall=154.393 lce_wall=3016.277 write_wall=4.728 lf_steps=0 cache_hits=0
SLIM_PHASE query-chunks wall=4.910 cumulative=3444.170 peak_rss_kib=61813068
SLIM_PROGRESS runs=611385344/1859825862 resolve_wall=154.647 lce_wall=3020.933 write_wall=4.736 lf_steps=0 cache_hits=0
SLIM_PHASE query-chunks wall=4.917 cumulative=3449.087 peak_rss_kib=61813068
SLIM_PROGRESS runs=612433920/1859825862 resolve_wall=154.911 lce_wall=3025.568 write_wall=4.743 lf_steps=0 cache_hits=0
SLIM_PHASE query-chunks wall=4.908 cumulative=3453.995 peak_rss_kib=61813068
SLIM_PROGRESS runs=613482496/1859825862 resolve_wall=155.168 lce_wall=3030.187 write_wall=4.751 lf_steps=0 cache_hits=0
SLIM_PHASE query-chunks wall=4.884 cumulative=3458.878 peak_rss_kib=61813068
SLIM_PROGRESS runs=614531072/1859825862 resolve_wall=155.424 lce_wall=3034.753 write_wall=4.758 lf_steps=0 cache_hits=0
SLIM_PHASE query-chunks wall=4.828 cumulative=3463.707 peak_rss_kib=61813068
SLIM_PROGRESS runs=615579648/1859825862 resolve_wall=155.673 lce_wall=3039.468 write_wall=4.766 lf_steps=0 cache_hits=0
SLIM_PHASE query-chunks wall=4.973 cumulative=3468.680 peak_rss_kib=61813068
SLIM_PROGRESS runs=616628224/1859825862 resolve_wall=155.928 lce_wall=3044.336 write_wall=4.773 lf_steps=0 cache_hits=0
SLIM_PHASE query-chunks wall=5.130 cumulative=3473.810 peak_rss_kib=61813068
SLIM_PROGRESS runs=617676800/1859825862 resolve_wall=156.183 lce_wall=3048.941 write_wall=4.780 lf_steps=0 cache_hits=0
SLIM_PHASE query-chunks wall=4.867 cumulative=3478.677 peak_rss_kib=61813068
SLIM_PROGRESS runs=618725376/1859825862 resolve_wall=156.441 lce_wall=3053.521 write_wall=4.788 lf_steps=0 cache_hits=0
SLIM_PHASE query-chunks wall=4.846 cumulative=3483.523 peak_rss_kib=61813068
SLIM_PROGRESS runs=619773952/1859825862 resolve_wall=156.696 lce_wall=3058.022 write_wall=4.795 lf_steps=0 cache_hits=0
SLIM_PHASE query-chunks wall=4.762 cumulative=3488.286 peak_rss_kib=61813068
SLIM_PROGRESS runs=620822528/1859825862 resolve_wall=156.951 lce_wall=3062.702 write_wall=4.802 lf_steps=0 cache_hits=0
SLIM_PHASE query-chunks wall=4.942 cumulative=3493.228 peak_rss_kib=61813068
SLIM_PROGRESS runs=621871104/1859825862 resolve_wall=157.218 lce_wall=3067.408 write_wall=4.809 lf_steps=0 cache_hits=0
SLIM_PHASE query-chunks wall=4.981 cumulative=3498.209 peak_rss_kib=61813068
SLIM_PROGRESS runs=622919680/1859825862 resolve_wall=157.477 lce_wall=3072.152 write_wall=4.816 lf_steps=0 cache_hits=0
SLIM_PHASE query-chunks wall=5.010 cumulative=3503.219 peak_rss_kib=61813068
SLIM_PROGRESS runs=623968256/1859825862 resolve_wall=157.737 lce_wall=3076.818 write_wall=4.823 lf_steps=0 cache_hits=0
SLIM_PHASE query-chunks wall=4.933 cumulative=3508.152 peak_rss_kib=61813068
SLIM_PROGRESS runs=625016832/1859825862 resolve_wall=157.987 lce_wall=3081.503 write_wall=4.830 lf_steps=0 cache_hits=0
SLIM_PHASE query-chunks wall=4.943 cumulative=3513.095 peak_rss_kib=61813068
SLIM_PROGRESS runs=626065408/1859825862 resolve_wall=158.239 lce_wall=3086.218 write_wall=4.838 lf_steps=0 cache_hits=0
SLIM_PHASE query-chunks wall=4.974 cumulative=3518.069 peak_rss_kib=61813068
SLIM_PROGRESS runs=627113984/1859825862 resolve_wall=158.492 lce_wall=3091.175 write_wall=4.845 lf_steps=0 cache_hits=0
SLIM_PHASE query-chunks wall=5.219 cumulative=3523.287 peak_rss_kib=61813068
SLIM_PROGRESS runs=628162560/1859825862 resolve_wall=158.721 lce_wall=3096.325 write_wall=4.853 lf_steps=0 cache_hits=0
SLIM_PHASE query-chunks wall=5.385 cumulative=3528.673 peak_rss_kib=61813068
SLIM_PROGRESS runs=629211136/1859825862 resolve_wall=158.960 lce_wall=3101.312 write_wall=4.860 lf_steps=0 cache_hits=0
SLIM_PHASE query-chunks wall=5.234 cumulative=3533.906 peak_rss_kib=61813068
SLIM_PROGRESS runs=630259712/1859825862 resolve_wall=159.206 lce_wall=3106.231 write_wall=4.867 lf_steps=0 cache_hits=0
SLIM_PHASE query-chunks wall=5.172 cumulative=3539.079 peak_rss_kib=61813068
SLIM_PROGRESS runs=631308288/1859825862 resolve_wall=159.463 lce_wall=3111.359 write_wall=4.874 lf_steps=0 cache_hits=0
SLIM_PHASE query-chunks wall=5.392 cumulative=3544.471 peak_rss_kib=61813068
SLIM_PROGRESS runs=632356864/1859825862 resolve_wall=159.710 lce_wall=3116.678 write_wall=4.881 lf_steps=0 cache_hits=0
SLIM_PHASE query-chunks wall=5.573 cumulative=3550.044 peak_rss_kib=61813068
SLIM_PROGRESS runs=633405440/1859825862 resolve_wall=159.967 lce_wall=3122.067 write_wall=4.888 lf_steps=0 cache_hits=0
SLIM_PHASE query-chunks wall=5.653 cumulative=3555.697 peak_rss_kib=61813068
SLIM_PROGRESS runs=634454016/1859825862 resolve_wall=160.227 lce_wall=3127.161 write_wall=4.896 lf_steps=0 cache_hits=0
SLIM_PHASE query-chunks wall=5.362 cumulative=3561.059 peak_rss_kib=61813068
SLIM_PROGRESS runs=635502592/1859825862 resolve_wall=160.490 lce_wall=3132.108 write_wall=4.903 lf_steps=0 cache_hits=0
SLIM_PHASE query-chunks wall=5.219 cumulative=3566.277 peak_rss_kib=61813068
SLIM_PROGRESS runs=636551168/1859825862 resolve_wall=160.756 lce_wall=3137.114 write_wall=4.910 lf_steps=0 cache_hits=0
SLIM_PHASE query-chunks wall=5.279 cumulative=3571.556 peak_rss_kib=61813068
SLIM_PROGRESS runs=637599744/1859825862 resolve_wall=161.022 lce_wall=3142.429 write_wall=4.918 lf_steps=0 cache_hits=0
SLIM_PHASE query-chunks wall=5.589 cumulative=3577.145 peak_rss_kib=61813068
SLIM_PROGRESS runs=638648320/1859825862 resolve_wall=161.277 lce_wall=3147.627 write_wall=4.925 lf_steps=0 cache_hits=0
SLIM_PHASE query-chunks wall=5.460 cumulative=3582.605 peak_rss_kib=61813068
SLIM_PROGRESS runs=639696896/1859825862 resolve_wall=161.507 lce_wall=3152.657 write_wall=4.933 lf_steps=0 cache_hits=0
SLIM_PHASE query-chunks wall=5.267 cumulative=3587.872 peak_rss_kib=61813068
SLIM_PROGRESS runs=640745472/1859825862 resolve_wall=161.736 lce_wall=3157.772 write_wall=4.940 lf_steps=0 cache_hits=0
SLIM_PHASE query-chunks wall=5.352 cumulative=3593.225 peak_rss_kib=61813068
SLIM_PROGRESS runs=641794048/1859825862 resolve_wall=161.987 lce_wall=3163.160 write_wall=4.948 lf_steps=0 cache_hits=0
SLIM_PHASE query-chunks wall=5.647 cumulative=3598.872 peak_rss_kib=61813068
SLIM_PROGRESS runs=642842624/1859825862 resolve_wall=162.234 lce_wall=3168.420 write_wall=4.956 lf_steps=0 cache_hits=0
SLIM_PHASE query-chunks wall=5.515 cumulative=3604.387 peak_rss_kib=61813068
SLIM_PROGRESS runs=643891200/1859825862 resolve_wall=162.462 lce_wall=3173.386 write_wall=4.964 lf_steps=0 cache_hits=0
SLIM_PHASE query-chunks wall=5.202 cumulative=3609.589 peak_rss_kib=61813068
SLIM_PROGRESS runs=644939776/1859825862 resolve_wall=162.723 lce_wall=3178.202 write_wall=4.971 lf_steps=0 cache_hits=0
SLIM_PHASE query-chunks wall=5.084 cumulative=3614.673 peak_rss_kib=61813068
SLIM_PROGRESS runs=645988352/1859825862 resolve_wall=162.988 lce_wall=3182.768 write_wall=4.978 lf_steps=0 cache_hits=0
SLIM_PHASE query-chunks wall=4.839 cumulative=3619.512 peak_rss_kib=61813068
SLIM_PROGRESS runs=647036928/1859825862 resolve_wall=163.254 lce_wall=3187.320 write_wall=4.985 lf_steps=0 cache_hits=0
SLIM_PHASE query-chunks wall=4.825 cumulative=3624.337 peak_rss_kib=61813068
SLIM_PROGRESS runs=648085504/1859825862 resolve_wall=163.503 lce_wall=3191.998 write_wall=4.992 lf_steps=0 cache_hits=0
SLIM_PHASE query-chunks wall=4.935 cumulative=3629.272 peak_rss_kib=61813068
SLIM_PROGRESS runs=649134080/1859825862 resolve_wall=163.773 lce_wall=3196.656 write_wall=4.999 lf_steps=0 cache_hits=0
SLIM_PHASE query-chunks wall=4.934 cumulative=3634.205 peak_rss_kib=61813068
SLIM_PROGRESS runs=650182656/1859825862 resolve_wall=164.030 lce_wall=3201.271 write_wall=5.006 lf_steps=0 cache_hits=0
SLIM_PHASE query-chunks wall=4.880 cumulative=3639.085 peak_rss_kib=61813068
SLIM_PROGRESS runs=651231232/1859825862 resolve_wall=164.293 lce_wall=3205.744 write_wall=5.013 lf_steps=0 cache_hits=0
SLIM_PHASE query-chunks wall=4.744 cumulative=3643.829 peak_rss_kib=61813068
SLIM_PROGRESS runs=652279808/1859825862 resolve_wall=164.545 lce_wall=3210.474 write_wall=5.020 lf_steps=0 cache_hits=0
SLIM_PHASE query-chunks wall=4.988 cumulative=3648.817 peak_rss_kib=61813068
SLIM_PROGRESS runs=653328384/1859825862 resolve_wall=164.801 lce_wall=3214.980 write_wall=5.027 lf_steps=0 cache_hits=0
SLIM_PHASE query-chunks wall=4.770 cumulative=3653.587 peak_rss_kib=61813068
SLIM_PROGRESS runs=654376960/1859825862 resolve_wall=165.051 lce_wall=3219.503 write_wall=5.035 lf_steps=0 cache_hits=0
SLIM_PHASE query-chunks wall=4.781 cumulative=3658.368 peak_rss_kib=61813068
SLIM_PROGRESS runs=655425536/1859825862 resolve_wall=165.296 lce_wall=3224.159 write_wall=5.042 lf_steps=0 cache_hits=0
SLIM_PHASE query-chunks wall=4.908 cumulative=3663.276 peak_rss_kib=61813068
SLIM_PROGRESS runs=656474112/1859825862 resolve_wall=165.558 lce_wall=3228.899 write_wall=5.050 lf_steps=0 cache_hits=0
SLIM_PHASE query-chunks wall=5.009 cumulative=3668.285 peak_rss_kib=61813068
SLIM_PROGRESS runs=657522688/1859825862 resolve_wall=165.814 lce_wall=3233.455 write_wall=5.056 lf_steps=0 cache_hits=0
SLIM_PHASE query-chunks wall=4.819 cumulative=3673.104 peak_rss_kib=61813068
SLIM_PROGRESS runs=658571264/1859825862 resolve_wall=166.074 lce_wall=3238.174 write_wall=5.063 lf_steps=0 cache_hits=0
SLIM_PHASE query-chunks wall=4.987 cumulative=3678.091 peak_rss_kib=61813068
SLIM_PROGRESS runs=659619840/1859825862 resolve_wall=166.343 lce_wall=3242.840 write_wall=5.070 lf_steps=0 cache_hits=0
SLIM_PHASE query-chunks wall=4.942 cumulative=3683.033 peak_rss_kib=61813068
SLIM_PROGRESS runs=660668416/1859825862 resolve_wall=166.605 lce_wall=3247.492 write_wall=5.078 lf_steps=0 cache_hits=0
SLIM_PHASE query-chunks wall=4.921 cumulative=3687.954 peak_rss_kib=61813068
SLIM_PROGRESS runs=661716992/1859825862 resolve_wall=166.822 lce_wall=3252.228 write_wall=5.085 lf_steps=0 cache_hits=0
SLIM_PHASE query-chunks wall=4.960 cumulative=3692.914 peak_rss_kib=61813068
SLIM_PROGRESS runs=662765568/1859825862 resolve_wall=167.062 lce_wall=3257.667 write_wall=5.092 lf_steps=0 cache_hits=0
SLIM_PHASE query-chunks wall=5.688 cumulative=3698.602 peak_rss_kib=61813068
SLIM_PROGRESS runs=663814144/1859825862 resolve_wall=167.322 lce_wall=3262.464 write_wall=5.100 lf_steps=0 cache_hits=0
SLIM_PHASE query-chunks wall=5.063 cumulative=3703.665 peak_rss_kib=61813068
SLIM_PROGRESS runs=664862720/1859825862 resolve_wall=167.578 lce_wall=3267.317 write_wall=5.107 lf_steps=0 cache_hits=0
SLIM_PHASE query-chunks wall=5.117 cumulative=3708.782 peak_rss_kib=61813068
SLIM_PROGRESS runs=665911296/1859825862 resolve_wall=167.839 lce_wall=3271.823 write_wall=5.114 lf_steps=0 cache_hits=0
SLIM_PHASE query-chunks wall=4.774 cumulative=3713.556 peak_rss_kib=61813068
SLIM_PROGRESS runs=666959872/1859825862 resolve_wall=168.097 lce_wall=3276.478 write_wall=5.121 lf_steps=0 cache_hits=0
SLIM_PHASE query-chunks wall=4.920 cumulative=3718.476 peak_rss_kib=61813068
SLIM_PROGRESS runs=668008448/1859825862 resolve_wall=168.354 lce_wall=3281.555 write_wall=5.129 lf_steps=0 cache_hits=0
SLIM_PHASE query-chunks wall=5.342 cumulative=3723.818 peak_rss_kib=61813068
SLIM_PROGRESS runs=669057024/1859825862 resolve_wall=168.616 lce_wall=3286.649 write_wall=5.136 lf_steps=0 cache_hits=0
SLIM_PHASE query-chunks wall=5.363 cumulative=3729.182 peak_rss_kib=61813068
SLIM_PROGRESS runs=670105600/1859825862 resolve_wall=168.872 lce_wall=3291.784 write_wall=5.144 lf_steps=0 cache_hits=0
SLIM_PHASE query-chunks wall=5.400 cumulative=3734.582 peak_rss_kib=61813068
SLIM_PROGRESS runs=671154176/1859825862 resolve_wall=169.133 lce_wall=3296.279 write_wall=5.151 lf_steps=0 cache_hits=0
SLIM_PHASE query-chunks wall=4.763 cumulative=3739.344 peak_rss_kib=61813068
SLIM_PROGRESS runs=672202752/1859825862 resolve_wall=169.392 lce_wall=3300.810 write_wall=5.158 lf_steps=0 cache_hits=0
SLIM_PHASE query-chunks wall=4.797 cumulative=3744.141 peak_rss_kib=61813068
SLIM_PROGRESS runs=673251328/1859825862 resolve_wall=169.644 lce_wall=3305.456 write_wall=5.165 lf_steps=0 cache_hits=0
SLIM_PHASE query-chunks wall=4.905 cumulative=3749.046 peak_rss_kib=61813068
SLIM_PROGRESS runs=674299904/1859825862 resolve_wall=169.902 lce_wall=3310.211 write_wall=5.173 lf_steps=0 cache_hits=0
SLIM_PHASE query-chunks wall=5.021 cumulative=3754.067 peak_rss_kib=61813068
SLIM_PROGRESS runs=675348480/1859825862 resolve_wall=170.136 lce_wall=3314.556 write_wall=5.180 lf_steps=0 cache_hits=0
SLIM_PHASE query-chunks wall=4.587 cumulative=3758.654 peak_rss_kib=61813068
SLIM_PROGRESS runs=676397056/1859825862 resolve_wall=170.396 lce_wall=3319.180 write_wall=5.187 lf_steps=0 cache_hits=0
SLIM_PHASE query-chunks wall=4.891 cumulative=3763.545 peak_rss_kib=61813068
SLIM_PROGRESS runs=677445632/1859825862 resolve_wall=170.655 lce_wall=3323.837 write_wall=5.194 lf_steps=0 cache_hits=0
SLIM_PHASE query-chunks wall=4.923 cumulative=3768.468 peak_rss_kib=61813068
SLIM_PROGRESS runs=678494208/1859825862 resolve_wall=170.910 lce_wall=3328.598 write_wall=5.201 lf_steps=0 cache_hits=0
SLIM_PHASE query-chunks wall=5.023 cumulative=3773.491 peak_rss_kib=61813068
SLIM_PROGRESS runs=679542784/1859825862 resolve_wall=171.177 lce_wall=3333.537 write_wall=5.209 lf_steps=0 cache_hits=0
SLIM_PHASE query-chunks wall=5.215 cumulative=3778.706 peak_rss_kib=61813068
SLIM_PROGRESS runs=680591360/1859825862 resolve_wall=171.411 lce_wall=3338.331 write_wall=5.216 lf_steps=0 cache_hits=0
SLIM_PHASE query-chunks wall=5.035 cumulative=3783.741 peak_rss_kib=61813068
SLIM_PROGRESS runs=681639936/1859825862 resolve_wall=171.652 lce_wall=3342.955 write_wall=5.223 lf_steps=0 cache_hits=0
SLIM_PHASE query-chunks wall=4.871 cumulative=3788.612 peak_rss_kib=61813068
SLIM_PROGRESS runs=682688512/1859825862 resolve_wall=171.905 lce_wall=3347.877 write_wall=5.230 lf_steps=0 cache_hits=0
SLIM_PHASE query-chunks wall=5.182 cumulative=3793.794 peak_rss_kib=61813068
SLIM_PROGRESS runs=683737088/1859825862 resolve_wall=172.146 lce_wall=3352.389 write_wall=5.237 lf_steps=0 cache_hits=0
SLIM_PHASE query-chunks wall=4.762 cumulative=3798.556 peak_rss_kib=61813068
SLIM_PROGRESS runs=684785664/1859825862 resolve_wall=172.408 lce_wall=3356.932 write_wall=5.244 lf_steps=0 cache_hits=0
SLIM_PHASE query-chunks wall=4.812 cumulative=3803.368 peak_rss_kib=61813068
SLIM_PROGRESS runs=685834240/1859825862 resolve_wall=172.655 lce_wall=3361.581 write_wall=5.251 lf_steps=0 cache_hits=0
SLIM_PHASE query-chunks wall=4.902 cumulative=3808.271 peak_rss_kib=61813068
SLIM_PROGRESS runs=686882816/1859825862 resolve_wall=172.906 lce_wall=3366.315 write_wall=5.259 lf_steps=0 cache_hits=0
SLIM_PHASE query-chunks wall=4.992 cumulative=3813.263 peak_rss_kib=61813068
SLIM_PROGRESS runs=687931392/1859825862 resolve_wall=173.169 lce_wall=3371.047 write_wall=5.266 lf_steps=0 cache_hits=0
SLIM_PHASE query-chunks wall=5.003 cumulative=3818.266 peak_rss_kib=61813068
SLIM_PROGRESS runs=688979968/1859825862 resolve_wall=173.429 lce_wall=3376.333 write_wall=5.274 lf_steps=0 cache_hits=0
SLIM_PHASE query-chunks wall=5.554 cumulative=3823.820 peak_rss_kib=61813068
SLIM_PROGRESS runs=690028544/1859825862 resolve_wall=173.677 lce_wall=3381.456 write_wall=5.281 lf_steps=0 cache_hits=0
SLIM_PHASE query-chunks wall=5.378 cumulative=3829.198 peak_rss_kib=61813068
SLIM_PROGRESS runs=691077120/1859825862 resolve_wall=173.939 lce_wall=3386.123 write_wall=5.289 lf_steps=0 cache_hits=0
SLIM_PHASE query-chunks wall=4.937 cumulative=3834.136 peak_rss_kib=61813068
SLIM_PROGRESS runs=692125696/1859825862 resolve_wall=174.202 lce_wall=3390.747 write_wall=5.296 lf_steps=0 cache_hits=0
SLIM_PHASE query-chunks wall=4.894 cumulative=3839.029 peak_rss_kib=61813068
SLIM_PROGRESS runs=693174272/1859825862 resolve_wall=174.469 lce_wall=3395.503 write_wall=5.303 lf_steps=0 cache_hits=0
SLIM_PHASE query-chunks wall=5.030 cumulative=3844.059 peak_rss_kib=61813068
SLIM_PROGRESS runs=694222848/1859825862 resolve_wall=174.736 lce_wall=3400.165 write_wall=5.310 lf_steps=0 cache_hits=0
SLIM_PHASE query-chunks wall=4.936 cumulative=3848.995 peak_rss_kib=61813068
SLIM_PROGRESS runs=695271424/1859825862 resolve_wall=175.003 lce_wall=3404.807 write_wall=5.317 lf_steps=0 cache_hits=0
SLIM_PHASE query-chunks wall=4.917 cumulative=3853.912 peak_rss_kib=61813068
SLIM_PROGRESS runs=696320000/1859825862 resolve_wall=175.249 lce_wall=3409.336 write_wall=5.324 lf_steps=0 cache_hits=0
SLIM_PHASE query-chunks wall=4.782 cumulative=3858.694 peak_rss_kib=61813068
SLIM_PROGRESS runs=697368576/1859825862 resolve_wall=175.499 lce_wall=3413.921 write_wall=5.331 lf_steps=0 cache_hits=0
SLIM_PHASE query-chunks wall=4.842 cumulative=3863.536 peak_rss_kib=61813068
SLIM_PROGRESS runs=698417152/1859825862 resolve_wall=175.739 lce_wall=3418.683 write_wall=5.339 lf_steps=0 cache_hits=0
SLIM_PHASE query-chunks wall=5.010 cumulative=3868.547 peak_rss_kib=61813068
SLIM_PROGRESS runs=699465728/1859825862 resolve_wall=175.973 lce_wall=3423.422 write_wall=5.346 lf_steps=0 cache_hits=0
SLIM_PHASE query-chunks wall=4.980 cumulative=3873.527 peak_rss_kib=61813068
SLIM_PROGRESS runs=700514304/1859825862 resolve_wall=176.248 lce_wall=3428.151 write_wall=5.353 lf_steps=0 cache_hits=0
SLIM_PHASE query-chunks wall=5.011 cumulative=3878.538 peak_rss_kib=61813068
SLIM_PROGRESS runs=701562880/1859825862 resolve_wall=176.505 lce_wall=3432.967 write_wall=5.360 lf_steps=0 cache_hits=0
SLIM_PHASE query-chunks wall=5.080 cumulative=3883.618 peak_rss_kib=61813068
SLIM_PROGRESS runs=702611456/1859825862 resolve_wall=176.762 lce_wall=3437.611 write_wall=5.367 lf_steps=0 cache_hits=0
SLIM_PHASE query-chunks wall=4.907 cumulative=3888.525 peak_rss_kib=61813068
SLIM_PROGRESS runs=703660032/1859825862 resolve_wall=177.008 lce_wall=3443.002 write_wall=5.374 lf_steps=0 cache_hits=0
SLIM_PHASE query-chunks wall=5.645 cumulative=3894.170 peak_rss_kib=61813068
SLIM_PROGRESS runs=704708608/1859825862 resolve_wall=177.256 lce_wall=3447.641 write_wall=5.381 lf_steps=0 cache_hits=0
SLIM_PHASE query-chunks wall=4.894 cumulative=3899.065 peak_rss_kib=61813068
SLIM_PROGRESS runs=705757184/1859825862 resolve_wall=177.504 lce_wall=3452.205 write_wall=5.388 lf_steps=0 cache_hits=0
SLIM_PHASE query-chunks wall=4.818 cumulative=3903.883 peak_rss_kib=61813068
SLIM_PROGRESS runs=706805760/1859825862 resolve_wall=177.758 lce_wall=3456.797 write_wall=5.395 lf_steps=0 cache_hits=0
SLIM_PHASE query-chunks wall=4.854 cumulative=3908.737 peak_rss_kib=61813068
SLIM_PROGRESS runs=707854336/1859825862 resolve_wall=178.011 lce_wall=3461.681 write_wall=5.403 lf_steps=0 cache_hits=0
SLIM_PHASE query-chunks wall=5.145 cumulative=3913.881 peak_rss_kib=61813068
SLIM_PROGRESS runs=708902912/1859825862 resolve_wall=178.272 lce_wall=3466.603 write_wall=5.410 lf_steps=0 cache_hits=0
SLIM_PHASE query-chunks wall=5.191 cumulative=3919.072 peak_rss_kib=61813068
SLIM_PROGRESS runs=709951488/1859825862 resolve_wall=178.529 lce_wall=3471.248 write_wall=5.418 lf_steps=0 cache_hits=0
SLIM_PHASE query-chunks wall=4.910 cumulative=3923.982 peak_rss_kib=61813068
SLIM_PROGRESS runs=711000064/1859825862 resolve_wall=178.784 lce_wall=3475.788 write_wall=5.426 lf_steps=0 cache_hits=0
SLIM_PHASE query-chunks wall=4.803 cumulative=3928.786 peak_rss_kib=61813068
SLIM_PROGRESS runs=712048640/1859825862 resolve_wall=179.048 lce_wall=3480.380 write_wall=5.433 lf_steps=0 cache_hits=0
SLIM_PHASE query-chunks wall=4.863 cumulative=3933.649 peak_rss_kib=61813068
SLIM_PROGRESS runs=713097216/1859825862 resolve_wall=179.309 lce_wall=3484.883 write_wall=5.440 lf_steps=0 cache_hits=0
SLIM_PHASE query-chunks wall=4.771 cumulative=3938.420 peak_rss_kib=61813068
SLIM_PROGRESS runs=714145792/1859825862 resolve_wall=179.568 lce_wall=3489.393 write_wall=5.448 lf_steps=0 cache_hits=0
SLIM_PHASE query-chunks wall=4.776 cumulative=3943.196 peak_rss_kib=61813068
SLIM_PROGRESS runs=715194368/1859825862 resolve_wall=179.817 lce_wall=3494.119 write_wall=5.455 lf_steps=0 cache_hits=0
SLIM_PHASE query-chunks wall=4.983 cumulative=3948.179 peak_rss_kib=61813068
SLIM_PROGRESS runs=716242944/1859825862 resolve_wall=180.075 lce_wall=3498.731 write_wall=5.462 lf_steps=0 cache_hits=0
SLIM_PHASE query-chunks wall=4.877 cumulative=3953.056 peak_rss_kib=61813068
SLIM_PROGRESS runs=717291520/1859825862 resolve_wall=180.347 lce_wall=3503.380 write_wall=5.469 lf_steps=0 cache_hits=0
SLIM_PHASE query-chunks wall=4.929 cumulative=3957.985 peak_rss_kib=61813068
SLIM_PROGRESS runs=718340096/1859825862 resolve_wall=180.610 lce_wall=3508.051 write_wall=5.477 lf_steps=0 cache_hits=0
SLIM_PHASE query-chunks wall=4.941 cumulative=3962.926 peak_rss_kib=61813068
SLIM_PROGRESS runs=719388672/1859825862 resolve_wall=180.884 lce_wall=3512.768 write_wall=5.484 lf_steps=0 cache_hits=0
SLIM_PHASE query-chunks wall=4.998 cumulative=3967.924 peak_rss_kib=61813068
SLIM_PROGRESS runs=720437248/1859825862 resolve_wall=181.143 lce_wall=3517.537 write_wall=5.491 lf_steps=0 cache_hits=0
SLIM_PHASE query-chunks wall=5.037 cumulative=3972.961 peak_rss_kib=61813068
SLIM_PROGRESS runs=721485824/1859825862 resolve_wall=181.399 lce_wall=3522.270 write_wall=5.498 lf_steps=0 cache_hits=0
SLIM_PHASE query-chunks wall=4.995 cumulative=3977.956 peak_rss_kib=61813068
SLIM_PROGRESS runs=722534400/1859825862 resolve_wall=181.667 lce_wall=3526.856 write_wall=5.506 lf_steps=0 cache_hits=0
SLIM_PHASE query-chunks wall=4.863 cumulative=3982.818 peak_rss_kib=61813068
SLIM_PROGRESS runs=723582976/1859825862 resolve_wall=181.932 lce_wall=3531.482 write_wall=5.513 lf_steps=0 cache_hits=0
SLIM_PHASE query-chunks wall=4.898 cumulative=3987.717 peak_rss_kib=61813068
SLIM_PROGRESS runs=724631552/1859825862 resolve_wall=182.197 lce_wall=3536.107 write_wall=5.520 lf_steps=0 cache_hits=0
SLIM_PHASE query-chunks wall=4.897 cumulative=3992.613 peak_rss_kib=61813068
SLIM_PROGRESS runs=725680128/1859825862 resolve_wall=182.465 lce_wall=3540.723 write_wall=5.527 lf_steps=0 cache_hits=0
SLIM_PHASE query-chunks wall=4.891 cumulative=3997.505 peak_rss_kib=61813068
SLIM_PROGRESS runs=726728704/1859825862 resolve_wall=182.714 lce_wall=3545.258 write_wall=5.534 lf_steps=0 cache_hits=0
SLIM_PHASE query-chunks wall=4.790 cumulative=4002.295 peak_rss_kib=61813068
SLIM_PROGRESS runs=727777280/1859825862 resolve_wall=182.982 lce_wall=3549.979 write_wall=5.541 lf_steps=0 cache_hits=0
SLIM_PHASE query-chunks wall=4.996 cumulative=4007.292 peak_rss_kib=61813068
SLIM_PROGRESS runs=728825856/1859825862 resolve_wall=183.253 lce_wall=3554.776 write_wall=5.548 lf_steps=0 cache_hits=0
SLIM_PHASE query-chunks wall=5.076 cumulative=4012.368 peak_rss_kib=61813068
SLIM_PROGRESS runs=729874432/1859825862 resolve_wall=183.511 lce_wall=3558.941 write_wall=5.555 lf_steps=0 cache_hits=0
SLIM_PHASE query-chunks wall=4.430 cumulative=4016.798 peak_rss_kib=61813068
SLIM_PROGRESS runs=730923008/1859825862 resolve_wall=183.774 lce_wall=3563.405 write_wall=5.562 lf_steps=0 cache_hits=0
SLIM_PHASE query-chunks wall=4.733 cumulative=4021.531 peak_rss_kib=61813068
SLIM_PROGRESS runs=731971584/1859825862 resolve_wall=184.029 lce_wall=3568.352 write_wall=5.569 lf_steps=0 cache_hits=0
SLIM_PHASE query-chunks wall=5.209 cumulative=4026.741 peak_rss_kib=61813068
SLIM_PROGRESS runs=733020160/1859825862 resolve_wall=184.270 lce_wall=3573.038 write_wall=5.576 lf_steps=0 cache_hits=0
SLIM_PHASE query-chunks wall=4.934 cumulative=4031.675 peak_rss_kib=61813068
SLIM_PROGRESS runs=734068736/1859825862 resolve_wall=184.527 lce_wall=3577.744 write_wall=5.585 lf_steps=0 cache_hits=0
SLIM_PHASE query-chunks wall=4.971 cumulative=4036.647 peak_rss_kib=61813068
SLIM_PROGRESS runs=735117312/1859825862 resolve_wall=184.797 lce_wall=3582.399 write_wall=5.592 lf_steps=0 cache_hits=0
SLIM_PHASE query-chunks wall=4.932 cumulative=4041.578 peak_rss_kib=61813068
SLIM_PROGRESS runs=736165888/1859825862 resolve_wall=185.061 lce_wall=3587.308 write_wall=5.599 lf_steps=0 cache_hits=0
SLIM_PHASE query-chunks wall=5.181 cumulative=4046.760 peak_rss_kib=61813068
SLIM_PROGRESS runs=737214464/1859825862 resolve_wall=185.315 lce_wall=3592.081 write_wall=5.606 lf_steps=0 cache_hits=0
SLIM_PHASE query-chunks wall=5.034 cumulative=4051.794 peak_rss_kib=61813068
SLIM_PROGRESS runs=738263040/1859825862 resolve_wall=185.564 lce_wall=3597.271 write_wall=5.613 lf_steps=0 cache_hits=0
SLIM_PHASE query-chunks wall=5.446 cumulative=4057.240 peak_rss_kib=61813068
SLIM_PROGRESS runs=739311616/1859825862 resolve_wall=185.824 lce_wall=3602.859 write_wall=5.621 lf_steps=0 cache_hits=0
SLIM_PHASE query-chunks wall=5.856 cumulative=4063.096 peak_rss_kib=61813068
SLIM_PROGRESS runs=740360192/1859825862 resolve_wall=186.078 lce_wall=3611.492 write_wall=5.630 lf_steps=0 cache_hits=0
SLIM_PHASE query-chunks wall=8.897 cumulative=4071.992 peak_rss_kib=61813068
SLIM_PROGRESS runs=741408768/1859825862 resolve_wall=186.357 lce_wall=3620.203 write_wall=5.639 lf_steps=0 cache_hits=0
SLIM_PHASE query-chunks wall=8.999 cumulative=4080.991 peak_rss_kib=61813068
SLIM_PROGRESS runs=742457344/1859825862 resolve_wall=186.603 lce_wall=3626.470 write_wall=5.647 lf_steps=0 cache_hits=0
SLIM_PHASE query-chunks wall=6.521 cumulative=4087.513 peak_rss_kib=61813068
SLIM_PROGRESS runs=743505920/1859825862 resolve_wall=186.830 lce_wall=3632.737 write_wall=5.656 lf_steps=0 cache_hits=0
SLIM_PHASE query-chunks wall=6.503 cumulative=4094.015 peak_rss_kib=61813068
SLIM_PROGRESS runs=744554496/1859825862 resolve_wall=187.072 lce_wall=3639.084 write_wall=5.664 lf_steps=0 cache_hits=0
SLIM_PHASE query-chunks wall=6.597 cumulative=4100.613 peak_rss_kib=61813068
SLIM_PROGRESS runs=745603072/1859825862 resolve_wall=187.322 lce_wall=3645.769 write_wall=5.673 lf_steps=0 cache_hits=0
SLIM_PHASE query-chunks wall=6.944 cumulative=4107.557 peak_rss_kib=61813068
SLIM_PROGRESS runs=746651648/1859825862 resolve_wall=187.569 lce_wall=3651.612 write_wall=5.680 lf_steps=0 cache_hits=0
SLIM_PHASE query-chunks wall=6.097 cumulative=4113.654 peak_rss_kib=61813068
SLIM_PROGRESS runs=747700224/1859825862 resolve_wall=187.830 lce_wall=3656.977 write_wall=5.691 lf_steps=0 cache_hits=0
SLIM_PHASE query-chunks wall=5.638 cumulative=4119.292 peak_rss_kib=61813068
SLIM_PROGRESS runs=748748800/1859825862 resolve_wall=188.090 lce_wall=3662.089 write_wall=5.699 lf_steps=0 cache_hits=0
SLIM_PHASE query-chunks wall=5.380 cumulative=4124.671 peak_rss_kib=61813068
SLIM_PROGRESS runs=749797376/1859825862 resolve_wall=188.333 lce_wall=3667.121 write_wall=5.707 lf_steps=0 cache_hits=0
SLIM_PHASE query-chunks wall=5.283 cumulative=4129.955 peak_rss_kib=61813068
SLIM_PROGRESS runs=750845952/1859825862 resolve_wall=188.601 lce_wall=3672.829 write_wall=5.716 lf_steps=0 cache_hits=0
SLIM_PHASE query-chunks wall=5.985 cumulative=4135.940 peak_rss_kib=61813068
SLIM_PROGRESS runs=751894528/1859825862 resolve_wall=188.857 lce_wall=3680.198 write_wall=5.726 lf_steps=0 cache_hits=0
SLIM_PHASE query-chunks wall=7.635 cumulative=4143.574 peak_rss_kib=61813068
SLIM_PROGRESS runs=752943104/1859825862 resolve_wall=189.112 lce_wall=3688.561 write_wall=5.735 lf_steps=0 cache_hits=0
SLIM_PHASE query-chunks wall=8.627 cumulative=4152.202 peak_rss_kib=61813068
SLIM_PROGRESS runs=753991680/1859825862 resolve_wall=189.391 lce_wall=3695.012 write_wall=5.747 lf_steps=0 cache_hits=0
SLIM_PHASE query-chunks wall=6.742 cumulative=4158.944 peak_rss_kib=61813068
SLIM_PROGRESS runs=755040256/1859825862 resolve_wall=189.626 lce_wall=3700.424 write_wall=5.754 lf_steps=0 cache_hits=0
SLIM_PHASE query-chunks wall=5.655 cumulative=4164.599 peak_rss_kib=61813068
SLIM_PROGRESS runs=756088832/1859825862 resolve_wall=189.872 lce_wall=3706.107 write_wall=5.762 lf_steps=0 cache_hits=0
SLIM_PHASE query-chunks wall=5.936 cumulative=4170.535 peak_rss_kib=61813068
SLIM_PROGRESS runs=757137408/1859825862 resolve_wall=190.154 lce_wall=3712.094 write_wall=5.770 lf_steps=0 cache_hits=0
SLIM_PHASE query-chunks wall=6.278 cumulative=4176.813 peak_rss_kib=61813068
SLIM_PROGRESS runs=758185984/1859825862 resolve_wall=190.419 lce_wall=3717.264 write_wall=5.779 lf_steps=0 cache_hits=0
SLIM_PHASE query-chunks wall=5.444 cumulative=4182.257 peak_rss_kib=61813068
SLIM_PROGRESS runs=759234560/1859825862 resolve_wall=190.688 lce_wall=3722.629 write_wall=5.787 lf_steps=0 cache_hits=0
SLIM_PHASE query-chunks wall=5.643 cumulative=4187.900 peak_rss_kib=61813068
SLIM_PROGRESS runs=760283136/1859825862 resolve_wall=190.951 lce_wall=3728.045 write_wall=5.795 lf_steps=0 cache_hits=0
SLIM_PHASE query-chunks wall=5.687 cumulative=4193.587 peak_rss_kib=61813068
SLIM_PROGRESS runs=761331712/1859825862 resolve_wall=191.247 lce_wall=3733.426 write_wall=5.807 lf_steps=0 cache_hits=0
SLIM_PHASE query-chunks wall=5.689 cumulative=4199.275 peak_rss_kib=61813068
SLIM_PROGRESS runs=762380288/1859825862 resolve_wall=191.513 lce_wall=3738.704 write_wall=5.815 lf_steps=0 cache_hits=0
SLIM_PHASE query-chunks wall=5.552 cumulative=4204.827 peak_rss_kib=61813068
SLIM_PROGRESS runs=763428864/1859825862 resolve_wall=191.764 lce_wall=3743.637 write_wall=5.827 lf_steps=0 cache_hits=0
SLIM_PHASE query-chunks wall=5.196 cumulative=4210.023 peak_rss_kib=61813068
SLIM_PROGRESS runs=764477440/1859825862 resolve_wall=192.009 lce_wall=3748.490 write_wall=5.835 lf_steps=0 cache_hits=0
SLIM_PHASE query-chunks wall=5.107 cumulative=4215.130 peak_rss_kib=61813068
SLIM_PROGRESS runs=765526016/1859825862 resolve_wall=192.239 lce_wall=3753.177 write_wall=5.842 lf_steps=0 cache_hits=0
SLIM_PHASE query-chunks wall=4.925 cumulative=4220.055 peak_rss_kib=61813068
SLIM_PROGRESS runs=766574592/1859825862 resolve_wall=192.481 lce_wall=3758.066 write_wall=5.850 lf_steps=0 cache_hits=0
SLIM_PHASE query-chunks wall=5.139 cumulative=4225.194 peak_rss_kib=61813068
SLIM_PROGRESS runs=767623168/1859825862 resolve_wall=192.727 lce_wall=3763.134 write_wall=5.857 lf_steps=0 cache_hits=0
SLIM_PHASE query-chunks wall=5.322 cumulative=4230.515 peak_rss_kib=61813068
SLIM_PROGRESS runs=768671744/1859825862 resolve_wall=192.975 lce_wall=3768.235 write_wall=5.865 lf_steps=0 cache_hits=0
SLIM_PHASE query-chunks wall=5.356 cumulative=4235.871 peak_rss_kib=61813068
SLIM_PROGRESS runs=769720320/1859825862 resolve_wall=193.201 lce_wall=3773.342 write_wall=5.873 lf_steps=0 cache_hits=0
SLIM_PHASE query-chunks wall=5.341 cumulative=4241.212 peak_rss_kib=61813068
SLIM_PROGRESS runs=770768896/1859825862 resolve_wall=193.480 lce_wall=3778.041 write_wall=5.880 lf_steps=0 cache_hits=0
SLIM_PHASE query-chunks wall=4.985 cumulative=4246.197 peak_rss_kib=61813068
SLIM_PROGRESS runs=771817472/1859825862 resolve_wall=193.697 lce_wall=3782.642 write_wall=5.887 lf_steps=0 cache_hits=0
SLIM_PHASE query-chunks wall=4.826 cumulative=4251.023 peak_rss_kib=61813068
SLIM_PROGRESS runs=772866048/1859825862 resolve_wall=193.930 lce_wall=3787.253 write_wall=5.894 lf_steps=0 cache_hits=0
SLIM_PHASE query-chunks wall=4.851 cumulative=4255.874 peak_rss_kib=61813068
SLIM_PROGRESS runs=773914624/1859825862 resolve_wall=194.141 lce_wall=3791.933 write_wall=5.901 lf_steps=0 cache_hits=0
SLIM_PHASE query-chunks wall=4.898 cumulative=4260.772 peak_rss_kib=61813068
SLIM_PROGRESS runs=774963200/1859825862 resolve_wall=194.355 lce_wall=3796.679 write_wall=5.908 lf_steps=0 cache_hits=0
SLIM_PHASE query-chunks wall=4.967 cumulative=4265.739 peak_rss_kib=61813068
SLIM_PROGRESS runs=776011776/1859825862 resolve_wall=194.629 lce_wall=3801.487 write_wall=5.915 lf_steps=0 cache_hits=0
SLIM_PHASE query-chunks wall=5.090 cumulative=4270.829 peak_rss_kib=61813068
SLIM_PROGRESS runs=777060352/1859825862 resolve_wall=194.909 lce_wall=3805.998 write_wall=5.922 lf_steps=0 cache_hits=0
SLIM_PHASE query-chunks wall=4.798 cumulative=4275.626 peak_rss_kib=61813068
SLIM_PROGRESS runs=778108928/1859825862 resolve_wall=195.171 lce_wall=3810.641 write_wall=5.929 lf_steps=0 cache_hits=0
SLIM_PHASE query-chunks wall=4.912 cumulative=4280.539 peak_rss_kib=61813068
SLIM_PROGRESS runs=779157504/1859825862 resolve_wall=195.417 lce_wall=3815.446 write_wall=5.939 lf_steps=0 cache_hits=0
SLIM_PHASE query-chunks wall=5.062 cumulative=4285.600 peak_rss_kib=61817508
SLIM_PROGRESS runs=780206080/1859825862 resolve_wall=195.680 lce_wall=3820.063 write_wall=5.947 lf_steps=0 cache_hits=0
SLIM_PHASE query-chunks wall=4.888 cumulative=4290.488 peak_rss_kib=61832296
SLIM_PROGRESS runs=781254656/1859825862 resolve_wall=195.968 lce_wall=3824.807 write_wall=5.954 lf_steps=0 cache_hits=0
SLIM_PHASE query-chunks wall=5.038 cumulative=4295.527 peak_rss_kib=61845096
SLIM_PROGRESS runs=782303232/1859825862 resolve_wall=196.232 lce_wall=3829.622 write_wall=5.961 lf_steps=0 cache_hits=0
SLIM_PHASE query-chunks wall=5.087 cumulative=4300.613 peak_rss_kib=61851936
SLIM_PROGRESS runs=783351808/1859825862 resolve_wall=196.507 lce_wall=3834.841 write_wall=5.969 lf_steps=0 cache_hits=0
SLIM_PHASE query-chunks wall=5.502 cumulative=4306.115 peak_rss_kib=61857592
SLIM_PROGRESS runs=784400384/1859825862 resolve_wall=196.758 lce_wall=3840.206 write_wall=5.976 lf_steps=0 cache_hits=0
SLIM_PHASE query-chunks wall=5.625 cumulative=4311.740 peak_rss_kib=61867372
SLIM_PROGRESS runs=785448960/1859825862 resolve_wall=196.999 lce_wall=3845.723 write_wall=5.984 lf_steps=0 cache_hits=0
SLIM_PHASE query-chunks wall=5.764 cumulative=4317.504 peak_rss_kib=61877788
SLIM_PROGRESS runs=786497536/1859825862 resolve_wall=197.217 lce_wall=3850.942 write_wall=5.992 lf_steps=0 cache_hits=0
SLIM_PHASE query-chunks wall=5.445 cumulative=4322.950 peak_rss_kib=61896636
SLIM_PROGRESS runs=787546112/1859825862 resolve_wall=197.466 lce_wall=3856.132 write_wall=6.000 lf_steps=0 cache_hits=0
SLIM_PHASE query-chunks wall=5.447 cumulative=4328.396 peak_rss_kib=61911444
SLIM_PROGRESS runs=788594688/1859825862 resolve_wall=197.748 lce_wall=3861.929 write_wall=6.008 lf_steps=0 cache_hits=0
SLIM_PHASE query-chunks wall=6.088 cumulative=4334.484 peak_rss_kib=61926584
SLIM_PROGRESS runs=789643264/1859825862 resolve_wall=198.000 lce_wall=3867.283 write_wall=6.016 lf_steps=0 cache_hits=0
SLIM_PHASE query-chunks wall=5.616 cumulative=4340.100 peak_rss_kib=61927960
SLIM_PROGRESS runs=790691840/1859825862 resolve_wall=198.257 lce_wall=3871.946 write_wall=6.024 lf_steps=0 cache_hits=0
SLIM_PHASE query-chunks wall=4.927 cumulative=4345.027 peak_rss_kib=61937944
SLIM_PROGRESS runs=791740416/1859825862 resolve_wall=198.524 lce_wall=3876.682 write_wall=6.032 lf_steps=0 cache_hits=0
SLIM_PHASE query-chunks wall=5.011 cumulative=4350.038 peak_rss_kib=61950360
SLIM_PROGRESS runs=792788992/1859825862 resolve_wall=198.755 lce_wall=3881.967 write_wall=6.040 lf_steps=0 cache_hits=0
SLIM_PHASE query-chunks wall=5.524 cumulative=4355.562 peak_rss_kib=61965156
SLIM_PROGRESS runs=793837568/1859825862 resolve_wall=199.020 lce_wall=3887.203 write_wall=6.047 lf_steps=0 cache_hits=0
SLIM_PHASE query-chunks wall=5.509 cumulative=4361.071 peak_rss_kib=61972244
SLIM_PROGRESS runs=794886144/1859825862 resolve_wall=199.288 lce_wall=3891.951 write_wall=6.055 lf_steps=0 cache_hits=0
SLIM_PHASE query-chunks wall=5.024 cumulative=4366.095 peak_rss_kib=61975428
SLIM_PROGRESS runs=795934720/1859825862 resolve_wall=199.531 lce_wall=3896.595 write_wall=6.062 lf_steps=0 cache_hits=0
SLIM_PHASE query-chunks wall=4.894 cumulative=4370.989 peak_rss_kib=61981028
SLIM_PROGRESS runs=796983296/1859825862 resolve_wall=199.752 lce_wall=3901.031 write_wall=6.069 lf_steps=0 cache_hits=0
SLIM_PHASE query-chunks wall=4.664 cumulative=4375.653 peak_rss_kib=62000176
SLIM_PROGRESS runs=798031872/1859825862 resolve_wall=200.001 lce_wall=3905.685 write_wall=6.077 lf_steps=0 cache_hits=0
SLIM_PHASE query-chunks wall=4.910 cumulative=4380.563 peak_rss_kib=62012880
SLIM_PROGRESS runs=799080448/1859825862 resolve_wall=200.275 lce_wall=3910.443 write_wall=6.084 lf_steps=0 cache_hits=0
SLIM_PHASE query-chunks wall=5.039 cumulative=4385.603 peak_rss_kib=62022012
SLIM_PROGRESS runs=800129024/1859825862 resolve_wall=200.547 lce_wall=3915.821 write_wall=6.091 lf_steps=0 cache_hits=0
SLIM_PHASE query-chunks wall=5.658 cumulative=4391.261 peak_rss_kib=62027868
SLIM_PROGRESS runs=801177600/1859825862 resolve_wall=200.828 lce_wall=3921.115 write_wall=6.098 lf_steps=0 cache_hits=0
SLIM_PHASE query-chunks wall=5.581 cumulative=4396.842 peak_rss_kib=62027868
SLIM_PROGRESS runs=802226176/1859825862 resolve_wall=201.085 lce_wall=3926.934 write_wall=6.106 lf_steps=0 cache_hits=0
SLIM_PHASE query-chunks wall=6.084 cumulative=4402.927 peak_rss_kib=62027868
SLIM_PROGRESS runs=803274752/1859825862 resolve_wall=201.343 lce_wall=3932.507 write_wall=6.114 lf_steps=0 cache_hits=0
SLIM_PHASE query-chunks wall=5.839 cumulative=4408.766 peak_rss_kib=62027868
SLIM_PROGRESS runs=804323328/1859825862 resolve_wall=201.594 lce_wall=3937.666 write_wall=6.121 lf_steps=0 cache_hits=0
SLIM_PHASE query-chunks wall=5.418 cumulative=4414.184 peak_rss_kib=62027868
SLIM_PROGRESS runs=805371904/1859825862 resolve_wall=201.806 lce_wall=3942.923 write_wall=6.129 lf_steps=0 cache_hits=0
SLIM_PHASE query-chunks wall=5.477 cumulative=4419.660 peak_rss_kib=62027868
SLIM_PROGRESS runs=806420480/1859825862 resolve_wall=202.034 lce_wall=3948.087 write_wall=6.137 lf_steps=0 cache_hits=0
SLIM_PHASE query-chunks wall=5.399 cumulative=4425.059 peak_rss_kib=62027868
SLIM_PROGRESS runs=807469056/1859825862 resolve_wall=202.263 lce_wall=3952.966 write_wall=6.144 lf_steps=0 cache_hits=0
SLIM_PHASE query-chunks wall=5.117 cumulative=4430.176 peak_rss_kib=62027868
SLIM_PROGRESS runs=808517632/1859825862 resolve_wall=202.502 lce_wall=3957.847 write_wall=6.152 lf_steps=0 cache_hits=0
SLIM_PHASE query-chunks wall=5.127 cumulative=4435.303 peak_rss_kib=62027868
SLIM_PROGRESS runs=809566208/1859825862 resolve_wall=202.774 lce_wall=3962.408 write_wall=6.159 lf_steps=0 cache_hits=0
SLIM_PHASE query-chunks wall=4.841 cumulative=4440.145 peak_rss_kib=62027868
SLIM_PROGRESS runs=810614784/1859825862 resolve_wall=203.060 lce_wall=3967.065 write_wall=6.167 lf_steps=0 cache_hits=0
SLIM_PHASE query-chunks wall=4.950 cumulative=4445.095 peak_rss_kib=62027868
SLIM_PROGRESS runs=811663360/1859825862 resolve_wall=203.345 lce_wall=3971.801 write_wall=6.174 lf_steps=0 cache_hits=0
SLIM_PHASE query-chunks wall=5.028 cumulative=4450.123 peak_rss_kib=62027868
SLIM_PROGRESS runs=812711936/1859825862 resolve_wall=203.618 lce_wall=3976.418 write_wall=6.181 lf_steps=0 cache_hits=0
SLIM_PHASE query-chunks wall=4.897 cumulative=4455.020 peak_rss_kib=62027868
SLIM_PROGRESS runs=813760512/1859825862 resolve_wall=203.863 lce_wall=3981.532 write_wall=6.188 lf_steps=0 cache_hits=0
SLIM_PHASE query-chunks wall=5.367 cumulative=4460.387 peak_rss_kib=62027868
SLIM_PROGRESS runs=814809088/1859825862 resolve_wall=204.096 lce_wall=3986.684 write_wall=6.196 lf_steps=0 cache_hits=0
SLIM_PHASE query-chunks wall=5.392 cumulative=4465.779 peak_rss_kib=62027868
SLIM_PROGRESS runs=815857664/1859825862 resolve_wall=204.323 lce_wall=3991.728 write_wall=6.204 lf_steps=0 cache_hits=0
SLIM_PHASE query-chunks wall=5.280 cumulative=4471.059 peak_rss_kib=62027868
SLIM_PROGRESS runs=816906240/1859825862 resolve_wall=204.543 lce_wall=3996.436 write_wall=6.211 lf_steps=0 cache_hits=0
SLIM_PHASE query-chunks wall=4.935 cumulative=4475.994 peak_rss_kib=62027868
SLIM_PROGRESS runs=817954816/1859825862 resolve_wall=204.777 lce_wall=4001.348 write_wall=6.219 lf_steps=0 cache_hits=0
SLIM_PHASE query-chunks wall=5.154 cumulative=4481.147 peak_rss_kib=62027868
SLIM_PROGRESS runs=819003392/1859825862 resolve_wall=205.023 lce_wall=4006.196 write_wall=6.226 lf_steps=0 cache_hits=0
SLIM_PHASE query-chunks wall=5.102 cumulative=4486.249 peak_rss_kib=62027868
SLIM_PROGRESS runs=820051968/1859825862 resolve_wall=205.250 lce_wall=4011.335 write_wall=6.234 lf_steps=0 cache_hits=0
SLIM_PHASE query-chunks wall=5.373 cumulative=4491.623 peak_rss_kib=62027868
SLIM_PROGRESS runs=821100544/1859825862 resolve_wall=205.494 lce_wall=4016.499 write_wall=6.241 lf_steps=0 cache_hits=0
SLIM_PHASE query-chunks wall=5.415 cumulative=4497.038 peak_rss_kib=62027868
SLIM_PROGRESS runs=822149120/1859825862 resolve_wall=205.705 lce_wall=4021.983 write_wall=6.249 lf_steps=0 cache_hits=0
SLIM_PHASE query-chunks wall=5.704 cumulative=4502.741 peak_rss_kib=62027868
SLIM_PROGRESS runs=823197696/1859825862 resolve_wall=205.968 lce_wall=4027.091 write_wall=6.257 lf_steps=0 cache_hits=0
SLIM_PHASE query-chunks wall=5.378 cumulative=4508.120 peak_rss_kib=62027868
SLIM_PROGRESS runs=824246272/1859825862 resolve_wall=206.190 lce_wall=4032.545 write_wall=6.265 lf_steps=0 cache_hits=0
SLIM_PHASE query-chunks wall=5.685 cumulative=4513.805 peak_rss_kib=62027868
SLIM_PROGRESS runs=825294848/1859825862 resolve_wall=206.410 lce_wall=4037.799 write_wall=6.272 lf_steps=0 cache_hits=0
SLIM_PHASE query-chunks wall=5.482 cumulative=4519.286 peak_rss_kib=62027868
SLIM_PROGRESS runs=826343424/1859825862 resolve_wall=206.649 lce_wall=4043.121 write_wall=6.284 lf_steps=0 cache_hits=0
SLIM_PHASE query-chunks wall=5.572 cumulative=4524.859 peak_rss_kib=62027868
SLIM_PROGRESS runs=827392000/1859825862 resolve_wall=206.919 lce_wall=4049.141 write_wall=6.293 lf_steps=0 cache_hits=0
SLIM_PHASE query-chunks wall=6.300 cumulative=4531.159 peak_rss_kib=62027868
SLIM_PROGRESS runs=828440576/1859825862 resolve_wall=207.160 lce_wall=4055.299 write_wall=6.300 lf_steps=0 cache_hits=0
SLIM_PHASE query-chunks wall=6.407 cumulative=4537.565 peak_rss_kib=62027868
SLIM_PROGRESS runs=829489152/1859825862 resolve_wall=207.413 lce_wall=4060.915 write_wall=6.308 lf_steps=0 cache_hits=0
SLIM_PHASE query-chunks wall=5.877 cumulative=4543.442 peak_rss_kib=62027868
SLIM_PROGRESS runs=830537728/1859825862 resolve_wall=207.641 lce_wall=4066.600 write_wall=6.316 lf_steps=0 cache_hits=0
SLIM_PHASE query-chunks wall=5.921 cumulative=4549.364 peak_rss_kib=62027868
SLIM_PROGRESS runs=831586304/1859825862 resolve_wall=207.849 lce_wall=4075.253 write_wall=6.327 lf_steps=0 cache_hits=0
SLIM_PHASE query-chunks wall=8.871 cumulative=4558.235 peak_rss_kib=62027868
SLIM_PROGRESS runs=832634880/1859825862 resolve_wall=208.059 lce_wall=4083.740 write_wall=6.340 lf_steps=0 cache_hits=0
SLIM_PHASE query-chunks wall=8.712 cumulative=4566.946 peak_rss_kib=62027868
SLIM_PROGRESS runs=833683456/1859825862 resolve_wall=208.248 lce_wall=4091.605 write_wall=6.352 lf_steps=0 cache_hits=0
SLIM_PHASE query-chunks wall=8.066 cumulative=4575.012 peak_rss_kib=62027868
SLIM_PROGRESS runs=834732032/1859825862 resolve_wall=208.457 lce_wall=4097.895 write_wall=6.361 lf_steps=0 cache_hits=0
SLIM_PHASE query-chunks wall=6.508 cumulative=4581.519 peak_rss_kib=62027868
SLIM_PROGRESS runs=835780608/1859825862 resolve_wall=208.680 lce_wall=4105.486 write_wall=6.370 lf_steps=0 cache_hits=0
SLIM_PHASE query-chunks wall=7.823 cumulative=4589.343 peak_rss_kib=62031152
SLIM_PROGRESS runs=836829184/1859825862 resolve_wall=208.947 lce_wall=4113.390 write_wall=6.379 lf_steps=0 cache_hits=0
SLIM_PHASE query-chunks wall=8.181 cumulative=4597.523 peak_rss_kib=62040144
SLIM_PROGRESS runs=837877760/1859825862 resolve_wall=209.187 lce_wall=4119.167 write_wall=6.387 lf_steps=0 cache_hits=0
SLIM_PHASE query-chunks wall=6.025 cumulative=4603.548 peak_rss_kib=62046656
SLIM_PROGRESS runs=838926336/1859825862 resolve_wall=209.419 lce_wall=4124.212 write_wall=6.394 lf_steps=0 cache_hits=0
SLIM_PHASE query-chunks wall=5.285 cumulative=4608.833 peak_rss_kib=62054228
SLIM_PROGRESS runs=839974912/1859825862 resolve_wall=209.672 lce_wall=4128.793 write_wall=6.402 lf_steps=0 cache_hits=0
SLIM_PHASE query-chunks wall=4.841 cumulative=4613.674 peak_rss_kib=62062420
SLIM_PROGRESS runs=841023488/1859825862 resolve_wall=209.927 lce_wall=4133.445 write_wall=6.410 lf_steps=0 cache_hits=0
SLIM_PHASE query-chunks wall=4.916 cumulative=4618.590 peak_rss_kib=62069364
SLIM_PROGRESS runs=842072064/1859825862 resolve_wall=210.183 lce_wall=4138.044 write_wall=6.417 lf_steps=0 cache_hits=0
SLIM_PHASE query-chunks wall=4.862 cumulative=4623.452 peak_rss_kib=62080692
SLIM_PROGRESS runs=843120640/1859825862 resolve_wall=210.446 lce_wall=4142.489 write_wall=6.424 lf_steps=0 cache_hits=0
SLIM_PHASE query-chunks wall=4.716 cumulative=4628.167 peak_rss_kib=62089476
SLIM_PROGRESS runs=844169216/1859825862 resolve_wall=210.697 lce_wall=4146.962 write_wall=6.431 lf_steps=0 cache_hits=0
SLIM_PHASE query-chunks wall=4.732 cumulative=4632.899 peak_rss_kib=62104408
SLIM_PROGRESS runs=845217792/1859825862 resolve_wall=210.925 lce_wall=4151.646 write_wall=6.439 lf_steps=0 cache_hits=0
SLIM_PHASE query-chunks wall=4.920 cumulative=4637.818 peak_rss_kib=62111256
SLIM_PROGRESS runs=846266368/1859825862 resolve_wall=211.137 lce_wall=4156.584 write_wall=6.447 lf_steps=0 cache_hits=0
SLIM_PHASE query-chunks wall=5.158 cumulative=4642.976 peak_rss_kib=62120352
SLIM_PROGRESS runs=847314944/1859825862 resolve_wall=211.375 lce_wall=4161.238 write_wall=6.454 lf_steps=0 cache_hits=0
SLIM_PHASE query-chunks wall=4.900 cumulative=4647.877 peak_rss_kib=62126720
SLIM_PROGRESS runs=848363520/1859825862 resolve_wall=211.626 lce_wall=4166.060 write_wall=6.462 lf_steps=0 cache_hits=0
SLIM_PHASE query-chunks wall=5.080 cumulative=4652.956 peak_rss_kib=62129472
SLIM_PROGRESS runs=849412096/1859825862 resolve_wall=211.883 lce_wall=4170.825 write_wall=6.469 lf_steps=0 cache_hits=0
SLIM_PHASE query-chunks wall=5.030 cumulative=4657.986 peak_rss_kib=62140080
SLIM_PROGRESS runs=850460672/1859825862 resolve_wall=212.149 lce_wall=4175.780 write_wall=6.476 lf_steps=0 cache_hits=0
SLIM_PHASE query-chunks wall=5.228 cumulative=4663.214 peak_rss_kib=62141216
SLIM_PROGRESS runs=851509248/1859825862 resolve_wall=212.383 lce_wall=4180.889 write_wall=6.483 lf_steps=0 cache_hits=0
SLIM_PHASE query-chunks wall=5.351 cumulative=4668.565 peak_rss_kib=62141216
SLIM_PROGRESS runs=852557824/1859825862 resolve_wall=212.640 lce_wall=4185.524 write_wall=6.491 lf_steps=0 cache_hits=0
SLIM_PHASE query-chunks wall=4.899 cumulative=4673.464 peak_rss_kib=62141216
SLIM_PROGRESS runs=853606400/1859825862 resolve_wall=212.897 lce_wall=4190.287 write_wall=6.498 lf_steps=0 cache_hits=0
SLIM_PHASE query-chunks wall=5.027 cumulative=4678.492 peak_rss_kib=62141216
SLIM_PROGRESS runs=854654976/1859825862 resolve_wall=213.137 lce_wall=4195.030 write_wall=6.505 lf_steps=0 cache_hits=0
SLIM_PHASE query-chunks wall=4.990 cumulative=4683.482 peak_rss_kib=62141216
SLIM_PROGRESS runs=855703552/1859825862 resolve_wall=213.374 lce_wall=4199.590 write_wall=6.512 lf_steps=0 cache_hits=0
SLIM_PHASE query-chunks wall=4.804 cumulative=4688.286 peak_rss_kib=62141216
SLIM_PROGRESS runs=856752128/1859825862 resolve_wall=213.633 lce_wall=4204.353 write_wall=6.519 lf_steps=0 cache_hits=0
SLIM_PHASE query-chunks wall=5.029 cumulative=4693.315 peak_rss_kib=62141216
SLIM_PROGRESS runs=857800704/1859825862 resolve_wall=213.909 lce_wall=4208.891 write_wall=6.526 lf_steps=0 cache_hits=0
SLIM_PHASE query-chunks wall=4.821 cumulative=4698.136 peak_rss_kib=62141216
SLIM_PROGRESS runs=858849280/1859825862 resolve_wall=214.158 lce_wall=4213.830 write_wall=6.534 lf_steps=0 cache_hits=0
SLIM_PHASE query-chunks wall=5.197 cumulative=4703.333 peak_rss_kib=62142912
SLIM_PROGRESS runs=859897856/1859825862 resolve_wall=214.387 lce_wall=4218.617 write_wall=6.541 lf_steps=0 cache_hits=0
SLIM_PHASE query-chunks wall=5.023 cumulative=4708.356 peak_rss_kib=62151616
SLIM_PROGRESS runs=860946432/1859825862 resolve_wall=214.631 lce_wall=4223.598 write_wall=6.549 lf_steps=0 cache_hits=0
SLIM_PHASE query-chunks wall=5.232 cumulative=4713.588 peak_rss_kib=62158272
SLIM_PROGRESS runs=861995008/1859825862 resolve_wall=214.885 lce_wall=4228.475 write_wall=6.557 lf_steps=0 cache_hits=0
SLIM_PHASE query-chunks wall=5.139 cumulative=4718.727 peak_rss_kib=62165216
SLIM_PROGRESS runs=863043584/1859825862 resolve_wall=215.131 lce_wall=4233.347 write_wall=6.564 lf_steps=0 cache_hits=0
SLIM_PHASE query-chunks wall=5.126 cumulative=4723.853 peak_rss_kib=62179584
SLIM_PROGRESS runs=864092160/1859825862 resolve_wall=215.367 lce_wall=4238.209 write_wall=6.571 lf_steps=0 cache_hits=0
SLIM_PHASE query-chunks wall=5.105 cumulative=4728.958 peak_rss_kib=62196864
SLIM_PROGRESS runs=865140736/1859825862 resolve_wall=215.605 lce_wall=4243.174 write_wall=6.579 lf_steps=0 cache_hits=0
SLIM_PHASE query-chunks wall=5.211 cumulative=4734.170 peak_rss_kib=62196864
SLIM_PROGRESS runs=866189312/1859825862 resolve_wall=215.824 lce_wall=4247.833 write_wall=6.586 lf_steps=0 cache_hits=0
SLIM_PHASE query-chunks wall=4.884 cumulative=4739.054 peak_rss_kib=62196864
SLIM_PROGRESS runs=867237888/1859825862 resolve_wall=216.053 lce_wall=4252.479 write_wall=6.594 lf_steps=0 cache_hits=0
SLIM_PHASE query-chunks wall=4.884 cumulative=4743.938 peak_rss_kib=62196864
SLIM_PROGRESS runs=868286464/1859825862 resolve_wall=216.285 lce_wall=4257.100 write_wall=6.601 lf_steps=0 cache_hits=0
SLIM_PHASE query-chunks wall=4.860 cumulative=4748.798 peak_rss_kib=62196864
SLIM_PROGRESS runs=869335040/1859825862 resolve_wall=216.520 lce_wall=4261.665 write_wall=6.609 lf_steps=0 cache_hits=0
SLIM_PHASE query-chunks wall=4.808 cumulative=4753.606 peak_rss_kib=62196864
SLIM_PROGRESS runs=870383616/1859825862 resolve_wall=216.757 lce_wall=4266.208 write_wall=6.616 lf_steps=0 cache_hits=0
SLIM_PHASE query-chunks wall=4.787 cumulative=4758.393 peak_rss_kib=62196864
SLIM_PROGRESS runs=871432192/1859825862 resolve_wall=216.970 lce_wall=4270.724 write_wall=6.623 lf_steps=0 cache_hits=0
SLIM_PHASE query-chunks wall=4.736 cumulative=4763.129 peak_rss_kib=62196864
SLIM_PROGRESS runs=872480768/1859825862 resolve_wall=217.204 lce_wall=4275.517 write_wall=6.630 lf_steps=0 cache_hits=0
SLIM_PHASE query-chunks wall=5.035 cumulative=4768.164 peak_rss_kib=62196864
SLIM_PROGRESS runs=873529344/1859825862 resolve_wall=217.462 lce_wall=4280.165 write_wall=6.637 lf_steps=0 cache_hits=0
SLIM_PHASE query-chunks wall=4.913 cumulative=4773.077 peak_rss_kib=62196864
SLIM_PROGRESS runs=874577920/1859825862 resolve_wall=217.718 lce_wall=4284.788 write_wall=6.645 lf_steps=0 cache_hits=0
SLIM_PHASE query-chunks wall=4.886 cumulative=4777.964 peak_rss_kib=62196864
SLIM_PROGRESS runs=875626496/1859825862 resolve_wall=217.967 lce_wall=4289.503 write_wall=6.652 lf_steps=0 cache_hits=0
SLIM_PHASE query-chunks wall=4.971 cumulative=4782.935 peak_rss_kib=62196864
SLIM_PROGRESS runs=876675072/1859825862 resolve_wall=218.199 lce_wall=4294.350 write_wall=6.659 lf_steps=0 cache_hits=0
SLIM_PHASE query-chunks wall=5.086 cumulative=4788.021 peak_rss_kib=62196864
SLIM_PROGRESS runs=877723648/1859825862 resolve_wall=218.436 lce_wall=4298.927 write_wall=6.666 lf_steps=0 cache_hits=0
SLIM_PHASE query-chunks wall=4.822 cumulative=4792.843 peak_rss_kib=62196864
SLIM_PROGRESS runs=878772224/1859825862 resolve_wall=218.700 lce_wall=4303.612 write_wall=6.673 lf_steps=0 cache_hits=0
SLIM_PHASE query-chunks wall=4.956 cumulative=4797.799 peak_rss_kib=62196864
SLIM_PROGRESS runs=879820800/1859825862 resolve_wall=218.945 lce_wall=4308.318 write_wall=6.681 lf_steps=0 cache_hits=0
SLIM_PHASE query-chunks wall=4.958 cumulative=4802.758 peak_rss_kib=62196864
SLIM_PROGRESS runs=880869376/1859825862 resolve_wall=219.188 lce_wall=4312.965 write_wall=6.688 lf_steps=0 cache_hits=0
SLIM_PHASE query-chunks wall=4.897 cumulative=4807.655 peak_rss_kib=62196864
SLIM_PROGRESS runs=881917952/1859825862 resolve_wall=219.435 lce_wall=4317.833 write_wall=6.695 lf_steps=0 cache_hits=0
SLIM_PHASE query-chunks wall=5.123 cumulative=4812.778 peak_rss_kib=62196864
SLIM_PROGRESS runs=882966528/1859825862 resolve_wall=219.698 lce_wall=4322.705 write_wall=6.703 lf_steps=0 cache_hits=0
SLIM_PHASE query-chunks wall=5.142 cumulative=4817.920 peak_rss_kib=62196864
SLIM_PROGRESS runs=884015104/1859825862 resolve_wall=219.948 lce_wall=4326.794 write_wall=6.710 lf_steps=0 cache_hits=0
SLIM_PHASE query-chunks wall=4.347 cumulative=4822.267 peak_rss_kib=62196864
SLIM_PROGRESS runs=885063680/1859825862 resolve_wall=220.216 lce_wall=4331.786 write_wall=6.717 lf_steps=0 cache_hits=0
SLIM_PHASE query-chunks wall=5.267 cumulative=4827.534 peak_rss_kib=62196864
SLIM_PROGRESS runs=886112256/1859825862 resolve_wall=220.470 lce_wall=4336.410 write_wall=6.724 lf_steps=0 cache_hits=0
SLIM_PHASE query-chunks wall=4.885 cumulative=4832.419 peak_rss_kib=62200300
SLIM_PROGRESS runs=887160832/1859825862 resolve_wall=220.733 lce_wall=4341.142 write_wall=6.732 lf_steps=0 cache_hits=0
SLIM_PHASE query-chunks wall=5.002 cumulative=4837.421 peak_rss_kib=62204908
SLIM_PROGRESS runs=888209408/1859825862 resolve_wall=220.998 lce_wall=4345.833 write_wall=6.738 lf_steps=0 cache_hits=0
SLIM_PHASE query-chunks wall=4.963 cumulative=4842.384 peak_rss_kib=62211564
SLIM_PROGRESS runs=889257984/1859825862 resolve_wall=221.254 lce_wall=4350.468 write_wall=6.745 lf_steps=0 cache_hits=0
SLIM_PHASE query-chunks wall=4.899 cumulative=4847.283 peak_rss_kib=62224808
SLIM_PROGRESS runs=890306560/1859825862 resolve_wall=221.505 lce_wall=4355.053 write_wall=6.752 lf_steps=0 cache_hits=0
SLIM_PHASE query-chunks wall=4.844 cumulative=4852.127 peak_rss_kib=62246600
SLIM_PROGRESS runs=891355136/1859825862 resolve_wall=221.769 lce_wall=4359.745 write_wall=6.759 lf_steps=0 cache_hits=0
SLIM_PHASE query-chunks wall=4.962 cumulative=4857.088 peak_rss_kib=62253624
SLIM_PROGRESS runs=892403712/1859825862 resolve_wall=222.032 lce_wall=4364.405 write_wall=6.767 lf_steps=0 cache_hits=0
SLIM_PHASE query-chunks wall=4.931 cumulative=4862.020 peak_rss_kib=62269068
SLIM_PROGRESS runs=893452288/1859825862 resolve_wall=222.301 lce_wall=4369.042 write_wall=6.774 lf_steps=0 cache_hits=0
SLIM_PHASE query-chunks wall=4.912 cumulative=4866.932 peak_rss_kib=62276016
SLIM_PROGRESS runs=894500864/1859825862 resolve_wall=222.557 lce_wall=4373.647 write_wall=6.781 lf_steps=0 cache_hits=0
SLIM_PHASE query-chunks wall=4.868 cumulative=4871.800 peak_rss_kib=62291084
SLIM_PROGRESS runs=895549440/1859825862 resolve_wall=222.805 lce_wall=4378.287 write_wall=6.788 lf_steps=0 cache_hits=0
SLIM_PHASE query-chunks wall=4.896 cumulative=4876.696 peak_rss_kib=62292268
SLIM_PROGRESS runs=896598016/1859825862 resolve_wall=223.075 lce_wall=4383.036 write_wall=6.795 lf_steps=0 cache_hits=0
SLIM_PHASE query-chunks wall=5.027 cumulative=4881.723 peak_rss_kib=62299232
SLIM_PROGRESS runs=897646592/1859825862 resolve_wall=223.347 lce_wall=4387.639 write_wall=6.802 lf_steps=0 cache_hits=0
SLIM_PHASE query-chunks wall=4.882 cumulative=4886.605 peak_rss_kib=62310348
SLIM_PROGRESS runs=898695168/1859825862 resolve_wall=223.588 lce_wall=4392.198 write_wall=6.809 lf_steps=0 cache_hits=0
SLIM_PHASE query-chunks wall=4.806 cumulative=4891.411 peak_rss_kib=62324012
SLIM_PROGRESS runs=899743744/1859825862 resolve_wall=223.838 lce_wall=4396.776 write_wall=6.816 lf_steps=0 cache_hits=0
SLIM_PHASE query-chunks wall=4.836 cumulative=4896.247 peak_rss_kib=62334700
SLIM_PROGRESS runs=900792320/1859825862 resolve_wall=224.066 lce_wall=4401.551 write_wall=6.823 lf_steps=0 cache_hits=0
SLIM_PHASE query-chunks wall=5.011 cumulative=4901.258 peak_rss_kib=62341020
SLIM_PROGRESS runs=901840896/1859825862 resolve_wall=224.324 lce_wall=4406.204 write_wall=6.831 lf_steps=0 cache_hits=0
SLIM_PHASE query-chunks wall=4.918 cumulative=4906.175 peak_rss_kib=62353772
SLIM_PROGRESS runs=902889472/1859825862 resolve_wall=224.598 lce_wall=4410.970 write_wall=6.838 lf_steps=0 cache_hits=0
SLIM_PHASE query-chunks wall=5.048 cumulative=4911.224 peak_rss_kib=62362908
SLIM_PROGRESS runs=903938048/1859825862 resolve_wall=224.867 lce_wall=4415.659 write_wall=6.845 lf_steps=0 cache_hits=0
SLIM_PHASE query-chunks wall=4.965 cumulative=4916.188 peak_rss_kib=62371704
SLIM_PROGRESS runs=904986624/1859825862 resolve_wall=225.127 lce_wall=4420.381 write_wall=6.852 lf_steps=0 cache_hits=0
SLIM_PHASE query-chunks wall=4.990 cumulative=4921.178 peak_rss_kib=62381884
SLIM_PROGRESS runs=906035200/1859825862 resolve_wall=225.390 lce_wall=4425.130 write_wall=6.859 lf_steps=0 cache_hits=0
SLIM_PHASE query-chunks wall=5.019 cumulative=4926.197 peak_rss_kib=62388548
SLIM_PROGRESS runs=907083776/1859825862 resolve_wall=225.663 lce_wall=4429.780 write_wall=6.866 lf_steps=0 cache_hits=0
SLIM_PHASE query-chunks wall=4.930 cumulative=4931.128 peak_rss_kib=62393780
SLIM_PROGRESS runs=908132352/1859825862 resolve_wall=225.931 lce_wall=4434.679 write_wall=6.874 lf_steps=0 cache_hits=0
SLIM_PHASE query-chunks wall=5.175 cumulative=4936.302 peak_rss_kib=62397804
SLIM_PROGRESS runs=909180928/1859825862 resolve_wall=226.219 lce_wall=4439.602 write_wall=6.881 lf_steps=0 cache_hits=0
SLIM_PHASE query-chunks wall=5.217 cumulative=4941.519 peak_rss_kib=62410508
SLIM_PROGRESS runs=910229504/1859825862 resolve_wall=226.486 lce_wall=4444.739 write_wall=6.889 lf_steps=0 cache_hits=0
SLIM_PHASE query-chunks wall=5.413 cumulative=4946.932 peak_rss_kib=62415688
SLIM_PROGRESS runs=911278080/1859825862 resolve_wall=226.763 lce_wall=4449.713 write_wall=6.896 lf_steps=0 cache_hits=0
SLIM_PHASE query-chunks wall=5.259 cumulative=4952.191 peak_rss_kib=62415688
SLIM_PROGRESS runs=912326656/1859825862 resolve_wall=227.029 lce_wall=4454.877 write_wall=6.904 lf_steps=0 cache_hits=0
SLIM_PHASE query-chunks wall=5.438 cumulative=4957.629 peak_rss_kib=62415688
SLIM_PROGRESS runs=913375232/1859825862 resolve_wall=227.315 lce_wall=4459.660 write_wall=6.910 lf_steps=0 cache_hits=0
SLIM_PHASE query-chunks wall=5.076 cumulative=4962.705 peak_rss_kib=62415688
SLIM_PROGRESS runs=914423808/1859825862 resolve_wall=227.550 lce_wall=4464.540 write_wall=6.917 lf_steps=0 cache_hits=0
SLIM_PHASE query-chunks wall=5.122 cumulative=4967.826 peak_rss_kib=62415688
SLIM_PROGRESS runs=915472384/1859825862 resolve_wall=227.781 lce_wall=4469.572 write_wall=6.925 lf_steps=0 cache_hits=0
SLIM_PHASE query-chunks wall=5.270 cumulative=4973.097 peak_rss_kib=62422892
SLIM_PROGRESS runs=916520960/1859825862 resolve_wall=228.068 lce_wall=4474.944 write_wall=6.932 lf_steps=0 cache_hits=0
SLIM_PHASE query-chunks wall=5.666 cumulative=4978.763 peak_rss_kib=62434028
SLIM_PROGRESS runs=917569536/1859825862 resolve_wall=228.326 lce_wall=4480.033 write_wall=6.939 lf_steps=0 cache_hits=0
SLIM_PHASE query-chunks wall=5.355 cumulative=4984.118 peak_rss_kib=62442436
SLIM_PROGRESS runs=918618112/1859825862 resolve_wall=228.612 lce_wall=4485.095 write_wall=6.947 lf_steps=0 cache_hits=0
SLIM_PHASE query-chunks wall=5.356 cumulative=4989.474 peak_rss_kib=62453304
SLIM_PROGRESS runs=919666688/1859825862 resolve_wall=228.895 lce_wall=4490.009 write_wall=6.954 lf_steps=0 cache_hits=0
SLIM_PHASE query-chunks wall=5.205 cumulative=4994.678 peak_rss_kib=62455772
SLIM_PROGRESS runs=920715264/1859825862 resolve_wall=229.183 lce_wall=4495.009 write_wall=6.961 lf_steps=0 cache_hits=0
SLIM_PHASE query-chunks wall=5.295 cumulative=4999.973 peak_rss_kib=62470620
SLIM_PROGRESS runs=921763840/1859825862 resolve_wall=229.401 lce_wall=4499.803 write_wall=6.968 lf_steps=0 cache_hits=0
SLIM_PHASE query-chunks wall=5.020 cumulative=5004.993 peak_rss_kib=62479228
SLIM_PROGRESS runs=922812416/1859825862 resolve_wall=229.659 lce_wall=4504.506 write_wall=6.975 lf_steps=0 cache_hits=0
SLIM_PHASE query-chunks wall=4.968 cumulative=5009.961 peak_rss_kib=62492028
SLIM_PROGRESS runs=923860992/1859825862 resolve_wall=229.869 lce_wall=4509.149 write_wall=6.983 lf_steps=0 cache_hits=0
SLIM_PHASE query-chunks wall=4.860 cumulative=5014.821 peak_rss_kib=62504892
SLIM_PROGRESS runs=924909568/1859825862 resolve_wall=230.123 lce_wall=4513.804 write_wall=6.990 lf_steps=0 cache_hits=0
SLIM_PHASE query-chunks wall=4.916 cumulative=5019.737 peak_rss_kib=62513492
SLIM_PROGRESS runs=925958144/1859825862 resolve_wall=230.405 lce_wall=4518.681 write_wall=6.997 lf_steps=0 cache_hits=0
SLIM_PHASE query-chunks wall=5.166 cumulative=5024.903 peak_rss_kib=62521956
SLIM_PROGRESS runs=927006720/1859825862 resolve_wall=230.639 lce_wall=4523.697 write_wall=7.004 lf_steps=0 cache_hits=0
SLIM_PHASE query-chunks wall=5.258 cumulative=5030.161 peak_rss_kib=62532900
SLIM_PROGRESS runs=928055296/1859825862 resolve_wall=230.861 lce_wall=4528.889 write_wall=7.012 lf_steps=0 cache_hits=0
SLIM_PHASE query-chunks wall=5.422 cumulative=5035.583 peak_rss_kib=62545708
SLIM_PROGRESS runs=929103872/1859825862 resolve_wall=231.086 lce_wall=4534.161 write_wall=7.020 lf_steps=0 cache_hits=0
SLIM_PHASE query-chunks wall=5.504 cumulative=5041.088 peak_rss_kib=62549296
SLIM_PROGRESS runs=930152448/1859825862 resolve_wall=231.332 lce_wall=4539.670 write_wall=7.027 lf_steps=0 cache_hits=0
SLIM_PHASE query-chunks wall=5.763 cumulative=5046.851 peak_rss_kib=62557428
SLIM_PROGRESS runs=931201024/1859825862 resolve_wall=231.582 lce_wall=4544.577 write_wall=7.034 lf_steps=0 cache_hits=0
SLIM_PHASE query-chunks wall=5.164 cumulative=5052.015 peak_rss_kib=62571360
SLIM_PROGRESS runs=932249600/1859825862 resolve_wall=231.828 lce_wall=4549.390 write_wall=7.042 lf_steps=0 cache_hits=0
SLIM_PHASE query-chunks wall=5.066 cumulative=5057.081 peak_rss_kib=62572928
SLIM_PROGRESS runs=933298176/1859825862 resolve_wall=232.078 lce_wall=4554.126 write_wall=7.050 lf_steps=0 cache_hits=0
SLIM_PHASE query-chunks wall=4.994 cumulative=5062.076 peak_rss_kib=62585056
SLIM_PROGRESS runs=934346752/1859825862 resolve_wall=232.345 lce_wall=4558.767 write_wall=7.057 lf_steps=0 cache_hits=0
SLIM_PHASE query-chunks wall=4.916 cumulative=5066.992 peak_rss_kib=62601552
SLIM_PROGRESS runs=935395328/1859825862 resolve_wall=232.607 lce_wall=4564.171 write_wall=7.064 lf_steps=0 cache_hits=0
SLIM_PHASE query-chunks wall=5.673 cumulative=5072.664 peak_rss_kib=62612496
SLIM_PROGRESS runs=936443904/1859825862 resolve_wall=232.861 lce_wall=4569.448 write_wall=7.072 lf_steps=0 cache_hits=0
SLIM_PHASE query-chunks wall=5.539 cumulative=5078.203 peak_rss_kib=62623440
SLIM_PROGRESS runs=937492480/1859825862 resolve_wall=233.127 lce_wall=4574.930 write_wall=7.080 lf_steps=0 cache_hits=0
SLIM_PHASE query-chunks wall=5.757 cumulative=5083.960 peak_rss_kib=62633808
SLIM_PROGRESS runs=938541056/1859825862 resolve_wall=233.393 lce_wall=4580.270 write_wall=7.087 lf_steps=0 cache_hits=0
SLIM_PHASE query-chunks wall=5.613 cumulative=5089.573 peak_rss_kib=62636620
SLIM_PROGRESS runs=939589632/1859825862 resolve_wall=233.651 lce_wall=4585.589 write_wall=7.095 lf_steps=0 cache_hits=0
SLIM_PHASE query-chunks wall=5.585 cumulative=5095.158 peak_rss_kib=62649860
SLIM_PROGRESS runs=940638208/1859825862 resolve_wall=233.903 lce_wall=4590.285 write_wall=7.103 lf_steps=0 cache_hits=0
SLIM_PHASE query-chunks wall=4.956 cumulative=5100.114 peak_rss_kib=62653644
SLIM_PROGRESS runs=941686784/1859825862 resolve_wall=234.144 lce_wall=4595.393 write_wall=7.110 lf_steps=0 cache_hits=0
SLIM_PHASE query-chunks wall=5.357 cumulative=5105.471 peak_rss_kib=62667704
SLIM_PROGRESS runs=942735360/1859825862 resolve_wall=234.424 lce_wall=4600.200 write_wall=7.119 lf_steps=0 cache_hits=0
SLIM_PHASE query-chunks wall=5.096 cumulative=5110.566 peak_rss_kib=62670840
SLIM_PROGRESS runs=943783936/1859825862 resolve_wall=234.703 lce_wall=4605.558 write_wall=7.126 lf_steps=0 cache_hits=0
SLIM_PHASE query-chunks wall=5.644 cumulative=5116.211 peak_rss_kib=62670840
SLIM_PROGRESS runs=944832512/1859825862 resolve_wall=234.981 lce_wall=4611.880 write_wall=7.135 lf_steps=0 cache_hits=0
SLIM_PHASE query-chunks wall=6.610 cumulative=5122.820 peak_rss_kib=62670840
SLIM_PROGRESS runs=945881088/1859825862 resolve_wall=235.241 lce_wall=4618.010 write_wall=7.144 lf_steps=0 cache_hits=0
SLIM_PHASE query-chunks wall=6.399 cumulative=5129.220 peak_rss_kib=62670840
SLIM_PROGRESS runs=946929664/1859825862 resolve_wall=235.519 lce_wall=4623.550 write_wall=7.152 lf_steps=0 cache_hits=0
SLIM_PHASE query-chunks wall=5.826 cumulative=5135.045 peak_rss_kib=62682632
SLIM_PROGRESS runs=947978240/1859825862 resolve_wall=235.750 lce_wall=4628.777 write_wall=7.160 lf_steps=0 cache_hits=0
SLIM_PHASE query-chunks wall=5.466 cumulative=5140.511 peak_rss_kib=62698096
SLIM_PROGRESS runs=949026816/1859825862 resolve_wall=235.962 lce_wall=4634.187 write_wall=7.168 lf_steps=0 cache_hits=0
SLIM_PHASE query-chunks wall=5.630 cumulative=5146.141 peak_rss_kib=62704560
SLIM_PROGRESS runs=950075392/1859825862 resolve_wall=236.181 lce_wall=4639.749 write_wall=7.175 lf_steps=0 cache_hits=0
SLIM_PHASE query-chunks wall=5.789 cumulative=5151.930 peak_rss_kib=62721552
SLIM_PROGRESS runs=951123968/1859825862 resolve_wall=236.429 lce_wall=4645.347 write_wall=7.183 lf_steps=0 cache_hits=0
SLIM_PHASE query-chunks wall=5.854 cumulative=5157.783 peak_rss_kib=62738220
SLIM_PROGRESS runs=952172544/1859825862 resolve_wall=236.709 lce_wall=4650.477 write_wall=7.190 lf_steps=0 cache_hits=0
SLIM_PHASE query-chunks wall=5.417 cumulative=5163.201 peak_rss_kib=62751220
SLIM_PROGRESS runs=953221120/1859825862 resolve_wall=236.942 lce_wall=4655.612 write_wall=7.197 lf_steps=0 cache_hits=0
SLIM_PHASE query-chunks wall=5.376 cumulative=5168.577 peak_rss_kib=62753696
SLIM_PROGRESS runs=954269696/1859825862 resolve_wall=237.187 lce_wall=4660.758 write_wall=7.205 lf_steps=0 cache_hits=0
SLIM_PHASE query-chunks wall=5.399 cumulative=5173.976 peak_rss_kib=62757120
SLIM_PROGRESS runs=955318272/1859825862 resolve_wall=237.461 lce_wall=4665.874 write_wall=7.212 lf_steps=0 cache_hits=0
SLIM_PHASE query-chunks wall=5.397 cumulative=5179.373 peak_rss_kib=62762412
SLIM_PROGRESS runs=956366848/1859825862 resolve_wall=237.725 lce_wall=4671.161 write_wall=7.220 lf_steps=0 cache_hits=0
SLIM_PHASE query-chunks wall=5.558 cumulative=5184.931 peak_rss_kib=62766652
SLIM_PROGRESS runs=957415424/1859825862 resolve_wall=237.994 lce_wall=4676.598 write_wall=7.227 lf_steps=0 cache_hits=0
SLIM_PHASE query-chunks wall=5.714 cumulative=5190.645 peak_rss_kib=62770076
SLIM_PROGRESS runs=958464000/1859825862 resolve_wall=238.262 lce_wall=4681.573 write_wall=7.235 lf_steps=0 cache_hits=0
SLIM_PHASE query-chunks wall=5.250 cumulative=5195.896 peak_rss_kib=62771740
SLIM_PROGRESS runs=959512576/1859825862 resolve_wall=238.528 lce_wall=4686.572 write_wall=7.242 lf_steps=0 cache_hits=0
SLIM_PHASE query-chunks wall=5.272 cumulative=5201.168 peak_rss_kib=62779016
SLIM_PROGRESS runs=960561152/1859825862 resolve_wall=238.759 lce_wall=4691.854 write_wall=7.251 lf_steps=0 cache_hits=0
SLIM_PHASE query-chunks wall=5.521 cumulative=5206.689 peak_rss_kib=62781488
SLIM_PROGRESS runs=961609728/1859825862 resolve_wall=239.028 lce_wall=4697.446 write_wall=7.258 lf_steps=0 cache_hits=0
SLIM_PHASE query-chunks wall=5.869 cumulative=5212.558 peak_rss_kib=62781488
SLIM_PROGRESS runs=962658304/1859825862 resolve_wall=239.276 lce_wall=4702.544 write_wall=7.265 lf_steps=0 cache_hits=0
SLIM_PHASE query-chunks wall=5.353 cumulative=5217.912 peak_rss_kib=62786464
SLIM_PROGRESS runs=963706880/1859825862 resolve_wall=239.482 lce_wall=4707.496 write_wall=7.272 lf_steps=0 cache_hits=0
SLIM_PHASE query-chunks wall=5.165 cumulative=5223.077 peak_rss_kib=62795360
SLIM_PROGRESS runs=964755456/1859825862 resolve_wall=239.744 lce_wall=4712.277 write_wall=7.279 lf_steps=0 cache_hits=0
SLIM_PHASE query-chunks wall=5.050 cumulative=5228.127 peak_rss_kib=62814208
SLIM_PROGRESS runs=965804032/1859825862 resolve_wall=240.010 lce_wall=4717.201 write_wall=7.286 lf_steps=0 cache_hits=0
SLIM_PHASE query-chunks wall=5.198 cumulative=5233.325 peak_rss_kib=62820704
SLIM_PROGRESS runs=966852608/1859825862 resolve_wall=240.274 lce_wall=4722.239 write_wall=7.294 lf_steps=0 cache_hits=0
SLIM_PHASE query-chunks wall=5.309 cumulative=5238.634 peak_rss_kib=62835936
SLIM_PROGRESS runs=967901184/1859825862 resolve_wall=240.520 lce_wall=4727.253 write_wall=7.301 lf_steps=0 cache_hits=0
SLIM_PHASE query-chunks wall=5.268 cumulative=5243.902 peak_rss_kib=62845280
SLIM_PROGRESS runs=968949760/1859825862 resolve_wall=240.774 lce_wall=4732.092 write_wall=7.309 lf_steps=0 cache_hits=0
SLIM_PHASE query-chunks wall=5.101 cumulative=5249.003 peak_rss_kib=62856032
SLIM_PROGRESS runs=969998336/1859825862 resolve_wall=241.036 lce_wall=4736.704 write_wall=7.317 lf_steps=0 cache_hits=0
SLIM_PHASE query-chunks wall=4.882 cumulative=5253.884 peak_rss_kib=62870976
SLIM_PROGRESS runs=971046912/1859825862 resolve_wall=241.288 lce_wall=4741.538 write_wall=7.324 lf_steps=0 cache_hits=0
SLIM_PHASE query-chunks wall=5.094 cumulative=5258.978 peak_rss_kib=62877424
SLIM_PROGRESS runs=972095488/1859825862 resolve_wall=241.526 lce_wall=4746.697 write_wall=7.331 lf_steps=0 cache_hits=0
SLIM_PHASE query-chunks wall=5.405 cumulative=5264.383 peak_rss_kib=62884080
SLIM_PROGRESS runs=973144064/1859825862 resolve_wall=241.764 lce_wall=4751.374 write_wall=7.338 lf_steps=0 cache_hits=0
SLIM_PHASE query-chunks wall=4.921 cumulative=5269.304 peak_rss_kib=62893552
SLIM_PROGRESS runs=974192640/1859825862 resolve_wall=242.006 lce_wall=4756.075 write_wall=7.345 lf_steps=0 cache_hits=0
SLIM_PHASE query-chunks wall=4.950 cumulative=5274.254 peak_rss_kib=62894880
SLIM_PROGRESS runs=975241216/1859825862 resolve_wall=242.213 lce_wall=4761.201 write_wall=7.353 lf_steps=0 cache_hits=0
SLIM_PHASE query-chunks wall=5.341 cumulative=5279.595 peak_rss_kib=62904768
SLIM_PROGRESS runs=976289792/1859825862 resolve_wall=242.435 lce_wall=4766.216 write_wall=7.360 lf_steps=0 cache_hits=0
SLIM_PHASE query-chunks wall=5.245 cumulative=5284.840 peak_rss_kib=62911712
SLIM_PROGRESS runs=977338368/1859825862 resolve_wall=242.671 lce_wall=4771.425 write_wall=7.367 lf_steps=0 cache_hits=0
SLIM_PHASE query-chunks wall=5.452 cumulative=5290.292 peak_rss_kib=62922572
SLIM_PROGRESS runs=978386944/1859825862 resolve_wall=242.935 lce_wall=4776.007 write_wall=7.375 lf_steps=0 cache_hits=0
SLIM_PHASE query-chunks wall=4.854 cumulative=5295.146 peak_rss_kib=62924044
SLIM_PROGRESS runs=979435520/1859825862 resolve_wall=243.191 lce_wall=4780.813 write_wall=7.382 lf_steps=0 cache_hits=0
SLIM_PHASE query-chunks wall=5.069 cumulative=5300.215 peak_rss_kib=62931468
SLIM_PROGRESS runs=980484096/1859825862 resolve_wall=243.448 lce_wall=4785.708 write_wall=7.389 lf_steps=0 cache_hits=0
SLIM_PHASE query-chunks wall=5.160 cumulative=5305.375 peak_rss_kib=62938124
SLIM_PROGRESS runs=981532672/1859825862 resolve_wall=243.718 lce_wall=4790.859 write_wall=7.397 lf_steps=0 cache_hits=0
SLIM_PHASE query-chunks wall=5.429 cumulative=5310.803 peak_rss_kib=62949164
SLIM_PROGRESS runs=982581248/1859825862 resolve_wall=243.987 lce_wall=4796.158 write_wall=7.404 lf_steps=0 cache_hits=0
SLIM_PHASE query-chunks wall=5.575 cumulative=5316.379 peak_rss_kib=62957292
SLIM_PROGRESS runs=983629824/1859825862 resolve_wall=244.234 lce_wall=4800.845 write_wall=7.412 lf_steps=0 cache_hits=0
SLIM_PHASE query-chunks wall=4.941 cumulative=5321.320 peak_rss_kib=62965996
SLIM_PROGRESS runs=984678400/1859825862 resolve_wall=244.471 lce_wall=4805.901 write_wall=7.419 lf_steps=0 cache_hits=0
SLIM_PHASE query-chunks wall=5.301 cumulative=5326.621 peak_rss_kib=62972844
SLIM_PROGRESS runs=985726976/1859825862 resolve_wall=244.713 lce_wall=4810.827 write_wall=7.427 lf_steps=0 cache_hits=0
SLIM_PHASE query-chunks wall=5.175 cumulative=5331.797 peak_rss_kib=62981452
SLIM_PROGRESS runs=986775552/1859825862 resolve_wall=244.966 lce_wall=4815.882 write_wall=7.434 lf_steps=0 cache_hits=0
SLIM_PHASE query-chunks wall=5.316 cumulative=5337.112 peak_rss_kib=62984012
SLIM_PROGRESS runs=987824128/1859825862 resolve_wall=245.228 lce_wall=4820.799 write_wall=7.441 lf_steps=0 cache_hits=0
SLIM_PHASE query-chunks wall=5.186 cumulative=5342.298 peak_rss_kib=62992908
SLIM_PROGRESS runs=988872704/1859825862 resolve_wall=245.507 lce_wall=4825.772 write_wall=7.449 lf_steps=0 cache_hits=0
SLIM_PHASE query-chunks wall=5.259 cumulative=5347.558 peak_rss_kib=63004236
SLIM_PROGRESS runs=989921280/1859825862 resolve_wall=245.765 lce_wall=4830.494 write_wall=7.456 lf_steps=0 cache_hits=0
SLIM_PHASE query-chunks wall=4.988 cumulative=5352.545 peak_rss_kib=63004236
SLIM_PROGRESS runs=990969856/1859825862 resolve_wall=246.020 lce_wall=4835.053 write_wall=7.463 lf_steps=0 cache_hits=0
SLIM_PHASE query-chunks wall=4.822 cumulative=5357.368 peak_rss_kib=63005064
SLIM_PROGRESS runs=992018432/1859825862 resolve_wall=246.279 lce_wall=4839.773 write_wall=7.470 lf_steps=0 cache_hits=0
SLIM_PHASE query-chunks wall=4.986 cumulative=5362.354 peak_rss_kib=63018108
SLIM_PROGRESS runs=993067008/1859825862 resolve_wall=246.527 lce_wall=4845.022 write_wall=7.479 lf_steps=0 cache_hits=0
SLIM_PHASE query-chunks wall=5.506 cumulative=5367.860 peak_rss_kib=63021340
SLIM_PROGRESS runs=994115584/1859825862 resolve_wall=246.759 lce_wall=4850.719 write_wall=7.490 lf_steps=0 cache_hits=0
SLIM_PHASE query-chunks wall=5.940 cumulative=5373.799 peak_rss_kib=63024280
SLIM_PROGRESS runs=995164160/1859825862 resolve_wall=246.989 lce_wall=4855.854 write_wall=7.498 lf_steps=0 cache_hits=0
SLIM_PHASE query-chunks wall=5.372 cumulative=5379.172 peak_rss_kib=63034832
SLIM_PROGRESS runs=996212736/1859825862 resolve_wall=247.238 lce_wall=4861.723 write_wall=7.505 lf_steps=0 cache_hits=0
SLIM_PHASE query-chunks wall=6.126 cumulative=5385.298 peak_rss_kib=63049856
SLIM_PROGRESS runs=997261312/1859825862 resolve_wall=247.473 lce_wall=4867.545 write_wall=7.513 lf_steps=0 cache_hits=0
SLIM_PHASE query-chunks wall=6.065 cumulative=5391.363 peak_rss_kib=63061396
SLIM_PROGRESS runs=998309888/1859825862 resolve_wall=247.722 lce_wall=4874.169 write_wall=7.522 lf_steps=0 cache_hits=0
SLIM_PHASE query-chunks wall=6.881 cumulative=5398.245 peak_rss_kib=63066772
SLIM_PROGRESS runs=999358464/1859825862 resolve_wall=247.942 lce_wall=4880.717 write_wall=7.530 lf_steps=0 cache_hits=0
SLIM_PHASE query-chunks wall=6.776 cumulative=5405.021 peak_rss_kib=63077380
SLIM_PROGRESS runs=1000407040/1859825862 resolve_wall=248.217 lce_wall=4887.264 write_wall=7.543 lf_steps=0 cache_hits=0
SLIM_PHASE query-chunks wall=6.836 cumulative=5411.857 peak_rss_kib=63084108
SLIM_PROGRESS runs=1001455616/1859825862 resolve_wall=248.458 lce_wall=4892.517 write_wall=7.566 lf_steps=0 cache_hits=0
SLIM_PHASE query-chunks wall=5.517 cumulative=5417.374 peak_rss_kib=63101964
SLIM_PROGRESS runs=1002504192/1859825862 resolve_wall=248.716 lce_wall=4898.260 write_wall=7.574 lf_steps=0 cache_hits=0
SLIM_PHASE query-chunks wall=6.008 cumulative=5423.382 peak_rss_kib=63111692
SLIM_PROGRESS runs=1003552768/1859825862 resolve_wall=248.972 lce_wall=4903.734 write_wall=7.585 lf_steps=0 cache_hits=0
SLIM_PHASE query-chunks wall=5.741 cumulative=5429.123 peak_rss_kib=63119784
SLIM_PROGRESS runs=1004601344/1859825862 resolve_wall=249.258 lce_wall=4909.756 write_wall=7.593 lf_steps=0 cache_hits=0
SLIM_PHASE query-chunks wall=6.316 cumulative=5435.440 peak_rss_kib=63124404
SLIM_PROGRESS runs=1005649920/1859825862 resolve_wall=249.512 lce_wall=4917.397 write_wall=7.608 lf_steps=0 cache_hits=0
SLIM_PHASE query-chunks wall=7.911 cumulative=5443.351 peak_rss_kib=63129252
SLIM_PROGRESS runs=1006698496/1859825862 resolve_wall=249.767 lce_wall=4925.548 write_wall=7.618 lf_steps=0 cache_hits=0
SLIM_PHASE query-chunks wall=8.416 cumulative=5451.767 peak_rss_kib=63133348
SLIM_PROGRESS runs=1007747072/1859825862 resolve_wall=249.982 lce_wall=4931.406 write_wall=7.626 lf_steps=0 cache_hits=0
SLIM_PHASE query-chunks wall=6.081 cumulative=5457.848 peak_rss_kib=63137508
SLIM_PROGRESS runs=1008795648/1859825862 resolve_wall=250.219 lce_wall=4936.788 write_wall=7.634 lf_steps=0 cache_hits=0
SLIM_PHASE query-chunks wall=5.627 cumulative=5463.475 peak_rss_kib=63150580
SLIM_PROGRESS runs=1009844224/1859825862 resolve_wall=250.478 lce_wall=4941.904 write_wall=7.643 lf_steps=0 cache_hits=0
SLIM_PHASE query-chunks wall=5.384 cumulative=5468.859 peak_rss_kib=63167476
SLIM_PROGRESS runs=1010892800/1859825862 resolve_wall=250.704 lce_wall=4946.933 write_wall=7.651 lf_steps=0 cache_hits=0
SLIM_PHASE query-chunks wall=5.263 cumulative=5474.122 peak_rss_kib=63182628
SLIM_PROGRESS runs=1011941376/1859825862 resolve_wall=250.934 lce_wall=4951.797 write_wall=7.658 lf_steps=0 cache_hits=0
SLIM_PHASE query-chunks wall=5.101 cumulative=5479.224 peak_rss_kib=63189284
SLIM_PROGRESS runs=1012989952/1859825862 resolve_wall=251.151 lce_wall=4956.483 write_wall=7.665 lf_steps=0 cache_hits=0
SLIM_PHASE query-chunks wall=4.910 cumulative=5484.134 peak_rss_kib=63193224
SLIM_PROGRESS runs=1014038528/1859825862 resolve_wall=251.382 lce_wall=4961.186 write_wall=7.673 lf_steps=0 cache_hits=0
SLIM_PHASE query-chunks wall=4.942 cumulative=5489.075 peak_rss_kib=63201724
SLIM_PROGRESS runs=1015087104/1859825862 resolve_wall=251.625 lce_wall=4965.792 write_wall=7.680 lf_steps=0 cache_hits=0
SLIM_PHASE query-chunks wall=4.857 cumulative=5493.932 peak_rss_kib=63211236
SLIM_PROGRESS runs=1016135680/1859825862 resolve_wall=251.863 lce_wall=4970.377 write_wall=7.687 lf_steps=0 cache_hits=0
SLIM_PHASE query-chunks wall=4.831 cumulative=5498.763 peak_rss_kib=63220288
SLIM_PROGRESS runs=1017184256/1859825862 resolve_wall=252.106 lce_wall=4975.291 write_wall=7.694 lf_steps=0 cache_hits=0
SLIM_PHASE query-chunks wall=5.163 cumulative=5503.926 peak_rss_kib=63243040
SLIM_PROGRESS runs=1018232832/1859825862 resolve_wall=252.343 lce_wall=4980.433 write_wall=7.702 lf_steps=0 cache_hits=0
SLIM_PHASE query-chunks wall=5.388 cumulative=5509.314 peak_rss_kib=63253840
SLIM_PROGRESS runs=1019281408/1859825862 resolve_wall=252.577 lce_wall=4985.575 write_wall=7.710 lf_steps=0 cache_hits=0
SLIM_PHASE query-chunks wall=5.385 cumulative=5514.698 peak_rss_kib=63256968
SLIM_PROGRESS runs=1020329984/1859825862 resolve_wall=252.835 lce_wall=4990.371 write_wall=7.718 lf_steps=0 cache_hits=0
SLIM_PHASE query-chunks wall=5.062 cumulative=5519.760 peak_rss_kib=63261136
SLIM_PROGRESS runs=1021378560/1859825862 resolve_wall=253.083 lce_wall=4995.092 write_wall=7.725 lf_steps=0 cache_hits=0
SLIM_PHASE query-chunks wall=4.975 cumulative=5524.735 peak_rss_kib=63264080
SLIM_PROGRESS runs=1022427136/1859825862 resolve_wall=253.338 lce_wall=4999.698 write_wall=7.732 lf_steps=0 cache_hits=0
SLIM_PHASE query-chunks wall=4.868 cumulative=5529.603 peak_rss_kib=63277072
SLIM_PROGRESS runs=1023475712/1859825862 resolve_wall=253.589 lce_wall=5004.459 write_wall=7.739 lf_steps=0 cache_hits=0
SLIM_PHASE query-chunks wall=5.021 cumulative=5534.624 peak_rss_kib=63278236
SLIM_PROGRESS runs=1024524288/1859825862 resolve_wall=253.824 lce_wall=5009.324 write_wall=7.746 lf_steps=0 cache_hits=0
SLIM_PHASE query-chunks wall=5.106 cumulative=5539.730 peak_rss_kib=63288988
SLIM_PROGRESS runs=1025572864/1859825862 resolve_wall=254.051 lce_wall=5014.143 write_wall=7.754 lf_steps=0 cache_hits=0
SLIM_PHASE query-chunks wall=5.053 cumulative=5544.784 peak_rss_kib=63297644
SLIM_PROGRESS runs=1026621440/1859825862 resolve_wall=254.254 lce_wall=5019.037 write_wall=7.761 lf_steps=0 cache_hits=0
SLIM_PHASE query-chunks wall=5.106 cumulative=5549.889 peak_rss_kib=63310492
SLIM_PROGRESS runs=1027670016/1859825862 resolve_wall=254.504 lce_wall=5024.191 write_wall=7.768 lf_steps=0 cache_hits=0
SLIM_PHASE query-chunks wall=5.411 cumulative=5555.300 peak_rss_kib=63312916
SLIM_PROGRESS runs=1028718592/1859825862 resolve_wall=254.744 lce_wall=5029.015 write_wall=7.776 lf_steps=0 cache_hits=0
SLIM_PHASE query-chunks wall=5.072 cumulative=5560.372 peak_rss_kib=63320052
SLIM_PROGRESS runs=1029767168/1859825862 resolve_wall=254.972 lce_wall=5033.799 write_wall=7.783 lf_steps=0 cache_hits=0
SLIM_PHASE query-chunks wall=5.019 cumulative=5565.391 peak_rss_kib=63326228
SLIM_PROGRESS runs=1030815744/1859825862 resolve_wall=255.218 lce_wall=5038.453 write_wall=7.790 lf_steps=0 cache_hits=0
SLIM_PHASE query-chunks wall=4.908 cumulative=5570.299 peak_rss_kib=63333268
SLIM_PROGRESS runs=1031864320/1859825862 resolve_wall=255.459 lce_wall=5043.199 write_wall=7.799 lf_steps=0 cache_hits=0
SLIM_PHASE query-chunks wall=4.995 cumulative=5575.294 peak_rss_kib=63333268
SLIM_PROGRESS runs=1032912896/1859825862 resolve_wall=255.680 lce_wall=5048.227 write_wall=7.806 lf_steps=0 cache_hits=0
SLIM_PHASE query-chunks wall=5.257 cumulative=5580.551 peak_rss_kib=63333268
SLIM_PROGRESS runs=1033961472/1859825862 resolve_wall=255.933 lce_wall=5053.564 write_wall=7.813 lf_steps=0 cache_hits=0
SLIM_PHASE query-chunks wall=5.597 cumulative=5586.148 peak_rss_kib=63340724
SLIM_PROGRESS runs=1035010048/1859825862 resolve_wall=256.181 lce_wall=5058.580 write_wall=7.821 lf_steps=0 cache_hits=0
SLIM_PHASE query-chunks wall=5.271 cumulative=5591.419 peak_rss_kib=63347284
SLIM_PROGRESS runs=1036058624/1859825862 resolve_wall=256.429 lce_wall=5063.577 write_wall=7.828 lf_steps=0 cache_hits=0
SLIM_PHASE query-chunks wall=5.253 cumulative=5596.672 peak_rss_kib=63352180
SLIM_PROGRESS runs=1037107200/1859825862 resolve_wall=256.684 lce_wall=5068.357 write_wall=7.835 lf_steps=0 cache_hits=0
SLIM_PHASE query-chunks wall=5.043 cumulative=5601.715 peak_rss_kib=63360620
SLIM_PROGRESS runs=1038155776/1859825862 resolve_wall=256.917 lce_wall=5073.001 write_wall=7.843 lf_steps=0 cache_hits=0
SLIM_PHASE query-chunks wall=4.883 cumulative=5606.599 peak_rss_kib=63367808
SLIM_PROGRESS runs=1039204352/1859825862 resolve_wall=257.159 lce_wall=5077.739 write_wall=7.850 lf_steps=0 cache_hits=0
SLIM_PHASE query-chunks wall=4.988 cumulative=5611.586 peak_rss_kib=63374924
SLIM_PROGRESS runs=1040252928/1859825862 resolve_wall=257.409 lce_wall=5082.524 write_wall=7.857 lf_steps=0 cache_hits=0
SLIM_PHASE query-chunks wall=5.043 cumulative=5616.629 peak_rss_kib=63382348
SLIM_PROGRESS runs=1041301504/1859825862 resolve_wall=257.663 lce_wall=5087.213 write_wall=7.864 lf_steps=0 cache_hits=0
SLIM_PHASE query-chunks wall=4.951 cumulative=5621.580 peak_rss_kib=63394080
SLIM_PROGRESS runs=1042350080/1859825862 resolve_wall=257.908 lce_wall=5091.886 write_wall=7.871 lf_steps=0 cache_hits=0
SLIM_PHASE query-chunks wall=4.924 cumulative=5626.504 peak_rss_kib=63397792
SLIM_PROGRESS runs=1043398656/1859825862 resolve_wall=258.164 lce_wall=5096.541 write_wall=7.878 lf_steps=0 cache_hits=0
SLIM_PHASE query-chunks wall=4.919 cumulative=5631.423 peak_rss_kib=63405348
SLIM_PROGRESS runs=1044447232/1859825862 resolve_wall=258.418 lce_wall=5101.257 write_wall=7.885 lf_steps=0 cache_hits=0
SLIM_PHASE query-chunks wall=4.978 cumulative=5636.400 peak_rss_kib=63413956
SLIM_PROGRESS runs=1045495808/1859825862 resolve_wall=258.650 lce_wall=5106.202 write_wall=7.893 lf_steps=0 cache_hits=0
SLIM_PHASE query-chunks wall=5.184 cumulative=5641.584 peak_rss_kib=63424708
SLIM_PROGRESS runs=1046544384/1859825862 resolve_wall=258.845 lce_wall=5111.168 write_wall=7.900 lf_steps=0 cache_hits=0
SLIM_PHASE query-chunks wall=5.169 cumulative=5646.752 peak_rss_kib=63436068
SLIM_PROGRESS runs=1047592960/1859825862 resolve_wall=259.070 lce_wall=5115.948 write_wall=7.907 lf_steps=0 cache_hits=0
SLIM_PHASE query-chunks wall=5.013 cumulative=5651.765 peak_rss_kib=63456676
SLIM_PROGRESS runs=1048641536/1859825862 resolve_wall=259.316 lce_wall=5120.582 write_wall=7.914 lf_steps=0 cache_hits=0
SLIM_PHASE query-chunks wall=4.887 cumulative=5656.652 peak_rss_kib=63467944
SLIM_PROGRESS runs=1049690112/1859825862 resolve_wall=259.547 lce_wall=5125.207 write_wall=7.921 lf_steps=0 cache_hits=0
SLIM_PHASE query-chunks wall=4.864 cumulative=5661.516 peak_rss_kib=63474704
SLIM_PROGRESS runs=1050738688/1859825862 resolve_wall=259.810 lce_wall=5129.892 write_wall=7.928 lf_steps=0 cache_hits=0
SLIM_PHASE query-chunks wall=4.955 cumulative=5666.471 peak_rss_kib=63485744
SLIM_PROGRESS runs=1051787264/1859825862 resolve_wall=260.075 lce_wall=5134.473 write_wall=7.935 lf_steps=0 cache_hits=0
SLIM_PHASE query-chunks wall=4.854 cumulative=5671.325 peak_rss_kib=63487824
SLIM_PROGRESS runs=1052835840/1859825862 resolve_wall=260.319 lce_wall=5139.104 write_wall=7.942 lf_steps=0 cache_hits=0
SLIM_PHASE query-chunks wall=4.881 cumulative=5676.206 peak_rss_kib=63504836
SLIM_PROGRESS runs=1053884416/1859825862 resolve_wall=260.578 lce_wall=5143.710 write_wall=7.949 lf_steps=0 cache_hits=0
SLIM_PHASE query-chunks wall=4.872 cumulative=5681.078 peak_rss_kib=63511192
SLIM_PROGRESS runs=1054932992/1859825862 resolve_wall=260.847 lce_wall=5148.334 write_wall=7.956 lf_steps=0 cache_hits=0
SLIM_PHASE query-chunks wall=4.901 cumulative=5685.979 peak_rss_kib=63513908
SLIM_PROGRESS runs=1055981568/1859825862 resolve_wall=261.082 lce_wall=5153.168 write_wall=7.964 lf_steps=0 cache_hits=0
SLIM_PHASE query-chunks wall=5.077 cumulative=5691.055 peak_rss_kib=63530900
SLIM_PROGRESS runs=1057030144/1859825862 resolve_wall=261.337 lce_wall=5157.862 write_wall=7.971 lf_steps=0 cache_hits=0
SLIM_PHASE query-chunks wall=4.957 cumulative=5696.012 peak_rss_kib=63549508
SLIM_PROGRESS runs=1058078720/1859825862 resolve_wall=261.618 lce_wall=5162.493 write_wall=7.978 lf_steps=0 cache_hits=0
SLIM_PHASE query-chunks wall=4.918 cumulative=5700.930 peak_rss_kib=63557376
SLIM_PROGRESS runs=1059127296/1859825862 resolve_wall=261.849 lce_wall=5167.087 write_wall=7.985 lf_steps=0 cache_hits=0
SLIM_PHASE query-chunks wall=4.833 cumulative=5705.763 peak_rss_kib=63561792
SLIM_PROGRESS runs=1060175872/1859825862 resolve_wall=262.101 lce_wall=5172.003 write_wall=7.993 lf_steps=0 cache_hits=0
SLIM_PHASE query-chunks wall=5.176 cumulative=5710.938 peak_rss_kib=63568408
SLIM_PROGRESS runs=1061224448/1859825862 resolve_wall=262.310 lce_wall=5176.738 write_wall=8.000 lf_steps=0 cache_hits=0
SLIM_PHASE query-chunks wall=4.952 cumulative=5715.890 peak_rss_kib=63583216
SLIM_PROGRESS runs=1062273024/1859825862 resolve_wall=262.557 lce_wall=5181.366 write_wall=8.007 lf_steps=0 cache_hits=0
SLIM_PHASE query-chunks wall=4.882 cumulative=5720.772 peak_rss_kib=63589824
SLIM_PROGRESS runs=1063321600/1859825862 resolve_wall=262.786 lce_wall=5185.906 write_wall=8.014 lf_steps=0 cache_hits=0
SLIM_PHASE query-chunks wall=4.775 cumulative=5725.547 peak_rss_kib=63604720
SLIM_PROGRESS runs=1064370176/1859825862 resolve_wall=262.983 lce_wall=5190.554 write_wall=8.021 lf_steps=0 cache_hits=0
SLIM_PHASE query-chunks wall=4.853 cumulative=5730.400 peak_rss_kib=63604720
SLIM_PROGRESS runs=1065418752/1859825862 resolve_wall=263.191 lce_wall=5195.342 write_wall=8.028 lf_steps=0 cache_hits=0
SLIM_PHASE query-chunks wall=5.004 cumulative=5735.404 peak_rss_kib=63611984
SLIM_PROGRESS runs=1066467328/1859825862 resolve_wall=263.403 lce_wall=5200.062 write_wall=8.035 lf_steps=0 cache_hits=0
SLIM_PHASE query-chunks wall=4.940 cumulative=5740.344 peak_rss_kib=63627160
SLIM_PROGRESS runs=1067515904/1859825862 resolve_wall=263.627 lce_wall=5204.889 write_wall=8.042 lf_steps=0 cache_hits=0
SLIM_PHASE query-chunks wall=5.058 cumulative=5745.401 peak_rss_kib=63635768
SLIM_PROGRESS runs=1068564480/1859825862 resolve_wall=263.862 lce_wall=5209.853 write_wall=8.049 lf_steps=0 cache_hits=0
SLIM_PHASE query-chunks wall=5.206 cumulative=5750.607 peak_rss_kib=63651000
SLIM_PROGRESS runs=1069613056/1859825862 resolve_wall=264.117 lce_wall=5214.936 write_wall=8.057 lf_steps=0 cache_hits=0
SLIM_PHASE query-chunks wall=5.346 cumulative=5755.953 peak_rss_kib=63661968
SLIM_PROGRESS runs=1070661632/1859825862 resolve_wall=264.360 lce_wall=5220.073 write_wall=8.064 lf_steps=0 cache_hits=0
SLIM_PHASE query-chunks wall=5.388 cumulative=5761.341 peak_rss_kib=63664524
SLIM_PROGRESS runs=1071710208/1859825862 resolve_wall=264.602 lce_wall=5225.225 write_wall=8.071 lf_steps=0 cache_hits=0
SLIM_PHASE query-chunks wall=5.401 cumulative=5766.742 peak_rss_kib=63673804
SLIM_PROGRESS runs=1072758784/1859825862 resolve_wall=264.842 lce_wall=5230.615 write_wall=8.079 lf_steps=0 cache_hits=0
SLIM_PHASE query-chunks wall=5.638 cumulative=5772.381 peak_rss_kib=63686288
SLIM_PROGRESS runs=1073807360/1859825862 resolve_wall=265.079 lce_wall=5235.600 write_wall=8.086 lf_steps=0 cache_hits=0
SLIM_PHASE query-chunks wall=5.229 cumulative=5777.610 peak_rss_kib=63693136
SLIM_PROGRESS runs=1074855936/1859825862 resolve_wall=265.341 lce_wall=5242.868 write_wall=8.096 lf_steps=0 cache_hits=0
SLIM_PHASE query-chunks wall=7.539 cumulative=5785.149 peak_rss_kib=63701160
SLIM_PROGRESS runs=1075904512/1859825862 resolve_wall=265.598 lce_wall=5251.182 write_wall=8.106 lf_steps=0 cache_hits=0
SLIM_PHASE query-chunks wall=8.582 cumulative=5793.730 peak_rss_kib=63712832
SLIM_PROGRESS runs=1076953088/1859825862 resolve_wall=265.872 lce_wall=5257.775 write_wall=8.114 lf_steps=0 cache_hits=0
SLIM_PHASE query-chunks wall=6.876 cumulative=5800.607 peak_rss_kib=63725912
SLIM_PROGRESS runs=1078001664/1859825862 resolve_wall=266.157 lce_wall=5265.416 write_wall=8.123 lf_steps=0 cache_hits=0
SLIM_PHASE query-chunks wall=7.934 cumulative=5808.541 peak_rss_kib=63734556
SLIM_PROGRESS runs=1079050240/1859825862 resolve_wall=266.424 lce_wall=5274.536 write_wall=8.133 lf_steps=0 cache_hits=0
SLIM_PHASE query-chunks wall=9.397 cumulative=5817.938 peak_rss_kib=63743880
SLIM_PROGRESS runs=1080098816/1859825862 resolve_wall=266.696 lce_wall=5281.645 write_wall=8.143 lf_steps=0 cache_hits=0
SLIM_PHASE query-chunks wall=7.391 cumulative=5825.329 peak_rss_kib=63750708
SLIM_PROGRESS runs=1081147392/1859825862 resolve_wall=266.963 lce_wall=5288.881 write_wall=8.152 lf_steps=0 cache_hits=0
SLIM_PHASE query-chunks wall=7.513 cumulative=5832.842 peak_rss_kib=63767692
SLIM_PROGRESS runs=1082195968/1859825862 resolve_wall=267.230 lce_wall=5295.707 write_wall=8.161 lf_steps=0 cache_hits=0
SLIM_PHASE query-chunks wall=7.101 cumulative=5839.943 peak_rss_kib=63773500
SLIM_PROGRESS runs=1083244544/1859825862 resolve_wall=267.483 lce_wall=5302.718 write_wall=8.181 lf_steps=0 cache_hits=0
SLIM_PHASE query-chunks wall=7.285 cumulative=5847.228 peak_rss_kib=63773500
SLIM_PROGRESS runs=1084293120/1859825862 resolve_wall=267.750 lce_wall=5309.417 write_wall=8.190 lf_steps=0 cache_hits=0
SLIM_PHASE query-chunks wall=6.974 cumulative=5854.202 peak_rss_kib=63773500
SLIM_PROGRESS runs=1085341696/1859825862 resolve_wall=268.018 lce_wall=5316.935 write_wall=8.200 lf_steps=0 cache_hits=0
SLIM_PHASE query-chunks wall=7.796 cumulative=5861.998 peak_rss_kib=63773500
SLIM_PROGRESS runs=1086390272/1859825862 resolve_wall=268.288 lce_wall=5325.018 write_wall=8.208 lf_steps=0 cache_hits=0
SLIM_PHASE query-chunks wall=8.363 cumulative=5870.361 peak_rss_kib=63773500
SLIM_PROGRESS runs=1087438848/1859825862 resolve_wall=268.551 lce_wall=5332.011 write_wall=8.217 lf_steps=0 cache_hits=0
SLIM_PHASE query-chunks wall=7.264 cumulative=5877.625 peak_rss_kib=63773500
SLIM_PROGRESS runs=1088487424/1859825862 resolve_wall=268.815 lce_wall=5338.092 write_wall=8.226 lf_steps=0 cache_hits=0
SLIM_PHASE query-chunks wall=6.355 cumulative=5883.980 peak_rss_kib=63774120
SLIM_PROGRESS runs=1089536000/1859825862 resolve_wall=269.075 lce_wall=5344.237 write_wall=8.235 lf_steps=0 cache_hits=0
SLIM_PHASE query-chunks wall=6.414 cumulative=5890.394 peak_rss_kib=63793284
SLIM_PROGRESS runs=1090584576/1859825862 resolve_wall=269.331 lce_wall=5350.647 write_wall=8.244 lf_steps=0 cache_hits=0
SLIM_PHASE query-chunks wall=6.675 cumulative=5897.069 peak_rss_kib=63804376
SLIM_PROGRESS runs=1091633152/1859825862 resolve_wall=269.546 lce_wall=5356.315 write_wall=8.252 lf_steps=0 cache_hits=0
SLIM_PHASE query-chunks wall=5.891 cumulative=5902.960 peak_rss_kib=63814936
SLIM_PROGRESS runs=1092681728/1859825862 resolve_wall=269.783 lce_wall=5361.325 write_wall=8.259 lf_steps=0 cache_hits=0
SLIM_PHASE query-chunks wall=5.254 cumulative=5908.214 peak_rss_kib=63820016
SLIM_PROGRESS runs=1093730304/1859825862 resolve_wall=270.051 lce_wall=5366.089 write_wall=8.266 lf_steps=0 cache_hits=0
SLIM_PHASE query-chunks wall=5.039 cumulative=5913.254 peak_rss_kib=63823076
SLIM_PROGRESS runs=1094778880/1859825862 resolve_wall=270.312 lce_wall=5371.086 write_wall=8.274 lf_steps=0 cache_hits=0
SLIM_PHASE query-chunks wall=5.266 cumulative=5918.519 peak_rss_kib=63840008
SLIM_PROGRESS runs=1095827456/1859825862 resolve_wall=270.575 lce_wall=5376.039 write_wall=8.281 lf_steps=0 cache_hits=0
SLIM_PHASE query-chunks wall=5.223 cumulative=5923.742 peak_rss_kib=63852700
SLIM_PROGRESS runs=1096876032/1859825862 resolve_wall=270.818 lce_wall=5380.893 write_wall=8.289 lf_steps=0 cache_hits=0
SLIM_PHASE query-chunks wall=5.105 cumulative=5928.848 peak_rss_kib=63859404
SLIM_PROGRESS runs=1097924608/1859825862 resolve_wall=271.070 lce_wall=5385.478 write_wall=8.296 lf_steps=0 cache_hits=0
SLIM_PHASE query-chunks wall=4.845 cumulative=5933.693 peak_rss_kib=63860372
SLIM_PROGRESS runs=1098973184/1859825862 resolve_wall=271.325 lce_wall=5390.050 write_wall=8.304 lf_steps=0 cache_hits=0
SLIM_PHASE query-chunks wall=4.833 cumulative=5938.527 peak_rss_kib=63866556
SLIM_PROGRESS runs=1100021760/1859825862 resolve_wall=271.580 lce_wall=5394.719 write_wall=8.311 lf_steps=0 cache_hits=0
SLIM_PHASE query-chunks wall=4.932 cumulative=5943.459 peak_rss_kib=63875216
SLIM_PROGRESS runs=1101070336/1859825862 resolve_wall=271.850 lce_wall=5400.029 write_wall=8.318 lf_steps=0 cache_hits=0
SLIM_PHASE query-chunks wall=5.587 cumulative=5949.046 peak_rss_kib=63886684
SLIM_PROGRESS runs=1102118912/1859825862 resolve_wall=272.107 lce_wall=5405.346 write_wall=8.326 lf_steps=0 cache_hits=0
SLIM_PHASE query-chunks wall=5.581 cumulative=5954.627 peak_rss_kib=63886684
SLIM_PROGRESS runs=1103167488/1859825862 resolve_wall=272.350 lce_wall=5410.562 write_wall=8.338 lf_steps=0 cache_hits=0
SLIM_PHASE query-chunks wall=5.472 cumulative=5960.100 peak_rss_kib=63897516
SLIM_PROGRESS runs=1104216064/1859825862 resolve_wall=272.613 lce_wall=5415.679 write_wall=8.348 lf_steps=0 cache_hits=0
SLIM_PHASE query-chunks wall=5.390 cumulative=5965.490 peak_rss_kib=63904124
SLIM_PROGRESS runs=1105264640/1859825862 resolve_wall=272.864 lce_wall=5420.646 write_wall=8.355 lf_steps=0 cache_hits=0
SLIM_PHASE query-chunks wall=5.225 cumulative=5970.715 peak_rss_kib=63908468
SLIM_PROGRESS runs=1106313216/1859825862 resolve_wall=273.128 lce_wall=5425.808 write_wall=8.363 lf_steps=0 cache_hits=0
SLIM_PHASE query-chunks wall=5.433 cumulative=5976.148 peak_rss_kib=63915220
SLIM_PROGRESS runs=1107361792/1859825862 resolve_wall=273.404 lce_wall=5431.115 write_wall=8.370 lf_steps=0 cache_hits=0
SLIM_PHASE query-chunks wall=5.590 cumulative=5981.738 peak_rss_kib=63929708
SLIM_PROGRESS runs=1108410368/1859825862 resolve_wall=273.656 lce_wall=5436.577 write_wall=8.377 lf_steps=0 cache_hits=0
SLIM_PHASE query-chunks wall=5.722 cumulative=5987.460 peak_rss_kib=63938364
SLIM_PROGRESS runs=1109458944/1859825862 resolve_wall=273.904 lce_wall=5441.572 write_wall=8.385 lf_steps=0 cache_hits=0
SLIM_PHASE query-chunks wall=5.251 cumulative=5992.711 peak_rss_kib=63947944
SLIM_PROGRESS runs=1110507520/1859825862 resolve_wall=274.153 lce_wall=5446.325 write_wall=8.392 lf_steps=0 cache_hits=0
SLIM_PHASE query-chunks wall=5.009 cumulative=5997.720 peak_rss_kib=63957608
SLIM_PROGRESS runs=1111556096/1859825862 resolve_wall=274.412 lce_wall=5450.987 write_wall=8.399 lf_steps=0 cache_hits=0
SLIM_PHASE query-chunks wall=4.928 cumulative=6002.648 peak_rss_kib=63962696
SLIM_PROGRESS runs=1112604672/1859825862 resolve_wall=274.676 lce_wall=5455.925 write_wall=8.407 lf_steps=0 cache_hits=0
SLIM_PHASE query-chunks wall=5.209 cumulative=6007.858 peak_rss_kib=63971448
SLIM_PROGRESS runs=1113653248/1859825862 resolve_wall=274.926 lce_wall=5461.083 write_wall=8.414 lf_steps=0 cache_hits=0
SLIM_PHASE query-chunks wall=5.417 cumulative=6013.275 peak_rss_kib=63981624
SLIM_PROGRESS runs=1114701824/1859825862 resolve_wall=275.192 lce_wall=5466.151 write_wall=8.421 lf_steps=0 cache_hits=0
SLIM_PHASE query-chunks wall=5.341 cumulative=6018.616 peak_rss_kib=63992496
SLIM_PROGRESS runs=1115750400/1859825862 resolve_wall=275.439 lce_wall=5471.341 write_wall=8.429 lf_steps=0 cache_hits=0
SLIM_PHASE query-chunks wall=5.444 cumulative=6024.060 peak_rss_kib=64004148
SLIM_PROGRESS runs=1116798976/1859825862 resolve_wall=275.704 lce_wall=5476.266 write_wall=8.436 lf_steps=0 cache_hits=0
SLIM_PHASE query-chunks wall=5.198 cumulative=6029.258 peak_rss_kib=64008852
SLIM_PROGRESS runs=1117847552/1859825862 resolve_wall=275.983 lce_wall=5481.774 write_wall=8.444 lf_steps=0 cache_hits=0
SLIM_PHASE query-chunks wall=5.794 cumulative=6035.052 peak_rss_kib=64021364
SLIM_PROGRESS runs=1118896128/1859825862 resolve_wall=276.216 lce_wall=5486.786 write_wall=8.453 lf_steps=0 cache_hits=0
SLIM_PHASE query-chunks wall=5.255 cumulative=6040.307 peak_rss_kib=64030164
SLIM_PROGRESS runs=1119944704/1859825862 resolve_wall=276.469 lce_wall=5491.481 write_wall=8.461 lf_steps=0 cache_hits=0
SLIM_PHASE query-chunks wall=4.956 cumulative=6045.262 peak_rss_kib=64045012
SLIM_PROGRESS runs=1120993280/1859825862 resolve_wall=276.720 lce_wall=5496.715 write_wall=8.469 lf_steps=0 cache_hits=0
SLIM_PHASE query-chunks wall=5.494 cumulative=6050.756 peak_rss_kib=64053620
SLIM_PROGRESS runs=1122041856/1859825862 resolve_wall=276.977 lce_wall=5501.515 write_wall=8.476 lf_steps=0 cache_hits=0
SLIM_PHASE query-chunks wall=5.063 cumulative=6055.820 peak_rss_kib=64064756
SLIM_PROGRESS runs=1123090432/1859825862 resolve_wall=277.224 lce_wall=5506.965 write_wall=8.484 lf_steps=0 cache_hits=0
SLIM_PHASE query-chunks wall=5.706 cumulative=6061.525 peak_rss_kib=64077164
SLIM_PROGRESS runs=1124139008/1859825862 resolve_wall=277.459 lce_wall=5512.221 write_wall=8.491 lf_steps=0 cache_hits=0
SLIM_PHASE query-chunks wall=5.499 cumulative=6067.024 peak_rss_kib=64085868
SLIM_PROGRESS runs=1125187584/1859825862 resolve_wall=277.719 lce_wall=5517.113 write_wall=8.498 lf_steps=0 cache_hits=0
SLIM_PHASE query-chunks wall=5.159 cumulative=6072.184 peak_rss_kib=64094808
SLIM_PROGRESS runs=1126236160/1859825862 resolve_wall=277.958 lce_wall=5522.069 write_wall=8.505 lf_steps=0 cache_hits=0
SLIM_PHASE query-chunks wall=5.202 cumulative=6077.385 peak_rss_kib=64095896
SLIM_PROGRESS runs=1127284736/1859825862 resolve_wall=278.229 lce_wall=5527.236 write_wall=8.513 lf_steps=0 cache_hits=0
SLIM_PHASE query-chunks wall=5.446 cumulative=6082.831 peak_rss_kib=64102584
SLIM_PROGRESS runs=1128333312/1859825862 resolve_wall=278.452 lce_wall=5532.066 write_wall=8.520 lf_steps=0 cache_hits=0
SLIM_PHASE query-chunks wall=5.061 cumulative=6087.892 peak_rss_kib=64108952
SLIM_PROGRESS runs=1129381888/1859825862 resolve_wall=278.706 lce_wall=5536.643 write_wall=8.527 lf_steps=0 cache_hits=0
SLIM_PHASE query-chunks wall=4.838 cumulative=6092.730 peak_rss_kib=64123288
SLIM_PROGRESS runs=1130430464/1859825862 resolve_wall=278.974 lce_wall=5541.605 write_wall=8.535 lf_steps=0 cache_hits=0
SLIM_PHASE query-chunks wall=5.237 cumulative=6097.967 peak_rss_kib=64130040
SLIM_PROGRESS runs=1131479040/1859825862 resolve_wall=279.223 lce_wall=5546.436 write_wall=8.542 lf_steps=0 cache_hits=0
SLIM_PHASE query-chunks wall=5.088 cumulative=6103.055 peak_rss_kib=64135196
SLIM_PROGRESS runs=1132527616/1859825862 resolve_wall=279.481 lce_wall=5552.371 write_wall=8.549 lf_steps=0 cache_hits=0
SLIM_PHASE query-chunks wall=6.200 cumulative=6109.255 peak_rss_kib=64139996
SLIM_PROGRESS runs=1133576192/1859825862 resolve_wall=279.736 lce_wall=5557.364 write_wall=8.557 lf_steps=0 cache_hits=0
SLIM_PHASE query-chunks wall=5.256 cumulative=6114.511 peak_rss_kib=64142324
SLIM_PROGRESS runs=1134624768/1859825862 resolve_wall=280.009 lce_wall=5562.568 write_wall=8.564 lf_steps=0 cache_hits=0
SLIM_PHASE query-chunks wall=5.484 cumulative=6119.995 peak_rss_kib=64149556
SLIM_PROGRESS runs=1135673344/1859825862 resolve_wall=280.237 lce_wall=5567.566 write_wall=8.571 lf_steps=0 cache_hits=0
SLIM_PHASE query-chunks wall=5.233 cumulative=6125.228 peak_rss_kib=64165912
SLIM_PROGRESS runs=1136721920/1859825862 resolve_wall=280.491 lce_wall=5572.480 write_wall=8.579 lf_steps=0 cache_hits=0
SLIM_PHASE query-chunks wall=5.175 cumulative=6130.403 peak_rss_kib=64176568
SLIM_PROGRESS runs=1137770496/1859825862 resolve_wall=280.741 lce_wall=5578.432 write_wall=8.587 lf_steps=0 cache_hits=0
SLIM_PHASE query-chunks wall=6.211 cumulative=6136.614 peak_rss_kib=64185560
SLIM_PROGRESS runs=1138819072/1859825862 resolve_wall=280.990 lce_wall=5583.371 write_wall=8.595 lf_steps=0 cache_hits=0
SLIM_PHASE query-chunks wall=5.196 cumulative=6141.810 peak_rss_kib=64186984
SLIM_PROGRESS runs=1139867648/1859825862 resolve_wall=281.248 lce_wall=5588.359 write_wall=8.603 lf_steps=0 cache_hits=0
SLIM_PHASE query-chunks wall=5.255 cumulative=6147.065 peak_rss_kib=64186984
SLIM_PROGRESS runs=1140916224/1859825862 resolve_wall=281.503 lce_wall=5593.537 write_wall=8.610 lf_steps=0 cache_hits=0
SLIM_PHASE query-chunks wall=5.439 cumulative=6152.505 peak_rss_kib=64186984
SLIM_PROGRESS runs=1141964800/1859825862 resolve_wall=281.773 lce_wall=5598.350 write_wall=8.617 lf_steps=0 cache_hits=0
SLIM_PHASE query-chunks wall=5.090 cumulative=6157.595 peak_rss_kib=64186984
SLIM_PROGRESS runs=1143013376/1859825862 resolve_wall=282.000 lce_wall=5603.270 write_wall=8.625 lf_steps=0 cache_hits=0
SLIM_PHASE query-chunks wall=5.155 cumulative=6162.750 peak_rss_kib=64186984
SLIM_PROGRESS runs=1144061952/1859825862 resolve_wall=282.261 lce_wall=5608.083 write_wall=8.632 lf_steps=0 cache_hits=0
SLIM_PHASE query-chunks wall=5.081 cumulative=6167.831 peak_rss_kib=64186984
SLIM_PROGRESS runs=1145110528/1859825862 resolve_wall=282.525 lce_wall=5613.278 write_wall=8.640 lf_steps=0 cache_hits=0
SLIM_PHASE query-chunks wall=5.468 cumulative=6173.299 peak_rss_kib=64186984
SLIM_PROGRESS runs=1146159104/1859825862 resolve_wall=282.774 lce_wall=5618.328 write_wall=8.648 lf_steps=0 cache_hits=0
SLIM_PHASE query-chunks wall=5.307 cumulative=6178.607 peak_rss_kib=64186984
SLIM_PROGRESS runs=1147207680/1859825862 resolve_wall=283.010 lce_wall=5622.959 write_wall=8.655 lf_steps=0 cache_hits=0
SLIM_PHASE query-chunks wall=4.874 cumulative=6183.481 peak_rss_kib=64186984
SLIM_PROGRESS runs=1148256256/1859825862 resolve_wall=283.245 lce_wall=5627.593 write_wall=8.663 lf_steps=0 cache_hits=0
SLIM_PHASE query-chunks wall=4.876 cumulative=6188.357 peak_rss_kib=64186984
SLIM_PROGRESS runs=1149304832/1859825862 resolve_wall=283.505 lce_wall=5632.289 write_wall=8.670 lf_steps=0 cache_hits=0
SLIM_PHASE query-chunks wall=4.964 cumulative=6193.321 peak_rss_kib=64186984
SLIM_PROGRESS runs=1150353408/1859825862 resolve_wall=283.760 lce_wall=5637.139 write_wall=8.678 lf_steps=0 cache_hits=0
SLIM_PHASE query-chunks wall=5.113 cumulative=6198.433 peak_rss_kib=64186984
SLIM_PROGRESS runs=1151401984/1859825862 resolve_wall=283.989 lce_wall=5641.809 write_wall=8.686 lf_steps=0 cache_hits=0
SLIM_PHASE query-chunks wall=4.906 cumulative=6203.340 peak_rss_kib=64186984
SLIM_PROGRESS runs=1152450560/1859825862 resolve_wall=284.225 lce_wall=5646.438 write_wall=8.692 lf_steps=0 cache_hits=0
SLIM_PHASE query-chunks wall=4.873 cumulative=6208.213 peak_rss_kib=64186984
SLIM_PROGRESS runs=1153499136/1859825862 resolve_wall=284.465 lce_wall=5650.957 write_wall=8.700 lf_steps=0 cache_hits=0
SLIM_PHASE query-chunks wall=4.766 cumulative=6212.979 peak_rss_kib=64186984
SLIM_PROGRESS runs=1154547712/1859825862 resolve_wall=284.731 lce_wall=5655.467 write_wall=8.707 lf_steps=0 cache_hits=0
SLIM_PHASE query-chunks wall=4.782 cumulative=6217.761 peak_rss_kib=64186984
SLIM_PROGRESS runs=1155596288/1859825862 resolve_wall=284.975 lce_wall=5660.054 write_wall=8.714 lf_steps=0 cache_hits=0
SLIM_PHASE query-chunks wall=4.839 cumulative=6222.600 peak_rss_kib=64186984
SLIM_PROGRESS runs=1156644864/1859825862 resolve_wall=285.237 lce_wall=5664.619 write_wall=8.721 lf_steps=0 cache_hits=0
SLIM_PHASE query-chunks wall=4.835 cumulative=6227.435 peak_rss_kib=64186984
SLIM_PROGRESS runs=1157693440/1859825862 resolve_wall=285.498 lce_wall=5669.490 write_wall=8.728 lf_steps=0 cache_hits=0
SLIM_PHASE query-chunks wall=5.139 cumulative=6232.574 peak_rss_kib=64198948
SLIM_PROGRESS runs=1158742016/1859825862 resolve_wall=285.740 lce_wall=5674.167 write_wall=8.736 lf_steps=0 cache_hits=0
SLIM_PHASE query-chunks wall=4.926 cumulative=6237.500 peak_rss_kib=64200820
SLIM_PROGRESS runs=1159790592/1859825862 resolve_wall=285.979 lce_wall=5678.825 write_wall=8.743 lf_steps=0 cache_hits=0
SLIM_PHASE query-chunks wall=4.905 cumulative=6242.405 peak_rss_kib=64207376
SLIM_PROGRESS runs=1160839168/1859825862 resolve_wall=286.225 lce_wall=5683.577 write_wall=8.750 lf_steps=0 cache_hits=0
SLIM_PHASE query-chunks wall=5.005 cumulative=6247.411 peak_rss_kib=64221840
SLIM_PROGRESS runs=1161887744/1859825862 resolve_wall=286.494 lce_wall=5688.551 write_wall=8.757 lf_steps=0 cache_hits=0
SLIM_PHASE query-chunks wall=5.250 cumulative=6252.661 peak_rss_kib=64233072
SLIM_PROGRESS runs=1162936320/1859825862 resolve_wall=286.759 lce_wall=5693.726 write_wall=8.765 lf_steps=0 cache_hits=0
SLIM_PHASE query-chunks wall=5.448 cumulative=6258.109 peak_rss_kib=64239536
SLIM_PROGRESS runs=1163984896/1859825862 resolve_wall=287.012 lce_wall=5698.909 write_wall=8.773 lf_steps=0 cache_hits=0
SLIM_PHASE query-chunks wall=5.444 cumulative=6263.553 peak_rss_kib=64239536
SLIM_PROGRESS runs=1165033472/1859825862 resolve_wall=287.290 lce_wall=5703.589 write_wall=8.780 lf_steps=0 cache_hits=0
SLIM_PHASE query-chunks wall=4.965 cumulative=6268.518 peak_rss_kib=64254552
SLIM_PROGRESS runs=1166082048/1859825862 resolve_wall=287.546 lce_wall=5708.312 write_wall=8.787 lf_steps=0 cache_hits=0
SLIM_PHASE query-chunks wall=4.987 cumulative=6273.504 peak_rss_kib=64263640
SLIM_PROGRESS runs=1167130624/1859825862 resolve_wall=287.807 lce_wall=5712.867 write_wall=8.794 lf_steps=0 cache_hits=0
SLIM_PHASE query-chunks wall=4.822 cumulative=6278.327 peak_rss_kib=64274056
SLIM_PROGRESS runs=1168179200/1859825862 resolve_wall=288.060 lce_wall=5717.347 write_wall=8.801 lf_steps=0 cache_hits=0
SLIM_PHASE query-chunks wall=4.741 cumulative=6283.068 peak_rss_kib=64278712
SLIM_PROGRESS runs=1169227776/1859825862 resolve_wall=288.326 lce_wall=5721.171 write_wall=8.809 lf_steps=0 cache_hits=0
SLIM_PHASE query-chunks wall=4.097 cumulative=6287.165 peak_rss_kib=64291796
SLIM_PROGRESS runs=1170276352/1859825862 resolve_wall=288.582 lce_wall=5725.740 write_wall=8.816 lf_steps=0 cache_hits=0
SLIM_PHASE query-chunks wall=4.833 cumulative=6291.998 peak_rss_kib=64299220
SLIM_PROGRESS runs=1171324928/1859825862 resolve_wall=288.848 lce_wall=5730.359 write_wall=8.824 lf_steps=0 cache_hits=0
SLIM_PHASE query-chunks wall=4.893 cumulative=6296.891 peak_rss_kib=64309060
SLIM_PROGRESS runs=1172373504/1859825862 resolve_wall=289.096 lce_wall=5735.076 write_wall=8.831 lf_steps=0 cache_hits=0
SLIM_PHASE query-chunks wall=4.971 cumulative=6301.863 peak_rss_kib=64324704
SLIM_PROGRESS runs=1173422080/1859825862 resolve_wall=289.360 lce_wall=5739.834 write_wall=8.838 lf_steps=0 cache_hits=0
SLIM_PHASE query-chunks wall=5.030 cumulative=6306.892 peak_rss_kib=64329600
SLIM_PROGRESS runs=1174470656/1859825862 resolve_wall=289.618 lce_wall=5744.598 write_wall=8.845 lf_steps=0 cache_hits=0
SLIM_PHASE query-chunks wall=5.028 cumulative=6311.920 peak_rss_kib=64333824
SLIM_PROGRESS runs=1175519232/1859825862 resolve_wall=289.884 lce_wall=5749.662 write_wall=8.852 lf_steps=0 cache_hits=0
SLIM_PHASE query-chunks wall=5.338 cumulative=6317.258 peak_rss_kib=64342912
SLIM_PROGRESS runs=1176567808/1859825862 resolve_wall=290.144 lce_wall=5754.634 write_wall=8.859 lf_steps=0 cache_hits=0
SLIM_PHASE query-chunks wall=5.239 cumulative=6322.497 peak_rss_kib=64352616
SLIM_PROGRESS runs=1177616384/1859825862 resolve_wall=290.398 lce_wall=5759.529 write_wall=8.866 lf_steps=0 cache_hits=0
SLIM_PHASE query-chunks wall=5.156 cumulative=6327.653 peak_rss_kib=64357312
SLIM_PROGRESS runs=1178664960/1859825862 resolve_wall=290.650 lce_wall=5764.654 write_wall=8.873 lf_steps=0 cache_hits=0
SLIM_PHASE query-chunks wall=5.385 cumulative=6333.038 peak_rss_kib=64363856
SLIM_PROGRESS runs=1179713536/1859825862 resolve_wall=290.917 lce_wall=5769.528 write_wall=8.880 lf_steps=0 cache_hits=0
SLIM_PHASE query-chunks wall=5.149 cumulative=6338.187 peak_rss_kib=64370852
SLIM_PROGRESS runs=1180762112/1859825862 resolve_wall=291.156 lce_wall=5774.638 write_wall=8.888 lf_steps=0 cache_hits=0
SLIM_PHASE query-chunks wall=5.357 cumulative=6343.544 peak_rss_kib=64381268
SLIM_PROGRESS runs=1181810688/1859825862 resolve_wall=291.412 lce_wall=5779.958 write_wall=8.896 lf_steps=0 cache_hits=0
SLIM_PHASE query-chunks wall=5.583 cumulative=6349.127 peak_rss_kib=64396204
SLIM_PROGRESS runs=1182859264/1859825862 resolve_wall=291.655 lce_wall=5784.963 write_wall=8.903 lf_steps=0 cache_hits=0
SLIM_PHASE query-chunks wall=5.256 cumulative=6354.382 peak_rss_kib=64404308
SLIM_PROGRESS runs=1183907840/1859825862 resolve_wall=291.918 lce_wall=5790.779 write_wall=8.911 lf_steps=0 cache_hits=0
SLIM_PHASE query-chunks wall=6.087 cumulative=6360.470 peak_rss_kib=64409060
SLIM_PROGRESS runs=1184956416/1859825862 resolve_wall=292.180 lce_wall=5795.465 write_wall=8.919 lf_steps=0 cache_hits=0
SLIM_PHASE query-chunks wall=4.955 cumulative=6365.425 peak_rss_kib=64419884
SLIM_PROGRESS runs=1186004992/1859825862 resolve_wall=292.430 lce_wall=5801.108 write_wall=8.926 lf_steps=0 cache_hits=0
SLIM_PHASE query-chunks wall=5.902 cumulative=6371.326 peak_rss_kib=64430464
SLIM_PROGRESS runs=1187053568/1859825862 resolve_wall=292.690 lce_wall=5805.742 write_wall=8.934 lf_steps=0 cache_hits=0
SLIM_PHASE query-chunks wall=4.902 cumulative=6376.228 peak_rss_kib=64441408
SLIM_PROGRESS runs=1188102144/1859825862 resolve_wall=292.952 lce_wall=5810.457 write_wall=8.941 lf_steps=0 cache_hits=0
SLIM_PHASE query-chunks wall=4.984 cumulative=6381.213 peak_rss_kib=64448256
SLIM_PROGRESS runs=1189150720/1859825862 resolve_wall=293.217 lce_wall=5815.754 write_wall=8.948 lf_steps=0 cache_hits=0
SLIM_PHASE query-chunks wall=5.570 cumulative=6386.782 peak_rss_kib=64452672
SLIM_PROGRESS runs=1190199296/1859825862 resolve_wall=293.477 lce_wall=5821.873 write_wall=8.956 lf_steps=0 cache_hits=0
SLIM_PHASE query-chunks wall=6.387 cumulative=6393.169 peak_rss_kib=64463424
SLIM_PROGRESS runs=1191247872/1859825862 resolve_wall=293.711 lce_wall=5827.325 write_wall=8.965 lf_steps=0 cache_hits=0
SLIM_PHASE query-chunks wall=5.694 cumulative=6398.863 peak_rss_kib=64472092
SLIM_PROGRESS runs=1192296448/1859825862 resolve_wall=293.964 lce_wall=5832.907 write_wall=8.973 lf_steps=0 cache_hits=0
SLIM_PHASE query-chunks wall=5.843 cumulative=6404.707 peak_rss_kib=64486688
SLIM_PROGRESS runs=1193345024/1859825862 resolve_wall=294.214 lce_wall=5838.165 write_wall=8.980 lf_steps=0 cache_hits=0
SLIM_PHASE query-chunks wall=5.516 cumulative=6410.222 peak_rss_kib=64492140
SLIM_PROGRESS runs=1194393600/1859825862 resolve_wall=294.475 lce_wall=5843.378 write_wall=8.988 lf_steps=0 cache_hits=0
SLIM_PHASE query-chunks wall=5.483 cumulative=6415.705 peak_rss_kib=64506672
SLIM_PROGRESS runs=1195442176/1859825862 resolve_wall=294.717 lce_wall=5851.024 write_wall=8.997 lf_steps=0 cache_hits=0
SLIM_PHASE query-chunks wall=7.897 cumulative=6423.602 peak_rss_kib=64525520
SLIM_PROGRESS runs=1196490752/1859825862 resolve_wall=294.948 lce_wall=5858.507 write_wall=9.005 lf_steps=0 cache_hits=0
SLIM_PHASE query-chunks wall=7.722 cumulative=6431.324 peak_rss_kib=64534864
SLIM_PROGRESS runs=1197539328/1859825862 resolve_wall=295.189 lce_wall=5863.915 write_wall=9.012 lf_steps=0 cache_hits=0
SLIM_PHASE query-chunks wall=5.656 cumulative=6436.980 peak_rss_kib=64538488
SLIM_PROGRESS runs=1198587904/1859825862 resolve_wall=295.455 lce_wall=5869.927 write_wall=9.021 lf_steps=0 cache_hits=0
SLIM_PHASE query-chunks wall=6.287 cumulative=6443.267 peak_rss_kib=64541348
SLIM_PROGRESS runs=1199636480/1859825862 resolve_wall=295.716 lce_wall=5876.133 write_wall=9.029 lf_steps=0 cache_hits=0
SLIM_PHASE query-chunks wall=6.475 cumulative=6449.742 peak_rss_kib=64553600
SLIM_PROGRESS runs=1200685056/1859825862 resolve_wall=295.991 lce_wall=5884.079 write_wall=9.050 lf_steps=0 cache_hits=0
SLIM_PHASE query-chunks wall=8.242 cumulative=6457.984 peak_rss_kib=64560880
SLIM_PROGRESS runs=1201733632/1859825862 resolve_wall=296.259 lce_wall=5890.715 write_wall=9.059 lf_steps=0 cache_hits=0
SLIM_PHASE query-chunks wall=6.914 cumulative=6464.898 peak_rss_kib=64560880
SLIM_PROGRESS runs=1202782208/1859825862 resolve_wall=296.527 lce_wall=5897.381 write_wall=9.068 lf_steps=0 cache_hits=0
SLIM_PHASE query-chunks wall=6.943 cumulative=6471.841 peak_rss_kib=64560880
SLIM_PROGRESS runs=1203830784/1859825862 resolve_wall=296.802 lce_wall=5904.340 write_wall=9.076 lf_steps=0 cache_hits=0
SLIM_PHASE query-chunks wall=7.242 cumulative=6479.083 peak_rss_kib=64560880
SLIM_PROGRESS runs=1204879360/1859825862 resolve_wall=297.056 lce_wall=5911.136 write_wall=9.085 lf_steps=0 cache_hits=0
SLIM_PHASE query-chunks wall=7.059 cumulative=6486.142 peak_rss_kib=64560880
SLIM_PROGRESS runs=1205927936/1859825862 resolve_wall=297.348 lce_wall=5918.210 write_wall=9.095 lf_steps=0 cache_hits=0
SLIM_PHASE query-chunks wall=7.375 cumulative=6493.518 peak_rss_kib=64560880
SLIM_PROGRESS runs=1206976512/1859825862 resolve_wall=297.593 lce_wall=5924.510 write_wall=9.103 lf_steps=0 cache_hits=0
SLIM_PHASE query-chunks wall=6.554 cumulative=6500.072 peak_rss_kib=64560880
SLIM_PROGRESS runs=1208025088/1859825862 resolve_wall=297.830 lce_wall=5930.840 write_wall=9.113 lf_steps=0 cache_hits=0
SLIM_PHASE query-chunks wall=6.578 cumulative=6506.649 peak_rss_kib=64560880
SLIM_PROGRESS runs=1209073664/1859825862 resolve_wall=298.083 lce_wall=5937.378 write_wall=9.122 lf_steps=0 cache_hits=0
SLIM_PHASE query-chunks wall=6.800 cumulative=6513.449 peak_rss_kib=64560880
SLIM_PROGRESS runs=1210122240/1859825862 resolve_wall=298.353 lce_wall=5944.025 write_wall=9.131 lf_steps=0 cache_hits=0
SLIM_PHASE query-chunks wall=6.925 cumulative=6520.374 peak_rss_kib=64560880
SLIM_PROGRESS runs=1211170816/1859825862 resolve_wall=298.601 lce_wall=5950.554 write_wall=9.147 lf_steps=0 cache_hits=0
SLIM_PHASE query-chunks wall=6.794 cumulative=6527.169 peak_rss_kib=64560880
SLIM_PROGRESS runs=1212219392/1859825862 resolve_wall=298.873 lce_wall=5956.875 write_wall=9.156 lf_steps=0 cache_hits=0
SLIM_PHASE query-chunks wall=6.601 cumulative=6533.770 peak_rss_kib=64560880
SLIM_PROGRESS runs=1213267968/1859825862 resolve_wall=299.130 lce_wall=5963.251 write_wall=9.165 lf_steps=0 cache_hits=0
SLIM_PHASE query-chunks wall=6.643 cumulative=6540.412 peak_rss_kib=64560880
SLIM_PROGRESS runs=1214316544/1859825862 resolve_wall=299.372 lce_wall=5969.785 write_wall=9.173 lf_steps=0 cache_hits=0
SLIM_PHASE query-chunks wall=6.784 cumulative=6547.197 peak_rss_kib=64560880
SLIM_PROGRESS runs=1215365120/1859825862 resolve_wall=299.631 lce_wall=5976.383 write_wall=9.182 lf_steps=0 cache_hits=0
SLIM_PHASE query-chunks wall=6.866 cumulative=6554.062 peak_rss_kib=64560880
SLIM_PROGRESS runs=1216413696/1859825862 resolve_wall=299.890 lce_wall=5982.607 write_wall=9.189 lf_steps=0 cache_hits=0
SLIM_PHASE query-chunks wall=6.491 cumulative=6560.554 peak_rss_kib=64560880
SLIM_PROGRESS runs=1217462272/1859825862 resolve_wall=300.115 lce_wall=5988.182 write_wall=9.197 lf_steps=0 cache_hits=0
SLIM_PHASE query-chunks wall=5.808 cumulative=6566.362 peak_rss_kib=64560880
SLIM_PROGRESS runs=1218510848/1859825862 resolve_wall=300.356 lce_wall=5994.691 write_wall=9.206 lf_steps=0 cache_hits=0
SLIM_PHASE query-chunks wall=6.758 cumulative=6573.120 peak_rss_kib=64560880
SLIM_PROGRESS runs=1219559424/1859825862 resolve_wall=300.589 lce_wall=6001.514 write_wall=9.214 lf_steps=0 cache_hits=0
SLIM_PHASE query-chunks wall=7.065 cumulative=6580.185 peak_rss_kib=64560880
SLIM_PROGRESS runs=1220608000/1859825862 resolve_wall=300.854 lce_wall=6009.564 write_wall=9.223 lf_steps=0 cache_hits=0
SLIM_PHASE query-chunks wall=8.324 cumulative=6588.509 peak_rss_kib=64560880
SLIM_PROGRESS runs=1221656576/1859825862 resolve_wall=301.124 lce_wall=6017.208 write_wall=9.231 lf_steps=0 cache_hits=0
SLIM_PHASE query-chunks wall=7.923 cumulative=6596.432 peak_rss_kib=64560880
SLIM_PROGRESS runs=1222705152/1859825862 resolve_wall=301.379 lce_wall=6022.927 write_wall=9.240 lf_steps=0 cache_hits=0
SLIM_PHASE query-chunks wall=5.983 cumulative=6602.415 peak_rss_kib=64560880
SLIM_PROGRESS runs=1223753728/1859825862 resolve_wall=301.645 lce_wall=6029.372 write_wall=9.248 lf_steps=0 cache_hits=0
SLIM_PHASE query-chunks wall=6.719 cumulative=6609.134 peak_rss_kib=64560880
SLIM_PROGRESS runs=1224802304/1859825862 resolve_wall=301.875 lce_wall=6035.010 write_wall=9.256 lf_steps=0 cache_hits=0
SLIM_PHASE query-chunks wall=5.876 cumulative=6615.009 peak_rss_kib=64560880
SLIM_PROGRESS runs=1225850880/1859825862 resolve_wall=302.118 lce_wall=6040.334 write_wall=9.263 lf_steps=0 cache_hits=0
SLIM_PHASE query-chunks wall=5.575 cumulative=6620.584 peak_rss_kib=64562600
SLIM_PROGRESS runs=1226899456/1859825862 resolve_wall=302.345 lce_wall=6045.618 write_wall=9.270 lf_steps=0 cache_hits=0
SLIM_PHASE query-chunks wall=5.518 cumulative=6626.103 peak_rss_kib=64568120
SLIM_PROGRESS runs=1227948032/1859825862 resolve_wall=302.586 lce_wall=6050.716 write_wall=9.278 lf_steps=0 cache_hits=0
SLIM_PHASE query-chunks wall=5.346 cumulative=6631.449 peak_rss_kib=64576632
SLIM_PROGRESS runs=1228996608/1859825862 resolve_wall=302.845 lce_wall=6056.220 write_wall=9.285 lf_steps=0 cache_hits=0
SLIM_PHASE query-chunks wall=5.771 cumulative=6637.220 peak_rss_kib=64587384
SLIM_PROGRESS runs=1230045184/1859825862 resolve_wall=303.109 lce_wall=6061.496 write_wall=9.294 lf_steps=0 cache_hits=0
SLIM_PHASE query-chunks wall=5.548 cumulative=6642.768 peak_rss_kib=64599988
SLIM_PROGRESS runs=1231093760/1859825862 resolve_wall=303.359 lce_wall=6066.808 write_wall=9.302 lf_steps=0 cache_hits=0
SLIM_PHASE query-chunks wall=5.570 cumulative=6648.338 peak_rss_kib=64601844
SLIM_PROGRESS runs=1232142336/1859825862 resolve_wall=303.609 lce_wall=6071.799 write_wall=9.309 lf_steps=0 cache_hits=0
SLIM_PHASE query-chunks wall=5.249 cumulative=6653.587 peak_rss_kib=64611756
SLIM_PROGRESS runs=1233190912/1859825862 resolve_wall=303.877 lce_wall=6077.029 write_wall=9.317 lf_steps=0 cache_hits=0
SLIM_PHASE query-chunks wall=5.506 cumulative=6659.093 peak_rss_kib=64615180
SLIM_PROGRESS runs=1234239488/1859825862 resolve_wall=304.120 lce_wall=6082.343 write_wall=9.325 lf_steps=0 cache_hits=0
SLIM_PHASE query-chunks wall=5.566 cumulative=6664.658 peak_rss_kib=64617644
SLIM_PROGRESS runs=1235288064/1859825862 resolve_wall=304.371 lce_wall=6088.590 write_wall=9.333 lf_steps=0 cache_hits=0
SLIM_PHASE query-chunks wall=6.506 cumulative=6671.165 peak_rss_kib=64623572
SLIM_PROGRESS runs=1236336640/1859825862 resolve_wall=304.634 lce_wall=6093.686 write_wall=9.341 lf_steps=0 cache_hits=0
SLIM_PHASE query-chunks wall=5.367 cumulative=6676.532 peak_rss_kib=64636216
SLIM_PROGRESS runs=1237385216/1859825862 resolve_wall=304.893 lce_wall=6098.890 write_wall=9.349 lf_steps=0 cache_hits=0
SLIM_PHASE query-chunks wall=5.471 cumulative=6682.003 peak_rss_kib=64653256
SLIM_PROGRESS runs=1238433792/1859825862 resolve_wall=305.144 lce_wall=6103.723 write_wall=9.356 lf_steps=0 cache_hits=0
SLIM_PHASE query-chunks wall=5.091 cumulative=6687.094 peak_rss_kib=64664100
SLIM_PROGRESS runs=1239482368/1859825862 resolve_wall=305.408 lce_wall=6108.393 write_wall=9.363 lf_steps=0 cache_hits=0
SLIM_PHASE query-chunks wall=4.942 cumulative=6692.036 peak_rss_kib=64670792
SLIM_PROGRESS runs=1240530944/1859825862 resolve_wall=305.677 lce_wall=6112.987 write_wall=9.371 lf_steps=0 cache_hits=0
SLIM_PHASE query-chunks wall=4.870 cumulative=6696.906 peak_rss_kib=64679600
SLIM_PROGRESS runs=1241579520/1859825862 resolve_wall=305.940 lce_wall=6117.601 write_wall=9.378 lf_steps=0 cache_hits=0
SLIM_PHASE query-chunks wall=4.885 cumulative=6701.791 peak_rss_kib=64690180
SLIM_PROGRESS runs=1242628096/1859825862 resolve_wall=306.189 lce_wall=6122.326 write_wall=9.386 lf_steps=0 cache_hits=0
SLIM_PHASE query-chunks wall=4.982 cumulative=6706.772 peak_rss_kib=64697284
SLIM_PROGRESS runs=1243676672/1859825862 resolve_wall=306.444 lce_wall=6127.308 write_wall=9.393 lf_steps=0 cache_hits=0
SLIM_PHASE query-chunks wall=5.245 cumulative=6712.017 peak_rss_kib=64703744
SLIM_PROGRESS runs=1244725248/1859825862 resolve_wall=306.706 lce_wall=6132.621 write_wall=9.400 lf_steps=0 cache_hits=0
SLIM_PHASE query-chunks wall=5.582 cumulative=6717.599 peak_rss_kib=64711072
SLIM_PROGRESS runs=1245773824/1859825862 resolve_wall=306.977 lce_wall=6137.589 write_wall=9.407 lf_steps=0 cache_hits=0
SLIM_PHASE query-chunks wall=5.246 cumulative=6722.846 peak_rss_kib=64719664
SLIM_PROGRESS runs=1246822400/1859825862 resolve_wall=307.232 lce_wall=6142.464 write_wall=9.414 lf_steps=0 cache_hits=0
SLIM_PHASE query-chunks wall=5.137 cumulative=6727.983 peak_rss_kib=64727484
SLIM_PROGRESS runs=1247870976/1859825862 resolve_wall=307.488 lce_wall=6147.701 write_wall=9.422 lf_steps=0 cache_hits=0
SLIM_PHASE query-chunks wall=5.500 cumulative=6733.483 peak_rss_kib=64732592
SLIM_PROGRESS runs=1248919552/1859825862 resolve_wall=307.740 lce_wall=6152.703 write_wall=9.429 lf_steps=0 cache_hits=0
SLIM_PHASE query-chunks wall=5.261 cumulative=6738.744 peak_rss_kib=64740844
SLIM_PROGRESS runs=1249968128/1859825862 resolve_wall=307.995 lce_wall=6157.600 write_wall=9.436 lf_steps=0 cache_hits=0
SLIM_PHASE query-chunks wall=5.159 cumulative=6743.903 peak_rss_kib=64744556
SLIM_PROGRESS runs=1251016704/1859825862 resolve_wall=308.241 lce_wall=6162.183 write_wall=9.443 lf_steps=0 cache_hits=0
SLIM_PHASE query-chunks wall=4.836 cumulative=6748.739 peak_rss_kib=64756844
SLIM_PROGRESS runs=1252065280/1859825862 resolve_wall=308.506 lce_wall=6166.868 write_wall=9.450 lf_steps=0 cache_hits=0
SLIM_PHASE query-chunks wall=4.957 cumulative=6753.697 peak_rss_kib=64763640
SLIM_PROGRESS runs=1253113856/1859825862 resolve_wall=308.775 lce_wall=6171.512 write_wall=9.457 lf_steps=0 cache_hits=0
SLIM_PHASE query-chunks wall=4.921 cumulative=6758.617 peak_rss_kib=64768300
SLIM_PROGRESS runs=1254162432/1859825862 resolve_wall=309.033 lce_wall=6176.278 write_wall=9.464 lf_steps=0 cache_hits=0
SLIM_PHASE query-chunks wall=5.032 cumulative=6763.649 peak_rss_kib=64777696
SLIM_PROGRESS runs=1255211008/1859825862 resolve_wall=309.291 lce_wall=6180.853 write_wall=9.472 lf_steps=0 cache_hits=0
SLIM_PHASE query-chunks wall=4.840 cumulative=6768.489 peak_rss_kib=64779264
SLIM_PROGRESS runs=1256259584/1859825862 resolve_wall=309.544 lce_wall=6185.371 write_wall=9.479 lf_steps=0 cache_hits=0
SLIM_PHASE query-chunks wall=4.778 cumulative=6773.268 peak_rss_kib=64788768
SLIM_PROGRESS runs=1257308160/1859825862 resolve_wall=309.777 lce_wall=6190.067 write_wall=9.486 lf_steps=0 cache_hits=0
SLIM_PHASE query-chunks wall=4.937 cumulative=6778.204 peak_rss_kib=64793952
SLIM_PROGRESS runs=1258356736/1859825862 resolve_wall=310.003 lce_wall=6194.791 write_wall=9.493 lf_steps=0 cache_hits=0
SLIM_PHASE query-chunks wall=4.957 cumulative=6783.162 peak_rss_kib=64808224
SLIM_PROGRESS runs=1259405312/1859825862 resolve_wall=310.269 lce_wall=6199.565 write_wall=9.502 lf_steps=0 cache_hits=0
SLIM_PHASE query-chunks wall=5.048 cumulative=6788.210 peak_rss_kib=64808224
SLIM_PROGRESS runs=1260453888/1859825862 resolve_wall=310.526 lce_wall=6204.367 write_wall=9.509 lf_steps=0 cache_hits=0
SLIM_PHASE query-chunks wall=5.068 cumulative=6793.277 peak_rss_kib=64808224
SLIM_PROGRESS runs=1261502464/1859825862 resolve_wall=310.783 lce_wall=6209.103 write_wall=9.517 lf_steps=0 cache_hits=0
SLIM_PHASE query-chunks wall=4.999 cumulative=6798.277 peak_rss_kib=64810556
SLIM_PROGRESS runs=1262551040/1859825862 resolve_wall=311.024 lce_wall=6213.745 write_wall=9.524 lf_steps=0 cache_hits=0
SLIM_PHASE query-chunks wall=4.891 cumulative=6803.167 peak_rss_kib=64821884
SLIM_PROGRESS runs=1263599616/1859825862 resolve_wall=311.290 lce_wall=6218.156 write_wall=9.531 lf_steps=0 cache_hits=0
SLIM_PHASE query-chunks wall=4.684 cumulative=6807.851 peak_rss_kib=64825588
SLIM_PROGRESS runs=1264648192/1859825862 resolve_wall=311.547 lce_wall=6222.716 write_wall=9.538 lf_steps=0 cache_hits=0
SLIM_PHASE query-chunks wall=4.825 cumulative=6812.677 peak_rss_kib=64832472
SLIM_PROGRESS runs=1265696768/1859825862 resolve_wall=311.801 lce_wall=6227.347 write_wall=9.546 lf_steps=0 cache_hits=0
SLIM_PHASE query-chunks wall=4.893 cumulative=6817.569 peak_rss_kib=64851672
SLIM_PROGRESS runs=1266745344/1859825862 resolve_wall=312.048 lce_wall=6231.986 write_wall=9.553 lf_steps=0 cache_hits=0
SLIM_PHASE query-chunks wall=4.893 cumulative=6822.462 peak_rss_kib=64865076
SLIM_PROGRESS runs=1267793920/1859825862 resolve_wall=312.321 lce_wall=6236.810 write_wall=9.561 lf_steps=0 cache_hits=0
SLIM_PHASE query-chunks wall=5.105 cumulative=6827.568 peak_rss_kib=64871636
SLIM_PROGRESS runs=1268842496/1859825862 resolve_wall=312.607 lce_wall=6241.661 write_wall=9.568 lf_steps=0 cache_hits=0
SLIM_PHASE query-chunks wall=5.144 cumulative=6832.712 peak_rss_kib=64883104
SLIM_PROGRESS runs=1269891072/1859825862 resolve_wall=312.851 lce_wall=6246.561 write_wall=9.575 lf_steps=0 cache_hits=0
SLIM_PHASE query-chunks wall=5.152 cumulative=6837.864 peak_rss_kib=64885664
SLIM_PROGRESS runs=1270939648/1859825862 resolve_wall=313.110 lce_wall=6251.718 write_wall=9.583 lf_steps=0 cache_hits=0
SLIM_PHASE query-chunks wall=5.423 cumulative=6843.287 peak_rss_kib=64900128
SLIM_PROGRESS runs=1271988224/1859825862 resolve_wall=313.386 lce_wall=6256.501 write_wall=9.590 lf_steps=0 cache_hits=0
SLIM_PHASE query-chunks wall=5.067 cumulative=6848.354 peak_rss_kib=64909496
SLIM_PROGRESS runs=1273036800/1859825862 resolve_wall=313.645 lce_wall=6261.179 write_wall=9.597 lf_steps=0 cache_hits=0
SLIM_PHASE query-chunks wall=4.944 cumulative=6853.297 peak_rss_kib=64913528
SLIM_PROGRESS runs=1274085376/1859825862 resolve_wall=313.925 lce_wall=6266.124 write_wall=9.604 lf_steps=0 cache_hits=0
SLIM_PHASE query-chunks wall=5.232 cumulative=6858.529 peak_rss_kib=64920036
SLIM_PROGRESS runs=1275133952/1859825862 resolve_wall=314.198 lce_wall=6271.341 write_wall=9.612 lf_steps=0 cache_hits=0
SLIM_PHASE query-chunks wall=5.499 cumulative=6864.028 peak_rss_kib=64929052
SLIM_PROGRESS runs=1276182528/1859825862 resolve_wall=314.467 lce_wall=6276.239 write_wall=9.620 lf_steps=0 cache_hits=0
SLIM_PHASE query-chunks wall=5.176 cumulative=6869.204 peak_rss_kib=64937756
SLIM_PROGRESS runs=1277231104/1859825862 resolve_wall=314.722 lce_wall=6281.119 write_wall=9.628 lf_steps=0 cache_hits=0
SLIM_PHASE query-chunks wall=5.143 cumulative=6874.346 peak_rss_kib=64948700
SLIM_PROGRESS runs=1278279680/1859825862 resolve_wall=314.977 lce_wall=6285.780 write_wall=9.635 lf_steps=0 cache_hits=0
SLIM_PHASE query-chunks wall=4.923 cumulative=6879.270 peak_rss_kib=64951932
SLIM_PROGRESS runs=1279328256/1859825862 resolve_wall=315.247 lce_wall=6290.374 write_wall=9.642 lf_steps=0 cache_hits=0
SLIM_PHASE query-chunks wall=4.871 cumulative=6884.141 peak_rss_kib=64955872
SLIM_PROGRESS runs=1280376832/1859825862 resolve_wall=315.502 lce_wall=6295.529 write_wall=9.650 lf_steps=0 cache_hits=0
SLIM_PHASE query-chunks wall=5.418 cumulative=6889.558 peak_rss_kib=64957536
SLIM_PROGRESS runs=1281425408/1859825862 resolve_wall=315.760 lce_wall=6302.602 write_wall=9.659 lf_steps=0 cache_hits=0
SLIM_PHASE query-chunks wall=7.340 cumulative=6896.899 peak_rss_kib=64959752
SLIM_PROGRESS runs=1282473984/1859825862 resolve_wall=316.015 lce_wall=6311.222 write_wall=9.670 lf_steps=0 cache_hits=0
SLIM_PHASE query-chunks wall=8.886 cumulative=6905.784 peak_rss_kib=64972048
SLIM_PROGRESS runs=1283522560/1859825862 resolve_wall=316.288 lce_wall=6320.049 write_wall=9.679 lf_steps=0 cache_hits=0
SLIM_PHASE query-chunks wall=9.109 cumulative=6914.894 peak_rss_kib=64973500
SLIM_PROGRESS runs=1284571136/1859825862 resolve_wall=316.569 lce_wall=6326.786 write_wall=9.687 lf_steps=0 cache_hits=0
SLIM_PHASE query-chunks wall=7.027 cumulative=6921.921 peak_rss_kib=64973500
SLIM_PROGRESS runs=1285619712/1859825862 resolve_wall=316.832 lce_wall=6334.214 write_wall=9.696 lf_steps=0 cache_hits=0
SLIM_PHASE query-chunks wall=7.699 cumulative=6929.620 peak_rss_kib=64977688
SLIM_PROGRESS runs=1286668288/1859825862 resolve_wall=317.100 lce_wall=6340.954 write_wall=9.705 lf_steps=0 cache_hits=0
SLIM_PHASE query-chunks wall=7.018 cumulative=6936.638 peak_rss_kib=64994044
SLIM_PROGRESS runs=1287716864/1859825862 resolve_wall=317.367 lce_wall=6347.499 write_wall=9.714 lf_steps=0 cache_hits=0
SLIM_PHASE query-chunks wall=6.820 cumulative=6943.459 peak_rss_kib=65009276
SLIM_PROGRESS runs=1288765440/1859825862 resolve_wall=317.648 lce_wall=6354.909 write_wall=9.724 lf_steps=0 cache_hits=0
SLIM_PHASE query-chunks wall=7.701 cumulative=6951.160 peak_rss_kib=65026248
SLIM_PROGRESS runs=1289814016/1859825862 resolve_wall=317.935 lce_wall=6363.378 write_wall=9.734 lf_steps=0 cache_hits=0
SLIM_PHASE query-chunks wall=8.766 cumulative=6959.926 peak_rss_kib=65033484
SLIM_PROGRESS runs=1290862592/1859825862 resolve_wall=318.216 lce_wall=6371.659 write_wall=9.745 lf_steps=0 cache_hits=0
SLIM_PHASE query-chunks wall=8.574 cumulative=6968.500 peak_rss_kib=65039072
SLIM_PROGRESS runs=1291911168/1859825862 resolve_wall=318.489 lce_wall=6380.151 write_wall=9.761 lf_steps=0 cache_hits=0
SLIM_PHASE query-chunks wall=8.781 cumulative=6977.281 peak_rss_kib=65048352
SLIM_PROGRESS runs=1292959744/1859825862 resolve_wall=318.775 lce_wall=6388.605 write_wall=9.772 lf_steps=0 cache_hits=0
SLIM_PHASE query-chunks wall=8.752 cumulative=6986.033 peak_rss_kib=65065768
SLIM_PROGRESS runs=1294008320/1859825862 resolve_wall=319.060 lce_wall=6396.932 write_wall=9.782 lf_steps=0 cache_hits=0
SLIM_PHASE query-chunks wall=8.622 cumulative=6994.655 peak_rss_kib=65076420
SLIM_PROGRESS runs=1295056896/1859825862 resolve_wall=319.341 lce_wall=6405.189 write_wall=9.792 lf_steps=0 cache_hits=0
SLIM_PHASE query-chunks wall=8.548 cumulative=7003.203 peak_rss_kib=65085432
SLIM_PROGRESS runs=1296105472/1859825862 resolve_wall=319.627 lce_wall=6413.452 write_wall=9.801 lf_steps=0 cache_hits=0
SLIM_PHASE query-chunks wall=8.557 cumulative=7011.760 peak_rss_kib=65098200
SLIM_PROGRESS runs=1297154048/1859825862 resolve_wall=319.907 lce_wall=6420.364 write_wall=9.809 lf_steps=0 cache_hits=0
SLIM_PHASE query-chunks wall=7.200 cumulative=7018.960 peak_rss_kib=65110872
SLIM_PROGRESS runs=1298202624/1859825862 resolve_wall=320.169 lce_wall=6426.103 write_wall=9.817 lf_steps=0 cache_hits=0
SLIM_PHASE query-chunks wall=6.010 cumulative=7024.970 peak_rss_kib=65116008
SLIM_PROGRESS runs=1299251200/1859825862 resolve_wall=320.419 lce_wall=6431.319 write_wall=9.825 lf_steps=0 cache_hits=0
SLIM_PHASE query-chunks wall=5.474 cumulative=7030.444 peak_rss_kib=65121440
SLIM_PROGRESS runs=1300299776/1859825862 resolve_wall=320.679 lce_wall=6436.493 write_wall=9.833 lf_steps=0 cache_hits=0
SLIM_PHASE query-chunks wall=5.442 cumulative=7035.887 peak_rss_kib=65126188
SLIM_PROGRESS runs=1301348352/1859825862 resolve_wall=320.930 lce_wall=6442.089 write_wall=9.840 lf_steps=0 cache_hits=0
SLIM_PHASE query-chunks wall=5.854 cumulative=7041.741 peak_rss_kib=65132172
SLIM_PROGRESS runs=1302396928/1859825862 resolve_wall=321.162 lce_wall=6447.645 write_wall=9.848 lf_steps=0 cache_hits=0
SLIM_PHASE query-chunks wall=5.796 cumulative=7047.537 peak_rss_kib=65139340
SLIM_PROGRESS runs=1303445504/1859825862 resolve_wall=321.398 lce_wall=6453.182 write_wall=9.856 lf_steps=0 cache_hits=0
SLIM_PHASE query-chunks wall=5.782 cumulative=7053.319 peak_rss_kib=65146844
SLIM_PROGRESS runs=1304494080/1859825862 resolve_wall=321.649 lce_wall=6458.344 write_wall=9.864 lf_steps=0 cache_hits=0
SLIM_PHASE query-chunks wall=5.420 cumulative=7058.739 peak_rss_kib=65157808
SLIM_PROGRESS runs=1305542656/1859825862 resolve_wall=321.902 lce_wall=6463.158 write_wall=9.871 lf_steps=0 cache_hits=0
SLIM_PHASE query-chunks wall=5.075 cumulative=7063.814 peak_rss_kib=65168656
SLIM_PROGRESS runs=1306591232/1859825862 resolve_wall=322.166 lce_wall=6467.876 write_wall=9.878 lf_steps=0 cache_hits=0
SLIM_PHASE query-chunks wall=4.988 cumulative=7068.802 peak_rss_kib=65173360
SLIM_PROGRESS runs=1307639808/1859825862 resolve_wall=322.428 lce_wall=6472.669 write_wall=9.885 lf_steps=0 cache_hits=0
SLIM_PHASE query-chunks wall=5.063 cumulative=7073.865 peak_rss_kib=65182016
SLIM_PROGRESS runs=1308688384/1859825862 resolve_wall=322.679 lce_wall=6477.385 write_wall=9.892 lf_steps=0 cache_hits=0
SLIM_PHASE query-chunks wall=4.975 cumulative=7078.839 peak_rss_kib=65185104
SLIM_PROGRESS runs=1309736960/1859825862 resolve_wall=322.938 lce_wall=6482.213 write_wall=9.900 lf_steps=0 cache_hits=0
SLIM_PHASE query-chunks wall=5.094 cumulative=7083.933 peak_rss_kib=65205216
SLIM_PROGRESS runs=1310785536/1859825862 resolve_wall=323.184 lce_wall=6487.054 write_wall=9.907 lf_steps=0 cache_hits=0
SLIM_PHASE query-chunks wall=5.095 cumulative=7089.028 peak_rss_kib=65210592
SLIM_PROGRESS runs=1311834112/1859825862 resolve_wall=323.462 lce_wall=6491.917 write_wall=9.914 lf_steps=0 cache_hits=0
SLIM_PHASE query-chunks wall=5.148 cumulative=7094.176 peak_rss_kib=65231052
SLIM_PROGRESS runs=1312882688/1859825862 resolve_wall=323.731 lce_wall=6498.180 write_wall=9.923 lf_steps=0 cache_hits=0
SLIM_PHASE query-chunks wall=6.542 cumulative=7100.718 peak_rss_kib=65239948
SLIM_PROGRESS runs=1313931264/1859825862 resolve_wall=323.994 lce_wall=6507.071 write_wall=9.932 lf_steps=0 cache_hits=0
SLIM_PHASE query-chunks wall=9.163 cumulative=7109.881 peak_rss_kib=65248712
SLIM_PROGRESS runs=1314979840/1859825862 resolve_wall=324.256 lce_wall=6514.350 write_wall=9.943 lf_steps=0 cache_hits=0
SLIM_PHASE query-chunks wall=7.551 cumulative=7117.432 peak_rss_kib=65259832
SLIM_PROGRESS runs=1316028416/1859825862 resolve_wall=324.510 lce_wall=6519.722 write_wall=9.951 lf_steps=0 cache_hits=0
SLIM_PHASE query-chunks wall=5.634 cumulative=7123.066 peak_rss_kib=65277200
SLIM_PROGRESS runs=1317076992/1859825862 resolve_wall=324.764 lce_wall=6525.113 write_wall=9.958 lf_steps=0 cache_hits=0
SLIM_PHASE query-chunks wall=5.653 cumulative=7128.720 peak_rss_kib=65283776
SLIM_PROGRESS runs=1318125568/1859825862 resolve_wall=325.026 lce_wall=6530.356 write_wall=9.966 lf_steps=0 cache_hits=0
SLIM_PHASE query-chunks wall=5.513 cumulative=7134.233 peak_rss_kib=65296644
SLIM_PROGRESS runs=1319174144/1859825862 resolve_wall=325.258 lce_wall=6535.519 write_wall=9.973 lf_steps=0 cache_hits=0
SLIM_PHASE query-chunks wall=5.402 cumulative=7139.635 peak_rss_kib=65303492
SLIM_PROGRESS runs=1320222720/1859825862 resolve_wall=325.525 lce_wall=6540.712 write_wall=9.982 lf_steps=0 cache_hits=0
SLIM_PHASE query-chunks wall=5.468 cumulative=7145.103 peak_rss_kib=65316300
SLIM_PROGRESS runs=1321271296/1859825862 resolve_wall=325.797 lce_wall=6546.144 write_wall=9.990 lf_steps=0 cache_hits=0
SLIM_PHASE query-chunks wall=5.712 cumulative=7150.815 peak_rss_kib=65325552
SLIM_PROGRESS runs=1322319872/1859825862 resolve_wall=326.074 lce_wall=6553.999 write_wall=9.999 lf_steps=0 cache_hits=0
SLIM_PHASE query-chunks wall=8.141 cumulative=7158.957 peak_rss_kib=65331052
SLIM_PROGRESS runs=1323368448/1859825862 resolve_wall=326.351 lce_wall=6563.533 write_wall=10.012 lf_steps=0 cache_hits=0
SLIM_PHASE query-chunks wall=9.824 cumulative=7168.781 peak_rss_kib=65334292
SLIM_PROGRESS runs=1324417024/1859825862 resolve_wall=326.649 lce_wall=6572.339 write_wall=10.032 lf_steps=0 cache_hits=0
SLIM_PHASE query-chunks wall=9.124 cumulative=7177.906 peak_rss_kib=65341012
SLIM_PROGRESS runs=1325465600/1859825862 resolve_wall=326.930 lce_wall=6579.496 write_wall=10.041 lf_steps=0 cache_hits=0
SLIM_PHASE query-chunks wall=7.447 cumulative=7185.353 peak_rss_kib=65353404
SLIM_PROGRESS runs=1326514176/1859825862 resolve_wall=327.211 lce_wall=6586.795 write_wall=10.050 lf_steps=0 cache_hits=0
SLIM_PHASE query-chunks wall=7.589 cumulative=7192.941 peak_rss_kib=65361376
SLIM_PROGRESS runs=1327562752/1859825862 resolve_wall=327.485 lce_wall=6594.143 write_wall=10.058 lf_steps=0 cache_hits=0
SLIM_PHASE query-chunks wall=7.631 cumulative=7200.573 peak_rss_kib=65365304
SLIM_PROGRESS runs=1328611328/1859825862 resolve_wall=327.752 lce_wall=6600.437 write_wall=10.066 lf_steps=0 cache_hits=0
SLIM_PHASE query-chunks wall=6.568 cumulative=7207.141 peak_rss_kib=65372400
SLIM_PROGRESS runs=1329659904/1859825862 resolve_wall=328.009 lce_wall=6604.276 write_wall=10.074 lf_steps=0 cache_hits=0
SLIM_PHASE query-chunks wall=4.104 cumulative=7211.245 peak_rss_kib=65375192
SLIM_PROGRESS runs=1330708480/1859825862 resolve_wall=328.274 lce_wall=6609.531 write_wall=10.082 lf_steps=0 cache_hits=0
SLIM_PHASE query-chunks wall=5.528 cumulative=7216.774 peak_rss_kib=65387812
SLIM_PROGRESS runs=1331757056/1859825862 resolve_wall=328.520 lce_wall=6614.868 write_wall=10.090 lf_steps=0 cache_hits=0
SLIM_PHASE query-chunks wall=5.591 cumulative=7222.364 peak_rss_kib=65407924
SLIM_PROGRESS runs=1332805632/1859825862 resolve_wall=328.784 lce_wall=6620.011 write_wall=10.097 lf_steps=0 cache_hits=0
SLIM_PHASE query-chunks wall=5.415 cumulative=7227.779 peak_rss_kib=65416904
SLIM_PROGRESS runs=1333854208/1859825862 resolve_wall=329.060 lce_wall=6625.324 write_wall=10.105 lf_steps=0 cache_hits=0
SLIM_PHASE query-chunks wall=5.597 cumulative=7233.376 peak_rss_kib=65426296
SLIM_PROGRESS runs=1334902784/1859825862 resolve_wall=329.334 lce_wall=6630.624 write_wall=10.113 lf_steps=0 cache_hits=0
SLIM_PHASE query-chunks wall=5.582 cumulative=7238.958 peak_rss_kib=65426808
SLIM_PROGRESS runs=1335951360/1859825862 resolve_wall=329.598 lce_wall=6636.065 write_wall=10.120 lf_steps=0 cache_hits=0
SLIM_PHASE query-chunks wall=5.713 cumulative=7244.671 peak_rss_kib=65431260
SLIM_PROGRESS runs=1336999936/1859825862 resolve_wall=329.852 lce_wall=6641.434 write_wall=10.128 lf_steps=0 cache_hits=0
SLIM_PHASE query-chunks wall=5.631 cumulative=7250.302 peak_rss_kib=65439772
SLIM_PROGRESS runs=1338048512/1859825862 resolve_wall=330.093 lce_wall=6646.862 write_wall=10.135 lf_steps=0 cache_hits=0
SLIM_PHASE query-chunks wall=5.675 cumulative=7255.977 peak_rss_kib=65446524
SLIM_PROGRESS runs=1339097088/1859825862 resolve_wall=330.322 lce_wall=6652.023 write_wall=10.142 lf_steps=0 cache_hits=0
SLIM_PHASE query-chunks wall=5.398 cumulative=7261.375 peak_rss_kib=65453372
SLIM_PROGRESS runs=1340145664/1859825862 resolve_wall=330.564 lce_wall=6657.124 write_wall=10.150 lf_steps=0 cache_hits=0
SLIM_PHASE query-chunks wall=5.351 cumulative=7266.726 peak_rss_kib=65463852
SLIM_PROGRESS runs=1341194240/1859825862 resolve_wall=330.818 lce_wall=6661.878 write_wall=10.157 lf_steps=0 cache_hits=0
SLIM_PHASE query-chunks wall=5.015 cumulative=7271.741 peak_rss_kib=65481052
SLIM_PROGRESS runs=1342242816/1859825862 resolve_wall=331.077 lce_wall=6667.305 write_wall=10.165 lf_steps=0 cache_hits=0
SLIM_PHASE query-chunks wall=5.694 cumulative=7277.435 peak_rss_kib=65483748
SLIM_PROGRESS runs=1343291392/1859825862 resolve_wall=331.334 lce_wall=6672.802 write_wall=10.173 lf_steps=0 cache_hits=0
SLIM_PHASE query-chunks wall=5.762 cumulative=7283.197 peak_rss_kib=65491988
SLIM_PROGRESS runs=1344339968/1859825862 resolve_wall=331.587 lce_wall=6678.535 write_wall=10.184 lf_steps=0 cache_hits=0
SLIM_PHASE query-chunks wall=5.997 cumulative=7289.194 peak_rss_kib=65500684
SLIM_PROGRESS runs=1345388544/1859825862 resolve_wall=331.861 lce_wall=6684.926 write_wall=10.210 lf_steps=0 cache_hits=0
SLIM_PHASE query-chunks wall=6.690 cumulative=7295.885 peak_rss_kib=65505772
SLIM_PROGRESS runs=1346437120/1859825862 resolve_wall=332.129 lce_wall=6689.863 write_wall=10.218 lf_steps=0 cache_hits=0
SLIM_PHASE query-chunks wall=5.214 cumulative=7301.099 peak_rss_kib=65512236
SLIM_PROGRESS runs=1347485696/1859825862 resolve_wall=332.392 lce_wall=6694.958 write_wall=10.225 lf_steps=0 cache_hits=0
SLIM_PHASE query-chunks wall=5.364 cumulative=7306.464 peak_rss_kib=65524424
SLIM_PROGRESS runs=1348534272/1859825862 resolve_wall=332.652 lce_wall=6700.614 write_wall=10.234 lf_steps=0 cache_hits=0
SLIM_PHASE query-chunks wall=5.925 cumulative=7312.389 peak_rss_kib=65533416
SLIM_PROGRESS runs=1349582848/1859825862 resolve_wall=332.928 lce_wall=6706.109 write_wall=10.241 lf_steps=0 cache_hits=0
SLIM_PHASE query-chunks wall=5.778 cumulative=7318.167 peak_rss_kib=65544072
SLIM_PROGRESS runs=1350631424/1859825862 resolve_wall=333.166 lce_wall=6711.687 write_wall=10.248 lf_steps=0 cache_hits=0
SLIM_PHASE query-chunks wall=5.824 cumulative=7323.991 peak_rss_kib=65556968
SLIM_PROGRESS runs=1351680000/1859825862 resolve_wall=333.419 lce_wall=6716.986 write_wall=10.256 lf_steps=0 cache_hits=0
SLIM_PHASE query-chunks wall=5.561 cumulative=7329.552 peak_rss_kib=65564008
SLIM_PROGRESS runs=1352728576/1859825862 resolve_wall=333.680 lce_wall=6722.541 write_wall=10.275 lf_steps=0 cache_hits=0
SLIM_PHASE query-chunks wall=5.834 cumulative=7335.386 peak_rss_kib=65572040
SLIM_PROGRESS runs=1353777152/1859825862 resolve_wall=333.944 lce_wall=6727.401 write_wall=10.283 lf_steps=0 cache_hits=0
SLIM_PHASE query-chunks wall=5.131 cumulative=7340.517 peak_rss_kib=65581224
SLIM_PROGRESS runs=1354825728/1859825862 resolve_wall=334.197 lce_wall=6732.266 write_wall=10.290 lf_steps=0 cache_hits=0
SLIM_PHASE query-chunks wall=5.127 cumulative=7345.643 peak_rss_kib=65591688
SLIM_PROGRESS runs=1355874304/1859825862 resolve_wall=334.432 lce_wall=6737.154 write_wall=10.298 lf_steps=0 cache_hits=0
SLIM_PHASE query-chunks wall=5.130 cumulative=7350.773 peak_rss_kib=65596892
SLIM_PROGRESS runs=1356922880/1859825862 resolve_wall=334.650 lce_wall=6741.980 write_wall=10.305 lf_steps=0 cache_hits=0
SLIM_PHASE query-chunks wall=5.053 cumulative=7355.826 peak_rss_kib=65597932
SLIM_PROGRESS runs=1357971456/1859825862 resolve_wall=334.907 lce_wall=6746.890 write_wall=10.312 lf_steps=0 cache_hits=0
SLIM_PHASE query-chunks wall=5.174 cumulative=7361.000 peak_rss_kib=65606012
SLIM_PROGRESS runs=1359020032/1859825862 resolve_wall=335.163 lce_wall=6752.261 write_wall=10.320 lf_steps=0 cache_hits=0
SLIM_PHASE query-chunks wall=5.634 cumulative=7366.634 peak_rss_kib=65616428
SLIM_PROGRESS runs=1360068608/1859825862 resolve_wall=335.410 lce_wall=6757.047 write_wall=10.327 lf_steps=0 cache_hits=0
SLIM_PHASE query-chunks wall=5.041 cumulative=7371.675 peak_rss_kib=65627316
SLIM_PROGRESS runs=1361117184/1859825862 resolve_wall=335.664 lce_wall=6761.668 write_wall=10.335 lf_steps=0 cache_hits=0
SLIM_PHASE query-chunks wall=4.882 cumulative=7376.558 peak_rss_kib=65630260
SLIM_PROGRESS runs=1362165760/1859825862 resolve_wall=335.915 lce_wall=6766.128 write_wall=10.342 lf_steps=0 cache_hits=0
SLIM_PHASE query-chunks wall=4.718 cumulative=7381.276 peak_rss_kib=65643392
SLIM_PROGRESS runs=1363214336/1859825862 resolve_wall=336.153 lce_wall=6770.723 write_wall=10.349 lf_steps=0 cache_hits=0
SLIM_PHASE query-chunks wall=4.840 cumulative=7386.116 peak_rss_kib=65650508
SLIM_PROGRESS runs=1364262912/1859825862 resolve_wall=336.397 lce_wall=6775.371 write_wall=10.356 lf_steps=0 cache_hits=0
SLIM_PHASE query-chunks wall=4.899 cumulative=7391.015 peak_rss_kib=65658772
SLIM_PROGRESS runs=1365311488/1859825862 resolve_wall=336.654 lce_wall=6780.182 write_wall=10.364 lf_steps=0 cache_hits=0
SLIM_PHASE query-chunks wall=5.076 cumulative=7396.091 peak_rss_kib=65661092
SLIM_PROGRESS runs=1366360064/1859825862 resolve_wall=336.925 lce_wall=6785.038 write_wall=10.371 lf_steps=0 cache_hits=0
SLIM_PHASE query-chunks wall=5.135 cumulative=7401.227 peak_rss_kib=65661092
SLIM_PROGRESS runs=1367408640/1859825862 resolve_wall=337.199 lce_wall=6790.218 write_wall=10.378 lf_steps=0 cache_hits=0
SLIM_PHASE query-chunks wall=5.461 cumulative=7406.687 peak_rss_kib=65675052
SLIM_PROGRESS runs=1368457216/1859825862 resolve_wall=337.463 lce_wall=6795.371 write_wall=10.385 lf_steps=0 cache_hits=0
SLIM_PHASE query-chunks wall=5.425 cumulative=7412.112 peak_rss_kib=65686188
SLIM_PROGRESS runs=1369505792/1859825862 resolve_wall=337.744 lce_wall=6800.329 write_wall=10.393 lf_steps=0 cache_hits=0
SLIM_PHASE query-chunks wall=5.246 cumulative=7417.358 peak_rss_kib=65691180
SLIM_PROGRESS runs=1370554368/1859825862 resolve_wall=338.009 lce_wall=6805.261 write_wall=10.400 lf_steps=0 cache_hits=0
SLIM_PHASE query-chunks wall=5.204 cumulative=7422.562 peak_rss_kib=65704188
SLIM_PROGRESS runs=1371602944/1859825862 resolve_wall=338.275 lce_wall=6810.349 write_wall=10.408 lf_steps=0 cache_hits=0
SLIM_PHASE query-chunks wall=5.362 cumulative=7427.925 peak_rss_kib=65716916
SLIM_PROGRESS runs=1372651520/1859825862 resolve_wall=338.526 lce_wall=6815.153 write_wall=10.415 lf_steps=0 cache_hits=0
SLIM_PHASE query-chunks wall=5.063 cumulative=7432.987 peak_rss_kib=65729812
SLIM_PROGRESS runs=1373700096/1859825862 resolve_wall=338.787 lce_wall=6819.872 write_wall=10.423 lf_steps=0 cache_hits=0
SLIM_PHASE query-chunks wall=4.988 cumulative=7437.975 peak_rss_kib=65744800
SLIM_PROGRESS runs=1374748672/1859825862 resolve_wall=339.033 lce_wall=6824.572 write_wall=10.430 lf_steps=0 cache_hits=0
SLIM_PHASE query-chunks wall=4.953 cumulative=7442.929 peak_rss_kib=65745544
SLIM_PROGRESS runs=1375797248/1859825862 resolve_wall=339.286 lce_wall=6829.301 write_wall=10.437 lf_steps=0 cache_hits=0
SLIM_PHASE query-chunks wall=4.988 cumulative=7447.917 peak_rss_kib=65756516
SLIM_PROGRESS runs=1376845824/1859825862 resolve_wall=339.546 lce_wall=6834.240 write_wall=10.445 lf_steps=0 cache_hits=0
SLIM_PHASE query-chunks wall=5.208 cumulative=7453.125 peak_rss_kib=65762884
SLIM_PROGRESS runs=1377894400/1859825862 resolve_wall=339.815 lce_wall=6839.275 write_wall=10.452 lf_steps=0 cache_hits=0
SLIM_PHASE query-chunks wall=5.311 cumulative=7458.435 peak_rss_kib=65766268
SLIM_PROGRESS runs=1378942976/1859825862 resolve_wall=340.070 lce_wall=6844.274 write_wall=10.459 lf_steps=0 cache_hits=0
SLIM_PHASE query-chunks wall=5.261 cumulative=7463.697 peak_rss_kib=65783156
SLIM_PROGRESS runs=1379991552/1859825862 resolve_wall=340.313 lce_wall=6849.117 write_wall=10.466 lf_steps=0 cache_hits=0
SLIM_PHASE query-chunks wall=5.093 cumulative=7468.790 peak_rss_kib=65788244
SLIM_PROGRESS runs=1381040128/1859825862 resolve_wall=340.572 lce_wall=6853.831 write_wall=10.473 lf_steps=0 cache_hits=0
SLIM_PHASE query-chunks wall=4.980 cumulative=7473.770 peak_rss_kib=65798752
SLIM_PROGRESS runs=1382088704/1859825862 resolve_wall=340.837 lce_wall=6858.662 write_wall=10.481 lf_steps=0 cache_hits=0
SLIM_PHASE query-chunks wall=5.103 cumulative=7478.873 peak_rss_kib=65804020
SLIM_PROGRESS runs=1383137280/1859825862 resolve_wall=341.107 lce_wall=6863.431 write_wall=10.488 lf_steps=0 cache_hits=0
SLIM_PHASE query-chunks wall=5.048 cumulative=7483.921 peak_rss_kib=65811148
SLIM_PROGRESS runs=1384185856/1859825862 resolve_wall=341.369 lce_wall=6868.209 write_wall=10.496 lf_steps=0 cache_hits=0
SLIM_PHASE query-chunks wall=5.047 cumulative=7488.968 peak_rss_kib=65819372
SLIM_PROGRESS runs=1385234432/1859825862 resolve_wall=341.629 lce_wall=6872.922 write_wall=10.503 lf_steps=0 cache_hits=0
SLIM_PHASE query-chunks wall=4.980 cumulative=7493.949 peak_rss_kib=65826028
SLIM_PROGRESS runs=1386283008/1859825862 resolve_wall=341.846 lce_wall=6877.442 write_wall=10.510 lf_steps=0 cache_hits=0
SLIM_PHASE query-chunks wall=4.745 cumulative=7498.693 peak_rss_kib=65841016
SLIM_PROGRESS runs=1387331584/1859825862 resolve_wall=342.085 lce_wall=6882.133 write_wall=10.517 lf_steps=0 cache_hits=0
SLIM_PHASE query-chunks wall=4.937 cumulative=7503.630 peak_rss_kib=65861912
SLIM_PROGRESS runs=1388380160/1859825862 resolve_wall=342.330 lce_wall=6886.805 write_wall=10.524 lf_steps=0 cache_hits=0
SLIM_PHASE query-chunks wall=4.924 cumulative=7508.554 peak_rss_kib=65876760
SLIM_PROGRESS runs=1389428736/1859825862 resolve_wall=342.562 lce_wall=6891.406 write_wall=10.531 lf_steps=0 cache_hits=0
SLIM_PHASE query-chunks wall=4.841 cumulative=7513.395 peak_rss_kib=65885560
SLIM_PROGRESS runs=1390477312/1859825862 resolve_wall=342.790 lce_wall=6895.928 write_wall=10.538 lf_steps=0 cache_hits=0
SLIM_PHASE query-chunks wall=4.757 cumulative=7518.152 peak_rss_kib=65890744
SLIM_PROGRESS runs=1391525888/1859825862 resolve_wall=343.025 lce_wall=6900.532 write_wall=10.546 lf_steps=0 cache_hits=0
SLIM_PHASE query-chunks wall=4.846 cumulative=7522.998 peak_rss_kib=65897636
SLIM_PROGRESS runs=1392574464/1859825862 resolve_wall=343.267 lce_wall=6905.343 write_wall=10.553 lf_steps=0 cache_hits=0
SLIM_PHASE query-chunks wall=5.060 cumulative=7528.058 peak_rss_kib=65906344
SLIM_PROGRESS runs=1393623040/1859825862 resolve_wall=343.483 lce_wall=6910.202 write_wall=10.560 lf_steps=0 cache_hits=0
SLIM_PHASE query-chunks wall=5.083 cumulative=7533.141 peak_rss_kib=65921288
SLIM_PROGRESS runs=1394671616/1859825862 resolve_wall=343.729 lce_wall=6914.908 write_wall=10.567 lf_steps=0 cache_hits=0
SLIM_PHASE query-chunks wall=4.959 cumulative=7538.100 peak_rss_kib=65932328
SLIM_PROGRESS runs=1395720192/1859825862 resolve_wall=343.972 lce_wall=6919.912 write_wall=10.574 lf_steps=0 cache_hits=0
SLIM_PHASE query-chunks wall=5.254 cumulative=7543.354 peak_rss_kib=65935848
SLIM_PROGRESS runs=1396768768/1859825862 resolve_wall=344.226 lce_wall=6925.250 write_wall=10.582 lf_steps=0 cache_hits=0
SLIM_PHASE query-chunks wall=5.601 cumulative=7548.955 peak_rss_kib=65937732
SLIM_PROGRESS runs=1397817344/1859825862 resolve_wall=344.464 lce_wall=6930.664 write_wall=10.590 lf_steps=0 cache_hits=0
SLIM_PHASE query-chunks wall=5.659 cumulative=7554.614 peak_rss_kib=65950736
SLIM_PROGRESS runs=1398865920/1859825862 resolve_wall=344.726 lce_wall=6935.485 write_wall=10.597 lf_steps=0 cache_hits=0
SLIM_PHASE query-chunks wall=5.091 cumulative=7559.705 peak_rss_kib=65958160
SLIM_PROGRESS runs=1399914496/1859825862 resolve_wall=344.970 lce_wall=6940.928 write_wall=10.605 lf_steps=0 cache_hits=0
SLIM_PHASE query-chunks wall=5.696 cumulative=7565.401 peak_rss_kib=65963860
SLIM_PROGRESS runs=1400963072/1859825862 resolve_wall=345.214 lce_wall=6946.202 write_wall=10.612 lf_steps=0 cache_hits=0
SLIM_PHASE query-chunks wall=5.525 cumulative=7570.926 peak_rss_kib=65972456
SLIM_PROGRESS runs=1402011648/1859825862 resolve_wall=345.440 lce_wall=6951.369 write_wall=10.620 lf_steps=0 cache_hits=0
SLIM_PHASE query-chunks wall=5.400 cumulative=7576.326 peak_rss_kib=65974968
SLIM_PROGRESS runs=1403060224/1859825862 resolve_wall=345.656 lce_wall=6956.541 write_wall=10.627 lf_steps=0 cache_hits=0
SLIM_PHASE query-chunks wall=5.396 cumulative=7581.722 peak_rss_kib=65979624
SLIM_PROGRESS runs=1404108800/1859825862 resolve_wall=345.901 lce_wall=6961.944 write_wall=10.635 lf_steps=0 cache_hits=0
SLIM_PHASE query-chunks wall=5.656 cumulative=7587.378 peak_rss_kib=65994432
SLIM_PROGRESS runs=1405157376/1859825862 resolve_wall=346.145 lce_wall=6967.379 write_wall=10.643 lf_steps=0 cache_hits=0
SLIM_PHASE query-chunks wall=5.687 cumulative=7593.065 peak_rss_kib=66003100
SLIM_PROGRESS runs=1406205952/1859825862 resolve_wall=346.388 lce_wall=6972.879 write_wall=10.650 lf_steps=0 cache_hits=0
SLIM_PHASE query-chunks wall=5.751 cumulative=7598.816 peak_rss_kib=66007848
SLIM_PROGRESS runs=1407254528/1859825862 resolve_wall=346.640 lce_wall=6978.864 write_wall=10.658 lf_steps=0 cache_hits=0
SLIM_PHASE query-chunks wall=6.244 cumulative=7605.060 peak_rss_kib=66014600
SLIM_PROGRESS runs=1408303104/1859825862 resolve_wall=346.911 lce_wall=6986.510 write_wall=10.670 lf_steps=0 cache_hits=0
SLIM_PHASE query-chunks wall=7.931 cumulative=7612.991 peak_rss_kib=66017688
SLIM_PROGRESS runs=1409351680/1859825862 resolve_wall=347.162 lce_wall=6993.559 write_wall=10.679 lf_steps=0 cache_hits=0
SLIM_PHASE query-chunks wall=7.308 cumulative=7620.299 peak_rss_kib=66029808
SLIM_PROGRESS runs=1410400256/1859825862 resolve_wall=347.401 lce_wall=6999.774 write_wall=10.687 lf_steps=0 cache_hits=0
SLIM_PHASE query-chunks wall=6.462 cumulative=7626.760 peak_rss_kib=66040748
SLIM_PROGRESS runs=1411448832/1859825862 resolve_wall=347.648 lce_wall=7006.154 write_wall=10.695 lf_steps=0 cache_hits=0
SLIM_PHASE query-chunks wall=6.635 cumulative=7633.395 peak_rss_kib=66053456
SLIM_PROGRESS runs=1412497408/1859825862 resolve_wall=347.906 lce_wall=7011.991 write_wall=10.706 lf_steps=0 cache_hits=0
SLIM_PHASE query-chunks wall=6.107 cumulative=7639.503 peak_rss_kib=66064784
SLIM_PROGRESS runs=1413545984/1859825862 resolve_wall=348.167 lce_wall=7017.442 write_wall=10.714 lf_steps=0 cache_hits=0
SLIM_PHASE query-chunks wall=5.719 cumulative=7645.222 peak_rss_kib=66073776
SLIM_PROGRESS runs=1414594560/1859825862 resolve_wall=348.419 lce_wall=7022.575 write_wall=10.727 lf_steps=0 cache_hits=0
SLIM_PHASE query-chunks wall=5.399 cumulative=7650.621 peak_rss_kib=66080892
SLIM_PROGRESS runs=1415643136/1859825862 resolve_wall=348.665 lce_wall=7027.007 write_wall=10.734 lf_steps=0 cache_hits=0
SLIM_PHASE query-chunks wall=4.686 cumulative=7655.306 peak_rss_kib=66092112
SLIM_PROGRESS runs=1416691712/1859825862 resolve_wall=348.922 lce_wall=7031.466 write_wall=10.741 lf_steps=0 cache_hits=0
SLIM_PHASE query-chunks wall=4.723 cumulative=7660.030 peak_rss_kib=66099472
SLIM_PROGRESS runs=1417740288/1859825862 resolve_wall=349.164 lce_wall=7035.941 write_wall=10.748 lf_steps=0 cache_hits=0
SLIM_PHASE query-chunks wall=4.723 cumulative=7664.753 peak_rss_kib=66116156
SLIM_PROGRESS runs=1418788864/1859825862 resolve_wall=349.421 lce_wall=7040.756 write_wall=10.756 lf_steps=0 cache_hits=0
SLIM_PHASE query-chunks wall=5.080 cumulative=7669.833 peak_rss_kib=66125008
SLIM_PROGRESS runs=1419837440/1859825862 resolve_wall=349.672 lce_wall=7045.982 write_wall=10.765 lf_steps=0 cache_hits=0
SLIM_PHASE query-chunks wall=5.486 cumulative=7675.319 peak_rss_kib=66140192
SLIM_PROGRESS runs=1420886016/1859825862 resolve_wall=349.922 lce_wall=7051.210 write_wall=10.773 lf_steps=0 cache_hits=0
SLIM_PHASE query-chunks wall=5.485 cumulative=7680.805 peak_rss_kib=66146940
SLIM_PROGRESS runs=1421934592/1859825862 resolve_wall=350.180 lce_wall=7056.308 write_wall=10.780 lf_steps=0 cache_hits=0
SLIM_PHASE query-chunks wall=5.364 cumulative=7686.169 peak_rss_kib=66161788
SLIM_PROGRESS runs=1422983168/1859825862 resolve_wall=350.448 lce_wall=7061.600 write_wall=10.788 lf_steps=0 cache_hits=0
SLIM_PHASE query-chunks wall=5.568 cumulative=7691.737 peak_rss_kib=66165404
SLIM_PROGRESS runs=1424031744/1859825862 resolve_wall=350.707 lce_wall=7066.915 write_wall=10.795 lf_steps=0 cache_hits=0
SLIM_PHASE query-chunks wall=5.581 cumulative=7697.318 peak_rss_kib=66171932
SLIM_PROGRESS runs=1425080320/1859825862 resolve_wall=350.964 lce_wall=7072.145 write_wall=10.803 lf_steps=0 cache_hits=0
SLIM_PHASE query-chunks wall=5.495 cumulative=7702.813 peak_rss_kib=66182924
SLIM_PROGRESS runs=1426128896/1859825862 resolve_wall=351.216 lce_wall=7077.503 write_wall=10.810 lf_steps=0 cache_hits=0
SLIM_PHASE query-chunks wall=5.617 cumulative=7708.430 peak_rss_kib=66187884
SLIM_PROGRESS runs=1427177472/1859825862 resolve_wall=351.456 lce_wall=7082.924 write_wall=10.822 lf_steps=0 cache_hits=0
SLIM_PHASE query-chunks wall=5.672 cumulative=7714.102 peak_rss_kib=66194496
SLIM_PROGRESS runs=1428226048/1859825862 resolve_wall=351.689 lce_wall=7089.328 write_wall=10.830 lf_steps=0 cache_hits=0
SLIM_PHASE query-chunks wall=6.646 cumulative=7720.748 peak_rss_kib=66207344
SLIM_PROGRESS runs=1429274624/1859825862 resolve_wall=351.934 lce_wall=7096.319 write_wall=10.839 lf_steps=0 cache_hits=0
SLIM_PHASE query-chunks wall=7.246 cumulative=7727.994 peak_rss_kib=66214144
SLIM_PROGRESS runs=1430323200/1859825862 resolve_wall=352.219 lce_wall=7103.609 write_wall=10.848 lf_steps=0 cache_hits=0
SLIM_PHASE query-chunks wall=7.584 cumulative=7735.579 peak_rss_kib=66221012
SLIM_PROGRESS runs=1431371776/1859825862 resolve_wall=352.490 lce_wall=7110.547 write_wall=10.857 lf_steps=0 cache_hits=0
SLIM_PHASE query-chunks wall=7.217 cumulative=7742.796 peak_rss_kib=66230748
SLIM_PROGRESS runs=1432420352/1859825862 resolve_wall=352.747 lce_wall=7118.476 write_wall=10.867 lf_steps=0 cache_hits=0
SLIM_PHASE query-chunks wall=8.196 cumulative=7750.992 peak_rss_kib=66243588
SLIM_PROGRESS runs=1433468928/1859825862 resolve_wall=353.015 lce_wall=7126.082 write_wall=10.875 lf_steps=0 cache_hits=0
SLIM_PHASE query-chunks wall=7.883 cumulative=7758.875 peak_rss_kib=66245308
SLIM_PROGRESS runs=1434517504/1859825862 resolve_wall=353.274 lce_wall=7134.468 write_wall=10.885 lf_steps=0 cache_hits=0
SLIM_PHASE query-chunks wall=8.656 cumulative=7767.531 peak_rss_kib=66253988
SLIM_PROGRESS runs=1435566080/1859825862 resolve_wall=353.527 lce_wall=7143.398 write_wall=10.900 lf_steps=0 cache_hits=0
SLIM_PHASE query-chunks wall=9.197 cumulative=7776.728 peak_rss_kib=66266500
SLIM_PROGRESS runs=1436614656/1859825862 resolve_wall=353.792 lce_wall=7151.281 write_wall=10.910 lf_steps=0 cache_hits=0
SLIM_PHASE query-chunks wall=8.159 cumulative=7784.887 peak_rss_kib=66269720
SLIM_PROGRESS runs=1437663232/1859825862 resolve_wall=354.036 lce_wall=7158.710 write_wall=10.919 lf_steps=0 cache_hits=0
SLIM_PHASE query-chunks wall=7.682 cumulative=7792.568 peak_rss_kib=66278472
SLIM_PROGRESS runs=1438711808/1859825862 resolve_wall=354.300 lce_wall=7165.409 write_wall=10.932 lf_steps=0 cache_hits=0
SLIM_PHASE query-chunks wall=6.977 cumulative=7799.546 peak_rss_kib=66283612
SLIM_PROGRESS runs=1439760384/1859825862 resolve_wall=354.544 lce_wall=7171.906 write_wall=10.941 lf_steps=0 cache_hits=0
SLIM_PHASE query-chunks wall=6.750 cumulative=7806.296 peak_rss_kib=66293364
SLIM_PROGRESS runs=1440808960/1859825862 resolve_wall=354.808 lce_wall=7180.894 write_wall=10.951 lf_steps=0 cache_hits=0
SLIM_PHASE query-chunks wall=9.261 cumulative=7815.557 peak_rss_kib=66302164
SLIM_PROGRESS runs=1441857536/1859825862 resolve_wall=355.063 lce_wall=7190.870 write_wall=10.961 lf_steps=0 cache_hits=0
SLIM_PHASE query-chunks wall=10.241 cumulative=7825.797 peak_rss_kib=66315020
SLIM_PROGRESS runs=1442906112/1859825862 resolve_wall=355.312 lce_wall=7198.322 write_wall=10.969 lf_steps=0 cache_hits=0
SLIM_PHASE query-chunks wall=7.710 cumulative=7833.508 peak_rss_kib=66327732
SLIM_PROGRESS runs=1443954688/1859825862 resolve_wall=355.580 lce_wall=7205.367 write_wall=10.978 lf_steps=0 cache_hits=0
SLIM_PHASE query-chunks wall=7.322 cumulative=7840.829 peak_rss_kib=66332856
SLIM_PROGRESS runs=1445003264/1859825862 resolve_wall=355.841 lce_wall=7211.464 write_wall=10.987 lf_steps=0 cache_hits=0
SLIM_PHASE query-chunks wall=6.367 cumulative=7847.197 peak_rss_kib=66337864
SLIM_PROGRESS runs=1446051840/1859825862 resolve_wall=356.089 lce_wall=7216.975 write_wall=10.995 lf_steps=0 cache_hits=0
SLIM_PHASE query-chunks wall=5.767 cumulative=7852.964 peak_rss_kib=66348708
SLIM_PROGRESS runs=1447100416/1859825862 resolve_wall=356.342 lce_wall=7222.525 write_wall=11.004 lf_steps=0 cache_hits=0
SLIM_PHASE query-chunks wall=5.813 cumulative=7858.777 peak_rss_kib=66354152
SLIM_PROGRESS runs=1448148992/1859825862 resolve_wall=356.602 lce_wall=7227.536 write_wall=11.013 lf_steps=0 cache_hits=0
SLIM_PHASE query-chunks wall=5.280 cumulative=7864.057 peak_rss_kib=66365512
SLIM_PROGRESS runs=1449197568/1859825862 resolve_wall=356.862 lce_wall=7232.611 write_wall=11.021 lf_steps=0 cache_hits=0
SLIM_PHASE query-chunks wall=5.343 cumulative=7869.400 peak_rss_kib=66374040
SLIM_PROGRESS runs=1450246144/1859825862 resolve_wall=357.126 lce_wall=7237.683 write_wall=11.029 lf_steps=0 cache_hits=0
SLIM_PHASE query-chunks wall=5.344 cumulative=7874.744 peak_rss_kib=66387388
SLIM_PROGRESS runs=1451294720/1859825862 resolve_wall=357.380 lce_wall=7242.606 write_wall=11.037 lf_steps=0 cache_hits=0
SLIM_PHASE query-chunks wall=5.184 cumulative=7879.928 peak_rss_kib=66394812
SLIM_PROGRESS runs=1452343296/1859825862 resolve_wall=357.628 lce_wall=7247.339 write_wall=11.044 lf_steps=0 cache_hits=0
SLIM_PHASE query-chunks wall=4.988 cumulative=7884.916 peak_rss_kib=66410940
SLIM_PROGRESS runs=1453391872/1859825862 resolve_wall=357.895 lce_wall=7251.922 write_wall=11.051 lf_steps=0 cache_hits=0
SLIM_PHASE query-chunks wall=4.858 cumulative=7889.774 peak_rss_kib=66413404
SLIM_PROGRESS runs=1454440448/1859825862 resolve_wall=358.148 lce_wall=7256.748 write_wall=11.058 lf_steps=0 cache_hits=0
SLIM_PHASE query-chunks wall=5.085 cumulative=7894.860 peak_rss_kib=66419964
SLIM_PROGRESS runs=1455489024/1859825862 resolve_wall=358.407 lce_wall=7261.575 write_wall=11.065 lf_steps=0 cache_hits=0
SLIM_PHASE query-chunks wall=5.093 cumulative=7899.953 peak_rss_kib=66427004
SLIM_PROGRESS runs=1456537600/1859825862 resolve_wall=358.647 lce_wall=7266.527 write_wall=11.072 lf_steps=0 cache_hits=0
SLIM_PHASE query-chunks wall=5.200 cumulative=7905.153 peak_rss_kib=66437468
SLIM_PROGRESS runs=1457586176/1859825862 resolve_wall=358.909 lce_wall=7271.535 write_wall=11.079 lf_steps=0 cache_hits=0
SLIM_PHASE query-chunks wall=5.277 cumulative=7910.430 peak_rss_kib=66442748
SLIM_PROGRESS runs=1458634752/1859825862 resolve_wall=359.156 lce_wall=7276.554 write_wall=11.089 lf_steps=0 cache_hits=0
SLIM_PHASE query-chunks wall=5.275 cumulative=7915.705 peak_rss_kib=66457032
SLIM_PROGRESS runs=1459683328/1859825862 resolve_wall=359.396 lce_wall=7281.241 write_wall=11.096 lf_steps=0 cache_hits=0
SLIM_PHASE query-chunks wall=4.935 cumulative=7920.640 peak_rss_kib=66478096
SLIM_PROGRESS runs=1460731904/1859825862 resolve_wall=359.613 lce_wall=7285.932 write_wall=11.103 lf_steps=0 cache_hits=0
SLIM_PHASE query-chunks wall=4.915 cumulative=7925.555 peak_rss_kib=66489136
SLIM_PROGRESS runs=1461780480/1859825862 resolve_wall=359.845 lce_wall=7290.548 write_wall=11.110 lf_steps=0 cache_hits=0
SLIM_PHASE query-chunks wall=4.856 cumulative=7930.410 peak_rss_kib=66497456
SLIM_PROGRESS runs=1462829056/1859825862 resolve_wall=360.073 lce_wall=7295.283 write_wall=11.117 lf_steps=0 cache_hits=0
SLIM_PHASE query-chunks wall=4.970 cumulative=7935.381 peak_rss_kib=66506544
SLIM_PROGRESS runs=1463877632/1859825862 resolve_wall=360.309 lce_wall=7300.075 write_wall=11.124 lf_steps=0 cache_hits=0
SLIM_PHASE query-chunks wall=5.035 cumulative=7940.416 peak_rss_kib=66509392
SLIM_PROGRESS runs=1464926208/1859825862 resolve_wall=360.568 lce_wall=7304.721 write_wall=11.131 lf_steps=0 cache_hits=0
SLIM_PHASE query-chunks wall=4.912 cumulative=7945.328 peak_rss_kib=66518192
SLIM_PROGRESS runs=1465974784/1859825862 resolve_wall=360.817 lce_wall=7309.471 write_wall=11.139 lf_steps=0 cache_hits=0
SLIM_PHASE query-chunks wall=5.007 cumulative=7950.335 peak_rss_kib=66529872
SLIM_PROGRESS runs=1467023360/1859825862 resolve_wall=361.063 lce_wall=7314.233 write_wall=11.147 lf_steps=0 cache_hits=0
SLIM_PHASE query-chunks wall=5.015 cumulative=7955.350 peak_rss_kib=66537008
SLIM_PROGRESS runs=1468071936/1859825862 resolve_wall=361.303 lce_wall=7319.102 write_wall=11.154 lf_steps=0 cache_hits=0
SLIM_PHASE query-chunks wall=5.117 cumulative=7960.468 peak_rss_kib=66537532
SLIM_PROGRESS runs=1469120512/1859825862 resolve_wall=361.549 lce_wall=7323.945 write_wall=11.161 lf_steps=0 cache_hits=0
SLIM_PHASE query-chunks wall=5.096 cumulative=7965.563 peak_rss_kib=66545904
SLIM_PROGRESS runs=1470169088/1859825862 resolve_wall=361.782 lce_wall=7329.267 write_wall=11.169 lf_steps=0 cache_hits=0
SLIM_PHASE query-chunks wall=5.563 cumulative=7971.126 peak_rss_kib=66556368
SLIM_PROGRESS runs=1471217664/1859825862 resolve_wall=362.035 lce_wall=7334.007 write_wall=11.177 lf_steps=0 cache_hits=0
SLIM_PHASE query-chunks wall=5.001 cumulative=7976.128 peak_rss_kib=66556368
SLIM_PROGRESS runs=1472266240/1859825862 resolve_wall=362.273 lce_wall=7338.754 write_wall=11.184 lf_steps=0 cache_hits=0
SLIM_PHASE query-chunks wall=4.993 cumulative=7981.120 peak_rss_kib=66562720
SLIM_PROGRESS runs=1473314816/1859825862 resolve_wall=362.521 lce_wall=7343.668 write_wall=11.192 lf_steps=0 cache_hits=0
SLIM_PHASE query-chunks wall=5.170 cumulative=7986.290 peak_rss_kib=66575904
SLIM_PROGRESS runs=1474363392/1859825862 resolve_wall=362.751 lce_wall=7348.811 write_wall=11.199 lf_steps=0 cache_hits=0
SLIM_PHASE query-chunks wall=5.380 cumulative=7991.670 peak_rss_kib=66586368
SLIM_PROGRESS runs=1475411968/1859825862 resolve_wall=362.964 lce_wall=7353.559 write_wall=11.206 lf_steps=0 cache_hits=0
SLIM_PHASE query-chunks wall=4.969 cumulative=7996.639 peak_rss_kib=66599552
SLIM_PROGRESS runs=1476460544/1859825862 resolve_wall=363.182 lce_wall=7358.250 write_wall=11.213 lf_steps=0 cache_hits=0
SLIM_PHASE query-chunks wall=4.916 cumulative=8001.555 peak_rss_kib=66609824
SLIM_PROGRESS runs=1477509120/1859825862 resolve_wall=363.413 lce_wall=7363.049 write_wall=11.220 lf_steps=0 cache_hits=0
SLIM_PHASE query-chunks wall=5.037 cumulative=8006.592 peak_rss_kib=66620672
SLIM_PROGRESS runs=1478557696/1859825862 resolve_wall=363.653 lce_wall=7368.014 write_wall=11.228 lf_steps=0 cache_hits=0
SLIM_PHASE query-chunks wall=5.213 cumulative=8011.805 peak_rss_kib=66637760
SLIM_PROGRESS runs=1479606272/1859825862 resolve_wall=363.912 lce_wall=7372.764 write_wall=11.235 lf_steps=0 cache_hits=0
SLIM_PHASE query-chunks wall=5.017 cumulative=8016.821 peak_rss_kib=66646220
SLIM_PROGRESS runs=1480654848/1859825862 resolve_wall=364.169 lce_wall=7377.608 write_wall=11.242 lf_steps=0 cache_hits=0
SLIM_PHASE query-chunks wall=5.108 cumulative=8021.930 peak_rss_kib=66665356
SLIM_PROGRESS runs=1481703424/1859825862 resolve_wall=364.431 lce_wall=7382.331 write_wall=11.250 lf_steps=0 cache_hits=0
SLIM_PHASE query-chunks wall=4.993 cumulative=8026.923 peak_rss_kib=66673804
SLIM_PROGRESS runs=1482752000/1859825862 resolve_wall=364.685 lce_wall=7387.167 write_wall=11.257 lf_steps=0 cache_hits=0
SLIM_PHASE query-chunks wall=5.098 cumulative=8032.020 peak_rss_kib=66688556
SLIM_PROGRESS runs=1483800576/1859825862 resolve_wall=364.942 lce_wall=7391.969 write_wall=11.265 lf_steps=0 cache_hits=0
SLIM_PHASE query-chunks wall=5.066 cumulative=8037.087 peak_rss_kib=66693164
SLIM_PROGRESS runs=1484849152/1859825862 resolve_wall=365.199 lce_wall=7396.910 write_wall=11.272 lf_steps=0 cache_hits=0
SLIM_PHASE query-chunks wall=5.206 cumulative=8042.292 peak_rss_kib=66696012
SLIM_PROGRESS runs=1485897728/1859825862 resolve_wall=365.449 lce_wall=7401.992 write_wall=11.280 lf_steps=0 cache_hits=0
SLIM_PHASE query-chunks wall=5.340 cumulative=8047.632 peak_rss_kib=66697388
SLIM_PROGRESS runs=1486946304/1859825862 resolve_wall=365.706 lce_wall=7407.077 write_wall=11.287 lf_steps=0 cache_hits=0
SLIM_PHASE query-chunks wall=5.350 cumulative=8052.982 peak_rss_kib=66697612
SLIM_PROGRESS runs=1487994880/1859825862 resolve_wall=365.958 lce_wall=7412.114 write_wall=11.295 lf_steps=0 cache_hits=0
SLIM_PHASE query-chunks wall=5.295 cumulative=8058.278 peak_rss_kib=66697612
SLIM_PROGRESS runs=1489043456/1859825862 resolve_wall=366.216 lce_wall=7416.777 write_wall=11.302 lf_steps=0 cache_hits=0
SLIM_PHASE query-chunks wall=4.928 cumulative=8063.206 peak_rss_kib=66697612
SLIM_PROGRESS runs=1490092032/1859825862 resolve_wall=366.465 lce_wall=7421.854 write_wall=11.310 lf_steps=0 cache_hits=0
SLIM_PHASE query-chunks wall=5.335 cumulative=8068.541 peak_rss_kib=66706476
SLIM_PROGRESS runs=1491140608/1859825862 resolve_wall=366.704 lce_wall=7426.879 write_wall=11.318 lf_steps=0 cache_hits=0
SLIM_PHASE query-chunks wall=5.272 cumulative=8073.813 peak_rss_kib=66713420
SLIM_PROGRESS runs=1492189184/1859825862 resolve_wall=366.951 lce_wall=7432.067 write_wall=11.325 lf_steps=0 cache_hits=0
SLIM_PHASE query-chunks wall=5.442 cumulative=8079.254 peak_rss_kib=66726276
SLIM_PROGRESS runs=1493237760/1859825862 resolve_wall=367.196 lce_wall=7436.911 write_wall=11.332 lf_steps=0 cache_hits=0
SLIM_PHASE query-chunks wall=5.096 cumulative=8084.351 peak_rss_kib=66738876
SLIM_PROGRESS runs=1494286336/1859825862 resolve_wall=367.436 lce_wall=7442.059 write_wall=11.339 lf_steps=0 cache_hits=0
SLIM_PHASE query-chunks wall=5.396 cumulative=8089.747 peak_rss_kib=66745632
SLIM_PROGRESS runs=1495334912/1859825862 resolve_wall=367.677 lce_wall=7447.549 write_wall=11.347 lf_steps=0 cache_hits=0
SLIM_PHASE query-chunks wall=5.738 cumulative=8095.485 peak_rss_kib=66752652
SLIM_PROGRESS runs=1496383488/1859825862 resolve_wall=367.920 lce_wall=7453.128 write_wall=11.359 lf_steps=0 cache_hits=0
SLIM_PHASE query-chunks wall=5.834 cumulative=8101.319 peak_rss_kib=66755740
SLIM_PROGRESS runs=1497432064/1859825862 resolve_wall=368.154 lce_wall=7458.912 write_wall=11.367 lf_steps=0 cache_hits=0
SLIM_PHASE query-chunks wall=6.027 cumulative=8107.346 peak_rss_kib=66757484
SLIM_PROGRESS runs=1498480640/1859825862 resolve_wall=368.373 lce_wall=7464.908 write_wall=11.376 lf_steps=0 cache_hits=0
SLIM_PHASE query-chunks wall=6.224 cumulative=8113.570 peak_rss_kib=66766380
SLIM_PROGRESS runs=1499529216/1859825862 resolve_wall=368.589 lce_wall=7470.685 write_wall=11.384 lf_steps=0 cache_hits=0
SLIM_PHASE query-chunks wall=6.001 cumulative=8119.571 peak_rss_kib=66779492
SLIM_PROGRESS runs=1500577792/1859825862 resolve_wall=368.834 lce_wall=7476.211 write_wall=11.392 lf_steps=0 cache_hits=0
SLIM_PHASE query-chunks wall=5.779 cumulative=8125.350 peak_rss_kib=66789540
SLIM_PROGRESS runs=1501626368/1859825862 resolve_wall=369.075 lce_wall=7481.667 write_wall=11.399 lf_steps=0 cache_hits=0
SLIM_PHASE query-chunks wall=5.705 cumulative=8131.055 peak_rss_kib=66791500
SLIM_PROGRESS runs=1502674944/1859825862 resolve_wall=369.326 lce_wall=7486.725 write_wall=11.407 lf_steps=0 cache_hits=0
SLIM_PHASE query-chunks wall=5.317 cumulative=8136.372 peak_rss_kib=66804612
SLIM_PROGRESS runs=1503723520/1859825862 resolve_wall=369.572 lce_wall=7492.149 write_wall=11.415 lf_steps=0 cache_hits=0
SLIM_PHASE query-chunks wall=5.677 cumulative=8142.049 peak_rss_kib=66813508
SLIM_PROGRESS runs=1504772096/1859825862 resolve_wall=369.818 lce_wall=7497.464 write_wall=11.422 lf_steps=0 cache_hits=0
SLIM_PHASE query-chunks wall=5.570 cumulative=8147.619 peak_rss_kib=66818116
SLIM_PROGRESS runs=1505820672/1859825862 resolve_wall=370.062 lce_wall=7503.171 write_wall=11.430 lf_steps=0 cache_hits=0
SLIM_PHASE query-chunks wall=5.959 cumulative=8153.578 peak_rss_kib=66820580
SLIM_PROGRESS runs=1506869248/1859825862 resolve_wall=370.292 lce_wall=7508.525 write_wall=11.438 lf_steps=0 cache_hits=0
SLIM_PHASE query-chunks wall=5.592 cumulative=8159.169 peak_rss_kib=66833448
SLIM_PROGRESS runs=1507917824/1859825862 resolve_wall=370.511 lce_wall=7513.995 write_wall=11.446 lf_steps=0 cache_hits=0
SLIM_PHASE query-chunks wall=5.698 cumulative=8164.867 peak_rss_kib=66844260
SLIM_PROGRESS runs=1508966400/1859825862 resolve_wall=370.753 lce_wall=7520.574 write_wall=11.455 lf_steps=0 cache_hits=0
SLIM_PHASE query-chunks wall=6.829 cumulative=8171.696 peak_rss_kib=66861256
SLIM_PROGRESS runs=1510014976/1859825862 resolve_wall=370.974 lce_wall=7527.252 write_wall=11.463 lf_steps=0 cache_hits=0
SLIM_PHASE query-chunks wall=6.909 cumulative=8178.605 peak_rss_kib=66867960
SLIM_PROGRESS runs=1511063552/1859825862 resolve_wall=371.189 lce_wall=7533.305 write_wall=11.471 lf_steps=0 cache_hits=0
SLIM_PHASE query-chunks wall=6.276 cumulative=8184.880 peak_rss_kib=66874496
SLIM_PROGRESS runs=1512112128/1859825862 resolve_wall=371.398 lce_wall=7538.752 write_wall=11.478 lf_steps=0 cache_hits=0
SLIM_PHASE query-chunks wall=5.664 cumulative=8190.544 peak_rss_kib=66885152
SLIM_PROGRESS runs=1513160704/1859825862 resolve_wall=371.617 lce_wall=7544.239 write_wall=11.486 lf_steps=0 cache_hits=0
SLIM_PHASE query-chunks wall=5.714 cumulative=8196.258 peak_rss_kib=66893856
SLIM_PROGRESS runs=1514209280/1859825862 resolve_wall=371.848 lce_wall=7549.423 write_wall=11.493 lf_steps=0 cache_hits=0
SLIM_PHASE query-chunks wall=5.423 cumulative=8201.681 peak_rss_kib=66902704
SLIM_PROGRESS runs=1515257856/1859825862 resolve_wall=372.076 lce_wall=7554.657 write_wall=11.501 lf_steps=0 cache_hits=0
SLIM_PHASE query-chunks wall=5.470 cumulative=8207.151 peak_rss_kib=66914212
SLIM_PROGRESS runs=1516306432/1859825862 resolve_wall=372.316 lce_wall=7560.085 write_wall=11.509 lf_steps=0 cache_hits=0
SLIM_PHASE query-chunks wall=5.676 cumulative=8212.826 peak_rss_kib=66922864
SLIM_PROGRESS runs=1517355008/1859825862 resolve_wall=372.543 lce_wall=7565.545 write_wall=11.516 lf_steps=0 cache_hits=0
SLIM_PHASE query-chunks wall=5.695 cumulative=8218.521 peak_rss_kib=66929488
SLIM_PROGRESS runs=1518403584/1859825862 resolve_wall=372.789 lce_wall=7570.992 write_wall=11.524 lf_steps=0 cache_hits=0
SLIM_PHASE query-chunks wall=5.700 cumulative=8224.221 peak_rss_kib=66940336
SLIM_PROGRESS runs=1519452160/1859825862 resolve_wall=373.043 lce_wall=7576.014 write_wall=11.531 lf_steps=0 cache_hits=0
SLIM_PHASE query-chunks wall=5.283 cumulative=8229.505 peak_rss_kib=66948896
SLIM_PROGRESS runs=1520500736/1859825862 resolve_wall=373.297 lce_wall=7581.060 write_wall=11.539 lf_steps=0 cache_hits=0
SLIM_PHASE query-chunks wall=5.307 cumulative=8234.812 peak_rss_kib=66961672
SLIM_PROGRESS runs=1521549312/1859825862 resolve_wall=373.551 lce_wall=7586.133 write_wall=11.546 lf_steps=0 cache_hits=0
SLIM_PHASE query-chunks wall=5.335 cumulative=8240.147 peak_rss_kib=66966396
SLIM_PROGRESS runs=1522597888/1859825862 resolve_wall=373.800 lce_wall=7591.191 write_wall=11.554 lf_steps=0 cache_hits=0
SLIM_PHASE query-chunks wall=5.315 cumulative=8245.462 peak_rss_kib=66980120
SLIM_PROGRESS runs=1523646464/1859825862 resolve_wall=374.042 lce_wall=7596.274 write_wall=11.562 lf_steps=0 cache_hits=0
SLIM_PHASE query-chunks wall=5.334 cumulative=8250.796 peak_rss_kib=66986264
SLIM_PROGRESS runs=1524695040/1859825862 resolve_wall=374.290 lce_wall=7601.492 write_wall=11.569 lf_steps=0 cache_hits=0
SLIM_PHASE query-chunks wall=5.473 cumulative=8256.269 peak_rss_kib=67003672
SLIM_PROGRESS runs=1525743616/1859825862 resolve_wall=374.534 lce_wall=7606.329 write_wall=11.577 lf_steps=0 cache_hits=0
SLIM_PHASE query-chunks wall=5.089 cumulative=8261.358 peak_rss_kib=67012504
SLIM_PROGRESS runs=1526792192/1859825862 resolve_wall=374.761 lce_wall=7611.010 write_wall=11.584 lf_steps=0 cache_hits=0
SLIM_PHASE query-chunks wall=4.915 cumulative=8266.273 peak_rss_kib=67023832
SLIM_PROGRESS runs=1527840768/1859825862 resolve_wall=374.949 lce_wall=7615.598 write_wall=11.591 lf_steps=0 cache_hits=0
SLIM_PHASE query-chunks wall=4.783 cumulative=8271.056 peak_rss_kib=67027868
SLIM_PROGRESS runs=1528889344/1859825862 resolve_wall=375.164 lce_wall=7620.230 write_wall=11.598 lf_steps=0 cache_hits=0
SLIM_PHASE query-chunks wall=4.853 cumulative=8275.909 peak_rss_kib=67038236
SLIM_PROGRESS runs=1529937920/1859825862 resolve_wall=375.393 lce_wall=7625.099 write_wall=11.605 lf_steps=0 cache_hits=0
SLIM_PHASE query-chunks wall=5.107 cumulative=8281.016 peak_rss_kib=67048876
SLIM_PROGRESS runs=1530986496/1859825862 resolve_wall=375.625 lce_wall=7629.793 write_wall=11.613 lf_steps=0 cache_hits=0
SLIM_PHASE query-chunks wall=4.933 cumulative=8285.949 peak_rss_kib=67069772
SLIM_PROGRESS runs=1532035072/1859825862 resolve_wall=375.843 lce_wall=7634.651 write_wall=11.620 lf_steps=0 cache_hits=0
SLIM_PHASE query-chunks wall=5.083 cumulative=8291.032 peak_rss_kib=67080524
SLIM_PROGRESS runs=1533083648/1859825862 resolve_wall=376.074 lce_wall=7639.485 write_wall=11.627 lf_steps=0 cache_hits=0
SLIM_PHASE query-chunks wall=5.073 cumulative=8296.105 peak_rss_kib=67085132
SLIM_PROGRESS runs=1534132224/1859825862 resolve_wall=376.259 lce_wall=7644.713 write_wall=11.634 lf_steps=0 cache_hits=0
SLIM_PHASE query-chunks wall=5.421 cumulative=8301.526 peak_rss_kib=67090012
SLIM_PROGRESS runs=1535180800/1859825862 resolve_wall=376.477 lce_wall=7650.843 write_wall=11.642 lf_steps=0 cache_hits=0
SLIM_PHASE query-chunks wall=6.356 cumulative=8307.882 peak_rss_kib=67100572
SLIM_PROGRESS runs=1536229376/1859825862 resolve_wall=376.692 lce_wall=7657.143 write_wall=11.651 lf_steps=0 cache_hits=0
SLIM_PHASE query-chunks wall=6.523 cumulative=8314.405 peak_rss_kib=67115324
SLIM_PROGRESS runs=1537277952/1859825862 resolve_wall=376.926 lce_wall=7663.663 write_wall=11.660 lf_steps=0 cache_hits=0
SLIM_PHASE query-chunks wall=6.763 cumulative=8321.167 peak_rss_kib=67126268
SLIM_PROGRESS runs=1538326528/1859825862 resolve_wall=377.137 lce_wall=7670.080 write_wall=11.668 lf_steps=0 cache_hits=0
SLIM_PHASE query-chunks wall=6.638 cumulative=8327.805 peak_rss_kib=67143036
SLIM_PROGRESS runs=1539375104/1859825862 resolve_wall=377.376 lce_wall=7676.464 write_wall=11.676 lf_steps=0 cache_hits=0
SLIM_PHASE query-chunks wall=6.632 cumulative=8334.437 peak_rss_kib=67146724
SLIM_PROGRESS runs=1540423680/1859825862 resolve_wall=377.626 lce_wall=7682.693 write_wall=11.685 lf_steps=0 cache_hits=0
SLIM_PHASE query-chunks wall=6.486 cumulative=8340.923 peak_rss_kib=67159116
SLIM_PROGRESS runs=1541472256/1859825862 resolve_wall=377.872 lce_wall=7688.655 write_wall=11.694 lf_steps=0 cache_hits=0
SLIM_PHASE query-chunks wall=6.218 cumulative=8347.141 peak_rss_kib=67162012
SLIM_PROGRESS runs=1542520832/1859825862 resolve_wall=378.137 lce_wall=7694.568 write_wall=11.702 lf_steps=0 cache_hits=0
SLIM_PHASE query-chunks wall=6.187 cumulative=8353.328 peak_rss_kib=67168752
SLIM_PROGRESS runs=1543569408/1859825862 resolve_wall=378.393 lce_wall=7700.551 write_wall=11.710 lf_steps=0 cache_hits=0
SLIM_PHASE query-chunks wall=6.246 cumulative=8359.574 peak_rss_kib=67175408
SLIM_PROGRESS runs=1544617984/1859825862 resolve_wall=378.639 lce_wall=7706.754 write_wall=11.718 lf_steps=0 cache_hits=0
SLIM_PHASE query-chunks wall=6.458 cumulative=8366.032 peak_rss_kib=67180860
SLIM_PROGRESS runs=1545666560/1859825862 resolve_wall=378.897 lce_wall=7712.619 write_wall=11.726 lf_steps=0 cache_hits=0
SLIM_PHASE query-chunks wall=6.131 cumulative=8372.163 peak_rss_kib=67180860
SLIM_PROGRESS runs=1546715136/1859825862 resolve_wall=379.168 lce_wall=7718.615 write_wall=11.734 lf_steps=0 cache_hits=0
SLIM_PHASE query-chunks wall=6.275 cumulative=8378.438 peak_rss_kib=67183952
SLIM_PROGRESS runs=1547763712/1859825862 resolve_wall=379.416 lce_wall=7724.865 write_wall=11.743 lf_steps=0 cache_hits=0
SLIM_PHASE query-chunks wall=6.507 cumulative=8384.946 peak_rss_kib=67188504
SLIM_PROGRESS runs=1548812288/1859825862 resolve_wall=379.677 lce_wall=7732.114 write_wall=11.753 lf_steps=0 cache_hits=0
SLIM_PHASE query-chunks wall=7.520 cumulative=8392.465 peak_rss_kib=67195552
SLIM_PROGRESS runs=1549860864/1859825862 resolve_wall=379.942 lce_wall=7741.889 write_wall=11.763 lf_steps=0 cache_hits=0
SLIM_PHASE query-chunks wall=10.050 cumulative=8402.516 peak_rss_kib=67204064
SLIM_PROGRESS runs=1550909440/1859825862 resolve_wall=380.192 lce_wall=7748.664 write_wall=11.772 lf_steps=0 cache_hits=0
SLIM_PHASE query-chunks wall=7.034 cumulative=8409.550 peak_rss_kib=67221468
SLIM_PROGRESS runs=1551958016/1859825862 resolve_wall=380.447 lce_wall=7753.405 write_wall=11.779 lf_steps=0 cache_hits=0
SLIM_PHASE query-chunks wall=5.004 cumulative=8414.554 peak_rss_kib=67232124
SLIM_PROGRESS runs=1553006592/1859825862 resolve_wall=380.701 lce_wall=7758.070 write_wall=11.787 lf_steps=0 cache_hits=0
SLIM_PHASE query-chunks wall=4.927 cumulative=8419.481 peak_rss_kib=67244684
SLIM_PROGRESS runs=1554055168/1859825862 resolve_wall=380.954 lce_wall=7762.710 write_wall=11.795 lf_steps=0 cache_hits=0
SLIM_PHASE query-chunks wall=4.900 cumulative=8424.381 peak_rss_kib=67257520
SLIM_PROGRESS runs=1555103744/1859825862 resolve_wall=381.182 lce_wall=7767.540 write_wall=11.802 lf_steps=0 cache_hits=0
SLIM_PHASE query-chunks wall=5.066 cumulative=8429.447 peak_rss_kib=67269232
SLIM_PROGRESS runs=1556152320/1859825862 resolve_wall=381.393 lce_wall=7772.739 write_wall=11.809 lf_steps=0 cache_hits=0
SLIM_PHASE query-chunks wall=5.417 cumulative=8434.863 peak_rss_kib=67282240
SLIM_PROGRESS runs=1557200896/1859825862 resolve_wall=381.617 lce_wall=7777.418 write_wall=11.816 lf_steps=0 cache_hits=0
SLIM_PHASE query-chunks wall=4.911 cumulative=8439.775 peak_rss_kib=67291908
SLIM_PROGRESS runs=1558249472/1859825862 resolve_wall=381.829 lce_wall=7782.027 write_wall=11.823 lf_steps=0 cache_hits=0
SLIM_PHASE query-chunks wall=4.828 cumulative=8444.602 peak_rss_kib=67297024
SLIM_PROGRESS runs=1559298048/1859825862 resolve_wall=382.056 lce_wall=7787.101 write_wall=11.831 lf_steps=0 cache_hits=0
SLIM_PHASE query-chunks wall=5.308 cumulative=8449.911 peak_rss_kib=67317920
SLIM_PROGRESS runs=1560346624/1859825862 resolve_wall=382.303 lce_wall=7792.047 write_wall=11.839 lf_steps=0 cache_hits=0
SLIM_PHASE query-chunks wall=5.202 cumulative=8455.113 peak_rss_kib=67324960
SLIM_PROGRESS runs=1561395200/1859825862 resolve_wall=382.560 lce_wall=7797.136 write_wall=11.846 lf_steps=0 cache_hits=0
SLIM_PHASE query-chunks wall=5.353 cumulative=8460.466 peak_rss_kib=67333376
SLIM_PROGRESS runs=1562443776/1859825862 resolve_wall=382.821 lce_wall=7801.979 write_wall=11.853 lf_steps=0 cache_hits=0
SLIM_PHASE query-chunks wall=5.112 cumulative=8465.578 peak_rss_kib=67346272
SLIM_PROGRESS runs=1563492352/1859825862 resolve_wall=383.075 lce_wall=7806.826 write_wall=11.861 lf_steps=0 cache_hits=0
SLIM_PHASE query-chunks wall=5.108 cumulative=8470.686 peak_rss_kib=67351484
SLIM_PROGRESS runs=1564540928/1859825862 resolve_wall=383.314 lce_wall=7811.567 write_wall=11.868 lf_steps=0 cache_hits=0
SLIM_PHASE query-chunks wall=4.987 cumulative=8475.673 peak_rss_kib=67361884
SLIM_PROGRESS runs=1565589504/1859825862 resolve_wall=383.571 lce_wall=7816.297 write_wall=11.875 lf_steps=0 cache_hits=0
SLIM_PHASE query-chunks wall=4.994 cumulative=8480.667 peak_rss_kib=67365212
SLIM_PROGRESS runs=1566638080/1859825862 resolve_wall=383.824 lce_wall=7821.119 write_wall=11.883 lf_steps=0 cache_hits=0
SLIM_PHASE query-chunks wall=5.083 cumulative=8485.751 peak_rss_kib=67373516
SLIM_PROGRESS runs=1567686656/1859825862 resolve_wall=384.107 lce_wall=7825.767 write_wall=11.890 lf_steps=0 cache_hits=0
SLIM_PHASE query-chunks wall=4.938 cumulative=8490.689 peak_rss_kib=67382608
SLIM_PROGRESS runs=1568735232/1859825862 resolve_wall=384.383 lce_wall=7830.609 write_wall=11.897 lf_steps=0 cache_hits=0
SLIM_PHASE query-chunks wall=5.126 cumulative=8495.815 peak_rss_kib=67385296
SLIM_PROGRESS runs=1569783808/1859825862 resolve_wall=384.650 lce_wall=7835.817 write_wall=11.905 lf_steps=0 cache_hits=0
SLIM_PHASE query-chunks wall=5.482 cumulative=8501.297 peak_rss_kib=67389352
SLIM_PROGRESS runs=1570832384/1859825862 resolve_wall=384.909 lce_wall=7841.240 write_wall=11.913 lf_steps=0 cache_hits=0
SLIM_PHASE query-chunks wall=5.690 cumulative=8506.987 peak_rss_kib=67396872
SLIM_PROGRESS runs=1571880960/1859825862 resolve_wall=385.170 lce_wall=7847.054 write_wall=11.920 lf_steps=0 cache_hits=0
SLIM_PHASE query-chunks wall=6.083 cumulative=8513.070 peak_rss_kib=67396872
SLIM_PROGRESS runs=1572929536/1859825862 resolve_wall=385.381 lce_wall=7852.142 write_wall=11.928 lf_steps=0 cache_hits=0
SLIM_PHASE query-chunks wall=5.307 cumulative=8518.377 peak_rss_kib=67396872
SLIM_PROGRESS runs=1573978112/1859825862 resolve_wall=385.621 lce_wall=7857.110 write_wall=11.936 lf_steps=0 cache_hits=0
SLIM_PHASE query-chunks wall=5.216 cumulative=8523.593 peak_rss_kib=67396872
SLIM_PROGRESS runs=1575026688/1859825862 resolve_wall=385.866 lce_wall=7862.173 write_wall=11.943 lf_steps=0 cache_hits=0
SLIM_PHASE query-chunks wall=5.316 cumulative=8528.909 peak_rss_kib=67396872
SLIM_PROGRESS runs=1576075264/1859825862 resolve_wall=386.076 lce_wall=7867.369 write_wall=11.951 lf_steps=0 cache_hits=0
SLIM_PHASE query-chunks wall=5.412 cumulative=8534.321 peak_rss_kib=67396872
SLIM_PROGRESS runs=1577123840/1859825862 resolve_wall=386.303 lce_wall=7872.676 write_wall=11.958 lf_steps=0 cache_hits=0
SLIM_PHASE query-chunks wall=5.542 cumulative=8539.864 peak_rss_kib=67396872
SLIM_PROGRESS runs=1578172416/1859825862 resolve_wall=386.531 lce_wall=7877.872 write_wall=11.965 lf_steps=0 cache_hits=0
SLIM_PHASE query-chunks wall=5.431 cumulative=8545.294 peak_rss_kib=67396872
SLIM_PROGRESS runs=1579220992/1859825862 resolve_wall=386.733 lce_wall=7884.369 write_wall=11.974 lf_steps=0 cache_hits=0
SLIM_PHASE query-chunks wall=6.708 cumulative=8552.002 peak_rss_kib=67396872
SLIM_PROGRESS runs=1580269568/1859825862 resolve_wall=386.960 lce_wall=7891.438 write_wall=11.983 lf_steps=0 cache_hits=0
SLIM_PHASE query-chunks wall=7.305 cumulative=8559.307 peak_rss_kib=67396872
SLIM_PROGRESS runs=1581318144/1859825862 resolve_wall=387.204 lce_wall=7898.242 write_wall=11.991 lf_steps=0 cache_hits=0
SLIM_PHASE query-chunks wall=7.057 cumulative=8566.364 peak_rss_kib=67398096
SLIM_PROGRESS runs=1582366720/1859825862 resolve_wall=387.433 lce_wall=7904.844 write_wall=12.000 lf_steps=0 cache_hits=0
SLIM_PHASE query-chunks wall=6.840 cumulative=8573.203 peak_rss_kib=67412972
SLIM_PROGRESS runs=1583415296/1859825862 resolve_wall=387.684 lce_wall=7912.330 write_wall=12.008 lf_steps=0 cache_hits=0
SLIM_PHASE query-chunks wall=7.746 cumulative=8580.949 peak_rss_kib=67417396
SLIM_PROGRESS runs=1584463872/1859825862 resolve_wall=387.947 lce_wall=7920.386 write_wall=12.016 lf_steps=0 cache_hits=0
SLIM_PHASE query-chunks wall=8.328 cumulative=8589.277 peak_rss_kib=67429640
SLIM_PROGRESS runs=1585512448/1859825862 resolve_wall=388.226 lce_wall=7929.650 write_wall=12.070 lf_steps=0 cache_hits=0
SLIM_PHASE query-chunks wall=9.597 cumulative=8598.874 peak_rss_kib=67435964
SLIM_PROGRESS runs=1586561024/1859825862 resolve_wall=388.440 lce_wall=7937.860 write_wall=12.088 lf_steps=0 cache_hits=0
SLIM_PHASE query-chunks wall=8.442 cumulative=8607.316 peak_rss_kib=67449012
SLIM_PROGRESS runs=1587609600/1859825862 resolve_wall=388.659 lce_wall=7945.532 write_wall=12.101 lf_steps=0 cache_hits=0
SLIM_PHASE query-chunks wall=7.904 cumulative=8615.220 peak_rss_kib=67460176
SLIM_PROGRESS runs=1588658176/1859825862 resolve_wall=388.877 lce_wall=7952.984 write_wall=12.123 lf_steps=0 cache_hits=0
SLIM_PHASE query-chunks wall=7.692 cumulative=8622.912 peak_rss_kib=67468880
SLIM_PROGRESS runs=1589706752/1859825862 resolve_wall=389.197 lce_wall=7960.374 write_wall=12.135 lf_steps=0 cache_hits=0
SLIM_PHASE query-chunks wall=7.722 cumulative=8630.634 peak_rss_kib=67481892
SLIM_PROGRESS runs=1590755328/1859825862 resolve_wall=389.485 lce_wall=7968.800 write_wall=12.147 lf_steps=0 cache_hits=0
SLIM_PHASE query-chunks wall=8.726 cumulative=8639.360 peak_rss_kib=67484136
SLIM_PROGRESS runs=1591803904/1859825862 resolve_wall=389.735 lce_wall=7977.262 write_wall=12.157 lf_steps=0 cache_hits=0
SLIM_PHASE query-chunks wall=8.723 cumulative=8648.083 peak_rss_kib=67489124
SLIM_PROGRESS runs=1592852480/1859825862 resolve_wall=389.985 lce_wall=7984.855 write_wall=12.166 lf_steps=0 cache_hits=0
SLIM_PHASE query-chunks wall=7.852 cumulative=8655.935 peak_rss_kib=67499896
SLIM_PROGRESS runs=1593901056/1859825862 resolve_wall=390.246 lce_wall=7991.774 write_wall=12.176 lf_steps=0 cache_hits=0
SLIM_PHASE query-chunks wall=7.190 cumulative=8663.125 peak_rss_kib=67514168
SLIM_PROGRESS runs=1594949632/1859825862 resolve_wall=390.478 lce_wall=7997.990 write_wall=12.184 lf_steps=0 cache_hits=0
SLIM_PHASE query-chunks wall=6.457 cumulative=8669.581 peak_rss_kib=67521916
SLIM_PROGRESS runs=1595998208/1859825862 resolve_wall=390.702 lce_wall=8004.060 write_wall=12.192 lf_steps=0 cache_hits=0
SLIM_PHASE query-chunks wall=6.302 cumulative=8675.884 peak_rss_kib=67534480
SLIM_PROGRESS runs=1597046784/1859825862 resolve_wall=390.925 lce_wall=8009.552 write_wall=12.199 lf_steps=0 cache_hits=0
SLIM_PHASE query-chunks wall=5.722 cumulative=8681.606 peak_rss_kib=67539676
SLIM_PROGRESS runs=1598095360/1859825862 resolve_wall=391.134 lce_wall=8015.555 write_wall=12.208 lf_steps=0 cache_hits=0
SLIM_PHASE query-chunks wall=6.221 cumulative=8687.827 peak_rss_kib=67541724
SLIM_PROGRESS runs=1599143936/1859825862 resolve_wall=391.379 lce_wall=8022.024 write_wall=12.217 lf_steps=0 cache_hits=0
SLIM_PHASE query-chunks wall=6.722 cumulative=8694.550 peak_rss_kib=67544956
SLIM_PROGRESS runs=1600192512/1859825862 resolve_wall=391.644 lce_wall=8028.401 write_wall=12.225 lf_steps=0 cache_hits=0
SLIM_PHASE query-chunks wall=6.651 cumulative=8701.201 peak_rss_kib=67553708
SLIM_PROGRESS runs=1601241088/1859825862 resolve_wall=391.933 lce_wall=8035.886 write_wall=12.234 lf_steps=0 cache_hits=0
SLIM_PHASE query-chunks wall=7.783 cumulative=8708.984 peak_rss_kib=67562916
SLIM_PROGRESS runs=1602289664/1859825862 resolve_wall=392.231 lce_wall=8043.669 write_wall=12.244 lf_steps=0 cache_hits=0
SLIM_PHASE query-chunks wall=8.091 cumulative=8717.075 peak_rss_kib=67574192
SLIM_PROGRESS runs=1603338240/1859825862 resolve_wall=392.536 lce_wall=8053.028 write_wall=12.256 lf_steps=0 cache_hits=0
SLIM_PHASE query-chunks wall=9.676 cumulative=8726.751 peak_rss_kib=67580008
SLIM_PROGRESS runs=1604386816/1859825862 resolve_wall=392.804 lce_wall=8061.752 write_wall=12.267 lf_steps=0 cache_hits=0
SLIM_PHASE query-chunks wall=9.004 cumulative=8735.755 peak_rss_kib=67585096
SLIM_PROGRESS runs=1605435392/1859825862 resolve_wall=393.062 lce_wall=8070.215 write_wall=12.277 lf_steps=0 cache_hits=0
SLIM_PHASE query-chunks wall=8.731 cumulative=8744.485 peak_rss_kib=67595972
SLIM_PROGRESS runs=1606483968/1859825862 resolve_wall=393.305 lce_wall=8079.060 write_wall=12.286 lf_steps=0 cache_hits=0
SLIM_PHASE query-chunks wall=9.097 cumulative=8753.582 peak_rss_kib=67607784
SLIM_PROGRESS runs=1607532544/1859825862 resolve_wall=393.558 lce_wall=8086.921 write_wall=12.295 lf_steps=0 cache_hits=0
SLIM_PHASE query-chunks wall=8.124 cumulative=8761.706 peak_rss_kib=67616228
SLIM_PROGRESS runs=1608581120/1859825862 resolve_wall=393.786 lce_wall=8093.708 write_wall=12.303 lf_steps=0 cache_hits=0
SLIM_PHASE query-chunks wall=7.023 cumulative=8768.729 peak_rss_kib=67627172
SLIM_PROGRESS runs=1609629696/1859825862 resolve_wall=394.034 lce_wall=8100.831 write_wall=12.311 lf_steps=0 cache_hits=0
SLIM_PHASE query-chunks wall=7.379 cumulative=8776.108 peak_rss_kib=67640452
SLIM_PROGRESS runs=1610678272/1859825862 resolve_wall=394.306 lce_wall=8107.989 write_wall=12.320 lf_steps=0 cache_hits=0
SLIM_PHASE query-chunks wall=7.439 cumulative=8783.547 peak_rss_kib=67648960
SLIM_PROGRESS runs=1611726848/1859825862 resolve_wall=394.570 lce_wall=8115.020 write_wall=12.329 lf_steps=0 cache_hits=0
SLIM_PHASE query-chunks wall=7.304 cumulative=8790.851 peak_rss_kib=67662344
SLIM_PROGRESS runs=1612775424/1859825862 resolve_wall=394.809 lce_wall=8122.718 write_wall=12.338 lf_steps=0 cache_hits=0
SLIM_PHASE query-chunks wall=7.947 cumulative=8798.798 peak_rss_kib=67669144
SLIM_PROGRESS runs=1613824000/1859825862 resolve_wall=395.060 lce_wall=8128.989 write_wall=12.346 lf_steps=0 cache_hits=0
SLIM_PHASE query-chunks wall=6.529 cumulative=8805.328 peak_rss_kib=67671212
SLIM_PROGRESS runs=1614872576/1859825862 resolve_wall=395.313 lce_wall=8134.953 write_wall=12.354 lf_steps=0 cache_hits=0
SLIM_PHASE query-chunks wall=6.226 cumulative=8811.554 peak_rss_kib=67673212
SLIM_PROGRESS runs=1615921152/1859825862 resolve_wall=395.561 lce_wall=8140.476 write_wall=12.362 lf_steps=0 cache_hits=0
SLIM_PHASE query-chunks wall=5.778 cumulative=8817.332 peak_rss_kib=67682820
SLIM_PROGRESS runs=1616969728/1859825862 resolve_wall=395.798 lce_wall=8145.333 write_wall=12.369 lf_steps=0 cache_hits=0
SLIM_PHASE query-chunks wall=5.101 cumulative=8822.433 peak_rss_kib=67697420
SLIM_PROGRESS runs=1618018304/1859825862 resolve_wall=396.052 lce_wall=8150.026 write_wall=12.376 lf_steps=0 cache_hits=0
SLIM_PHASE query-chunks wall=4.955 cumulative=8827.388 peak_rss_kib=67708352
SLIM_PROGRESS runs=1619066880/1859825862 resolve_wall=396.300 lce_wall=8154.631 write_wall=12.383 lf_steps=0 cache_hits=0
SLIM_PHASE query-chunks wall=4.860 cumulative=8832.248 peak_rss_kib=67708960
SLIM_PROGRESS runs=1620115456/1859825862 resolve_wall=396.542 lce_wall=8159.253 write_wall=12.390 lf_steps=0 cache_hits=0
SLIM_PHASE query-chunks wall=4.871 cumulative=8837.119 peak_rss_kib=67719612
SLIM_PROGRESS runs=1621164032/1859825862 resolve_wall=396.788 lce_wall=8163.832 write_wall=12.398 lf_steps=0 cache_hits=0
SLIM_PHASE query-chunks wall=4.832 cumulative=8841.952 peak_rss_kib=67732220
SLIM_PROGRESS runs=1622212608/1859825862 resolve_wall=397.028 lce_wall=8168.448 write_wall=12.405 lf_steps=0 cache_hits=0
SLIM_PHASE query-chunks wall=4.862 cumulative=8846.814 peak_rss_kib=67751344
SLIM_PROGRESS runs=1623261184/1859825862 resolve_wall=397.285 lce_wall=8173.205 write_wall=12.412 lf_steps=0 cache_hits=0
SLIM_PHASE query-chunks wall=5.021 cumulative=8851.835 peak_rss_kib=67758000
SLIM_PROGRESS runs=1624309760/1859825862 resolve_wall=397.540 lce_wall=8177.926 write_wall=12.419 lf_steps=0 cache_hits=0
SLIM_PHASE query-chunks wall=4.985 cumulative=8856.820 peak_rss_kib=67766800
SLIM_PROGRESS runs=1625358336/1859825862 resolve_wall=397.787 lce_wall=8182.741 write_wall=12.426 lf_steps=0 cache_hits=0
SLIM_PHASE query-chunks wall=5.068 cumulative=8861.889 peak_rss_kib=67773456
SLIM_PROGRESS runs=1626406912/1859825862 resolve_wall=398.045 lce_wall=8187.533 write_wall=12.433 lf_steps=0 cache_hits=0
SLIM_PHASE query-chunks wall=5.058 cumulative=8866.947 peak_rss_kib=67786160
SLIM_PROGRESS runs=1627455488/1859825862 resolve_wall=398.279 lce_wall=8192.341 write_wall=12.441 lf_steps=0 cache_hits=0
SLIM_PHASE query-chunks wall=5.050 cumulative=8871.997 peak_rss_kib=67797528
SLIM_PROGRESS runs=1628504064/1859825862 resolve_wall=398.539 lce_wall=8196.987 write_wall=12.448 lf_steps=0 cache_hits=0
SLIM_PHASE query-chunks wall=4.913 cumulative=8876.910 peak_rss_kib=67811936
SLIM_PROGRESS runs=1629552640/1859825862 resolve_wall=398.784 lce_wall=8201.554 write_wall=12.455 lf_steps=0 cache_hits=0
SLIM_PHASE query-chunks wall=4.818 cumulative=8881.728 peak_rss_kib=67818344
SLIM_PROGRESS runs=1630601216/1859825862 resolve_wall=399.038 lce_wall=8206.117 write_wall=12.462 lf_steps=0 cache_hits=0
SLIM_PHASE query-chunks wall=4.824 cumulative=8886.552 peak_rss_kib=67821736
SLIM_PROGRESS runs=1631649792/1859825862 resolve_wall=399.292 lce_wall=8210.689 write_wall=12.469 lf_steps=0 cache_hits=0
SLIM_PHASE query-chunks wall=4.834 cumulative=8891.386 peak_rss_kib=67836124
SLIM_PROGRESS runs=1632698368/1859825862 resolve_wall=399.536 lce_wall=8215.628 write_wall=12.476 lf_steps=0 cache_hits=0
SLIM_PHASE query-chunks wall=5.190 cumulative=8896.576 peak_rss_kib=67840940
SLIM_PROGRESS runs=1633746944/1859825862 resolve_wall=399.792 lce_wall=8220.505 write_wall=12.483 lf_steps=0 cache_hits=0
SLIM_PHASE query-chunks wall=5.140 cumulative=8901.716 peak_rss_kib=67847500
SLIM_PROGRESS runs=1634795520/1859825862 resolve_wall=400.042 lce_wall=8225.254 write_wall=12.491 lf_steps=0 cache_hits=0
SLIM_PHASE query-chunks wall=5.006 cumulative=8906.722 peak_rss_kib=67866444
SLIM_PROGRESS runs=1635844096/1859825862 resolve_wall=400.277 lce_wall=8230.041 write_wall=12.498 lf_steps=0 cache_hits=0
SLIM_PHASE query-chunks wall=5.030 cumulative=8911.752 peak_rss_kib=67879148
SLIM_PROGRESS runs=1636892672/1859825862 resolve_wall=400.515 lce_wall=8234.721 write_wall=12.505 lf_steps=0 cache_hits=0
SLIM_PHASE query-chunks wall=4.925 cumulative=8916.677 peak_rss_kib=67896044
SLIM_PROGRESS runs=1637941248/1859825862 resolve_wall=400.733 lce_wall=8239.321 write_wall=12.512 lf_steps=0 cache_hits=0
SLIM_PHASE query-chunks wall=4.826 cumulative=8921.503 peak_rss_kib=67903084
SLIM_PROGRESS runs=1638989824/1859825862 resolve_wall=400.947 lce_wall=8243.963 write_wall=12.519 lf_steps=0 cache_hits=0
SLIM_PHASE query-chunks wall=4.862 cumulative=8926.366 peak_rss_kib=67911308
SLIM_PROGRESS runs=1640038400/1859825862 resolve_wall=401.157 lce_wall=8248.539 write_wall=12.526 lf_steps=0 cache_hits=0
SLIM_PHASE query-chunks wall=4.794 cumulative=8931.160 peak_rss_kib=67914828
SLIM_PROGRESS runs=1641086976/1859825862 resolve_wall=401.383 lce_wall=8253.038 write_wall=12.534 lf_steps=0 cache_hits=0
SLIM_PHASE query-chunks wall=4.732 cumulative=8935.891 peak_rss_kib=67924716
SLIM_PROGRESS runs=1642135552/1859825862 resolve_wall=401.598 lce_wall=8257.765 write_wall=12.541 lf_steps=0 cache_hits=0
SLIM_PHASE query-chunks wall=4.950 cumulative=8940.841 peak_rss_kib=67943756
SLIM_PROGRESS runs=1643184128/1859825862 resolve_wall=401.823 lce_wall=8262.561 write_wall=12.548 lf_steps=0 cache_hits=0
SLIM_PHASE query-chunks wall=5.028 cumulative=8945.870 peak_rss_kib=67948152
SLIM_PROGRESS runs=1644232704/1859825862 resolve_wall=402.072 lce_wall=8267.422 write_wall=12.556 lf_steps=0 cache_hits=0
SLIM_PHASE query-chunks wall=5.117 cumulative=8950.986 peak_rss_kib=67965024
SLIM_PROGRESS runs=1645281280/1859825862 resolve_wall=402.325 lce_wall=8272.258 write_wall=12.563 lf_steps=0 cache_hits=0
SLIM_PHASE query-chunks wall=5.097 cumulative=8956.084 peak_rss_kib=67977088
SLIM_PROGRESS runs=1646329856/1859825862 resolve_wall=402.586 lce_wall=8276.935 write_wall=12.570 lf_steps=0 cache_hits=0
SLIM_PHASE query-chunks wall=4.946 cumulative=8961.030 peak_rss_kib=67983984
SLIM_PROGRESS runs=1647378432/1859825862 resolve_wall=402.847 lce_wall=8281.551 write_wall=12.578 lf_steps=0 cache_hits=0
SLIM_PHASE query-chunks wall=4.884 cumulative=8965.914 peak_rss_kib=67996544
SLIM_PROGRESS runs=1648427008/1859825862 resolve_wall=403.066 lce_wall=8286.279 write_wall=12.585 lf_steps=0 cache_hits=0
SLIM_PHASE query-chunks wall=4.954 cumulative=8970.868 peak_rss_kib=68003584
SLIM_PROGRESS runs=1649475584/1859825862 resolve_wall=403.309 lce_wall=8290.949 write_wall=12.592 lf_steps=0 cache_hits=0
SLIM_PHASE query-chunks wall=4.921 cumulative=8975.789 peak_rss_kib=68011904
SLIM_PROGRESS runs=1650524160/1859825862 resolve_wall=403.562 lce_wall=8295.805 write_wall=12.599 lf_steps=0 cache_hits=0
SLIM_PHASE query-chunks wall=5.115 cumulative=8980.905 peak_rss_kib=68021660
SLIM_PROGRESS runs=1651572736/1859825862 resolve_wall=403.803 lce_wall=8300.394 write_wall=12.606 lf_steps=0 cache_hits=0
SLIM_PHASE query-chunks wall=4.837 cumulative=8985.742 peak_rss_kib=68028124
SLIM_PROGRESS runs=1652621312/1859825862 resolve_wall=403.984 lce_wall=8305.102 write_wall=12.613 lf_steps=0 cache_hits=0
SLIM_PHASE query-chunks wall=4.896 cumulative=8990.638 peak_rss_kib=68048828
SLIM_PROGRESS runs=1653669888/1859825862 resolve_wall=404.192 lce_wall=8310.084 write_wall=12.620 lf_steps=0 cache_hits=0
SLIM_PHASE query-chunks wall=5.197 cumulative=8995.835 peak_rss_kib=68058060
SLIM_PROGRESS runs=1654718464/1859825862 resolve_wall=404.373 lce_wall=8315.165 write_wall=12.627 lf_steps=0 cache_hits=0
SLIM_PHASE query-chunks wall=5.270 cumulative=9001.104 peak_rss_kib=68067340
SLIM_PROGRESS runs=1655767040/1859825862 resolve_wall=404.560 lce_wall=8320.243 write_wall=12.634 lf_steps=0 cache_hits=0
SLIM_PHASE query-chunks wall=5.272 cumulative=9006.376 peak_rss_kib=68079996
SLIM_PROGRESS runs=1656815616/1859825862 resolve_wall=404.756 lce_wall=8325.434 write_wall=12.641 lf_steps=0 cache_hits=0
SLIM_PHASE query-chunks wall=5.395 cumulative=9011.771 peak_rss_kib=68094652
SLIM_PROGRESS runs=1657864192/1859825862 resolve_wall=404.981 lce_wall=8330.400 write_wall=12.648 lf_steps=0 cache_hits=0
SLIM_PHASE query-chunks wall=5.198 cumulative=9016.970 peak_rss_kib=68098172
SLIM_PROGRESS runs=1658912768/1859825862 resolve_wall=405.195 lce_wall=8335.341 write_wall=12.656 lf_steps=0 cache_hits=0
SLIM_PHASE query-chunks wall=5.162 cumulative=9022.132 peak_rss_kib=68102952
SLIM_PROGRESS runs=1659961344/1859825862 resolve_wall=405.428 lce_wall=8340.511 write_wall=12.663 lf_steps=0 cache_hits=0
SLIM_PHASE query-chunks wall=5.412 cumulative=9027.543 peak_rss_kib=68113580
SLIM_PROGRESS runs=1661009920/1859825862 resolve_wall=405.693 lce_wall=8345.959 write_wall=12.671 lf_steps=0 cache_hits=0
SLIM_PHASE query-chunks wall=5.720 cumulative=9033.263 peak_rss_kib=68124468
SLIM_PROGRESS runs=1662058496/1859825862 resolve_wall=405.925 lce_wall=8351.274 write_wall=12.678 lf_steps=0 cache_hits=0
SLIM_PHASE query-chunks wall=5.554 cumulative=9038.817 peak_rss_kib=68133460
SLIM_PROGRESS runs=1663107072/1859825862 resolve_wall=406.156 lce_wall=8356.828 write_wall=12.685 lf_steps=0 cache_hits=0
SLIM_PHASE query-chunks wall=5.793 cumulative=9044.610 peak_rss_kib=68139732
SLIM_PROGRESS runs=1664155648/1859825862 resolve_wall=406.382 lce_wall=8362.286 write_wall=12.693 lf_steps=0 cache_hits=0
SLIM_PHASE query-chunks wall=5.692 cumulative=9050.302 peak_rss_kib=68144464
SLIM_PROGRESS runs=1665204224/1859825862 resolve_wall=406.617 lce_wall=8367.584 write_wall=12.701 lf_steps=0 cache_hits=0
SLIM_PHASE query-chunks wall=5.541 cumulative=9055.842 peak_rss_kib=68164876
SLIM_PROGRESS runs=1666252800/1859825862 resolve_wall=406.824 lce_wall=8373.329 write_wall=12.708 lf_steps=0 cache_hits=0
SLIM_PHASE query-chunks wall=5.960 cumulative=9061.803 peak_rss_kib=68183956
SLIM_PROGRESS runs=1667301376/1859825862 resolve_wall=407.042 lce_wall=8379.443 write_wall=12.716 lf_steps=0 cache_hits=0
SLIM_PHASE query-chunks wall=6.339 cumulative=9068.142 peak_rss_kib=68186784
SLIM_PROGRESS runs=1668349952/1859825862 resolve_wall=407.275 lce_wall=8385.040 write_wall=12.723 lf_steps=0 cache_hits=0
SLIM_PHASE query-chunks wall=5.838 cumulative=9073.980 peak_rss_kib=68193400
SLIM_PROGRESS runs=1669398528/1859825862 resolve_wall=407.488 lce_wall=8390.455 write_wall=12.730 lf_steps=0 cache_hits=0
SLIM_PHASE query-chunks wall=5.635 cumulative=9079.615 peak_rss_kib=68196152
SLIM_PROGRESS runs=1670447104/1859825862 resolve_wall=407.717 lce_wall=8395.563 write_wall=12.737 lf_steps=0 cache_hits=0
SLIM_PHASE query-chunks wall=5.345 cumulative=9084.960 peak_rss_kib=68206088
SLIM_PROGRESS runs=1671495680/1859825862 resolve_wall=407.964 lce_wall=8400.594 write_wall=12.745 lf_steps=0 cache_hits=0
SLIM_PHASE query-chunks wall=5.285 cumulative=9090.245 peak_rss_kib=68210648
SLIM_PROGRESS runs=1672544256/1859825862 resolve_wall=408.183 lce_wall=8405.330 write_wall=12.752 lf_steps=0 cache_hits=0
SLIM_PHASE query-chunks wall=4.962 cumulative=9095.207 peak_rss_kib=68223264
SLIM_PROGRESS runs=1673592832/1859825862 resolve_wall=408.429 lce_wall=8410.085 write_wall=12.759 lf_steps=0 cache_hits=0
SLIM_PHASE query-chunks wall=5.009 cumulative=9100.216 peak_rss_kib=68224544
SLIM_PROGRESS runs=1674641408/1859825862 resolve_wall=408.676 lce_wall=8414.998 write_wall=12.766 lf_steps=0 cache_hits=0
SLIM_PHASE query-chunks wall=5.167 cumulative=9105.383 peak_rss_kib=68228864
SLIM_PROGRESS runs=1675689984/1859825862 resolve_wall=408.911 lce_wall=8419.843 write_wall=12.774 lf_steps=0 cache_hits=0
SLIM_PHASE query-chunks wall=5.087 cumulative=9110.470 peak_rss_kib=68239616
SLIM_PROGRESS runs=1676738560/1859825862 resolve_wall=409.157 lce_wall=8424.568 write_wall=12.781 lf_steps=0 cache_hits=0
SLIM_PHASE query-chunks wall=4.978 cumulative=9115.448 peak_rss_kib=68252300
SLIM_PROGRESS runs=1677787136/1859825862 resolve_wall=409.409 lce_wall=8429.155 write_wall=12.788 lf_steps=0 cache_hits=0
SLIM_PHASE query-chunks wall=4.847 cumulative=9120.295 peak_rss_kib=68259424
SLIM_PROGRESS runs=1678835712/1859825862 resolve_wall=409.676 lce_wall=8433.825 write_wall=12.795 lf_steps=0 cache_hits=0
SLIM_PHASE query-chunks wall=4.944 cumulative=9125.239 peak_rss_kib=68265772
SLIM_PROGRESS runs=1679884288/1859825862 resolve_wall=409.902 lce_wall=8438.453 write_wall=12.802 lf_steps=0 cache_hits=0
SLIM_PHASE query-chunks wall=4.861 cumulative=9130.100 peak_rss_kib=68284620
SLIM_PROGRESS runs=1680932864/1859825862 resolve_wall=410.106 lce_wall=8443.288 write_wall=12.809 lf_steps=0 cache_hits=0
SLIM_PHASE query-chunks wall=5.046 cumulative=9135.146 peak_rss_kib=68291276
SLIM_PROGRESS runs=1681981440/1859825862 resolve_wall=410.331 lce_wall=8447.874 write_wall=12.816 lf_steps=0 cache_hits=0
SLIM_PHASE query-chunks wall=4.818 cumulative=9139.964 peak_rss_kib=68308268
SLIM_PROGRESS runs=1683030016/1859825862 resolve_wall=410.561 lce_wall=8452.427 write_wall=12.823 lf_steps=0 cache_hits=0
SLIM_PHASE query-chunks wall=4.791 cumulative=9144.755 peak_rss_kib=68315244
SLIM_PROGRESS runs=1684078592/1859825862 resolve_wall=410.782 lce_wall=8458.005 write_wall=12.831 lf_steps=0 cache_hits=0
SLIM_PHASE query-chunks wall=5.807 cumulative=9150.562 peak_rss_kib=68319948
SLIM_PROGRESS runs=1685127168/1859825862 resolve_wall=411.020 lce_wall=8463.255 write_wall=12.838 lf_steps=0 cache_hits=0
SLIM_PHASE query-chunks wall=5.495 cumulative=9156.057 peak_rss_kib=68332368
SLIM_PROGRESS runs=1686175744/1859825862 resolve_wall=411.241 lce_wall=8468.518 write_wall=12.845 lf_steps=0 cache_hits=0
SLIM_PHASE query-chunks wall=5.491 cumulative=9161.549 peak_rss_kib=68335088
SLIM_PROGRESS runs=1687224320/1859825862 resolve_wall=411.477 lce_wall=8473.901 write_wall=12.853 lf_steps=0 cache_hits=0
SLIM_PHASE query-chunks wall=5.627 cumulative=9167.175 peak_rss_kib=68347696
SLIM_PROGRESS runs=1688272896/1859825862 resolve_wall=411.710 lce_wall=8479.203 write_wall=12.861 lf_steps=0 cache_hits=0
SLIM_PHASE query-chunks wall=5.544 cumulative=9172.719 peak_rss_kib=68356688
SLIM_PROGRESS runs=1689321472/1859825862 resolve_wall=411.915 lce_wall=8484.215 write_wall=12.868 lf_steps=0 cache_hits=0
SLIM_PHASE query-chunks wall=5.225 cumulative=9177.944 peak_rss_kib=68357680
SLIM_PROGRESS runs=1690370048/1859825862 resolve_wall=412.134 lce_wall=8489.499 write_wall=12.875 lf_steps=0 cache_hits=0
SLIM_PHASE query-chunks wall=5.510 cumulative=9183.454 peak_rss_kib=68370160
SLIM_PROGRESS runs=1691418624/1859825862 resolve_wall=412.384 lce_wall=8494.579 write_wall=12.883 lf_steps=0 cache_hits=0
SLIM_PHASE query-chunks wall=5.338 cumulative=9188.791 peak_rss_kib=68374680
SLIM_PROGRESS runs=1692467200/1859825862 resolve_wall=412.632 lce_wall=8500.943 write_wall=12.892 lf_steps=0 cache_hits=0
SLIM_PHASE query-chunks wall=6.621 cumulative=9195.412 peak_rss_kib=68389384
SLIM_PROGRESS runs=1693515776/1859825862 resolve_wall=412.858 lce_wall=8507.470 write_wall=12.900 lf_steps=0 cache_hits=0
SLIM_PHASE query-chunks wall=6.762 cumulative=9202.174 peak_rss_kib=68394000
SLIM_PROGRESS runs=1694564352/1859825862 resolve_wall=413.133 lce_wall=8514.311 write_wall=12.908 lf_steps=0 cache_hits=0
SLIM_PHASE query-chunks wall=7.125 cumulative=9209.299 peak_rss_kib=68403232
SLIM_PROGRESS runs=1695612928/1859825862 resolve_wall=413.385 lce_wall=8521.237 write_wall=12.917 lf_steps=0 cache_hits=0
SLIM_PHASE query-chunks wall=7.187 cumulative=9216.486 peak_rss_kib=68409828
SLIM_PROGRESS runs=1696661504/1859825862 resolve_wall=413.636 lce_wall=8527.958 write_wall=12.925 lf_steps=0 cache_hits=0
SLIM_PHASE query-chunks wall=6.980 cumulative=9223.466 peak_rss_kib=68419988
SLIM_PROGRESS runs=1697710080/1859825862 resolve_wall=413.876 lce_wall=8535.103 write_wall=12.934 lf_steps=0 cache_hits=0
SLIM_PHASE query-chunks wall=7.394 cumulative=9230.860 peak_rss_kib=68427900
SLIM_PROGRESS runs=1698758656/1859825862 resolve_wall=414.095 lce_wall=8542.146 write_wall=12.946 lf_steps=0 cache_hits=0
SLIM_PHASE query-chunks wall=7.274 cumulative=9238.134 peak_rss_kib=68430716
SLIM_PROGRESS runs=1699807232/1859825862 resolve_wall=414.297 lce_wall=8549.016 write_wall=12.956 lf_steps=0 cache_hits=0
SLIM_PHASE query-chunks wall=7.082 cumulative=9245.216 peak_rss_kib=68439328
SLIM_PROGRESS runs=1700855808/1859825862 resolve_wall=414.516 lce_wall=8554.672 write_wall=12.964 lf_steps=0 cache_hits=0
SLIM_PHASE query-chunks wall=5.883 cumulative=9251.098 peak_rss_kib=68442544
SLIM_PROGRESS runs=1701904384/1859825862 resolve_wall=414.750 lce_wall=8560.041 write_wall=12.971 lf_steps=0 cache_hits=0
SLIM_PHASE query-chunks wall=5.611 cumulative=9256.709 peak_rss_kib=68452688
SLIM_PROGRESS runs=1702952960/1859825862 resolve_wall=414.950 lce_wall=8565.480 write_wall=12.979 lf_steps=0 cache_hits=0
SLIM_PHASE query-chunks wall=5.647 cumulative=9262.356 peak_rss_kib=68461520
SLIM_PROGRESS runs=1704001536/1859825862 resolve_wall=415.161 lce_wall=8570.741 write_wall=12.987 lf_steps=0 cache_hits=0
SLIM_PHASE query-chunks wall=5.481 cumulative=9267.837 peak_rss_kib=68464556
SLIM_PROGRESS runs=1705050112/1859825862 resolve_wall=415.347 lce_wall=8576.146 write_wall=12.995 lf_steps=0 cache_hits=0
SLIM_PHASE query-chunks wall=5.599 cumulative=9273.435 peak_rss_kib=68479248
SLIM_PROGRESS runs=1706098688/1859825862 resolve_wall=415.552 lce_wall=8581.918 write_wall=13.003 lf_steps=0 cache_hits=0
SLIM_PHASE query-chunks wall=5.985 cumulative=9279.420 peak_rss_kib=68490160
SLIM_PROGRESS runs=1707147264/1859825862 resolve_wall=415.756 lce_wall=8587.710 write_wall=13.011 lf_steps=0 cache_hits=0
SLIM_PHASE query-chunks wall=6.005 cumulative=9285.426 peak_rss_kib=68502832
SLIM_PROGRESS runs=1708195840/1859825862 resolve_wall=415.999 lce_wall=8594.542 write_wall=13.019 lf_steps=0 cache_hits=0
SLIM_PHASE query-chunks wall=7.083 cumulative=9292.508 peak_rss_kib=68515800
SLIM_PROGRESS runs=1709244416/1859825862 resolve_wall=416.224 lce_wall=8601.835 write_wall=13.029 lf_steps=0 cache_hits=0
SLIM_PHASE query-chunks wall=7.527 cumulative=9300.035 peak_rss_kib=68520548
SLIM_PROGRESS runs=1710292992/1859825862 resolve_wall=416.477 lce_wall=8609.070 write_wall=13.037 lf_steps=0 cache_hits=0
SLIM_PHASE query-chunks wall=7.498 cumulative=9307.533 peak_rss_kib=68525904
SLIM_PROGRESS runs=1711341568/1859825862 resolve_wall=416.729 lce_wall=8616.883 write_wall=13.046 lf_steps=0 cache_hits=0
SLIM_PHASE query-chunks wall=8.074 cumulative=9315.607 peak_rss_kib=68536504
SLIM_PROGRESS runs=1712390144/1859825862 resolve_wall=416.976 lce_wall=8624.429 write_wall=13.055 lf_steps=0 cache_hits=0
SLIM_PHASE query-chunks wall=7.801 cumulative=9323.408 peak_rss_kib=68558160
SLIM_PROGRESS runs=1713438720/1859825862 resolve_wall=417.255 lce_wall=8631.244 write_wall=13.063 lf_steps=0 cache_hits=0
SLIM_PHASE query-chunks wall=7.104 cumulative=9330.512 peak_rss_kib=68561420
SLIM_PROGRESS runs=1714487296/1859825862 resolve_wall=417.506 lce_wall=8638.395 write_wall=13.071 lf_steps=0 cache_hits=0
SLIM_PHASE query-chunks wall=7.410 cumulative=9337.921 peak_rss_kib=68570352
SLIM_PROGRESS runs=1715535872/1859825862 resolve_wall=417.714 lce_wall=8645.498 write_wall=13.079 lf_steps=0 cache_hits=0
SLIM_PHASE query-chunks wall=7.319 cumulative=9345.241 peak_rss_kib=68579528
SLIM_PROGRESS runs=1716584448/1859825862 resolve_wall=417.976 lce_wall=8652.233 write_wall=13.088 lf_steps=0 cache_hits=0
SLIM_PHASE query-chunks wall=7.006 cumulative=9352.246 peak_rss_kib=68586000
SLIM_PROGRESS runs=1717633024/1859825862 resolve_wall=418.240 lce_wall=8659.577 write_wall=13.097 lf_steps=0 cache_hits=0
SLIM_PHASE query-chunks wall=7.618 cumulative=9359.864 peak_rss_kib=68593616
SLIM_PROGRESS runs=1718681600/1859825862 resolve_wall=418.508 lce_wall=8667.517 write_wall=13.181 lf_steps=0 cache_hits=0
SLIM_PHASE query-chunks wall=8.292 cumulative=9368.156 peak_rss_kib=68602832
SLIM_PROGRESS runs=1719730176/1859825862 resolve_wall=418.814 lce_wall=8675.028 write_wall=13.247 lf_steps=0 cache_hits=0
SLIM_PHASE query-chunks wall=7.884 cumulative=9376.040 peak_rss_kib=68616664
SLIM_PROGRESS runs=1720778752/1859825862 resolve_wall=419.110 lce_wall=8683.762 write_wall=13.289 lf_steps=0 cache_hits=0
SLIM_PHASE query-chunks wall=9.072 cumulative=9385.112 peak_rss_kib=68633340
SLIM_PROGRESS runs=1721827328/1859825862 resolve_wall=419.399 lce_wall=8692.661 write_wall=13.301 lf_steps=0 cache_hits=0
SLIM_PHASE query-chunks wall=9.200 cumulative=9394.312 peak_rss_kib=68640524
SLIM_PROGRESS runs=1722875904/1859825862 resolve_wall=419.695 lce_wall=8701.700 write_wall=13.324 lf_steps=0 cache_hits=0
SLIM_PHASE query-chunks wall=9.358 cumulative=9403.670 peak_rss_kib=68646240
SLIM_PROGRESS runs=1723924480/1859825862 resolve_wall=419.961 lce_wall=8709.896 write_wall=13.340 lf_steps=0 cache_hits=0
SLIM_PHASE query-chunks wall=8.478 cumulative=9412.148 peak_rss_kib=68666984
SLIM_PROGRESS runs=1724973056/1859825862 resolve_wall=420.214 lce_wall=8716.593 write_wall=13.350 lf_steps=0 cache_hits=0
SLIM_PHASE query-chunks wall=6.960 cumulative=9419.109 peak_rss_kib=68673768
SLIM_PROGRESS runs=1726021632/1859825862 resolve_wall=420.454 lce_wall=8722.141 write_wall=13.357 lf_steps=0 cache_hits=0
SLIM_PHASE query-chunks wall=5.795 cumulative=9424.904 peak_rss_kib=68688348
SLIM_PROGRESS runs=1727070208/1859825862 resolve_wall=420.695 lce_wall=8727.819 write_wall=13.365 lf_steps=0 cache_hits=0
SLIM_PHASE query-chunks wall=5.927 cumulative=9430.831 peak_rss_kib=68689836
SLIM_PROGRESS runs=1728118784/1859825862 resolve_wall=420.942 lce_wall=8733.435 write_wall=13.372 lf_steps=0 cache_hits=0
SLIM_PHASE query-chunks wall=5.870 cumulative=9436.701 peak_rss_kib=68702012
SLIM_PROGRESS runs=1729167360/1859825862 resolve_wall=421.179 lce_wall=8738.581 write_wall=13.380 lf_steps=0 cache_hits=0
SLIM_PHASE query-chunks wall=5.392 cumulative=9442.092 peak_rss_kib=68713960
SLIM_PROGRESS runs=1730215936/1859825862 resolve_wall=421.410 lce_wall=8743.460 write_wall=13.387 lf_steps=0 cache_hits=0
SLIM_PHASE query-chunks wall=5.117 cumulative=9447.209 peak_rss_kib=68723236
SLIM_PROGRESS runs=1731264512/1859825862 resolve_wall=421.643 lce_wall=8748.426 write_wall=13.395 lf_steps=0 cache_hits=0
SLIM_PHASE query-chunks wall=5.207 cumulative=9452.416 peak_rss_kib=68732396
SLIM_PROGRESS runs=1732313088/1859825862 resolve_wall=421.892 lce_wall=8753.511 write_wall=13.403 lf_steps=0 cache_hits=0
SLIM_PHASE query-chunks wall=5.342 cumulative=9457.758 peak_rss_kib=68735004
SLIM_PROGRESS runs=1733361664/1859825862 resolve_wall=422.120 lce_wall=8758.716 write_wall=13.410 lf_steps=0 cache_hits=0
SLIM_PHASE query-chunks wall=5.440 cumulative=9463.198 peak_rss_kib=68740924
SLIM_PROGRESS runs=1734410240/1859825862 resolve_wall=422.363 lce_wall=8763.928 write_wall=13.417 lf_steps=0 cache_hits=0
SLIM_PHASE query-chunks wall=5.463 cumulative=9468.661 peak_rss_kib=68745532
SLIM_PROGRESS runs=1735458816/1859825862 resolve_wall=422.627 lce_wall=8768.929 write_wall=13.425 lf_steps=0 cache_hits=0
SLIM_PHASE query-chunks wall=5.272 cumulative=9473.934 peak_rss_kib=68752300
SLIM_PROGRESS runs=1736507392/1859825862 resolve_wall=422.877 lce_wall=8773.682 write_wall=13.431 lf_steps=0 cache_hits=0
SLIM_PHASE query-chunks wall=5.011 cumulative=9478.944 peak_rss_kib=68761072
SLIM_PROGRESS runs=1737555968/1859825862 resolve_wall=423.125 lce_wall=8778.382 write_wall=13.439 lf_steps=0 cache_hits=0
SLIM_PHASE query-chunks wall=4.955 cumulative=9483.899 peak_rss_kib=68766160
SLIM_PROGRESS runs=1738604544/1859825862 resolve_wall=423.378 lce_wall=8783.306 write_wall=13.447 lf_steps=0 cache_hits=0
SLIM_PHASE query-chunks wall=5.186 cumulative=9489.085 peak_rss_kib=68775096
SLIM_PROGRESS runs=1739653120/1859825862 resolve_wall=423.621 lce_wall=8788.427 write_wall=13.455 lf_steps=0 cache_hits=0
SLIM_PHASE query-chunks wall=5.373 cumulative=9494.458 peak_rss_kib=68795416
SLIM_PROGRESS runs=1740701696/1859825862 resolve_wall=423.853 lce_wall=8794.095 write_wall=13.466 lf_steps=0 cache_hits=0
SLIM_PHASE query-chunks wall=5.910 cumulative=9500.368 peak_rss_kib=68806132
SLIM_PROGRESS runs=1741750272/1859825862 resolve_wall=424.082 lce_wall=8799.417 write_wall=13.476 lf_steps=0 cache_hits=0
SLIM_PHASE query-chunks wall=5.561 cumulative=9505.928 peak_rss_kib=68806132
SLIM_PROGRESS runs=1742798848/1859825862 resolve_wall=424.283 lce_wall=8804.518 write_wall=13.484 lf_steps=0 cache_hits=0
SLIM_PHASE query-chunks wall=5.311 cumulative=9511.239 peak_rss_kib=68806132
SLIM_PROGRESS runs=1743847424/1859825862 resolve_wall=424.468 lce_wall=8809.679 write_wall=13.492 lf_steps=0 cache_hits=0
SLIM_PHASE query-chunks wall=5.354 cumulative=9516.594 peak_rss_kib=68806132
SLIM_PROGRESS runs=1744896000/1859825862 resolve_wall=424.684 lce_wall=8815.234 write_wall=13.499 lf_steps=0 cache_hits=0
SLIM_PHASE query-chunks wall=5.779 cumulative=9522.372 peak_rss_kib=68806132
SLIM_PROGRESS runs=1745944576/1859825862 resolve_wall=424.896 lce_wall=8820.380 write_wall=13.507 lf_steps=0 cache_hits=0
SLIM_PHASE query-chunks wall=5.366 cumulative=9527.738 peak_rss_kib=68806132
SLIM_PROGRESS runs=1746993152/1859825862 resolve_wall=425.138 lce_wall=8825.289 write_wall=13.515 lf_steps=0 cache_hits=0
SLIM_PHASE query-chunks wall=5.158 cumulative=9532.896 peak_rss_kib=68806132
SLIM_PROGRESS runs=1748041728/1859825862 resolve_wall=425.349 lce_wall=8830.377 write_wall=13.522 lf_steps=0 cache_hits=0
SLIM_PHASE query-chunks wall=5.308 cumulative=9538.205 peak_rss_kib=68806132
SLIM_PROGRESS runs=1749090304/1859825862 resolve_wall=425.578 lce_wall=8836.319 write_wall=13.531 lf_steps=0 cache_hits=0
SLIM_PHASE query-chunks wall=6.178 cumulative=9544.383 peak_rss_kib=68806132
SLIM_PROGRESS runs=1750138880/1859825862 resolve_wall=425.785 lce_wall=8842.687 write_wall=13.539 lf_steps=0 cache_hits=0
SLIM_PHASE query-chunks wall=6.585 cumulative=9550.968 peak_rss_kib=68806132
SLIM_PROGRESS runs=1751187456/1859825862 resolve_wall=425.992 lce_wall=8848.808 write_wall=13.548 lf_steps=0 cache_hits=0
SLIM_PHASE query-chunks wall=6.336 cumulative=9557.304 peak_rss_kib=68806132
SLIM_PROGRESS runs=1752236032/1859825862 resolve_wall=426.185 lce_wall=8855.085 write_wall=13.556 lf_steps=0 cache_hits=0
SLIM_PHASE query-chunks wall=6.479 cumulative=9563.783 peak_rss_kib=68806132
SLIM_PROGRESS runs=1753284608/1859825862 resolve_wall=426.395 lce_wall=8861.002 write_wall=13.565 lf_steps=0 cache_hits=0
SLIM_PHASE query-chunks wall=6.135 cumulative=9569.918 peak_rss_kib=68806132
SLIM_PROGRESS runs=1754333184/1859825862 resolve_wall=426.606 lce_wall=8866.706 write_wall=13.573 lf_steps=0 cache_hits=0
SLIM_PHASE query-chunks wall=5.924 cumulative=9575.841 peak_rss_kib=68806132
SLIM_PROGRESS runs=1755381760/1859825862 resolve_wall=426.839 lce_wall=8872.197 write_wall=13.581 lf_steps=0 cache_hits=0
SLIM_PHASE query-chunks wall=5.732 cumulative=9581.574 peak_rss_kib=68806132
SLIM_PROGRESS runs=1756430336/1859825862 resolve_wall=427.045 lce_wall=8878.574 write_wall=13.590 lf_steps=0 cache_hits=0
SLIM_PHASE query-chunks wall=6.591 cumulative=9588.165 peak_rss_kib=68806132
SLIM_PROGRESS runs=1757478912/1859825862 resolve_wall=427.262 lce_wall=8884.591 write_wall=13.598 lf_steps=0 cache_hits=0
SLIM_PHASE query-chunks wall=6.243 cumulative=9594.408 peak_rss_kib=68806132
SLIM_PROGRESS runs=1758527488/1859825862 resolve_wall=427.471 lce_wall=8890.400 write_wall=13.608 lf_steps=0 cache_hits=0
SLIM_PHASE query-chunks wall=6.028 cumulative=9600.436 peak_rss_kib=68806132
SLIM_PROGRESS runs=1759576064/1859825862 resolve_wall=427.678 lce_wall=8896.309 write_wall=13.617 lf_steps=0 cache_hits=0
SLIM_PHASE query-chunks wall=6.125 cumulative=9606.561 peak_rss_kib=68806132
SLIM_PROGRESS runs=1760624640/1859825862 resolve_wall=427.892 lce_wall=8902.162 write_wall=13.625 lf_steps=0 cache_hits=0
SLIM_PHASE query-chunks wall=6.076 cumulative=9612.637 peak_rss_kib=68809616
SLIM_PROGRESS runs=1761673216/1859825862 resolve_wall=428.143 lce_wall=8907.972 write_wall=13.633 lf_steps=0 cache_hits=0
SLIM_PHASE query-chunks wall=6.069 cumulative=9618.706 peak_rss_kib=68818656
SLIM_PROGRESS runs=1762721792/1859825862 resolve_wall=428.379 lce_wall=8914.121 write_wall=13.642 lf_steps=0 cache_hits=0
SLIM_PHASE query-chunks wall=6.394 cumulative=9625.100 peak_rss_kib=68829420
SLIM_PROGRESS runs=1763770368/1859825862 resolve_wall=428.628 lce_wall=8920.459 write_wall=13.651 lf_steps=0 cache_hits=0
SLIM_PHASE query-chunks wall=6.596 cumulative=9631.696 peak_rss_kib=68840172
SLIM_PROGRESS runs=1764818944/1859825862 resolve_wall=428.895 lce_wall=8928.512 write_wall=13.661 lf_steps=0 cache_hits=0
SLIM_PHASE query-chunks wall=8.332 cumulative=9640.028 peak_rss_kib=68855476
SLIM_PROGRESS runs=1765867520/1859825862 resolve_wall=429.170 lce_wall=8936.063 write_wall=13.673 lf_steps=0 cache_hits=0
SLIM_PHASE query-chunks wall=7.838 cumulative=9647.866 peak_rss_kib=68860196
SLIM_PROGRESS runs=1766916096/1859825862 resolve_wall=429.454 lce_wall=8943.061 write_wall=13.685 lf_steps=0 cache_hits=0
SLIM_PHASE query-chunks wall=7.293 cumulative=9655.159 peak_rss_kib=68861860
SLIM_PROGRESS runs=1767964672/1859825862 resolve_wall=429.673 lce_wall=8949.469 write_wall=13.702 lf_steps=0 cache_hits=0
SLIM_PHASE query-chunks wall=6.644 cumulative=9661.803 peak_rss_kib=68861860
SLIM_PROGRESS runs=1769013248/1859825862 resolve_wall=429.885 lce_wall=8955.612 write_wall=13.710 lf_steps=0 cache_hits=0
SLIM_PHASE query-chunks wall=6.364 cumulative=9668.166 peak_rss_kib=68861860
SLIM_PROGRESS runs=1770061824/1859825862 resolve_wall=430.103 lce_wall=8961.487 write_wall=13.720 lf_steps=0 cache_hits=0
SLIM_PHASE query-chunks wall=6.103 cumulative=9674.270 peak_rss_kib=68861860
SLIM_PROGRESS runs=1771110400/1859825862 resolve_wall=430.303 lce_wall=8967.646 write_wall=13.729 lf_steps=0 cache_hits=0
SLIM_PHASE query-chunks wall=6.368 cumulative=9680.638 peak_rss_kib=68873180
SLIM_PROGRESS runs=1772158976/1859825862 resolve_wall=430.517 lce_wall=8974.054 write_wall=13.738 lf_steps=0 cache_hits=0
SLIM_PHASE query-chunks wall=6.632 cumulative=9687.269 peak_rss_kib=68883644
SLIM_PROGRESS runs=1773207552/1859825862 resolve_wall=430.738 lce_wall=8980.546 write_wall=13.746 lf_steps=0 cache_hits=0
SLIM_PHASE query-chunks wall=6.721 cumulative=9693.990 peak_rss_kib=68885020
SLIM_PROGRESS runs=1774256128/1859825862 resolve_wall=430.945 lce_wall=8986.163 write_wall=13.754 lf_steps=0 cache_hits=0
SLIM_PHASE query-chunks wall=5.832 cumulative=9699.822 peak_rss_kib=68895820
SLIM_PROGRESS runs=1775304704/1859825862 resolve_wall=431.170 lce_wall=8991.407 write_wall=13.762 lf_steps=0 cache_hits=0
SLIM_PHASE query-chunks wall=5.478 cumulative=9705.300 peak_rss_kib=68902416
SLIM_PROGRESS runs=1776353280/1859825862 resolve_wall=431.399 lce_wall=8996.500 write_wall=13.769 lf_steps=0 cache_hits=0
SLIM_PHASE query-chunks wall=5.329 cumulative=9710.629 peak_rss_kib=68915452
SLIM_PROGRESS runs=1777401856/1859825862 resolve_wall=431.644 lce_wall=9001.441 write_wall=13.777 lf_steps=0 cache_hits=0
SLIM_PHASE query-chunks wall=5.193 cumulative=9715.822 peak_rss_kib=68924636
SLIM_PROGRESS runs=1778450432/1859825862 resolve_wall=431.881 lce_wall=9006.571 write_wall=13.784 lf_steps=0 cache_hits=0
SLIM_PHASE query-chunks wall=5.375 cumulative=9721.197 peak_rss_kib=68927608
SLIM_PROGRESS runs=1779499008/1859825862 resolve_wall=432.128 lce_wall=9011.963 write_wall=13.792 lf_steps=0 cache_hits=0
SLIM_PHASE query-chunks wall=5.646 cumulative=9726.844 peak_rss_kib=68932420
SLIM_PROGRESS runs=1780547584/1859825862 resolve_wall=432.370 lce_wall=9017.467 write_wall=13.799 lf_steps=0 cache_hits=0
SLIM_PHASE query-chunks wall=5.755 cumulative=9732.598 peak_rss_kib=68938960
SLIM_PROGRESS runs=1781596160/1859825862 resolve_wall=432.569 lce_wall=9022.548 write_wall=13.806 lf_steps=0 cache_hits=0
SLIM_PHASE query-chunks wall=5.287 cumulative=9737.885 peak_rss_kib=68951856
SLIM_PROGRESS runs=1782644736/1859825862 resolve_wall=432.809 lce_wall=9027.131 write_wall=13.813 lf_steps=0 cache_hits=0
SLIM_PHASE query-chunks wall=4.830 cumulative=9742.715 peak_rss_kib=68962368
SLIM_PROGRESS runs=1783693312/1859825862 resolve_wall=433.047 lce_wall=9031.690 write_wall=13.821 lf_steps=0 cache_hits=0
SLIM_PHASE query-chunks wall=4.804 cumulative=9747.519 peak_rss_kib=68971696
SLIM_PROGRESS runs=1784741888/1859825862 resolve_wall=433.246 lce_wall=9036.309 write_wall=13.828 lf_steps=0 cache_hits=0
SLIM_PHASE query-chunks wall=4.826 cumulative=9752.345 peak_rss_kib=68979920
SLIM_PROGRESS runs=1785790464/1859825862 resolve_wall=433.469 lce_wall=9040.874 write_wall=13.835 lf_steps=0 cache_hits=0
SLIM_PHASE query-chunks wall=4.795 cumulative=9757.140 peak_rss_kib=68988864
SLIM_PROGRESS runs=1786839040/1859825862 resolve_wall=433.699 lce_wall=9045.356 write_wall=13.842 lf_steps=0 cache_hits=0
SLIM_PHASE query-chunks wall=4.719 cumulative=9761.859 peak_rss_kib=68990912
SLIM_PROGRESS runs=1787887616/1859825862 resolve_wall=433.932 lce_wall=9049.876 write_wall=13.849 lf_steps=0 cache_hits=0
SLIM_PHASE query-chunks wall=4.760 cumulative=9766.620 peak_rss_kib=69007740
SLIM_PROGRESS runs=1788936192/1859825862 resolve_wall=434.166 lce_wall=9054.402 write_wall=13.856 lf_steps=0 cache_hits=0
SLIM_PHASE query-chunks wall=4.767 cumulative=9771.387 peak_rss_kib=69020540
SLIM_PROGRESS runs=1789984768/1859825862 resolve_wall=434.401 lce_wall=9059.056 write_wall=13.864 lf_steps=0 cache_hits=0
SLIM_PHASE query-chunks wall=4.896 cumulative=9776.283 peak_rss_kib=69029244
SLIM_PROGRESS runs=1791033344/1859825862 resolve_wall=434.621 lce_wall=9063.587 write_wall=13.871 lf_steps=0 cache_hits=0
SLIM_PHASE query-chunks wall=4.759 cumulative=9781.042 peak_rss_kib=69036188
SLIM_PROGRESS runs=1792081920/1859825862 resolve_wall=434.836 lce_wall=9068.117 write_wall=13.877 lf_steps=0 cache_hits=0
SLIM_PHASE query-chunks wall=4.752 cumulative=9785.794 peak_rss_kib=69044780
SLIM_PROGRESS runs=1793130496/1859825862 resolve_wall=435.092 lce_wall=9072.757 write_wall=13.885 lf_steps=0 cache_hits=0
SLIM_PHASE query-chunks wall=4.904 cumulative=9790.698 peak_rss_kib=69066484
SLIM_PROGRESS runs=1794179072/1859825862 resolve_wall=435.342 lce_wall=9077.378 write_wall=13.892 lf_steps=0 cache_hits=0
SLIM_PHASE query-chunks wall=4.877 cumulative=9795.576 peak_rss_kib=69070608
SLIM_PROGRESS runs=1795227648/1859825862 resolve_wall=435.575 lce_wall=9081.952 write_wall=13.899 lf_steps=0 cache_hits=0
SLIM_PHASE query-chunks wall=4.814 cumulative=9800.390 peak_rss_kib=69085696
SLIM_PROGRESS runs=1796276224/1859825862 resolve_wall=435.812 lce_wall=9086.531 write_wall=13.906 lf_steps=0 cache_hits=0
SLIM_PHASE query-chunks wall=4.824 cumulative=9805.213 peak_rss_kib=69085968
SLIM_PROGRESS runs=1797324800/1859825862 resolve_wall=436.062 lce_wall=9091.164 write_wall=13.913 lf_steps=0 cache_hits=0
SLIM_PHASE query-chunks wall=4.890 cumulative=9810.104 peak_rss_kib=69090576
SLIM_PROGRESS runs=1798373376/1859825862 resolve_wall=436.298 lce_wall=9095.767 write_wall=13.920 lf_steps=0 cache_hits=0
SLIM_PHASE query-chunks wall=4.846 cumulative=9814.949 peak_rss_kib=69101424
SLIM_PROGRESS runs=1799421952/1859825862 resolve_wall=436.478 lce_wall=9100.848 write_wall=13.928 lf_steps=0 cache_hits=0
SLIM_PHASE query-chunks wall=5.269 cumulative=9820.218 peak_rss_kib=69108464
SLIM_PROGRESS runs=1800470528/1859825862 resolve_wall=436.698 lce_wall=9106.245 write_wall=13.935 lf_steps=0 cache_hits=0
SLIM_PHASE query-chunks wall=5.624 cumulative=9825.843 peak_rss_kib=69131572
SLIM_PROGRESS runs=1801519104/1859825862 resolve_wall=436.904 lce_wall=9111.621 write_wall=13.942 lf_steps=0 cache_hits=0
SLIM_PHASE query-chunks wall=5.590 cumulative=9831.433 peak_rss_kib=69142420
SLIM_PROGRESS runs=1802567680/1859825862 resolve_wall=437.109 lce_wall=9117.042 write_wall=13.950 lf_steps=0 cache_hits=0
SLIM_PHASE query-chunks wall=5.634 cumulative=9837.066 peak_rss_kib=69145796
SLIM_PROGRESS runs=1803616256/1859825862 resolve_wall=437.322 lce_wall=9123.352 write_wall=13.958 lf_steps=0 cache_hits=0
SLIM_PHASE query-chunks wall=6.532 cumulative=9843.598 peak_rss_kib=69145796
SLIM_PROGRESS runs=1804664832/1859825862 resolve_wall=437.550 lce_wall=9129.795 write_wall=13.967 lf_steps=0 cache_hits=0
SLIM_PHASE query-chunks wall=6.679 cumulative=9850.277 peak_rss_kib=69145796
SLIM_PROGRESS runs=1805713408/1859825862 resolve_wall=437.746 lce_wall=9136.207 write_wall=13.982 lf_steps=0 cache_hits=0
SLIM_PHASE query-chunks wall=6.624 cumulative=9856.901 peak_rss_kib=69145796
SLIM_PROGRESS runs=1806761984/1859825862 resolve_wall=437.951 lce_wall=9143.269 write_wall=13.992 lf_steps=0 cache_hits=0
SLIM_PHASE query-chunks wall=7.277 cumulative=9864.177 peak_rss_kib=69145796
SLIM_PROGRESS runs=1807810560/1859825862 resolve_wall=438.172 lce_wall=9150.036 write_wall=14.001 lf_steps=0 cache_hits=0
SLIM_PHASE query-chunks wall=6.998 cumulative=9871.176 peak_rss_kib=69149188
SLIM_PROGRESS runs=1808859136/1859825862 resolve_wall=438.384 lce_wall=9156.564 write_wall=14.010 lf_steps=0 cache_hits=0
SLIM_PHASE query-chunks wall=6.749 cumulative=9877.925 peak_rss_kib=69172616
SLIM_PROGRESS runs=1809907712/1859825862 resolve_wall=438.608 lce_wall=9162.554 write_wall=14.019 lf_steps=0 cache_hits=0
SLIM_PHASE query-chunks wall=6.222 cumulative=9884.147 peak_rss_kib=69175452
SLIM_PROGRESS runs=1810956288/1859825862 resolve_wall=438.833 lce_wall=9169.106 write_wall=14.027 lf_steps=0 cache_hits=0
SLIM_PHASE query-chunks wall=6.785 cumulative=9890.932 peak_rss_kib=69194180
SLIM_PROGRESS runs=1812004864/1859825862 resolve_wall=439.077 lce_wall=9176.393 write_wall=14.036 lf_steps=0 cache_hits=0
SLIM_PHASE query-chunks wall=7.541 cumulative=9898.473 peak_rss_kib=69203204
SLIM_PROGRESS runs=1813053440/1859825862 resolve_wall=439.372 lce_wall=9183.951 write_wall=14.046 lf_steps=0 cache_hits=0
SLIM_PHASE query-chunks wall=7.863 cumulative=9906.336 peak_rss_kib=69208004
SLIM_PROGRESS runs=1814102016/1859825862 resolve_wall=439.662 lce_wall=9191.269 write_wall=14.056 lf_steps=0 cache_hits=0
SLIM_PHASE query-chunks wall=7.619 cumulative=9913.955 peak_rss_kib=69212996
SLIM_PROGRESS runs=1815150592/1859825862 resolve_wall=439.948 lce_wall=9197.929 write_wall=14.067 lf_steps=0 cache_hits=0
SLIM_PHASE query-chunks wall=6.956 cumulative=9920.911 peak_rss_kib=69217424
SLIM_PROGRESS runs=1816199168/1859825862 resolve_wall=440.213 lce_wall=9204.931 write_wall=14.077 lf_steps=0 cache_hits=0
SLIM_PHASE query-chunks wall=7.278 cumulative=9928.189 peak_rss_kib=69230344
SLIM_PROGRESS runs=1817247744/1859825862 resolve_wall=440.462 lce_wall=9211.681 write_wall=14.087 lf_steps=0 cache_hits=0
SLIM_PHASE query-chunks wall=7.009 cumulative=9935.198 peak_rss_kib=69247672
SLIM_PROGRESS runs=1818296320/1859825862 resolve_wall=440.739 lce_wall=9218.710 write_wall=14.096 lf_steps=0 cache_hits=0
SLIM_PHASE query-chunks wall=7.316 cumulative=9942.513 peak_rss_kib=69258908
SLIM_PROGRESS runs=1819344896/1859825862 resolve_wall=441.006 lce_wall=9225.650 write_wall=14.106 lf_steps=0 cache_hits=0
SLIM_PHASE query-chunks wall=7.218 cumulative=9949.731 peak_rss_kib=69271796
SLIM_PROGRESS runs=1820393472/1859825862 resolve_wall=441.275 lce_wall=9232.245 write_wall=14.116 lf_steps=0 cache_hits=0
SLIM_PHASE query-chunks wall=6.874 cumulative=9956.605 peak_rss_kib=69288580
SLIM_PROGRESS runs=1821442048/1859825862 resolve_wall=441.547 lce_wall=9238.975 write_wall=14.126 lf_steps=0 cache_hits=0
SLIM_PHASE query-chunks wall=7.012 cumulative=9963.617 peak_rss_kib=69294060
SLIM_PROGRESS runs=1822490624/1859825862 resolve_wall=441.812 lce_wall=9245.632 write_wall=14.135 lf_steps=0 cache_hits=0
SLIM_PHASE query-chunks wall=6.931 cumulative=9970.548 peak_rss_kib=69294060
SLIM_PROGRESS runs=1823539200/1859825862 resolve_wall=442.070 lce_wall=9252.229 write_wall=14.145 lf_steps=0 cache_hits=0
SLIM_PHASE query-chunks wall=6.865 cumulative=9977.413 peak_rss_kib=69302320
SLIM_PROGRESS runs=1824587776/1859825862 resolve_wall=442.321 lce_wall=9258.899 write_wall=14.153 lf_steps=0 cache_hits=0
SLIM_PHASE query-chunks wall=6.929 cumulative=9984.342 peak_rss_kib=69314004
SLIM_PROGRESS runs=1825636352/1859825862 resolve_wall=442.587 lce_wall=9265.003 write_wall=14.161 lf_steps=0 cache_hits=0
SLIM_PHASE query-chunks wall=6.379 cumulative=9990.721 peak_rss_kib=69321568
SLIM_PROGRESS runs=1826684928/1859825862 resolve_wall=442.831 lce_wall=9271.066 write_wall=14.170 lf_steps=0 cache_hits=0
SLIM_PHASE query-chunks wall=6.316 cumulative=9997.037 peak_rss_kib=69333396
SLIM_PROGRESS runs=1827733504/1859825862 resolve_wall=443.088 lce_wall=9277.186 write_wall=14.179 lf_steps=0 cache_hits=0
SLIM_PHASE query-chunks wall=6.387 cumulative=10003.424 peak_rss_kib=69341900
SLIM_PROGRESS runs=1828782080/1859825862 resolve_wall=443.307 lce_wall=9283.028 write_wall=14.188 lf_steps=0 cache_hits=0
SLIM_PHASE query-chunks wall=6.069 cumulative=10009.492 peak_rss_kib=69348440
SLIM_PROGRESS runs=1829830656/1859825862 resolve_wall=443.543 lce_wall=9288.610 write_wall=14.196 lf_steps=0 cache_hits=0
SLIM_PHASE query-chunks wall=5.827 cumulative=10015.319 peak_rss_kib=69355124
SLIM_PROGRESS runs=1830879232/1859825862 resolve_wall=443.773 lce_wall=9293.913 write_wall=14.203 lf_steps=0 cache_hits=0
SLIM_PHASE query-chunks wall=5.541 cumulative=10020.860 peak_rss_kib=69364300
SLIM_PROGRESS runs=1831927808/1859825862 resolve_wall=443.983 lce_wall=9299.174 write_wall=14.211 lf_steps=0 cache_hits=0
SLIM_PHASE query-chunks wall=5.479 cumulative=10026.339 peak_rss_kib=69372924
SLIM_PROGRESS runs=1832976384/1859825862 resolve_wall=444.228 lce_wall=9304.271 write_wall=14.219 lf_steps=0 cache_hits=0
SLIM_PHASE query-chunks wall=5.350 cumulative=10031.689 peak_rss_kib=69379692
SLIM_PROGRESS runs=1834024960/1859825862 resolve_wall=444.479 lce_wall=9309.267 write_wall=14.226 lf_steps=0 cache_hits=0
SLIM_PHASE query-chunks wall=5.254 cumulative=10036.943 peak_rss_kib=69389124
SLIM_PROGRESS runs=1835073536/1859825862 resolve_wall=444.729 lce_wall=9314.101 write_wall=14.233 lf_steps=0 cache_hits=0
SLIM_PHASE query-chunks wall=5.091 cumulative=10042.034 peak_rss_kib=69397828
SLIM_PROGRESS runs=1836122112/1859825862 resolve_wall=444.984 lce_wall=9318.905 write_wall=14.240 lf_steps=0 cache_hits=0
SLIM_PHASE query-chunks wall=5.067 cumulative=10047.101 peak_rss_kib=69408636
SLIM_PROGRESS runs=1837170688/1859825862 resolve_wall=445.227 lce_wall=9323.599 write_wall=14.247 lf_steps=0 cache_hits=0
SLIM_PHASE query-chunks wall=4.944 cumulative=10052.045 peak_rss_kib=69417244
SLIM_PROGRESS runs=1838219264/1859825862 resolve_wall=445.428 lce_wall=9328.248 write_wall=14.255 lf_steps=0 cache_hits=0
SLIM_PHASE query-chunks wall=4.858 cumulative=10056.903 peak_rss_kib=69418428
SLIM_PROGRESS runs=1839267840/1859825862 resolve_wall=445.598 lce_wall=9332.745 write_wall=14.261 lf_steps=0 cache_hits=0
SLIM_PHASE query-chunks wall=4.673 cumulative=10061.576 peak_rss_kib=69430364
SLIM_PROGRESS runs=1840316416/1859825862 resolve_wall=445.814 lce_wall=9337.334 write_wall=14.269 lf_steps=0 cache_hits=0
SLIM_PHASE query-chunks wall=4.812 cumulative=10066.389 peak_rss_kib=69445212
SLIM_PROGRESS runs=1841364992/1859825862 resolve_wall=446.008 lce_wall=9341.963 write_wall=14.276 lf_steps=0 cache_hits=0
SLIM_PHASE query-chunks wall=4.831 cumulative=10071.220 peak_rss_kib=69458396
SLIM_PROGRESS runs=1842413568/1859825862 resolve_wall=446.225 lce_wall=9346.502 write_wall=14.283 lf_steps=0 cache_hits=0
SLIM_PHASE query-chunks wall=4.762 cumulative=10075.982 peak_rss_kib=69464764
SLIM_PROGRESS runs=1843462144/1859825862 resolve_wall=446.424 lce_wall=9351.181 write_wall=14.290 lf_steps=0 cache_hits=0
SLIM_PHASE query-chunks wall=4.886 cumulative=10080.867 peak_rss_kib=69471516
SLIM_PROGRESS runs=1844510720/1859825862 resolve_wall=446.649 lce_wall=9355.805 write_wall=14.297 lf_steps=0 cache_hits=0
SLIM_PHASE query-chunks wall=4.857 cumulative=10085.724 peak_rss_kib=69478172
SLIM_PROGRESS runs=1845559296/1859825862 resolve_wall=446.884 lce_wall=9360.385 write_wall=14.304 lf_steps=0 cache_hits=0
SLIM_PHASE query-chunks wall=4.822 cumulative=10090.546 peak_rss_kib=69484636
SLIM_PROGRESS runs=1846607872/1859825862 resolve_wall=447.097 lce_wall=9365.131 write_wall=14.312 lf_steps=0 cache_hits=0
SLIM_PHASE query-chunks wall=4.967 cumulative=10095.513 peak_rss_kib=69494396
SLIM_PROGRESS runs=1847656448/1859825862 resolve_wall=447.302 lce_wall=9369.660 write_wall=14.319 lf_steps=0 cache_hits=0
SLIM_PHASE query-chunks wall=4.742 cumulative=10100.255 peak_rss_kib=69510728
SLIM_PROGRESS runs=1848705024/1859825862 resolve_wall=447.496 lce_wall=9374.377 write_wall=14.326 lf_steps=0 cache_hits=0
SLIM_PHASE query-chunks wall=4.918 cumulative=10105.172 peak_rss_kib=69519528
SLIM_PROGRESS runs=1849753600/1859825862 resolve_wall=447.688 lce_wall=9379.017 write_wall=14.334 lf_steps=0 cache_hits=0
SLIM_PHASE query-chunks wall=4.840 cumulative=10110.012 peak_rss_kib=69528232
SLIM_PROGRESS runs=1850802176/1859825862 resolve_wall=447.884 lce_wall=9383.457 write_wall=14.341 lf_steps=0 cache_hits=0
SLIM_PHASE query-chunks wall=4.644 cumulative=10114.656 peak_rss_kib=69549128
SLIM_PROGRESS runs=1851850752/1859825862 resolve_wall=448.098 lce_wall=9388.010 write_wall=14.348 lf_steps=0 cache_hits=0
SLIM_PHASE query-chunks wall=4.774 cumulative=10119.430 peak_rss_kib=69554744
SLIM_PROGRESS runs=1852899328/1859825862 resolve_wall=448.305 lce_wall=9392.516 write_wall=14.356 lf_steps=0 cache_hits=0
SLIM_PHASE query-chunks wall=4.721 cumulative=10124.150 peak_rss_kib=69564584
SLIM_PROGRESS runs=1853947904/1859825862 resolve_wall=448.487 lce_wall=9396.966 write_wall=14.363 lf_steps=0 cache_hits=0
SLIM_PHASE query-chunks wall=4.639 cumulative=10128.790 peak_rss_kib=69571240
SLIM_PROGRESS runs=1854996480/1859825862 resolve_wall=448.671 lce_wall=9401.271 write_wall=14.369 lf_steps=0 cache_hits=0
SLIM_PHASE query-chunks wall=4.496 cumulative=10133.286 peak_rss_kib=69577896
SLIM_PROGRESS runs=1856045056/1859825862 resolve_wall=448.861 lce_wall=9405.441 write_wall=14.377 lf_steps=0 cache_hits=0
SLIM_PHASE query-chunks wall=4.368 cumulative=10137.653 peak_rss_kib=69588648
SLIM_PROGRESS runs=1857093632/1859825862 resolve_wall=449.050 lce_wall=9409.263 write_wall=14.383 lf_steps=0 cache_hits=0
SLIM_PHASE query-chunks wall=4.018 cumulative=10141.672 peak_rss_kib=69595736
SLIM_PROGRESS runs=1858142208/1859825862 resolve_wall=449.275 lce_wall=9411.716 write_wall=14.390 lf_steps=0 cache_hits=0
SLIM_PHASE query-chunks wall=2.684 cumulative=10144.356 peak_rss_kib=69608972
SLIM_PROGRESS runs=1859190784/1859825862 resolve_wall=449.491 lce_wall=9413.935 write_wall=14.397 lf_steps=0 cache_hits=0
SLIM_PHASE query-chunks wall=2.443 cumulative=10146.799 peak_rss_kib=69617484
SLIM_PHASE queries+stream-write-final wall=1.501 cumulative=10148.299 peak_rss_kib=69620812
SLIM_FP parse tau=2 bytes=1334127024 queries=1180783430 verified_symbols=8332430380 hash_probes=2933233832 mean_verified=7.056696570 max_verified=11901
SLIM_FP dict tau=24 bytes=1827918248 queries=3964041909 verified_symbols=170688203099 hash_probes=15490430112 mean_verified=43.059131820 max_verified=2566352
SLIM_QUERY_PHASE resolve_wall=449.604536 resolve_peak_kib=69620812 lce_wall=9415.317302 lce_peak_kib=69620812 write_wall=14.402005 write_peak_kib=69620812
SLIM_SEEDS queries=3663877998 mean_verified_phrases=2.274210655 max_verified_phrases=11901 (includes_zero_parse_work_seeds; boundary_included)
SLIM_RESOLVE walks=0 steps=0 max=0 anchor=0 failed=0 cache_hits=0
SLIM_BOUNDARY_RESOLVE head_direct=1859825862 tail_direct=3663877990 head_lf_steps=0
