ri4: n=30151407545 k=1 R=1859825862
SLIM_PHASE ri4-load wall=17.118 cumulative=17.118 peak_rss_kib=31557632
SLIM_HEAD_SA bytes=14878606896 rows=1859825862 mmap=1
SLIM_PHASE dict-read wall=0.000 cumulative=18.207 peak_rss_kib=31557632
SLIM_PHASE dict-boundaries wall=52.627 cumulative=70.833 peak_rss_kib=31606784
SLIM_STRING_ENDS count=1 bytes=8 from_parse_dict=1 cyclic=1
SLIM_PHASE parse+boundaries wall=100.107 cumulative=170.940 peak_rss_kib=33306624
SLIM_PHASE parse-fingerprints wall=2.369 cumulative=173.309 peak_rss_kib=34609152
SLIM_PHASE dict-fingerprints wall=33.591 cumulative=206.900 peak_rss_kib=36395008
SLIM_STRUCT n=30151407555 P=333531753 D=5483754736 phrases=37705242 parse_bytes=1334127016 bd_bytes=49162474 bp_bytes=384442817 dict_resident=0 dict_cache_per_thread=262144 no_SA_ISA_LCP_RMQ=1 no_M_b_bwt_w_wt=1
SLIM_PHASE lce-build-total wall=189.893 cumulative=207.011 peak_rss_kib=36395008
SLIM_PHASE lf-build wall=40.700 cumulative=247.712 peak_rss_kib=58213880
SLIM_RI runs=9299129310 starts=14878606896 samples=8136738152 lf_capacity=23468546656
SLIM_PROGRESS runs=65536/1859825862 resolve_wall=0.020 lce_wall=0.274 write_wall=0.001 lf_steps=0 cache_hits=0
SLIM_PHASE query-chunks wall=0.294 cumulative=248.006 peak_rss_kib=58217976
SLIM_PROGRESS runs=1114112/1859825862 resolve_wall=0.326 lce_wall=4.704 write_wall=0.008 lf_steps=0 cache_hits=0
SLIM_PHASE query-chunks wall=4.744 cumulative=252.750 peak_rss_kib=58217976
SLIM_PROGRESS runs=2162688/1859825862 resolve_wall=0.631 lce_wall=9.247 write_wall=0.016 lf_steps=0 cache_hits=0
SLIM_PHASE query-chunks wall=4.856 cumulative=257.606 peak_rss_kib=58218296
SLIM_PROGRESS runs=3211264/1859825862 resolve_wall=0.929 lce_wall=13.905 write_wall=0.023 lf_steps=0 cache_hits=0
SLIM_PHASE query-chunks wall=4.964 cumulative=262.570 peak_rss_kib=58218296
SLIM_PROGRESS runs=4259840/1859825862 resolve_wall=1.206 lce_wall=18.687 write_wall=0.032 lf_steps=0 cache_hits=0
SLIM_PHASE query-chunks wall=5.068 cumulative=267.638 peak_rss_kib=58218296
SLIM_PROGRESS runs=5308416/1859825862 resolve_wall=1.473 lce_wall=23.611 write_wall=0.041 lf_steps=0 cache_hits=0
SLIM_PHASE query-chunks wall=5.201 cumulative=272.838 peak_rss_kib=58218296
SLIM_PROGRESS runs=6356992/1859825862 resolve_wall=1.744 lce_wall=28.641 write_wall=0.051 lf_steps=0 cache_hits=0
SLIM_PHASE query-chunks wall=5.311 cumulative=278.149 peak_rss_kib=58218296
SLIM_PROGRESS runs=7405568/1859825862 resolve_wall=2.022 lce_wall=33.348 write_wall=0.058 lf_steps=0 cache_hits=0
SLIM_PHASE query-chunks wall=4.993 cumulative=283.142 peak_rss_kib=58218296
SLIM_PROGRESS runs=8454144/1859825862 resolve_wall=2.303 lce_wall=38.116 write_wall=0.067 lf_steps=0 cache_hits=0
SLIM_PHASE query-chunks wall=5.057 cumulative=288.200 peak_rss_kib=58218296
SLIM_PROGRESS runs=9502720/1859825862 resolve_wall=2.580 lce_wall=42.909 write_wall=0.076 lf_steps=0 cache_hits=0
SLIM_PHASE query-chunks wall=5.080 cumulative=293.279 peak_rss_kib=58218296
SLIM_PROGRESS runs=10551296/1859825862 resolve_wall=2.862 lce_wall=47.887 write_wall=0.085 lf_steps=0 cache_hits=0
SLIM_PHASE query-chunks wall=5.269 cumulative=298.548 peak_rss_kib=58218296
SLIM_PROGRESS runs=11599872/1859825862 resolve_wall=3.183 lce_wall=52.554 write_wall=0.093 lf_steps=0 cache_hits=0
SLIM_PHASE query-chunks wall=4.997 cumulative=303.545 peak_rss_kib=58218296
SLIM_PROGRESS runs=12648448/1859825862 resolve_wall=3.518 lce_wall=57.137 write_wall=0.101 lf_steps=0 cache_hits=0
SLIM_PHASE query-chunks wall=4.925 cumulative=308.470 peak_rss_kib=58218728
SLIM_PROGRESS runs=13697024/1859825862 resolve_wall=3.851 lce_wall=61.866 write_wall=0.108 lf_steps=0 cache_hits=0
SLIM_PHASE query-chunks wall=5.070 cumulative=313.540 peak_rss_kib=58220520
SLIM_PROGRESS runs=14745600/1859825862 resolve_wall=4.176 lce_wall=66.545 write_wall=0.117 lf_steps=0 cache_hits=0
SLIM_PHASE query-chunks wall=5.012 cumulative=318.553 peak_rss_kib=58222984
SLIM_PROGRESS runs=15794176/1859825862 resolve_wall=4.459 lce_wall=71.311 write_wall=0.127 lf_steps=0 cache_hits=0
SLIM_PHASE query-chunks wall=5.060 cumulative=323.612 peak_rss_kib=58224024
SLIM_PROGRESS runs=16842752/1859825862 resolve_wall=4.745 lce_wall=75.960 write_wall=0.137 lf_steps=0 cache_hits=0
SLIM_PHASE query-chunks wall=4.944 cumulative=328.557 peak_rss_kib=58226536
SLIM_PROGRESS runs=17891328/1859825862 resolve_wall=5.038 lce_wall=80.634 write_wall=0.146 lf_steps=0 cache_hits=0
SLIM_PHASE query-chunks wall=4.977 cumulative=333.534 peak_rss_kib=58229768
SLIM_PROGRESS runs=18939904/1859825862 resolve_wall=5.361 lce_wall=85.251 write_wall=0.154 lf_steps=0 cache_hits=0
SLIM_PHASE query-chunks wall=4.948 cumulative=338.482 peak_rss_kib=58232720
SLIM_PROGRESS runs=19988480/1859825862 resolve_wall=5.671 lce_wall=89.810 write_wall=0.162 lf_steps=0 cache_hits=0
SLIM_PHASE query-chunks wall=4.877 cumulative=343.359 peak_rss_kib=58234384
SLIM_PROGRESS runs=21037056/1859825862 resolve_wall=5.970 lce_wall=94.392 write_wall=0.170 lf_steps=0 cache_hits=0
SLIM_PHASE query-chunks wall=4.889 cumulative=348.249 peak_rss_kib=58243668
SLIM_PROGRESS runs=22085632/1859825862 resolve_wall=6.275 lce_wall=99.171 write_wall=0.179 lf_steps=0 cache_hits=0
SLIM_PHASE query-chunks wall=5.092 cumulative=353.341 peak_rss_kib=58252108
SLIM_PROGRESS runs=23134208/1859825862 resolve_wall=6.590 lce_wall=104.007 write_wall=0.189 lf_steps=0 cache_hits=0
SLIM_PHASE query-chunks wall=5.161 cumulative=358.502 peak_rss_kib=58258764
SLIM_PROGRESS runs=24182784/1859825862 resolve_wall=6.901 lce_wall=108.602 write_wall=0.197 lf_steps=0 cache_hits=0
SLIM_PHASE query-chunks wall=4.915 cumulative=363.416 peak_rss_kib=58261612
SLIM_PROGRESS runs=25231360/1859825862 resolve_wall=7.214 lce_wall=113.040 write_wall=0.205 lf_steps=0 cache_hits=0
SLIM_PHASE query-chunks wall=4.759 cumulative=368.175 peak_rss_kib=58268652
SLIM_PROGRESS runs=26279936/1859825862 resolve_wall=7.527 lce_wall=117.588 write_wall=0.215 lf_steps=0 cache_hits=0
SLIM_PHASE query-chunks wall=4.871 cumulative=373.046 peak_rss_kib=58272668
SLIM_PROGRESS runs=27328512/1859825862 resolve_wall=7.840 lce_wall=122.078 write_wall=0.222 lf_steps=0 cache_hits=0
SLIM_PHASE query-chunks wall=4.811 cumulative=377.857 peak_rss_kib=58283100
SLIM_PROGRESS runs=28377088/1859825862 resolve_wall=8.149 lce_wall=126.549 write_wall=0.231 lf_steps=0 cache_hits=0
SLIM_PHASE query-chunks wall=4.789 cumulative=382.646 peak_rss_kib=58291648
SLIM_PROGRESS runs=29425664/1859825862 resolve_wall=8.456 lce_wall=131.120 write_wall=0.239 lf_steps=0 cache_hits=0
SLIM_PHASE query-chunks wall=4.887 cumulative=387.533 peak_rss_kib=58296656
SLIM_PROGRESS runs=30474240/1859825862 resolve_wall=8.765 lce_wall=135.702 write_wall=0.247 lf_steps=0 cache_hits=0
SLIM_PHASE query-chunks wall=4.899 cumulative=392.432 peak_rss_kib=58301648
SLIM_PROGRESS runs=31522816/1859825862 resolve_wall=9.067 lce_wall=140.062 write_wall=0.255 lf_steps=0 cache_hits=0
SLIM_PHASE query-chunks wall=4.670 cumulative=397.102 peak_rss_kib=58305580
SLIM_PROGRESS runs=32571392/1859825862 resolve_wall=9.375 lce_wall=144.454 write_wall=0.262 lf_steps=0 cache_hits=0
SLIM_PHASE query-chunks wall=4.708 cumulative=401.809 peak_rss_kib=58313004
SLIM_PROGRESS runs=33619968/1859825862 resolve_wall=9.676 lce_wall=148.906 write_wall=0.269 lf_steps=0 cache_hits=0
SLIM_PHASE query-chunks wall=4.760 cumulative=406.570 peak_rss_kib=58318640
SLIM_PROGRESS runs=34668544/1859825862 resolve_wall=9.975 lce_wall=153.233 write_wall=0.277 lf_steps=0 cache_hits=0
SLIM_PHASE query-chunks wall=4.634 cumulative=411.204 peak_rss_kib=58327320
SLIM_PROGRESS runs=35717120/1859825862 resolve_wall=10.276 lce_wall=157.574 write_wall=0.284 lf_steps=0 cache_hits=0
SLIM_PHASE query-chunks wall=4.650 cumulative=415.853 peak_rss_kib=58330008
SLIM_PROGRESS runs=36765696/1859825862 resolve_wall=10.570 lce_wall=161.902 write_wall=0.292 lf_steps=0 cache_hits=0
SLIM_PHASE query-chunks wall=4.630 cumulative=420.483 peak_rss_kib=58336760
SLIM_PROGRESS runs=37814272/1859825862 resolve_wall=10.875 lce_wall=166.246 write_wall=0.300 lf_steps=0 cache_hits=0
SLIM_PHASE query-chunks wall=4.656 cumulative=425.139 peak_rss_kib=58340816
SLIM_PROGRESS runs=38862848/1859825862 resolve_wall=11.174 lce_wall=170.700 write_wall=0.308 lf_steps=0 cache_hits=0
SLIM_PHASE query-chunks wall=4.762 cumulative=429.901 peak_rss_kib=58347376
SLIM_PROGRESS runs=39911424/1859825862 resolve_wall=11.470 lce_wall=175.130 write_wall=0.316 lf_steps=0 cache_hits=0
SLIM_PHASE query-chunks wall=4.734 cumulative=434.634 peak_rss_kib=58353900
SLIM_PROGRESS runs=40960000/1859825862 resolve_wall=11.772 lce_wall=179.534 write_wall=0.323 lf_steps=0 cache_hits=0
SLIM_PHASE query-chunks wall=4.715 cumulative=439.349 peak_rss_kib=58358380
SLIM_PROGRESS runs=42008576/1859825862 resolve_wall=12.079 lce_wall=184.071 write_wall=0.331 lf_steps=0 cache_hits=0
SLIM_PHASE query-chunks wall=4.851 cumulative=444.200 peak_rss_kib=58367008
SLIM_PROGRESS runs=43057152/1859825862 resolve_wall=12.381 lce_wall=188.615 write_wall=0.339 lf_steps=0 cache_hits=0
SLIM_PHASE query-chunks wall=4.855 cumulative=449.055 peak_rss_kib=58377376
SLIM_PROGRESS runs=44105728/1859825862 resolve_wall=12.684 lce_wall=193.613 write_wall=0.346 lf_steps=0 cache_hits=0
SLIM_PHASE query-chunks wall=5.308 cumulative=454.363 peak_rss_kib=58380452
SLIM_PROGRESS runs=45154304/1859825862 resolve_wall=12.987 lce_wall=198.315 write_wall=0.354 lf_steps=0 cache_hits=0
SLIM_PHASE query-chunks wall=5.013 cumulative=459.376 peak_rss_kib=58383300
SLIM_PROGRESS runs=46202880/1859825862 resolve_wall=13.293 lce_wall=203.023 write_wall=0.361 lf_steps=0 cache_hits=0
SLIM_PHASE query-chunks wall=5.022 cumulative=464.398 peak_rss_kib=58391116
SLIM_PROGRESS runs=47251456/1859825862 resolve_wall=13.599 lce_wall=207.728 write_wall=0.368 lf_steps=0 cache_hits=0
SLIM_PHASE query-chunks wall=5.019 cumulative=469.416 peak_rss_kib=58400168
SLIM_PROGRESS runs=48300032/1859825862 resolve_wall=13.899 lce_wall=212.489 write_wall=0.376 lf_steps=0 cache_hits=0
SLIM_PHASE query-chunks wall=5.068 cumulative=474.484 peak_rss_kib=58405172
SLIM_PROGRESS runs=49348608/1859825862 resolve_wall=14.201 lce_wall=217.019 write_wall=0.383 lf_steps=0 cache_hits=0
SLIM_PHASE query-chunks wall=4.840 cumulative=479.324 peak_rss_kib=58413672
SLIM_PROGRESS runs=50397184/1859825862 resolve_wall=14.502 lce_wall=221.367 write_wall=0.390 lf_steps=0 cache_hits=0
SLIM_PHASE query-chunks wall=4.656 cumulative=483.980 peak_rss_kib=58418232
SLIM_PROGRESS runs=51445760/1859825862 resolve_wall=14.808 lce_wall=226.000 write_wall=0.398 lf_steps=0 cache_hits=0
SLIM_PHASE query-chunks wall=4.947 cumulative=488.927 peak_rss_kib=58424484
SLIM_PROGRESS runs=52494336/1859825862 resolve_wall=15.106 lce_wall=230.498 write_wall=0.405 lf_steps=0 cache_hits=0
SLIM_PHASE query-chunks wall=4.804 cumulative=493.731 peak_rss_kib=58433960
SLIM_PROGRESS runs=53542912/1859825862 resolve_wall=15.404 lce_wall=234.998 write_wall=0.413 lf_steps=0 cache_hits=0
SLIM_PHASE query-chunks wall=4.806 cumulative=498.537 peak_rss_kib=58439852
SLIM_PROGRESS runs=54591488/1859825862 resolve_wall=15.708 lce_wall=239.532 write_wall=0.421 lf_steps=0 cache_hits=0
SLIM_PHASE query-chunks wall=4.845 cumulative=503.382 peak_rss_kib=58449092
SLIM_PROGRESS runs=55640064/1859825862 resolve_wall=16.021 lce_wall=244.163 write_wall=0.428 lf_steps=0 cache_hits=0
SLIM_PHASE query-chunks wall=4.952 cumulative=508.334 peak_rss_kib=58457096
SLIM_PROGRESS runs=56688640/1859825862 resolve_wall=16.322 lce_wall=248.750 write_wall=0.436 lf_steps=0 cache_hits=0
SLIM_PHASE query-chunks wall=4.895 cumulative=513.230 peak_rss_kib=58464712
SLIM_PROGRESS runs=57737216/1859825862 resolve_wall=16.621 lce_wall=253.290 write_wall=0.443 lf_steps=0 cache_hits=0
SLIM_PHASE query-chunks wall=4.846 cumulative=518.076 peak_rss_kib=58469196
SLIM_PROGRESS runs=58785792/1859825862 resolve_wall=16.909 lce_wall=257.902 write_wall=0.450 lf_steps=0 cache_hits=0
SLIM_PHASE query-chunks wall=4.908 cumulative=522.984 peak_rss_kib=58481900
SLIM_PROGRESS runs=59834368/1859825862 resolve_wall=17.194 lce_wall=262.439 write_wall=0.458 lf_steps=0 cache_hits=0
SLIM_PHASE query-chunks wall=4.830 cumulative=527.814 peak_rss_kib=58494896
SLIM_PROGRESS runs=60882944/1859825862 resolve_wall=17.484 lce_wall=267.056 write_wall=0.466 lf_steps=0 cache_hits=0
SLIM_PHASE query-chunks wall=4.915 cumulative=532.729 peak_rss_kib=58502032
SLIM_PROGRESS runs=61931520/1859825862 resolve_wall=17.784 lce_wall=271.655 write_wall=0.473 lf_steps=0 cache_hits=0
SLIM_PHASE query-chunks wall=4.906 cumulative=537.635 peak_rss_kib=58503216
SLIM_PROGRESS runs=62980096/1859825862 resolve_wall=18.092 lce_wall=276.175 write_wall=0.480 lf_steps=0 cache_hits=0
SLIM_PHASE query-chunks wall=4.836 cumulative=542.470 peak_rss_kib=58508816
SLIM_PROGRESS runs=64028672/1859825862 resolve_wall=18.405 lce_wall=280.731 write_wall=0.488 lf_steps=0 cache_hits=0
SLIM_PHASE query-chunks wall=4.877 cumulative=547.347 peak_rss_kib=58515572
SLIM_PROGRESS runs=65077248/1859825862 resolve_wall=18.711 lce_wall=285.332 write_wall=0.496 lf_steps=0 cache_hits=0
SLIM_PHASE query-chunks wall=4.915 cumulative=552.263 peak_rss_kib=58520760
SLIM_PROGRESS runs=66125824/1859825862 resolve_wall=19.022 lce_wall=289.964 write_wall=0.503 lf_steps=0 cache_hits=0
SLIM_PHASE query-chunks wall=4.951 cumulative=557.213 peak_rss_kib=58522840
SLIM_PROGRESS runs=67174400/1859825862 resolve_wall=19.337 lce_wall=294.547 write_wall=0.511 lf_steps=0 cache_hits=0
SLIM_PHASE query-chunks wall=4.905 cumulative=562.119 peak_rss_kib=58532312
SLIM_PROGRESS runs=68222976/1859825862 resolve_wall=19.652 lce_wall=299.233 write_wall=0.518 lf_steps=0 cache_hits=0
SLIM_PHASE query-chunks wall=5.009 cumulative=567.128 peak_rss_kib=58538672
SLIM_PROGRESS runs=69271552/1859825862 resolve_wall=19.960 lce_wall=303.806 write_wall=0.526 lf_steps=0 cache_hits=0
SLIM_PHASE query-chunks wall=4.889 cumulative=572.016 peak_rss_kib=58553260
SLIM_PROGRESS runs=70320128/1859825862 resolve_wall=20.265 lce_wall=308.323 write_wall=0.533 lf_steps=0 cache_hits=0
SLIM_PHASE query-chunks wall=4.829 cumulative=576.845 peak_rss_kib=58568012
SLIM_PROGRESS runs=71368704/1859825862 resolve_wall=20.566 lce_wall=312.871 write_wall=0.540 lf_steps=0 cache_hits=0
SLIM_PHASE query-chunks wall=4.857 cumulative=581.702 peak_rss_kib=58579148
SLIM_PROGRESS runs=72417280/1859825862 resolve_wall=20.879 lce_wall=317.434 write_wall=0.547 lf_steps=0 cache_hits=0
SLIM_PHASE query-chunks wall=4.883 cumulative=586.585 peak_rss_kib=58581516
SLIM_PROGRESS runs=73465856/1859825862 resolve_wall=21.179 lce_wall=322.109 write_wall=0.555 lf_steps=0 cache_hits=0
SLIM_PHASE query-chunks wall=4.983 cumulative=591.568 peak_rss_kib=58587840
SLIM_PROGRESS runs=74514432/1859825862 resolve_wall=21.480 lce_wall=326.772 write_wall=0.562 lf_steps=0 cache_hits=0
SLIM_PHASE query-chunks wall=4.971 cumulative=596.540 peak_rss_kib=58587840
SLIM_PROGRESS runs=75563008/1859825862 resolve_wall=21.790 lce_wall=331.399 write_wall=0.570 lf_steps=0 cache_hits=0
SLIM_PHASE query-chunks wall=4.944 cumulative=601.484 peak_rss_kib=58591024
SLIM_PROGRESS runs=76611584/1859825862 resolve_wall=22.084 lce_wall=336.307 write_wall=0.577 lf_steps=0 cache_hits=0
SLIM_PHASE query-chunks wall=5.210 cumulative=606.694 peak_rss_kib=58596512
SLIM_PROGRESS runs=77660160/1859825862 resolve_wall=22.388 lce_wall=341.019 write_wall=0.585 lf_steps=0 cache_hits=0
SLIM_PHASE query-chunks wall=5.024 cumulative=611.718 peak_rss_kib=58603668
SLIM_PROGRESS runs=78708736/1859825862 resolve_wall=22.681 lce_wall=345.792 write_wall=0.594 lf_steps=0 cache_hits=0
SLIM_PHASE query-chunks wall=5.074 cumulative=616.792 peak_rss_kib=58607988
SLIM_PROGRESS runs=79757312/1859825862 resolve_wall=22.977 lce_wall=350.911 write_wall=0.601 lf_steps=0 cache_hits=0
SLIM_PHASE query-chunks wall=5.423 cumulative=622.216 peak_rss_kib=58609316
SLIM_PROGRESS runs=80805888/1859825862 resolve_wall=23.276 lce_wall=356.113 write_wall=0.609 lf_steps=0 cache_hits=0
SLIM_PHASE query-chunks wall=5.508 cumulative=627.724 peak_rss_kib=58614888
SLIM_PROGRESS runs=81854464/1859825862 resolve_wall=23.556 lce_wall=361.241 write_wall=0.616 lf_steps=0 cache_hits=0
SLIM_PHASE query-chunks wall=5.417 cumulative=633.141 peak_rss_kib=58623328
SLIM_PROGRESS runs=82903040/1859825862 resolve_wall=23.835 lce_wall=366.412 write_wall=0.624 lf_steps=0 cache_hits=0
SLIM_PHASE query-chunks wall=5.457 cumulative=638.598 peak_rss_kib=58629888
SLIM_PROGRESS runs=83951616/1859825862 resolve_wall=24.118 lce_wall=371.561 write_wall=0.632 lf_steps=0 cache_hits=0
SLIM_PHASE query-chunks wall=5.439 cumulative=644.037 peak_rss_kib=58640736
SLIM_PROGRESS runs=85000192/1859825862 resolve_wall=24.414 lce_wall=376.708 write_wall=0.640 lf_steps=0 cache_hits=0
SLIM_PHASE query-chunks wall=5.452 cumulative=649.489 peak_rss_kib=58642304
SLIM_PROGRESS runs=86048768/1859825862 resolve_wall=24.702 lce_wall=382.220 write_wall=0.652 lf_steps=0 cache_hits=0
SLIM_PHASE query-chunks wall=5.813 cumulative=655.302 peak_rss_kib=58660288
SLIM_PROGRESS runs=87097344/1859825862 resolve_wall=25.003 lce_wall=387.546 write_wall=0.660 lf_steps=0 cache_hits=0
SLIM_PHASE query-chunks wall=5.634 cumulative=660.936 peak_rss_kib=58663088
SLIM_PROGRESS runs=88145920/1859825862 resolve_wall=25.272 lce_wall=393.188 write_wall=0.668 lf_steps=0 cache_hits=0
SLIM_PHASE query-chunks wall=5.919 cumulative=666.855 peak_rss_kib=58671744
SLIM_PROGRESS runs=89194496/1859825862 resolve_wall=25.561 lce_wall=398.679 write_wall=0.675 lf_steps=0 cache_hits=0
SLIM_PHASE query-chunks wall=5.788 cumulative=672.643 peak_rss_kib=58680256
SLIM_PROGRESS runs=90243072/1859825862 resolve_wall=25.855 lce_wall=403.901 write_wall=0.683 lf_steps=0 cache_hits=0
SLIM_PHASE query-chunks wall=5.524 cumulative=678.168 peak_rss_kib=58689064
SLIM_PROGRESS runs=91291648/1859825862 resolve_wall=26.154 lce_wall=409.177 write_wall=0.692 lf_steps=0 cache_hits=0
SLIM_PHASE query-chunks wall=5.584 cumulative=683.751 peak_rss_kib=58700776
SLIM_PROGRESS runs=92340224/1859825862 resolve_wall=26.445 lce_wall=414.363 write_wall=0.700 lf_steps=0 cache_hits=0
SLIM_PHASE query-chunks wall=5.484 cumulative=689.236 peak_rss_kib=58709196
SLIM_PROGRESS runs=93388800/1859825862 resolve_wall=26.741 lce_wall=419.355 write_wall=0.708 lf_steps=0 cache_hits=0
SLIM_PHASE query-chunks wall=5.297 cumulative=694.533 peak_rss_kib=58717792
SLIM_PROGRESS runs=94437376/1859825862 resolve_wall=27.049 lce_wall=424.365 write_wall=0.715 lf_steps=0 cache_hits=0
SLIM_PHASE query-chunks wall=5.325 cumulative=699.858 peak_rss_kib=58728640
SLIM_PROGRESS runs=95485952/1859825862 resolve_wall=27.353 lce_wall=429.249 write_wall=0.723 lf_steps=0 cache_hits=0
SLIM_PHASE query-chunks wall=5.197 cumulative=705.054 peak_rss_kib=58731104
SLIM_PROGRESS runs=96534528/1859825862 resolve_wall=27.677 lce_wall=434.431 write_wall=0.730 lf_steps=0 cache_hits=0
SLIM_PHASE query-chunks wall=5.513 cumulative=710.568 peak_rss_kib=58737528
SLIM_PROGRESS runs=97583104/1859825862 resolve_wall=27.985 lce_wall=438.900 write_wall=0.737 lf_steps=0 cache_hits=0
SLIM_PHASE query-chunks wall=4.784 cumulative=715.351 peak_rss_kib=58749936
SLIM_PROGRESS runs=98631680/1859825862 resolve_wall=28.290 lce_wall=443.476 write_wall=0.745 lf_steps=0 cache_hits=0
SLIM_PHASE query-chunks wall=4.890 cumulative=720.241 peak_rss_kib=58756968
SLIM_PROGRESS runs=99680256/1859825862 resolve_wall=28.600 lce_wall=448.355 write_wall=0.753 lf_steps=0 cache_hits=0
SLIM_PHASE query-chunks wall=5.197 cumulative=725.438 peak_rss_kib=58773768
SLIM_PROGRESS runs=100728832/1859825862 resolve_wall=28.902 lce_wall=452.893 write_wall=0.760 lf_steps=0 cache_hits=0
SLIM_PHASE query-chunks wall=4.847 cumulative=730.285 peak_rss_kib=58776556
SLIM_PROGRESS runs=101777408/1859825862 resolve_wall=29.214 lce_wall=457.594 write_wall=0.773 lf_steps=0 cache_hits=0
SLIM_PHASE query-chunks wall=5.026 cumulative=735.311 peak_rss_kib=58783048
SLIM_PROGRESS runs=102825984/1859825862 resolve_wall=29.523 lce_wall=462.133 write_wall=0.781 lf_steps=0 cache_hits=0
SLIM_PHASE query-chunks wall=4.856 cumulative=740.167 peak_rss_kib=58790004
SLIM_PROGRESS runs=103874560/1859825862 resolve_wall=29.845 lce_wall=466.632 write_wall=0.788 lf_steps=0 cache_hits=0
SLIM_PHASE query-chunks wall=4.828 cumulative=744.995 peak_rss_kib=58798612
SLIM_PROGRESS runs=104923136/1859825862 resolve_wall=30.155 lce_wall=471.437 write_wall=0.796 lf_steps=0 cache_hits=0
SLIM_PHASE query-chunks wall=5.123 cumulative=750.119 peak_rss_kib=58805220
SLIM_PROGRESS runs=105971712/1859825862 resolve_wall=30.481 lce_wall=475.969 write_wall=0.803 lf_steps=0 cache_hits=0
SLIM_PHASE query-chunks wall=4.866 cumulative=754.984 peak_rss_kib=58808932
SLIM_PROGRESS runs=107020288/1859825862 resolve_wall=30.776 lce_wall=480.765 write_wall=0.813 lf_steps=0 cache_hits=0
SLIM_PHASE query-chunks wall=5.100 cumulative=760.085 peak_rss_kib=58815216
SLIM_PROGRESS runs=108068864/1859825862 resolve_wall=31.063 lce_wall=485.496 write_wall=0.822 lf_steps=0 cache_hits=0
SLIM_PHASE query-chunks wall=5.027 cumulative=765.112 peak_rss_kib=58821968
SLIM_PROGRESS runs=109117440/1859825862 resolve_wall=31.374 lce_wall=490.091 write_wall=0.831 lf_steps=0 cache_hits=0
SLIM_PHASE query-chunks wall=4.915 cumulative=770.027 peak_rss_kib=58824384
SLIM_PROGRESS runs=110166016/1859825862 resolve_wall=31.690 lce_wall=494.555 write_wall=0.839 lf_steps=0 cache_hits=0
SLIM_PHASE query-chunks wall=4.789 cumulative=774.816 peak_rss_kib=58827088
SLIM_PROGRESS runs=111214592/1859825862 resolve_wall=32.011 lce_wall=499.045 write_wall=0.847 lf_steps=0 cache_hits=0
SLIM_PHASE query-chunks wall=4.820 cumulative=779.635 peak_rss_kib=58833744
SLIM_PROGRESS runs=112263168/1859825862 resolve_wall=32.333 lce_wall=503.514 write_wall=0.856 lf_steps=0 cache_hits=0
SLIM_PHASE query-chunks wall=4.799 cumulative=784.434 peak_rss_kib=58840352
SLIM_PROGRESS runs=113311744/1859825862 resolve_wall=32.657 lce_wall=508.019 write_wall=0.864 lf_steps=0 cache_hits=0
SLIM_PHASE query-chunks wall=4.837 cumulative=789.271 peak_rss_kib=58850988
SLIM_PROGRESS runs=114360320/1859825862 resolve_wall=32.983 lce_wall=512.342 write_wall=0.872 lf_steps=0 cache_hits=0
SLIM_PHASE query-chunks wall=4.658 cumulative=793.929 peak_rss_kib=58857836
SLIM_PROGRESS runs=115408896/1859825862 resolve_wall=33.307 lce_wall=516.763 write_wall=0.880 lf_steps=0 cache_hits=0
SLIM_PHASE query-chunks wall=4.753 cumulative=798.682 peak_rss_kib=58868552
SLIM_PROGRESS runs=116457472/1859825862 resolve_wall=33.636 lce_wall=521.137 write_wall=0.888 lf_steps=0 cache_hits=0
SLIM_PHASE query-chunks wall=4.711 cumulative=803.393 peak_rss_kib=58877352
SLIM_PROGRESS runs=117506048/1859825862 resolve_wall=33.963 lce_wall=525.608 write_wall=0.896 lf_steps=0 cache_hits=0
SLIM_PHASE query-chunks wall=4.807 cumulative=808.200 peak_rss_kib=58884204
SLIM_PROGRESS runs=118554624/1859825862 resolve_wall=34.285 lce_wall=530.330 write_wall=0.905 lf_steps=0 cache_hits=0
SLIM_PHASE query-chunks wall=5.053 cumulative=813.253 peak_rss_kib=58887264
SLIM_PROGRESS runs=119603200/1859825862 resolve_wall=34.612 lce_wall=534.826 write_wall=0.913 lf_steps=0 cache_hits=0
SLIM_PHASE query-chunks wall=4.832 cumulative=818.085 peak_rss_kib=58896680
SLIM_PROGRESS runs=120651776/1859825862 resolve_wall=34.938 lce_wall=539.399 write_wall=0.922 lf_steps=0 cache_hits=0
SLIM_PHASE query-chunks wall=4.908 cumulative=822.993 peak_rss_kib=58907240
SLIM_PROGRESS runs=121700352/1859825862 resolve_wall=35.266 lce_wall=544.133 write_wall=0.932 lf_steps=0 cache_hits=0
SLIM_PHASE query-chunks wall=5.072 cumulative=828.065 peak_rss_kib=58912348
SLIM_PROGRESS runs=122748928/1859825862 resolve_wall=35.594 lce_wall=548.631 write_wall=0.940 lf_steps=0 cache_hits=0
SLIM_PHASE query-chunks wall=4.834 cumulative=832.899 peak_rss_kib=58923388
SLIM_PROGRESS runs=123797504/1859825862 resolve_wall=35.918 lce_wall=553.184 write_wall=0.949 lf_steps=0 cache_hits=0
SLIM_PHASE query-chunks wall=4.885 cumulative=837.785 peak_rss_kib=58928288
SLIM_PROGRESS runs=124846080/1859825862 resolve_wall=36.244 lce_wall=557.569 write_wall=1.069 lf_steps=0 cache_hits=0
SLIM_PHASE query-chunks wall=4.832 cumulative=842.617 peak_rss_kib=58933444
SLIM_PROGRESS runs=125894656/1859825862 resolve_wall=36.569 lce_wall=562.102 write_wall=1.077 lf_steps=0 cache_hits=0
SLIM_PHASE query-chunks wall=4.866 cumulative=847.483 peak_rss_kib=58937808
SLIM_PROGRESS runs=126943232/1859825862 resolve_wall=36.891 lce_wall=566.710 write_wall=1.086 lf_steps=0 cache_hits=0
SLIM_PHASE query-chunks wall=4.938 cumulative=852.421 peak_rss_kib=58949260
SLIM_PROGRESS runs=127991808/1859825862 resolve_wall=37.206 lce_wall=571.145 write_wall=1.093 lf_steps=0 cache_hits=0
SLIM_PHASE query-chunks wall=4.758 cumulative=857.180 peak_rss_kib=58953676
SLIM_PROGRESS runs=129040384/1859825862 resolve_wall=37.537 lce_wall=575.671 write_wall=1.101 lf_steps=0 cache_hits=0
SLIM_PHASE query-chunks wall=4.864 cumulative=862.043 peak_rss_kib=58958732
SLIM_PROGRESS runs=130088960/1859825862 resolve_wall=37.934 lce_wall=580.275 write_wall=1.109 lf_steps=0 cache_hits=0
SLIM_PHASE query-chunks wall=5.009 cumulative=867.053 peak_rss_kib=58971224
SLIM_PROGRESS runs=131137536/1859825862 resolve_wall=38.356 lce_wall=584.029 write_wall=1.119 lf_steps=0 cache_hits=0
SLIM_PHASE query-chunks wall=4.187 cumulative=871.240 peak_rss_kib=58980024
SLIM_PROGRESS runs=132186112/1859825862 resolve_wall=38.844 lce_wall=588.424 write_wall=1.128 lf_steps=0 cache_hits=0
SLIM_PHASE query-chunks wall=4.891 cumulative=876.131 peak_rss_kib=58980280
SLIM_PROGRESS runs=133234688/1859825862 resolve_wall=39.280 lce_wall=592.957 write_wall=1.136 lf_steps=0 cache_hits=0
SLIM_PHASE query-chunks wall=4.977 cumulative=881.108 peak_rss_kib=58991128
SLIM_PROGRESS runs=134283264/1859825862 resolve_wall=39.722 lce_wall=597.634 write_wall=1.145 lf_steps=0 cache_hits=0
SLIM_PHASE query-chunks wall=5.128 cumulative=886.236 peak_rss_kib=58993784
SLIM_PROGRESS runs=135331840/1859825862 resolve_wall=40.165 lce_wall=602.288 write_wall=1.153 lf_steps=0 cache_hits=0
SLIM_PHASE query-chunks wall=5.107 cumulative=891.343 peak_rss_kib=59000344
SLIM_PROGRESS runs=136380416/1859825862 resolve_wall=40.578 lce_wall=607.038 write_wall=1.164 lf_steps=0 cache_hits=0
SLIM_PHASE query-chunks wall=5.174 cumulative=896.516 peak_rss_kib=59003384
SLIM_PROGRESS runs=137428992/1859825862 resolve_wall=41.055 lce_wall=611.733 write_wall=1.173 lf_steps=0 cache_hits=0
SLIM_PHASE query-chunks wall=5.182 cumulative=901.698 peak_rss_kib=59003560
SLIM_PROGRESS runs=138477568/1859825862 resolve_wall=41.462 lce_wall=616.633 write_wall=1.184 lf_steps=0 cache_hits=0
SLIM_PHASE query-chunks wall=5.317 cumulative=907.015 peak_rss_kib=59005976
SLIM_PROGRESS runs=139526144/1859825862 resolve_wall=41.909 lce_wall=621.316 write_wall=1.192 lf_steps=0 cache_hits=0
SLIM_PHASE query-chunks wall=5.139 cumulative=912.154 peak_rss_kib=59014584
SLIM_PROGRESS runs=140574720/1859825862 resolve_wall=42.363 lce_wall=625.890 write_wall=1.201 lf_steps=0 cache_hits=0
SLIM_PHASE query-chunks wall=5.037 cumulative=917.191 peak_rss_kib=59014584
SLIM_PROGRESS runs=141623296/1859825862 resolve_wall=42.783 lce_wall=630.595 write_wall=1.209 lf_steps=0 cache_hits=0
SLIM_PHASE query-chunks wall=5.133 cumulative=922.323 peak_rss_kib=59019800
SLIM_PROGRESS runs=142671872/1859825862 resolve_wall=43.113 lce_wall=635.236 write_wall=1.217 lf_steps=0 cache_hits=0
SLIM_PHASE query-chunks wall=4.979 cumulative=927.303 peak_rss_kib=59032600
SLIM_PROGRESS runs=143720448/1859825862 resolve_wall=43.534 lce_wall=639.693 write_wall=1.225 lf_steps=0 cache_hits=0
SLIM_PHASE query-chunks wall=4.887 cumulative=932.190 peak_rss_kib=59039640
SLIM_PROGRESS runs=144769024/1859825862 resolve_wall=43.946 lce_wall=644.216 write_wall=1.233 lf_steps=0 cache_hits=0
SLIM_PHASE query-chunks wall=4.942 cumulative=937.132 peak_rss_kib=59044248
SLIM_PROGRESS runs=145817600/1859825862 resolve_wall=44.342 lce_wall=648.880 write_wall=1.243 lf_steps=0 cache_hits=0
SLIM_PHASE query-chunks wall=5.070 cumulative=942.202 peak_rss_kib=59050424
SLIM_PROGRESS runs=146866176/1859825862 resolve_wall=44.742 lce_wall=653.861 write_wall=1.251 lf_steps=0 cache_hits=0
SLIM_PHASE query-chunks wall=5.391 cumulative=947.592 peak_rss_kib=59059416
SLIM_PROGRESS runs=147914752/1859825862 resolve_wall=45.123 lce_wall=658.698 write_wall=1.260 lf_steps=0 cache_hits=0
SLIM_PHASE query-chunks wall=5.227 cumulative=952.819 peak_rss_kib=59066648
SLIM_PROGRESS runs=148963328/1859825862 resolve_wall=45.540 lce_wall=663.559 write_wall=1.268 lf_steps=0 cache_hits=0
SLIM_PHASE query-chunks wall=5.287 cumulative=958.105 peak_rss_kib=59074616
SLIM_PROGRESS runs=150011904/1859825862 resolve_wall=45.919 lce_wall=668.332 write_wall=1.276 lf_steps=0 cache_hits=0
SLIM_PHASE query-chunks wall=5.158 cumulative=963.264 peak_rss_kib=59081444
SLIM_PROGRESS runs=151060480/1859825862 resolve_wall=46.376 lce_wall=673.168 write_wall=1.285 lf_steps=0 cache_hits=0
SLIM_PHASE query-chunks wall=5.304 cumulative=968.567 peak_rss_kib=59081444
SLIM_PROGRESS runs=152109056/1859825862 resolve_wall=46.798 lce_wall=677.901 write_wall=1.295 lf_steps=0 cache_hits=0
SLIM_PHASE query-chunks wall=5.166 cumulative=973.733 peak_rss_kib=59092900
SLIM_PROGRESS runs=153157632/1859825862 resolve_wall=47.202 lce_wall=682.554 write_wall=1.303 lf_steps=0 cache_hits=0
SLIM_PHASE query-chunks wall=5.065 cumulative=978.798 peak_rss_kib=59094756
SLIM_PROGRESS runs=154206208/1859825862 resolve_wall=47.643 lce_wall=687.213 write_wall=1.312 lf_steps=0 cache_hits=0
SLIM_PHASE query-chunks wall=5.108 cumulative=983.906 peak_rss_kib=59095860
SLIM_PROGRESS runs=155254784/1859825862 resolve_wall=48.039 lce_wall=692.066 write_wall=1.321 lf_steps=0 cache_hits=0
SLIM_PHASE query-chunks wall=5.258 cumulative=989.164 peak_rss_kib=59102236
SLIM_PROGRESS runs=156303360/1859825862 resolve_wall=48.432 lce_wall=696.611 write_wall=1.330 lf_steps=0 cache_hits=0
SLIM_PHASE query-chunks wall=4.948 cumulative=994.112 peak_rss_kib=59110564
SLIM_PROGRESS runs=157351936/1859825862 resolve_wall=48.807 lce_wall=702.180 write_wall=1.338 lf_steps=0 cache_hits=0
SLIM_PHASE query-chunks wall=5.952 cumulative=1000.065 peak_rss_kib=59119048
SLIM_PROGRESS runs=158400512/1859825862 resolve_wall=49.238 lce_wall=707.018 write_wall=1.347 lf_steps=0 cache_hits=0
SLIM_PHASE query-chunks wall=5.278 cumulative=1005.343 peak_rss_kib=59125916
SLIM_PROGRESS runs=159449088/1859825862 resolve_wall=49.620 lce_wall=711.707 write_wall=1.358 lf_steps=0 cache_hits=0
SLIM_PHASE query-chunks wall=5.082 cumulative=1010.425 peak_rss_kib=59130236
SLIM_PROGRESS runs=160497664/1859825862 resolve_wall=50.022 lce_wall=716.205 write_wall=1.368 lf_steps=0 cache_hits=0
SLIM_PHASE query-chunks wall=4.911 cumulative=1015.336 peak_rss_kib=59145084
SLIM_PROGRESS runs=161546240/1859825862 resolve_wall=50.437 lce_wall=720.919 write_wall=1.377 lf_steps=0 cache_hits=0
SLIM_PHASE query-chunks wall=5.138 cumulative=1020.474 peak_rss_kib=59152316
SLIM_PROGRESS runs=162594816/1859825862 resolve_wall=50.874 lce_wall=725.535 write_wall=1.385 lf_steps=0 cache_hits=0
SLIM_PHASE query-chunks wall=5.061 cumulative=1025.535 peak_rss_kib=59163356
SLIM_PROGRESS runs=163643392/1859825862 resolve_wall=51.247 lce_wall=730.065 write_wall=1.395 lf_steps=0 cache_hits=0
SLIM_PHASE query-chunks wall=4.912 cumulative=1030.448 peak_rss_kib=59167388
SLIM_PROGRESS runs=164691968/1859825862 resolve_wall=51.651 lce_wall=734.715 write_wall=1.404 lf_steps=0 cache_hits=0
SLIM_PHASE query-chunks wall=5.063 cumulative=1035.510 peak_rss_kib=59172188
SLIM_PROGRESS runs=165740544/1859825862 resolve_wall=52.069 lce_wall=739.546 write_wall=1.413 lf_steps=0 cache_hits=0
SLIM_PHASE query-chunks wall=5.259 cumulative=1040.769 peak_rss_kib=59178364
SLIM_PROGRESS runs=166789120/1859825862 resolve_wall=52.422 lce_wall=744.233 write_wall=1.425 lf_steps=0 cache_hits=0
SLIM_PHASE query-chunks wall=5.051 cumulative=1045.820 peak_rss_kib=59187452
SLIM_PROGRESS runs=167837696/1859825862 resolve_wall=52.741 lce_wall=748.897 write_wall=1.435 lf_steps=0 cache_hits=0
SLIM_PHASE query-chunks wall=4.995 cumulative=1050.815 peak_rss_kib=59188156
SLIM_PROGRESS runs=168886272/1859825862 resolve_wall=53.061 lce_wall=753.428 write_wall=1.445 lf_steps=0 cache_hits=0
SLIM_PHASE query-chunks wall=4.860 cumulative=1055.675 peak_rss_kib=59190556
SLIM_PROGRESS runs=169934848/1859825862 resolve_wall=53.386 lce_wall=757.929 write_wall=1.454 lf_steps=0 cache_hits=0
SLIM_PHASE query-chunks wall=4.836 cumulative=1060.511 peak_rss_kib=59202876
SLIM_PROGRESS runs=170983424/1859825862 resolve_wall=53.700 lce_wall=762.371 write_wall=1.463 lf_steps=0 cache_hits=0
SLIM_PHASE query-chunks wall=4.765 cumulative=1065.276 peak_rss_kib=59205436
SLIM_PROGRESS runs=172032000/1859825862 resolve_wall=54.020 lce_wall=766.882 write_wall=1.472 lf_steps=0 cache_hits=0
SLIM_PHASE query-chunks wall=4.840 cumulative=1070.116 peak_rss_kib=59208524
SLIM_PROGRESS runs=173080576/1859825862 resolve_wall=54.338 lce_wall=771.448 write_wall=1.481 lf_steps=0 cache_hits=0
SLIM_PHASE query-chunks wall=4.893 cumulative=1075.010 peak_rss_kib=59210844
SLIM_PROGRESS runs=174129152/1859825862 resolve_wall=54.735 lce_wall=776.070 write_wall=1.490 lf_steps=0 cache_hits=0
SLIM_PHASE query-chunks wall=5.027 cumulative=1080.037 peak_rss_kib=59217068
SLIM_PROGRESS runs=175177728/1859825862 resolve_wall=55.179 lce_wall=780.736 write_wall=1.499 lf_steps=0 cache_hits=0
SLIM_PHASE query-chunks wall=5.119 cumulative=1085.156 peak_rss_kib=59220204
SLIM_PROGRESS runs=176226304/1859825862 resolve_wall=55.568 lce_wall=785.456 write_wall=1.507 lf_steps=0 cache_hits=0
SLIM_PHASE query-chunks wall=5.118 cumulative=1090.274 peak_rss_kib=59226524
SLIM_PROGRESS runs=177274880/1859825862 resolve_wall=56.027 lce_wall=790.106 write_wall=1.516 lf_steps=0 cache_hits=0
SLIM_PHASE query-chunks wall=5.118 cumulative=1095.392 peak_rss_kib=59235132
SLIM_PROGRESS runs=178323456/1859825862 resolve_wall=56.424 lce_wall=794.889 write_wall=1.526 lf_steps=0 cache_hits=0
SLIM_PHASE query-chunks wall=5.189 cumulative=1100.582 peak_rss_kib=59242076
SLIM_PROGRESS runs=179372032/1859825862 resolve_wall=56.804 lce_wall=799.486 write_wall=1.535 lf_steps=0 cache_hits=0
SLIM_PHASE query-chunks wall=4.987 cumulative=1105.569 peak_rss_kib=59254780
SLIM_PROGRESS runs=180420608/1859825862 resolve_wall=57.140 lce_wall=804.209 write_wall=1.543 lf_steps=0 cache_hits=0
SLIM_PHASE query-chunks wall=5.067 cumulative=1110.636 peak_rss_kib=59257916
SLIM_PROGRESS runs=181469184/1859825862 resolve_wall=57.463 lce_wall=808.807 write_wall=1.551 lf_steps=0 cache_hits=0
SLIM_PHASE query-chunks wall=4.928 cumulative=1115.564 peak_rss_kib=59264520
SLIM_PROGRESS runs=182517760/1859825862 resolve_wall=57.798 lce_wall=813.475 write_wall=1.558 lf_steps=0 cache_hits=0
SLIM_PHASE query-chunks wall=5.010 cumulative=1120.575 peak_rss_kib=59272004
SLIM_PROGRESS runs=183566336/1859825862 resolve_wall=58.143 lce_wall=818.210 write_wall=1.566 lf_steps=0 cache_hits=0
SLIM_PHASE query-chunks wall=5.088 cumulative=1125.662 peak_rss_kib=59286708
SLIM_PROGRESS runs=184614912/1859825862 resolve_wall=58.596 lce_wall=823.085 write_wall=1.574 lf_steps=0 cache_hits=0
SLIM_PHASE query-chunks wall=5.337 cumulative=1130.999 peak_rss_kib=59293736
SLIM_PROGRESS runs=185663488/1859825862 resolve_wall=59.053 lce_wall=827.805 write_wall=1.582 lf_steps=0 cache_hits=0
SLIM_PHASE query-chunks wall=5.185 cumulative=1136.184 peak_rss_kib=59305648
SLIM_PROGRESS runs=186712064/1859825862 resolve_wall=59.492 lce_wall=832.834 write_wall=1.590 lf_steps=0 cache_hits=0
SLIM_PHASE query-chunks wall=5.476 cumulative=1141.660 peak_rss_kib=59315320
SLIM_PROGRESS runs=187760640/1859825862 resolve_wall=59.885 lce_wall=837.774 write_wall=1.598 lf_steps=0 cache_hits=0
SLIM_PHASE query-chunks wall=5.342 cumulative=1147.002 peak_rss_kib=59322564
SLIM_PROGRESS runs=188809216/1859825862 resolve_wall=60.222 lce_wall=842.455 write_wall=1.606 lf_steps=0 cache_hits=0
SLIM_PHASE query-chunks wall=5.026 cumulative=1152.028 peak_rss_kib=59333064
SLIM_PROGRESS runs=189857792/1859825862 resolve_wall=60.540 lce_wall=847.229 write_wall=1.613 lf_steps=0 cache_hits=0
SLIM_PHASE query-chunks wall=5.100 cumulative=1157.128 peak_rss_kib=59343988
SLIM_PROGRESS runs=190906368/1859825862 resolve_wall=60.864 lce_wall=851.842 write_wall=1.624 lf_steps=0 cache_hits=0
SLIM_PHASE query-chunks wall=4.947 cumulative=1162.075 peak_rss_kib=59356428
SLIM_PROGRESS runs=191954944/1859825862 resolve_wall=61.184 lce_wall=856.240 write_wall=1.631 lf_steps=0 cache_hits=0
SLIM_PHASE query-chunks wall=4.726 cumulative=1166.801 peak_rss_kib=59365172
SLIM_PROGRESS runs=193003520/1859825862 resolve_wall=61.505 lce_wall=860.769 write_wall=1.639 lf_steps=0 cache_hits=0
SLIM_PHASE query-chunks wall=4.858 cumulative=1171.659 peak_rss_kib=59377796
SLIM_PROGRESS runs=194052096/1859825862 resolve_wall=61.822 lce_wall=865.216 write_wall=1.647 lf_steps=0 cache_hits=0
SLIM_PHASE query-chunks wall=4.772 cumulative=1176.430 peak_rss_kib=59388740
SLIM_PROGRESS runs=195100672/1859825862 resolve_wall=62.139 lce_wall=869.828 write_wall=1.654 lf_steps=0 cache_hits=0
SLIM_PHASE query-chunks wall=4.937 cumulative=1181.367 peak_rss_kib=59398436
SLIM_PROGRESS runs=196149248/1859825862 resolve_wall=62.457 lce_wall=874.291 write_wall=1.661 lf_steps=0 cache_hits=0
SLIM_PHASE query-chunks wall=4.789 cumulative=1186.156 peak_rss_kib=59401416
SLIM_PROGRESS runs=197197824/1859825862 resolve_wall=62.777 lce_wall=878.790 write_wall=1.668 lf_steps=0 cache_hits=0
SLIM_PHASE query-chunks wall=4.826 cumulative=1190.982 peak_rss_kib=59414268
SLIM_PROGRESS runs=198246400/1859825862 resolve_wall=63.094 lce_wall=883.410 write_wall=1.676 lf_steps=0 cache_hits=0
SLIM_PHASE query-chunks wall=4.945 cumulative=1195.926 peak_rss_kib=59423176
SLIM_PROGRESS runs=199294976/1859825862 resolve_wall=63.402 lce_wall=887.749 write_wall=1.683 lf_steps=0 cache_hits=0
SLIM_PHASE query-chunks wall=4.655 cumulative=1200.581 peak_rss_kib=59428944
SLIM_PROGRESS runs=200343552/1859825862 resolve_wall=63.718 lce_wall=892.382 write_wall=1.690 lf_steps=0 cache_hits=0
SLIM_PHASE query-chunks wall=4.956 cumulative=1205.537 peak_rss_kib=59442112
SLIM_PROGRESS runs=201392128/1859825862 resolve_wall=64.031 lce_wall=896.973 write_wall=1.698 lf_steps=0 cache_hits=0
SLIM_PHASE query-chunks wall=4.912 cumulative=1210.449 peak_rss_kib=59446804
SLIM_PROGRESS runs=202440704/1859825862 resolve_wall=64.348 lce_wall=901.642 write_wall=1.705 lf_steps=0 cache_hits=0
SLIM_PHASE query-chunks wall=4.993 cumulative=1215.442 peak_rss_kib=59450124
SLIM_PROGRESS runs=203489280/1859825862 resolve_wall=64.661 lce_wall=906.284 write_wall=1.713 lf_steps=0 cache_hits=0
SLIM_PHASE query-chunks wall=4.964 cumulative=1220.406 peak_rss_kib=59452124
SLIM_PROGRESS runs=204537856/1859825862 resolve_wall=64.970 lce_wall=910.777 write_wall=1.720 lf_steps=0 cache_hits=0
SLIM_PHASE query-chunks wall=4.809 cumulative=1225.215 peak_rss_kib=59454936
SLIM_PROGRESS runs=205586432/1859825862 resolve_wall=65.280 lce_wall=915.208 write_wall=1.727 lf_steps=0 cache_hits=0
SLIM_PHASE query-chunks wall=4.747 cumulative=1229.963 peak_rss_kib=59457964
SLIM_PROGRESS runs=206635008/1859825862 resolve_wall=65.607 lce_wall=919.704 write_wall=1.735 lf_steps=0 cache_hits=0
SLIM_PHASE query-chunks wall=4.831 cumulative=1234.793 peak_rss_kib=59467368
SLIM_PROGRESS runs=207683584/1859825862 resolve_wall=66.048 lce_wall=924.030 write_wall=1.742 lf_steps=0 cache_hits=0
SLIM_PHASE query-chunks wall=4.775 cumulative=1239.568 peak_rss_kib=59470704
SLIM_PROGRESS runs=208732160/1859825862 resolve_wall=66.471 lce_wall=928.575 write_wall=1.750 lf_steps=0 cache_hits=0
SLIM_PHASE query-chunks wall=4.977 cumulative=1244.545 peak_rss_kib=59482864
SLIM_PROGRESS runs=209780736/1859825862 resolve_wall=66.874 lce_wall=933.210 write_wall=1.758 lf_steps=0 cache_hits=0
SLIM_PHASE query-chunks wall=5.045 cumulative=1249.590 peak_rss_kib=59488624
SLIM_PROGRESS runs=210829312/1859825862 resolve_wall=67.287 lce_wall=937.922 write_wall=1.766 lf_steps=0 cache_hits=0
SLIM_PHASE query-chunks wall=5.134 cumulative=1254.724 peak_rss_kib=59498412
SLIM_PROGRESS runs=211877888/1859825862 resolve_wall=67.749 lce_wall=942.422 write_wall=1.773 lf_steps=0 cache_hits=0
SLIM_PHASE query-chunks wall=4.969 cumulative=1259.693 peak_rss_kib=59500812
SLIM_PROGRESS runs=212926464/1859825862 resolve_wall=68.161 lce_wall=946.936 write_wall=1.781 lf_steps=0 cache_hits=0
SLIM_PHASE query-chunks wall=4.935 cumulative=1264.628 peak_rss_kib=59512908
SLIM_PROGRESS runs=213975040/1859825862 resolve_wall=68.552 lce_wall=951.542 write_wall=1.788 lf_steps=0 cache_hits=0
SLIM_PHASE query-chunks wall=5.004 cumulative=1269.632 peak_rss_kib=59519420
SLIM_PROGRESS runs=215023616/1859825862 resolve_wall=68.916 lce_wall=956.448 write_wall=1.796 lf_steps=0 cache_hits=0
SLIM_PHASE query-chunks wall=5.278 cumulative=1274.910 peak_rss_kib=59522460
SLIM_PROGRESS runs=216072192/1859825862 resolve_wall=69.293 lce_wall=961.512 write_wall=1.804 lf_steps=0 cache_hits=0
SLIM_PHASE query-chunks wall=5.450 cumulative=1280.359 peak_rss_kib=59528016
SLIM_PROGRESS runs=217120768/1859825862 resolve_wall=69.691 lce_wall=966.348 write_wall=1.812 lf_steps=0 cache_hits=0
SLIM_PHASE query-chunks wall=5.242 cumulative=1285.601 peak_rss_kib=59543844
SLIM_PROGRESS runs=218169344/1859825862 resolve_wall=70.107 lce_wall=970.985 write_wall=1.820 lf_steps=0 cache_hits=0
SLIM_PHASE query-chunks wall=5.061 cumulative=1290.663 peak_rss_kib=59551124
SLIM_PROGRESS runs=219217920/1859825862 resolve_wall=70.536 lce_wall=976.018 write_wall=1.828 lf_steps=0 cache_hits=0
SLIM_PHASE query-chunks wall=5.470 cumulative=1296.133 peak_rss_kib=59552612
SLIM_PROGRESS runs=220266496/1859825862 resolve_wall=70.954 lce_wall=980.698 write_wall=1.835 lf_steps=0 cache_hits=0
SLIM_PHASE query-chunks wall=5.106 cumulative=1301.239 peak_rss_kib=59558992
SLIM_PROGRESS runs=221315072/1859825862 resolve_wall=71.354 lce_wall=985.278 write_wall=1.843 lf_steps=0 cache_hits=0
SLIM_PHASE query-chunks wall=4.987 cumulative=1306.226 peak_rss_kib=59565776
SLIM_PROGRESS runs=222363648/1859825862 resolve_wall=71.787 lce_wall=990.065 write_wall=1.851 lf_steps=0 cache_hits=0
SLIM_PHASE query-chunks wall=5.229 cumulative=1311.454 peak_rss_kib=59568340
SLIM_PROGRESS runs=223412224/1859825862 resolve_wall=72.169 lce_wall=995.257 write_wall=1.858 lf_steps=0 cache_hits=0
SLIM_PHASE query-chunks wall=5.580 cumulative=1317.034 peak_rss_kib=59581236
SLIM_PROGRESS runs=224460800/1859825862 resolve_wall=72.593 lce_wall=999.834 write_wall=1.866 lf_steps=0 cache_hits=0
SLIM_PHASE query-chunks wall=5.010 cumulative=1322.045 peak_rss_kib=59594316
SLIM_PROGRESS runs=225509376/1859825862 resolve_wall=72.975 lce_wall=1004.443 write_wall=1.874 lf_steps=0 cache_hits=0
SLIM_PHASE query-chunks wall=4.999 cumulative=1327.043 peak_rss_kib=59605276
SLIM_PROGRESS runs=226557952/1859825862 resolve_wall=73.330 lce_wall=1009.352 write_wall=1.882 lf_steps=0 cache_hits=0
SLIM_PHASE query-chunks wall=5.272 cumulative=1332.315 peak_rss_kib=59618280
SLIM_PROGRESS runs=227606528/1859825862 resolve_wall=73.778 lce_wall=1013.834 write_wall=1.890 lf_steps=0 cache_hits=0
SLIM_PHASE query-chunks wall=4.939 cumulative=1337.254 peak_rss_kib=59618280
SLIM_PROGRESS runs=228655104/1859825862 resolve_wall=74.198 lce_wall=1018.237 write_wall=1.898 lf_steps=0 cache_hits=0
SLIM_PHASE query-chunks wall=4.831 cumulative=1342.085 peak_rss_kib=59619624
SLIM_PROGRESS runs=229703680/1859825862 resolve_wall=74.624 lce_wall=1022.907 write_wall=1.905 lf_steps=0 cache_hits=0
SLIM_PHASE query-chunks wall=5.103 cumulative=1347.188 peak_rss_kib=59635964
SLIM_PROGRESS runs=230752256/1859825862 resolve_wall=75.064 lce_wall=1027.432 write_wall=1.913 lf_steps=0 cache_hits=0
SLIM_PHASE query-chunks wall=4.973 cumulative=1352.162 peak_rss_kib=59645228
SLIM_PROGRESS runs=231800832/1859825862 resolve_wall=75.502 lce_wall=1032.052 write_wall=1.921 lf_steps=0 cache_hits=0
SLIM_PHASE query-chunks wall=5.066 cumulative=1357.227 peak_rss_kib=59650476
SLIM_PROGRESS runs=232849408/1859825862 resolve_wall=75.929 lce_wall=1036.729 write_wall=1.928 lf_steps=0 cache_hits=0
SLIM_PHASE query-chunks wall=5.112 cumulative=1362.339 peak_rss_kib=59660380
SLIM_PROGRESS runs=233897984/1859825862 resolve_wall=76.286 lce_wall=1041.580 write_wall=1.935 lf_steps=0 cache_hits=0
SLIM_PHASE query-chunks wall=5.215 cumulative=1367.554 peak_rss_kib=59671132
SLIM_PROGRESS runs=234946560/1859825862 resolve_wall=76.716 lce_wall=1046.366 write_wall=1.946 lf_steps=0 cache_hits=0
SLIM_PHASE query-chunks wall=5.226 cumulative=1372.780 peak_rss_kib=59674100
SLIM_PROGRESS runs=235995136/1859825862 resolve_wall=77.148 lce_wall=1051.310 write_wall=1.956 lf_steps=0 cache_hits=0
SLIM_PHASE query-chunks wall=5.387 cumulative=1378.168 peak_rss_kib=59684752
SLIM_PROGRESS runs=237043712/1859825862 resolve_wall=77.563 lce_wall=1057.303 write_wall=1.968 lf_steps=0 cache_hits=0
SLIM_PHASE query-chunks wall=6.419 cumulative=1384.587 peak_rss_kib=59690928
SLIM_PROGRESS runs=238092288/1859825862 resolve_wall=77.975 lce_wall=1062.072 write_wall=1.978 lf_steps=0 cache_hits=0
SLIM_PHASE query-chunks wall=5.191 cumulative=1389.778 peak_rss_kib=59692880
SLIM_PROGRESS runs=239140864/1859825862 resolve_wall=78.396 lce_wall=1066.631 write_wall=1.988 lf_steps=0 cache_hits=0
SLIM_PHASE query-chunks wall=4.992 cumulative=1394.769 peak_rss_kib=59692880
SLIM_PROGRESS runs=240189440/1859825862 resolve_wall=78.782 lce_wall=1072.015 write_wall=1.998 lf_steps=0 cache_hits=0
SLIM_PHASE query-chunks wall=5.780 cumulative=1400.549 peak_rss_kib=59692880
SLIM_PROGRESS runs=241238016/1859825862 resolve_wall=79.157 lce_wall=1077.653 write_wall=2.006 lf_steps=0 cache_hits=0
SLIM_PHASE query-chunks wall=6.022 cumulative=1406.571 peak_rss_kib=59692880
SLIM_PROGRESS runs=242286592/1859825862 resolve_wall=79.576 lce_wall=1082.118 write_wall=2.016 lf_steps=0 cache_hits=0
SLIM_PHASE query-chunks wall=4.893 cumulative=1411.464 peak_rss_kib=59692880
SLIM_PROGRESS runs=243335168/1859825862 resolve_wall=79.911 lce_wall=1087.170 write_wall=2.024 lf_steps=0 cache_hits=0
SLIM_PHASE query-chunks wall=5.396 cumulative=1416.860 peak_rss_kib=59692880
SLIM_PROGRESS runs=244383744/1859825862 resolve_wall=80.236 lce_wall=1091.597 write_wall=2.033 lf_steps=0 cache_hits=0
SLIM_PHASE query-chunks wall=4.760 cumulative=1421.620 peak_rss_kib=59692880
SLIM_PROGRESS runs=245432320/1859825862 resolve_wall=80.630 lce_wall=1096.157 write_wall=2.042 lf_steps=0 cache_hits=0
SLIM_PHASE query-chunks wall=4.963 cumulative=1426.583 peak_rss_kib=59692880
SLIM_PROGRESS runs=246480896/1859825862 resolve_wall=81.068 lce_wall=1100.570 write_wall=2.050 lf_steps=0 cache_hits=0
SLIM_PHASE query-chunks wall=4.859 cumulative=1431.443 peak_rss_kib=59692880
SLIM_PROGRESS runs=247529472/1859825862 resolve_wall=81.479 lce_wall=1105.062 write_wall=2.058 lf_steps=0 cache_hits=0
SLIM_PHASE query-chunks wall=4.912 cumulative=1436.355 peak_rss_kib=59692880
SLIM_PROGRESS runs=248578048/1859825862 resolve_wall=81.830 lce_wall=1109.559 write_wall=2.066 lf_steps=0 cache_hits=0
SLIM_PHASE query-chunks wall=4.856 cumulative=1441.210 peak_rss_kib=59692880
SLIM_PROGRESS runs=249626624/1859825862 resolve_wall=82.201 lce_wall=1113.831 write_wall=2.074 lf_steps=0 cache_hits=0
SLIM_PHASE query-chunks wall=4.652 cumulative=1445.863 peak_rss_kib=59692880
SLIM_PROGRESS runs=250675200/1859825862 resolve_wall=82.577 lce_wall=1118.140 write_wall=2.083 lf_steps=0 cache_hits=0
SLIM_PHASE query-chunks wall=4.693 cumulative=1450.555 peak_rss_kib=59692880
SLIM_PROGRESS runs=251723776/1859825862 resolve_wall=82.801 lce_wall=1122.587 write_wall=2.091 lf_steps=0 cache_hits=0
SLIM_PHASE query-chunks wall=4.680 cumulative=1455.235 peak_rss_kib=59692880
SLIM_PROGRESS runs=252772352/1859825862 resolve_wall=83.053 lce_wall=1126.871 write_wall=2.099 lf_steps=0 cache_hits=0
SLIM_PHASE query-chunks wall=4.544 cumulative=1459.780 peak_rss_kib=59692880
SLIM_PROGRESS runs=253820928/1859825862 resolve_wall=83.291 lce_wall=1131.278 write_wall=2.107 lf_steps=0 cache_hits=0
SLIM_PHASE query-chunks wall=4.653 cumulative=1464.432 peak_rss_kib=59692880
SLIM_PROGRESS runs=254869504/1859825862 resolve_wall=83.541 lce_wall=1135.442 write_wall=2.115 lf_steps=0 cache_hits=0
SLIM_PHASE query-chunks wall=4.422 cumulative=1468.854 peak_rss_kib=59692880
SLIM_PROGRESS runs=255918080/1859825862 resolve_wall=83.828 lce_wall=1139.773 write_wall=2.123 lf_steps=0 cache_hits=0
SLIM_PHASE query-chunks wall=4.626 cumulative=1473.480 peak_rss_kib=59692880
SLIM_PROGRESS runs=256966656/1859825862 resolve_wall=84.131 lce_wall=1144.209 write_wall=2.131 lf_steps=0 cache_hits=0
SLIM_PHASE query-chunks wall=4.746 cumulative=1478.226 peak_rss_kib=59692880
SLIM_PROGRESS runs=258015232/1859825862 resolve_wall=84.522 lce_wall=1148.687 write_wall=2.139 lf_steps=0 cache_hits=0
SLIM_PHASE query-chunks wall=4.878 cumulative=1483.104 peak_rss_kib=59692880
SLIM_PROGRESS runs=259063808/1859825862 resolve_wall=84.883 lce_wall=1153.031 write_wall=2.147 lf_steps=0 cache_hits=0
SLIM_PHASE query-chunks wall=4.713 cumulative=1487.817 peak_rss_kib=59692880
SLIM_PROGRESS runs=260112384/1859825862 resolve_wall=85.261 lce_wall=1157.434 write_wall=2.155 lf_steps=0 cache_hits=0
SLIM_PHASE query-chunks wall=4.789 cumulative=1492.606 peak_rss_kib=59692880
SLIM_PROGRESS runs=261160960/1859825862 resolve_wall=85.666 lce_wall=1161.770 write_wall=2.163 lf_steps=0 cache_hits=0
SLIM_PHASE query-chunks wall=4.750 cumulative=1497.356 peak_rss_kib=59692880
SLIM_PROGRESS runs=262209536/1859825862 resolve_wall=85.982 lce_wall=1166.203 write_wall=2.171 lf_steps=0 cache_hits=0
SLIM_PHASE query-chunks wall=4.758 cumulative=1502.113 peak_rss_kib=59692880
SLIM_PROGRESS runs=263258112/1859825862 resolve_wall=86.246 lce_wall=1170.511 write_wall=2.179 lf_steps=0 cache_hits=0
SLIM_PHASE query-chunks wall=4.580 cumulative=1506.693 peak_rss_kib=59692880
SLIM_PROGRESS runs=264306688/1859825862 resolve_wall=86.544 lce_wall=1175.052 write_wall=2.187 lf_steps=0 cache_hits=0
SLIM_PHASE query-chunks wall=4.846 cumulative=1511.539 peak_rss_kib=59692880
SLIM_PROGRESS runs=265355264/1859825862 resolve_wall=86.763 lce_wall=1179.818 write_wall=2.195 lf_steps=0 cache_hits=0
SLIM_PHASE query-chunks wall=4.994 cumulative=1516.533 peak_rss_kib=59692880
SLIM_PROGRESS runs=266403840/1859825862 resolve_wall=87.032 lce_wall=1184.355 write_wall=2.203 lf_steps=0 cache_hits=0
SLIM_PHASE query-chunks wall=4.813 cumulative=1521.347 peak_rss_kib=59692880
SLIM_PROGRESS runs=267452416/1859825862 resolve_wall=87.280 lce_wall=1188.958 write_wall=2.212 lf_steps=0 cache_hits=0
SLIM_PHASE query-chunks wall=4.861 cumulative=1526.208 peak_rss_kib=59692880
SLIM_PROGRESS runs=268500992/1859825862 resolve_wall=87.551 lce_wall=1193.469 write_wall=2.220 lf_steps=0 cache_hits=0
SLIM_PHASE query-chunks wall=4.791 cumulative=1530.998 peak_rss_kib=59692880
SLIM_PROGRESS runs=269549568/1859825862 resolve_wall=87.815 lce_wall=1197.960 write_wall=2.228 lf_steps=0 cache_hits=0
SLIM_PHASE query-chunks wall=4.763 cumulative=1535.762 peak_rss_kib=59692880
SLIM_PROGRESS runs=270598144/1859825862 resolve_wall=88.088 lce_wall=1202.387 write_wall=2.236 lf_steps=0 cache_hits=0
SLIM_PHASE query-chunks wall=4.708 cumulative=1540.470 peak_rss_kib=59692880
SLIM_PROGRESS runs=271646720/1859825862 resolve_wall=88.373 lce_wall=1206.847 write_wall=2.245 lf_steps=0 cache_hits=0
SLIM_PHASE query-chunks wall=4.753 cumulative=1545.223 peak_rss_kib=59692880
SLIM_PROGRESS runs=272695296/1859825862 resolve_wall=88.621 lce_wall=1211.426 write_wall=2.253 lf_steps=0 cache_hits=0
SLIM_PHASE query-chunks wall=4.836 cumulative=1550.059 peak_rss_kib=59692880
SLIM_PROGRESS runs=273743872/1859825862 resolve_wall=88.856 lce_wall=1215.980 write_wall=2.261 lf_steps=0 cache_hits=0
SLIM_PHASE query-chunks wall=4.797 cumulative=1554.856 peak_rss_kib=59692880
SLIM_PROGRESS runs=274792448/1859825862 resolve_wall=89.107 lce_wall=1220.515 write_wall=2.269 lf_steps=0 cache_hits=0
SLIM_PHASE query-chunks wall=4.794 cumulative=1559.650 peak_rss_kib=59692880
SLIM_PROGRESS runs=275841024/1859825862 resolve_wall=89.385 lce_wall=1225.004 write_wall=2.276 lf_steps=0 cache_hits=0
SLIM_PHASE query-chunks wall=4.775 cumulative=1564.424 peak_rss_kib=59692880
SLIM_PROGRESS runs=276889600/1859825862 resolve_wall=89.663 lce_wall=1229.397 write_wall=2.284 lf_steps=0 cache_hits=0
SLIM_PHASE query-chunks wall=4.679 cumulative=1569.103 peak_rss_kib=59692880
SLIM_PROGRESS runs=277938176/1859825862 resolve_wall=89.950 lce_wall=1234.110 write_wall=2.292 lf_steps=0 cache_hits=0
SLIM_PHASE query-chunks wall=5.007 cumulative=1574.110 peak_rss_kib=59692880
SLIM_PROGRESS runs=278986752/1859825862 resolve_wall=90.216 lce_wall=1238.561 write_wall=2.300 lf_steps=0 cache_hits=0
SLIM_PHASE query-chunks wall=4.725 cumulative=1578.836 peak_rss_kib=59692880
SLIM_PROGRESS runs=280035328/1859825862 resolve_wall=90.471 lce_wall=1243.162 write_wall=2.308 lf_steps=0 cache_hits=0
SLIM_PHASE query-chunks wall=4.864 cumulative=1583.700 peak_rss_kib=59692880
SLIM_PROGRESS runs=281083904/1859825862 resolve_wall=90.753 lce_wall=1247.920 write_wall=2.315 lf_steps=0 cache_hits=0
SLIM_PHASE query-chunks wall=5.048 cumulative=1588.748 peak_rss_kib=59692880
SLIM_PROGRESS runs=282132480/1859825862 resolve_wall=91.030 lce_wall=1252.512 write_wall=2.323 lf_steps=0 cache_hits=0
SLIM_PHASE query-chunks wall=4.877 cumulative=1593.625 peak_rss_kib=59692880
SLIM_PROGRESS runs=283181056/1859825862 resolve_wall=91.289 lce_wall=1256.961 write_wall=2.331 lf_steps=0 cache_hits=0
SLIM_PHASE query-chunks wall=4.716 cumulative=1598.341 peak_rss_kib=59692880
SLIM_PROGRESS runs=284229632/1859825862 resolve_wall=91.564 lce_wall=1261.507 write_wall=2.340 lf_steps=0 cache_hits=0
SLIM_PHASE query-chunks wall=4.830 cumulative=1603.171 peak_rss_kib=59692880
SLIM_PROGRESS runs=285278208/1859825862 resolve_wall=91.859 lce_wall=1266.064 write_wall=2.348 lf_steps=0 cache_hits=0
SLIM_PHASE query-chunks wall=4.860 cumulative=1608.031 peak_rss_kib=59692880
SLIM_PROGRESS runs=286326784/1859825862 resolve_wall=92.111 lce_wall=1270.596 write_wall=2.356 lf_steps=0 cache_hits=0
SLIM_PHASE query-chunks wall=4.792 cumulative=1612.824 peak_rss_kib=59692880
SLIM_PROGRESS runs=287375360/1859825862 resolve_wall=92.376 lce_wall=1274.965 write_wall=2.363 lf_steps=0 cache_hits=0
SLIM_PHASE query-chunks wall=4.640 cumulative=1617.464 peak_rss_kib=59692880
SLIM_PROGRESS runs=288423936/1859825862 resolve_wall=92.654 lce_wall=1279.456 write_wall=2.371 lf_steps=0 cache_hits=0
SLIM_PHASE query-chunks wall=4.777 cumulative=1622.241 peak_rss_kib=59692880
SLIM_PROGRESS runs=289472512/1859825862 resolve_wall=92.928 lce_wall=1284.021 write_wall=2.379 lf_steps=0 cache_hits=0
SLIM_PHASE query-chunks wall=4.848 cumulative=1627.089 peak_rss_kib=59692880
SLIM_PROGRESS runs=290521088/1859825862 resolve_wall=93.209 lce_wall=1288.471 write_wall=2.387 lf_steps=0 cache_hits=0
SLIM_PHASE query-chunks wall=4.738 cumulative=1631.827 peak_rss_kib=59692880
SLIM_PROGRESS runs=291569664/1859825862 resolve_wall=93.492 lce_wall=1292.831 write_wall=2.396 lf_steps=0 cache_hits=0
SLIM_PHASE query-chunks wall=4.653 cumulative=1636.480 peak_rss_kib=59692880
SLIM_PROGRESS runs=292618240/1859825862 resolve_wall=93.781 lce_wall=1297.276 write_wall=2.404 lf_steps=0 cache_hits=0
SLIM_PHASE query-chunks wall=4.742 cumulative=1641.222 peak_rss_kib=59692880
SLIM_PROGRESS runs=293666816/1859825862 resolve_wall=94.081 lce_wall=1301.783 write_wall=2.413 lf_steps=0 cache_hits=0
SLIM_PHASE query-chunks wall=4.816 cumulative=1646.038 peak_rss_kib=59692880
SLIM_PROGRESS runs=294715392/1859825862 resolve_wall=94.366 lce_wall=1306.222 write_wall=2.421 lf_steps=0 cache_hits=0
SLIM_PHASE query-chunks wall=4.731 cumulative=1650.769 peak_rss_kib=59692880
SLIM_PROGRESS runs=295763968/1859825862 resolve_wall=94.657 lce_wall=1310.745 write_wall=2.429 lf_steps=0 cache_hits=0
SLIM_PHASE query-chunks wall=4.824 cumulative=1655.593 peak_rss_kib=59692880
SLIM_PROGRESS runs=296812544/1859825862 resolve_wall=94.921 lce_wall=1315.199 write_wall=2.437 lf_steps=0 cache_hits=0
SLIM_PHASE query-chunks wall=4.725 cumulative=1660.318 peak_rss_kib=59692880
SLIM_PROGRESS runs=297861120/1859825862 resolve_wall=95.203 lce_wall=1319.653 write_wall=2.445 lf_steps=0 cache_hits=0
SLIM_PHASE query-chunks wall=4.745 cumulative=1665.064 peak_rss_kib=59692880
SLIM_PROGRESS runs=298909696/1859825862 resolve_wall=95.493 lce_wall=1324.268 write_wall=2.454 lf_steps=0 cache_hits=0
SLIM_PHASE query-chunks wall=4.913 cumulative=1669.977 peak_rss_kib=59692880
SLIM_PROGRESS runs=299958272/1859825862 resolve_wall=95.772 lce_wall=1328.488 write_wall=2.462 lf_steps=0 cache_hits=0
SLIM_PHASE query-chunks wall=4.507 cumulative=1674.484 peak_rss_kib=59692880
SLIM_PROGRESS runs=301006848/1859825862 resolve_wall=96.066 lce_wall=1332.990 write_wall=2.470 lf_steps=0 cache_hits=0
SLIM_PHASE query-chunks wall=4.803 cumulative=1679.288 peak_rss_kib=59692880
SLIM_PROGRESS runs=302055424/1859825862 resolve_wall=96.354 lce_wall=1337.719 write_wall=2.478 lf_steps=0 cache_hits=0
SLIM_PHASE query-chunks wall=5.026 cumulative=1684.314 peak_rss_kib=59692880
SLIM_PROGRESS runs=303104000/1859825862 resolve_wall=96.683 lce_wall=1342.511 write_wall=2.487 lf_steps=0 cache_hits=0
SLIM_PHASE query-chunks wall=5.130 cumulative=1689.443 peak_rss_kib=59692880
SLIM_PROGRESS runs=304152576/1859825862 resolve_wall=96.983 lce_wall=1347.112 write_wall=2.496 lf_steps=0 cache_hits=0
SLIM_PHASE query-chunks wall=4.910 cumulative=1694.354 peak_rss_kib=59692880
SLIM_PROGRESS runs=305201152/1859825862 resolve_wall=97.271 lce_wall=1351.857 write_wall=2.507 lf_steps=0 cache_hits=0
SLIM_PHASE query-chunks wall=5.044 cumulative=1699.398 peak_rss_kib=59692880
SLIM_PROGRESS runs=306249728/1859825862 resolve_wall=97.536 lce_wall=1356.374 write_wall=2.515 lf_steps=0 cache_hits=0
SLIM_PHASE query-chunks wall=4.790 cumulative=1704.188 peak_rss_kib=59692880
SLIM_PROGRESS runs=307298304/1859825862 resolve_wall=97.824 lce_wall=1360.935 write_wall=2.524 lf_steps=0 cache_hits=0
SLIM_PHASE query-chunks wall=4.858 cumulative=1709.046 peak_rss_kib=59692880
SLIM_PROGRESS runs=308346880/1859825862 resolve_wall=98.117 lce_wall=1365.438 write_wall=2.534 lf_steps=0 cache_hits=0
SLIM_PHASE query-chunks wall=4.807 cumulative=1713.853 peak_rss_kib=59692880
SLIM_PROGRESS runs=309395456/1859825862 resolve_wall=98.401 lce_wall=1369.970 write_wall=2.545 lf_steps=0 cache_hits=0
SLIM_PHASE query-chunks wall=4.826 cumulative=1718.679 peak_rss_kib=59692880
SLIM_PROGRESS runs=310444032/1859825862 resolve_wall=98.684 lce_wall=1374.555 write_wall=2.553 lf_steps=0 cache_hits=0
SLIM_PHASE query-chunks wall=4.877 cumulative=1723.556 peak_rss_kib=59692880
SLIM_PROGRESS runs=311492608/1859825862 resolve_wall=98.965 lce_wall=1379.112 write_wall=2.561 lf_steps=0 cache_hits=0
SLIM_PHASE query-chunks wall=4.845 cumulative=1728.401 peak_rss_kib=59692880
SLIM_PROGRESS runs=312541184/1859825862 resolve_wall=99.206 lce_wall=1383.697 write_wall=2.570 lf_steps=0 cache_hits=0
SLIM_PHASE query-chunks wall=4.835 cumulative=1733.236 peak_rss_kib=59692880
SLIM_PROGRESS runs=313589760/1859825862 resolve_wall=99.482 lce_wall=1388.111 write_wall=2.577 lf_steps=0 cache_hits=0
SLIM_PHASE query-chunks wall=4.699 cumulative=1737.934 peak_rss_kib=59692880
SLIM_PROGRESS runs=314638336/1859825862 resolve_wall=99.762 lce_wall=1392.551 write_wall=2.585 lf_steps=0 cache_hits=0
SLIM_PHASE query-chunks wall=4.728 cumulative=1742.662 peak_rss_kib=59692880
SLIM_PROGRESS runs=315686912/1859825862 resolve_wall=100.027 lce_wall=1397.037 write_wall=2.595 lf_steps=0 cache_hits=0
SLIM_PHASE query-chunks wall=4.761 cumulative=1747.423 peak_rss_kib=59692880
SLIM_PROGRESS runs=316735488/1859825862 resolve_wall=100.317 lce_wall=1401.466 write_wall=2.604 lf_steps=0 cache_hits=0
SLIM_PHASE query-chunks wall=4.728 cumulative=1752.152 peak_rss_kib=59692880
SLIM_PROGRESS runs=317784064/1859825862 resolve_wall=100.621 lce_wall=1405.969 write_wall=2.612 lf_steps=0 cache_hits=0
SLIM_PHASE query-chunks wall=4.815 cumulative=1756.967 peak_rss_kib=59692880
SLIM_PROGRESS runs=318832640/1859825862 resolve_wall=100.918 lce_wall=1410.522 write_wall=2.619 lf_steps=0 cache_hits=0
SLIM_PHASE query-chunks wall=4.857 cumulative=1761.824 peak_rss_kib=59692880
SLIM_PROGRESS runs=319881216/1859825862 resolve_wall=101.198 lce_wall=1415.152 write_wall=2.627 lf_steps=0 cache_hits=0
SLIM_PHASE query-chunks wall=4.918 cumulative=1766.741 peak_rss_kib=59692880
SLIM_PROGRESS runs=320929792/1859825862 resolve_wall=101.477 lce_wall=1419.854 write_wall=2.635 lf_steps=0 cache_hits=0
SLIM_PHASE query-chunks wall=4.989 cumulative=1771.731 peak_rss_kib=59692880
SLIM_PROGRESS runs=321978368/1859825862 resolve_wall=101.751 lce_wall=1424.737 write_wall=2.643 lf_steps=0 cache_hits=0
SLIM_PHASE query-chunks wall=5.165 cumulative=1776.896 peak_rss_kib=59692880
SLIM_PROGRESS runs=323026944/1859825862 resolve_wall=102.044 lce_wall=1429.607 write_wall=2.650 lf_steps=0 cache_hits=0
SLIM_PHASE query-chunks wall=5.171 cumulative=1782.067 peak_rss_kib=59692880
SLIM_PROGRESS runs=324075520/1859825862 resolve_wall=102.341 lce_wall=1434.257 write_wall=2.658 lf_steps=0 cache_hits=0
SLIM_PHASE query-chunks wall=4.955 cumulative=1787.022 peak_rss_kib=59692880
SLIM_PROGRESS runs=325124096/1859825862 resolve_wall=102.632 lce_wall=1438.717 write_wall=2.665 lf_steps=0 cache_hits=0
SLIM_PHASE query-chunks wall=4.758 cumulative=1791.780 peak_rss_kib=59692880
SLIM_PROGRESS runs=326172672/1859825862 resolve_wall=102.936 lce_wall=1443.149 write_wall=2.673 lf_steps=0 cache_hits=0
SLIM_PHASE query-chunks wall=4.744 cumulative=1796.523 peak_rss_kib=59692880
SLIM_PROGRESS runs=327221248/1859825862 resolve_wall=103.250 lce_wall=1447.641 write_wall=2.680 lf_steps=0 cache_hits=0
SLIM_PHASE query-chunks wall=4.814 cumulative=1801.337 peak_rss_kib=59692880
SLIM_PROGRESS runs=328269824/1859825862 resolve_wall=103.552 lce_wall=1452.054 write_wall=2.688 lf_steps=0 cache_hits=0
SLIM_PHASE query-chunks wall=4.723 cumulative=1806.060 peak_rss_kib=59692880
SLIM_PROGRESS runs=329318400/1859825862 resolve_wall=103.852 lce_wall=1456.447 write_wall=2.695 lf_steps=0 cache_hits=0
SLIM_PHASE query-chunks wall=4.700 cumulative=1810.760 peak_rss_kib=59692880
SLIM_PROGRESS runs=330366976/1859825862 resolve_wall=104.141 lce_wall=1461.030 write_wall=2.702 lf_steps=0 cache_hits=0
SLIM_PHASE query-chunks wall=4.880 cumulative=1815.640 peak_rss_kib=59692880
SLIM_PROGRESS runs=331415552/1859825862 resolve_wall=104.446 lce_wall=1465.668 write_wall=2.710 lf_steps=0 cache_hits=0
SLIM_PHASE query-chunks wall=4.950 cumulative=1820.590 peak_rss_kib=59692880
SLIM_PROGRESS runs=332464128/1859825862 resolve_wall=104.750 lce_wall=1470.198 write_wall=2.717 lf_steps=0 cache_hits=0
SLIM_PHASE query-chunks wall=4.843 cumulative=1825.433 peak_rss_kib=59692880
SLIM_PROGRESS runs=333512704/1859825862 resolve_wall=105.050 lce_wall=1474.693 write_wall=2.725 lf_steps=0 cache_hits=0
SLIM_PHASE query-chunks wall=4.802 cumulative=1830.235 peak_rss_kib=59692880
SLIM_PROGRESS runs=334561280/1859825862 resolve_wall=105.354 lce_wall=1479.318 write_wall=2.733 lf_steps=0 cache_hits=0
SLIM_PHASE query-chunks wall=4.936 cumulative=1835.172 peak_rss_kib=59692880
SLIM_PROGRESS runs=335609856/1859825862 resolve_wall=105.641 lce_wall=1483.862 write_wall=2.741 lf_steps=0 cache_hits=0
SLIM_PHASE query-chunks wall=4.840 cumulative=1840.012 peak_rss_kib=59692880
SLIM_PROGRESS runs=336658432/1859825862 resolve_wall=105.934 lce_wall=1488.324 write_wall=2.748 lf_steps=0 cache_hits=0
SLIM_PHASE query-chunks wall=4.763 cumulative=1844.774 peak_rss_kib=59692880
SLIM_PROGRESS runs=337707008/1859825862 resolve_wall=106.195 lce_wall=1492.915 write_wall=2.755 lf_steps=0 cache_hits=0
SLIM_PHASE query-chunks wall=4.859 cumulative=1849.634 peak_rss_kib=59692880
SLIM_PROGRESS runs=338755584/1859825862 resolve_wall=106.472 lce_wall=1497.336 write_wall=2.763 lf_steps=0 cache_hits=0
SLIM_PHASE query-chunks wall=4.706 cumulative=1854.340 peak_rss_kib=59692880
SLIM_PROGRESS runs=339804160/1859825862 resolve_wall=106.758 lce_wall=1501.803 write_wall=2.770 lf_steps=0 cache_hits=0
SLIM_PHASE query-chunks wall=4.760 cumulative=1859.100 peak_rss_kib=59692880
SLIM_PROGRESS runs=340852736/1859825862 resolve_wall=107.042 lce_wall=1506.307 write_wall=2.777 lf_steps=0 cache_hits=0
SLIM_PHASE query-chunks wall=4.796 cumulative=1863.895 peak_rss_kib=59692880
SLIM_PROGRESS runs=341901312/1859825862 resolve_wall=107.331 lce_wall=1510.899 write_wall=2.784 lf_steps=0 cache_hits=0
SLIM_PHASE query-chunks wall=4.889 cumulative=1868.784 peak_rss_kib=59692880
SLIM_PROGRESS runs=342949888/1859825862 resolve_wall=107.640 lce_wall=1515.268 write_wall=2.792 lf_steps=0 cache_hits=0
SLIM_PHASE query-chunks wall=4.685 cumulative=1873.469 peak_rss_kib=59692880
SLIM_PROGRESS runs=343998464/1859825862 resolve_wall=107.926 lce_wall=1519.712 write_wall=2.799 lf_steps=0 cache_hits=0
SLIM_PHASE query-chunks wall=4.738 cumulative=1878.206 peak_rss_kib=59692880
SLIM_PROGRESS runs=345047040/1859825862 resolve_wall=108.210 lce_wall=1524.282 write_wall=2.807 lf_steps=0 cache_hits=0
SLIM_PHASE query-chunks wall=4.862 cumulative=1883.068 peak_rss_kib=59692880
SLIM_PROGRESS runs=346095616/1859825862 resolve_wall=108.504 lce_wall=1528.863 write_wall=2.814 lf_steps=0 cache_hits=0
SLIM_PHASE query-chunks wall=4.882 cumulative=1887.950 peak_rss_kib=59692880
SLIM_PROGRESS runs=347144192/1859825862 resolve_wall=108.801 lce_wall=1533.441 write_wall=2.821 lf_steps=0 cache_hits=0
SLIM_PHASE query-chunks wall=4.883 cumulative=1892.833 peak_rss_kib=59692880
SLIM_PROGRESS runs=348192768/1859825862 resolve_wall=109.078 lce_wall=1537.880 write_wall=2.829 lf_steps=0 cache_hits=0
SLIM_PHASE query-chunks wall=4.724 cumulative=1897.557 peak_rss_kib=59692880
SLIM_PROGRESS runs=349241344/1859825862 resolve_wall=109.363 lce_wall=1542.384 write_wall=2.836 lf_steps=0 cache_hits=0
SLIM_PHASE query-chunks wall=4.795 cumulative=1902.353 peak_rss_kib=59692880
SLIM_PROGRESS runs=350289920/1859825862 resolve_wall=109.645 lce_wall=1546.880 write_wall=2.843 lf_steps=0 cache_hits=0
SLIM_PHASE query-chunks wall=4.786 cumulative=1907.138 peak_rss_kib=59692880
SLIM_PROGRESS runs=351338496/1859825862 resolve_wall=109.933 lce_wall=1551.381 write_wall=2.851 lf_steps=0 cache_hits=0
SLIM_PHASE query-chunks wall=4.797 cumulative=1911.935 peak_rss_kib=59692880
SLIM_PROGRESS runs=352387072/1859825862 resolve_wall=110.213 lce_wall=1555.942 write_wall=2.858 lf_steps=0 cache_hits=0
SLIM_PHASE query-chunks wall=4.849 cumulative=1916.784 peak_rss_kib=59692880
SLIM_PROGRESS runs=353435648/1859825862 resolve_wall=110.524 lce_wall=1560.529 write_wall=2.865 lf_steps=0 cache_hits=0
SLIM_PHASE query-chunks wall=4.906 cumulative=1921.690 peak_rss_kib=59692880
SLIM_PROGRESS runs=354484224/1859825862 resolve_wall=110.825 lce_wall=1565.054 write_wall=2.873 lf_steps=0 cache_hits=0
SLIM_PHASE query-chunks wall=4.833 cumulative=1926.523 peak_rss_kib=59692880
SLIM_PROGRESS runs=355532800/1859825862 resolve_wall=111.097 lce_wall=1569.625 write_wall=2.880 lf_steps=0 cache_hits=0
SLIM_PHASE query-chunks wall=4.851 cumulative=1931.374 peak_rss_kib=59692880
SLIM_PROGRESS runs=356581376/1859825862 resolve_wall=111.376 lce_wall=1574.354 write_wall=2.887 lf_steps=0 cache_hits=0
SLIM_PHASE query-chunks wall=5.015 cumulative=1936.389 peak_rss_kib=59692880
SLIM_PROGRESS runs=357629952/1859825862 resolve_wall=111.635 lce_wall=1578.810 write_wall=2.895 lf_steps=0 cache_hits=0
SLIM_PHASE query-chunks wall=4.723 cumulative=1941.112 peak_rss_kib=59692880
SLIM_PROGRESS runs=358678528/1859825862 resolve_wall=111.940 lce_wall=1583.367 write_wall=2.902 lf_steps=0 cache_hits=0
SLIM_PHASE query-chunks wall=4.869 cumulative=1945.981 peak_rss_kib=59692880
SLIM_PROGRESS runs=359727104/1859825862 resolve_wall=112.215 lce_wall=1587.907 write_wall=2.910 lf_steps=0 cache_hits=0
SLIM_PHASE query-chunks wall=4.823 cumulative=1950.804 peak_rss_kib=59692880
SLIM_PROGRESS runs=360775680/1859825862 resolve_wall=112.517 lce_wall=1592.554 write_wall=2.917 lf_steps=0 cache_hits=0
SLIM_PHASE query-chunks wall=4.957 cumulative=1955.761 peak_rss_kib=59692880
SLIM_PROGRESS runs=361824256/1859825862 resolve_wall=112.828 lce_wall=1597.451 write_wall=2.925 lf_steps=0 cache_hits=0
SLIM_PHASE query-chunks wall=5.216 cumulative=1960.977 peak_rss_kib=59692880
SLIM_PROGRESS runs=362872832/1859825862 resolve_wall=113.128 lce_wall=1602.040 write_wall=2.933 lf_steps=0 cache_hits=0
SLIM_PHASE query-chunks wall=4.897 cumulative=1965.874 peak_rss_kib=59692880
SLIM_PROGRESS runs=363921408/1859825862 resolve_wall=113.439 lce_wall=1606.636 write_wall=2.941 lf_steps=0 cache_hits=0
SLIM_PHASE query-chunks wall=4.915 cumulative=1970.788 peak_rss_kib=59692880
SLIM_PROGRESS runs=364969984/1859825862 resolve_wall=113.744 lce_wall=1611.119 write_wall=2.948 lf_steps=0 cache_hits=0
SLIM_PHASE query-chunks wall=4.795 cumulative=1975.583 peak_rss_kib=59692880
SLIM_PROGRESS runs=366018560/1859825862 resolve_wall=114.052 lce_wall=1615.604 write_wall=2.955 lf_steps=0 cache_hits=0
SLIM_PHASE query-chunks wall=4.802 cumulative=1980.385 peak_rss_kib=59692880
SLIM_PROGRESS runs=367067136/1859825862 resolve_wall=114.355 lce_wall=1620.001 write_wall=2.962 lf_steps=0 cache_hits=0
SLIM_PHASE query-chunks wall=4.707 cumulative=1985.092 peak_rss_kib=59692880
SLIM_PROGRESS runs=368115712/1859825862 resolve_wall=114.639 lce_wall=1624.530 write_wall=2.969 lf_steps=0 cache_hits=0
SLIM_PHASE query-chunks wall=4.820 cumulative=1989.912 peak_rss_kib=59692880
SLIM_PROGRESS runs=369164288/1859825862 resolve_wall=114.922 lce_wall=1629.043 write_wall=2.977 lf_steps=0 cache_hits=0
SLIM_PHASE query-chunks wall=4.803 cumulative=1994.715 peak_rss_kib=59692880
SLIM_PROGRESS runs=370212864/1859825862 resolve_wall=115.223 lce_wall=1633.595 write_wall=2.984 lf_steps=0 cache_hits=0
SLIM_PHASE query-chunks wall=4.861 cumulative=1999.576 peak_rss_kib=59692880
SLIM_PROGRESS runs=371261440/1859825862 resolve_wall=115.499 lce_wall=1638.186 write_wall=2.991 lf_steps=0 cache_hits=0
SLIM_PHASE query-chunks wall=4.874 cumulative=2004.450 peak_rss_kib=59692880
SLIM_PROGRESS runs=372310016/1859825862 resolve_wall=115.794 lce_wall=1642.770 write_wall=2.998 lf_steps=0 cache_hits=0
SLIM_PHASE query-chunks wall=4.888 cumulative=2009.337 peak_rss_kib=59692880
SLIM_PROGRESS runs=373358592/1859825862 resolve_wall=116.090 lce_wall=1647.284 write_wall=3.006 lf_steps=0 cache_hits=0
SLIM_PHASE query-chunks wall=4.816 cumulative=2014.154 peak_rss_kib=59692880
SLIM_PROGRESS runs=374407168/1859825862 resolve_wall=116.364 lce_wall=1651.795 write_wall=3.013 lf_steps=0 cache_hits=0
SLIM_PHASE query-chunks wall=4.794 cumulative=2018.947 peak_rss_kib=59692880
SLIM_PROGRESS runs=375455744/1859825862 resolve_wall=116.643 lce_wall=1656.206 write_wall=3.021 lf_steps=0 cache_hits=0
SLIM_PHASE query-chunks wall=4.698 cumulative=2023.645 peak_rss_kib=59692880
SLIM_PROGRESS runs=376504320/1859825862 resolve_wall=116.939 lce_wall=1660.671 write_wall=3.028 lf_steps=0 cache_hits=0
SLIM_PHASE query-chunks wall=4.768 cumulative=2028.413 peak_rss_kib=59692880
SLIM_PROGRESS runs=377552896/1859825862 resolve_wall=117.231 lce_wall=1665.061 write_wall=3.036 lf_steps=0 cache_hits=0
SLIM_PHASE query-chunks wall=4.690 cumulative=2033.103 peak_rss_kib=59692880
SLIM_PROGRESS runs=378601472/1859825862 resolve_wall=117.511 lce_wall=1669.464 write_wall=3.043 lf_steps=0 cache_hits=0
SLIM_PHASE query-chunks wall=4.691 cumulative=2037.794 peak_rss_kib=59692880
SLIM_PROGRESS runs=379650048/1859825862 resolve_wall=117.777 lce_wall=1673.831 write_wall=3.051 lf_steps=0 cache_hits=0
SLIM_PHASE query-chunks wall=4.642 cumulative=2042.435 peak_rss_kib=59692880
SLIM_PROGRESS runs=380698624/1859825862 resolve_wall=118.083 lce_wall=1678.201 write_wall=3.058 lf_steps=0 cache_hits=0
SLIM_PHASE query-chunks wall=4.682 cumulative=2047.117 peak_rss_kib=59692880
SLIM_PROGRESS runs=381747200/1859825862 resolve_wall=118.387 lce_wall=1682.585 write_wall=3.065 lf_steps=0 cache_hits=0
SLIM_PHASE query-chunks wall=4.696 cumulative=2051.813 peak_rss_kib=59692880
SLIM_PROGRESS runs=382795776/1859825862 resolve_wall=118.681 lce_wall=1687.076 write_wall=3.073 lf_steps=0 cache_hits=0
SLIM_PHASE query-chunks wall=4.793 cumulative=2056.606 peak_rss_kib=59692880
SLIM_PROGRESS runs=383844352/1859825862 resolve_wall=118.967 lce_wall=1691.805 write_wall=3.080 lf_steps=0 cache_hits=0
SLIM_PHASE query-chunks wall=5.022 cumulative=2061.628 peak_rss_kib=59692880
SLIM_PROGRESS runs=384892928/1859825862 resolve_wall=119.258 lce_wall=1696.464 write_wall=3.088 lf_steps=0 cache_hits=0
SLIM_PHASE query-chunks wall=4.959 cumulative=2066.587 peak_rss_kib=59692880
SLIM_PROGRESS runs=385941504/1859825862 resolve_wall=119.528 lce_wall=1700.932 write_wall=3.095 lf_steps=0 cache_hits=0
SLIM_PHASE query-chunks wall=4.745 cumulative=2071.331 peak_rss_kib=59692880
SLIM_PROGRESS runs=386990080/1859825862 resolve_wall=119.833 lce_wall=1705.327 write_wall=3.103 lf_steps=0 cache_hits=0
SLIM_PHASE query-chunks wall=4.708 cumulative=2076.040 peak_rss_kib=59692880
SLIM_PROGRESS runs=388038656/1859825862 resolve_wall=120.126 lce_wall=1709.134 write_wall=3.112 lf_steps=0 cache_hits=0
SLIM_PHASE query-chunks wall=4.109 cumulative=2080.149 peak_rss_kib=59692880
SLIM_PROGRESS runs=389087232/1859825862 resolve_wall=120.424 lce_wall=1713.574 write_wall=3.120 lf_steps=0 cache_hits=0
SLIM_PHASE query-chunks wall=4.746 cumulative=2084.895 peak_rss_kib=59692880
SLIM_PROGRESS runs=390135808/1859825862 resolve_wall=120.729 lce_wall=1718.023 write_wall=3.128 lf_steps=0 cache_hits=0
SLIM_PHASE query-chunks wall=4.762 cumulative=2089.657 peak_rss_kib=59692880
SLIM_PROGRESS runs=391184384/1859825862 resolve_wall=121.018 lce_wall=1722.405 write_wall=3.135 lf_steps=0 cache_hits=0
SLIM_PHASE query-chunks wall=4.679 cumulative=2094.336 peak_rss_kib=59692880
SLIM_PROGRESS runs=392232960/1859825862 resolve_wall=121.299 lce_wall=1727.046 write_wall=3.142 lf_steps=0 cache_hits=0
SLIM_PHASE query-chunks wall=4.929 cumulative=2099.265 peak_rss_kib=59692880
SLIM_PROGRESS runs=393281536/1859825862 resolve_wall=121.593 lce_wall=1731.375 write_wall=3.150 lf_steps=0 cache_hits=0
SLIM_PHASE query-chunks wall=4.632 cumulative=2103.897 peak_rss_kib=59692880
SLIM_PROGRESS runs=394330112/1859825862 resolve_wall=121.866 lce_wall=1735.779 write_wall=3.158 lf_steps=0 cache_hits=0
SLIM_PHASE query-chunks wall=4.684 cumulative=2108.581 peak_rss_kib=59692880
SLIM_PROGRESS runs=395378688/1859825862 resolve_wall=122.148 lce_wall=1740.124 write_wall=3.165 lf_steps=0 cache_hits=0
SLIM_PHASE query-chunks wall=4.635 cumulative=2113.216 peak_rss_kib=59692880
SLIM_PROGRESS runs=396427264/1859825862 resolve_wall=122.433 lce_wall=1744.661 write_wall=3.172 lf_steps=0 cache_hits=0
SLIM_PHASE query-chunks wall=4.828 cumulative=2118.044 peak_rss_kib=59692880
SLIM_PROGRESS runs=397475840/1859825862 resolve_wall=122.709 lce_wall=1749.111 write_wall=3.180 lf_steps=0 cache_hits=0
SLIM_PHASE query-chunks wall=4.734 cumulative=2122.778 peak_rss_kib=59692880
SLIM_PROGRESS runs=398524416/1859825862 resolve_wall=122.976 lce_wall=1753.626 write_wall=3.187 lf_steps=0 cache_hits=0
SLIM_PHASE query-chunks wall=4.789 cumulative=2127.567 peak_rss_kib=59692880
SLIM_PROGRESS runs=399572992/1859825862 resolve_wall=123.245 lce_wall=1758.149 write_wall=3.194 lf_steps=0 cache_hits=0
SLIM_PHASE query-chunks wall=4.801 cumulative=2132.368 peak_rss_kib=59692880
SLIM_PROGRESS runs=400621568/1859825862 resolve_wall=123.520 lce_wall=1762.540 write_wall=3.202 lf_steps=0 cache_hits=0
SLIM_PHASE query-chunks wall=4.673 cumulative=2137.041 peak_rss_kib=59692880
SLIM_PROGRESS runs=401670144/1859825862 resolve_wall=123.774 lce_wall=1767.015 write_wall=3.209 lf_steps=0 cache_hits=0
SLIM_PHASE query-chunks wall=4.736 cumulative=2141.777 peak_rss_kib=59692880
SLIM_PROGRESS runs=402718720/1859825862 resolve_wall=124.031 lce_wall=1771.380 write_wall=3.216 lf_steps=0 cache_hits=0
SLIM_PHASE query-chunks wall=4.629 cumulative=2146.407 peak_rss_kib=59692880
SLIM_PROGRESS runs=403767296/1859825862 resolve_wall=124.322 lce_wall=1775.840 write_wall=3.224 lf_steps=0 cache_hits=0
SLIM_PHASE query-chunks wall=4.758 cumulative=2151.165 peak_rss_kib=59692880
SLIM_PROGRESS runs=404815872/1859825862 resolve_wall=124.560 lce_wall=1780.466 write_wall=3.231 lf_steps=0 cache_hits=0
SLIM_PHASE query-chunks wall=4.872 cumulative=2156.037 peak_rss_kib=59692880
SLIM_PROGRESS runs=405864448/1859825862 resolve_wall=124.842 lce_wall=1784.995 write_wall=3.239 lf_steps=0 cache_hits=0
SLIM_PHASE query-chunks wall=4.818 cumulative=2160.856 peak_rss_kib=59692880
SLIM_PROGRESS runs=406913024/1859825862 resolve_wall=125.106 lce_wall=1789.515 write_wall=3.246 lf_steps=0 cache_hits=0
SLIM_PHASE query-chunks wall=4.792 cumulative=2165.647 peak_rss_kib=59692880
SLIM_PROGRESS runs=407961600/1859825862 resolve_wall=125.403 lce_wall=1793.952 write_wall=3.253 lf_steps=0 cache_hits=0
SLIM_PHASE query-chunks wall=4.742 cumulative=2170.389 peak_rss_kib=59692880
SLIM_PROGRESS runs=409010176/1859825862 resolve_wall=125.697 lce_wall=1798.312 write_wall=3.261 lf_steps=0 cache_hits=0
SLIM_PHASE query-chunks wall=4.662 cumulative=2175.050 peak_rss_kib=59692880
SLIM_PROGRESS runs=410058752/1859825862 resolve_wall=125.976 lce_wall=1802.671 write_wall=3.268 lf_steps=0 cache_hits=0
SLIM_PHASE query-chunks wall=4.645 cumulative=2179.695 peak_rss_kib=59692880
SLIM_PROGRESS runs=411107328/1859825862 resolve_wall=126.266 lce_wall=1807.102 write_wall=3.276 lf_steps=0 cache_hits=0
SLIM_PHASE query-chunks wall=4.730 cumulative=2184.425 peak_rss_kib=59692880
SLIM_PROGRESS runs=412155904/1859825862 resolve_wall=126.541 lce_wall=1811.419 write_wall=3.284 lf_steps=0 cache_hits=0
SLIM_PHASE query-chunks wall=4.600 cumulative=2189.025 peak_rss_kib=59692880
SLIM_PROGRESS runs=413204480/1859825862 resolve_wall=126.822 lce_wall=1815.981 write_wall=3.292 lf_steps=0 cache_hits=0
SLIM_PHASE query-chunks wall=4.851 cumulative=2193.876 peak_rss_kib=59692880
SLIM_PROGRESS runs=414253056/1859825862 resolve_wall=127.067 lce_wall=1820.632 write_wall=3.300 lf_steps=0 cache_hits=0
SLIM_PHASE query-chunks wall=4.904 cumulative=2198.781 peak_rss_kib=59692880
SLIM_PROGRESS runs=415301632/1859825862 resolve_wall=127.374 lce_wall=1825.083 write_wall=3.307 lf_steps=0 cache_hits=0
SLIM_PHASE query-chunks wall=4.766 cumulative=2203.547 peak_rss_kib=59692880
SLIM_PROGRESS runs=416350208/1859825862 resolve_wall=127.677 lce_wall=1829.510 write_wall=3.315 lf_steps=0 cache_hits=0
SLIM_PHASE query-chunks wall=4.737 cumulative=2208.283 peak_rss_kib=59692880
SLIM_PROGRESS runs=417398784/1859825862 resolve_wall=127.970 lce_wall=1833.932 write_wall=3.322 lf_steps=0 cache_hits=0
SLIM_PHASE query-chunks wall=4.723 cumulative=2213.006 peak_rss_kib=59692880
SLIM_PROGRESS runs=418447360/1859825862 resolve_wall=128.270 lce_wall=1838.478 write_wall=3.329 lf_steps=0 cache_hits=0
SLIM_PHASE query-chunks wall=4.853 cumulative=2217.859 peak_rss_kib=59692880
SLIM_PROGRESS runs=419495936/1859825862 resolve_wall=128.526 lce_wall=1842.999 write_wall=3.337 lf_steps=0 cache_hits=0
SLIM_PHASE query-chunks wall=4.784 cumulative=2222.644 peak_rss_kib=59692880
SLIM_PROGRESS runs=420544512/1859825862 resolve_wall=128.772 lce_wall=1847.526 write_wall=3.346 lf_steps=0 cache_hits=0
SLIM_PHASE query-chunks wall=4.782 cumulative=2227.426 peak_rss_kib=59692880
SLIM_PROGRESS runs=421593088/1859825862 resolve_wall=129.049 lce_wall=1852.011 write_wall=3.354 lf_steps=0 cache_hits=0
SLIM_PHASE query-chunks wall=4.771 cumulative=2232.197 peak_rss_kib=59692880
SLIM_PROGRESS runs=422641664/1859825862 resolve_wall=129.319 lce_wall=1856.380 write_wall=3.361 lf_steps=0 cache_hits=0
SLIM_PHASE query-chunks wall=4.645 cumulative=2236.842 peak_rss_kib=59692880
SLIM_PROGRESS runs=423690240/1859825862 resolve_wall=129.565 lce_wall=1860.718 write_wall=3.368 lf_steps=0 cache_hits=0
SLIM_PHASE query-chunks wall=4.593 cumulative=2241.435 peak_rss_kib=59692880
SLIM_PROGRESS runs=424738816/1859825862 resolve_wall=129.801 lce_wall=1865.180 write_wall=3.375 lf_steps=0 cache_hits=0
SLIM_PHASE query-chunks wall=4.705 cumulative=2246.140 peak_rss_kib=59692880
SLIM_PROGRESS runs=425787392/1859825862 resolve_wall=130.075 lce_wall=1869.685 write_wall=3.382 lf_steps=0 cache_hits=0
SLIM_PHASE query-chunks wall=4.786 cumulative=2250.926 peak_rss_kib=59692880
SLIM_PROGRESS runs=426835968/1859825862 resolve_wall=130.328 lce_wall=1874.199 write_wall=3.390 lf_steps=0 cache_hits=0
SLIM_PHASE query-chunks wall=4.774 cumulative=2255.700 peak_rss_kib=59692880
SLIM_PROGRESS runs=427884544/1859825862 resolve_wall=130.593 lce_wall=1878.740 write_wall=3.397 lf_steps=0 cache_hits=0
SLIM_PHASE query-chunks wall=4.813 cumulative=2260.513 peak_rss_kib=59692880
SLIM_PROGRESS runs=428933120/1859825862 resolve_wall=130.849 lce_wall=1883.362 write_wall=3.404 lf_steps=0 cache_hits=0
SLIM_PHASE query-chunks wall=4.886 cumulative=2265.399 peak_rss_kib=59692880
SLIM_PROGRESS runs=429981696/1859825862 resolve_wall=131.119 lce_wall=1887.882 write_wall=3.411 lf_steps=0 cache_hits=0
SLIM_PHASE query-chunks wall=4.797 cumulative=2270.196 peak_rss_kib=59692880
SLIM_PROGRESS runs=431030272/1859825862 resolve_wall=131.385 lce_wall=1892.313 write_wall=3.418 lf_steps=0 cache_hits=0
SLIM_PHASE query-chunks wall=4.704 cumulative=2274.900 peak_rss_kib=59692880
SLIM_PROGRESS runs=432078848/1859825862 resolve_wall=131.647 lce_wall=1896.919 write_wall=3.425 lf_steps=0 cache_hits=0
SLIM_PHASE query-chunks wall=4.875 cumulative=2279.775 peak_rss_kib=59692880
SLIM_PROGRESS runs=433127424/1859825862 resolve_wall=131.900 lce_wall=1901.528 write_wall=3.432 lf_steps=0 cache_hits=0
SLIM_PHASE query-chunks wall=4.869 cumulative=2284.644 peak_rss_kib=59692880
SLIM_PROGRESS runs=434176000/1859825862 resolve_wall=132.203 lce_wall=1906.025 write_wall=3.439 lf_steps=0 cache_hits=0
SLIM_PHASE query-chunks wall=4.808 cumulative=2289.452 peak_rss_kib=59692880
SLIM_PROGRESS runs=435224576/1859825862 resolve_wall=132.466 lce_wall=1910.483 write_wall=3.447 lf_steps=0 cache_hits=0
SLIM_PHASE query-chunks wall=4.729 cumulative=2294.181 peak_rss_kib=59692880
SLIM_PROGRESS runs=436273152/1859825862 resolve_wall=132.709 lce_wall=1914.985 write_wall=3.454 lf_steps=0 cache_hits=0
SLIM_PHASE query-chunks wall=4.752 cumulative=2298.933 peak_rss_kib=59692880
SLIM_PROGRESS runs=437321728/1859825862 resolve_wall=132.934 lce_wall=1919.597 write_wall=3.461 lf_steps=0 cache_hits=0
SLIM_PHASE query-chunks wall=4.845 cumulative=2303.778 peak_rss_kib=59692880
SLIM_PROGRESS runs=438370304/1859825862 resolve_wall=133.195 lce_wall=1924.104 write_wall=3.468 lf_steps=0 cache_hits=0
SLIM_PHASE query-chunks wall=4.775 cumulative=2308.553 peak_rss_kib=59692880
SLIM_PROGRESS runs=439418880/1859825862 resolve_wall=133.474 lce_wall=1928.582 write_wall=3.476 lf_steps=0 cache_hits=0
SLIM_PHASE query-chunks wall=4.765 cumulative=2313.318 peak_rss_kib=59692880
SLIM_PROGRESS runs=440467456/1859825862 resolve_wall=133.777 lce_wall=1932.964 write_wall=3.483 lf_steps=0 cache_hits=0
SLIM_PHASE query-chunks wall=4.692 cumulative=2318.010 peak_rss_kib=59692880
SLIM_PROGRESS runs=441516032/1859825862 resolve_wall=134.077 lce_wall=1937.457 write_wall=3.491 lf_steps=0 cache_hits=0
SLIM_PHASE query-chunks wall=4.801 cumulative=2322.811 peak_rss_kib=59692880
SLIM_PROGRESS runs=442564608/1859825862 resolve_wall=134.376 lce_wall=1941.901 write_wall=3.498 lf_steps=0 cache_hits=0
SLIM_PHASE query-chunks wall=4.751 cumulative=2327.562 peak_rss_kib=59692880
SLIM_PROGRESS runs=443613184/1859825862 resolve_wall=134.644 lce_wall=1946.463 write_wall=3.506 lf_steps=0 cache_hits=0
SLIM_PHASE query-chunks wall=4.837 cumulative=2332.399 peak_rss_kib=59692880
SLIM_PROGRESS runs=444661760/1859825862 resolve_wall=134.926 lce_wall=1950.918 write_wall=3.513 lf_steps=0 cache_hits=0
SLIM_PHASE query-chunks wall=4.745 cumulative=2337.143 peak_rss_kib=59692880
SLIM_PROGRESS runs=445710336/1859825862 resolve_wall=135.171 lce_wall=1955.353 write_wall=3.521 lf_steps=0 cache_hits=0
SLIM_PHASE query-chunks wall=4.688 cumulative=2341.831 peak_rss_kib=59692880
SLIM_PROGRESS runs=446758912/1859825862 resolve_wall=135.459 lce_wall=1959.920 write_wall=3.528 lf_steps=0 cache_hits=0
SLIM_PHASE query-chunks wall=4.863 cumulative=2346.694 peak_rss_kib=59692880
SLIM_PROGRESS runs=447807488/1859825862 resolve_wall=135.706 lce_wall=1964.416 write_wall=3.535 lf_steps=0 cache_hits=0
SLIM_PHASE query-chunks wall=4.751 cumulative=2351.445 peak_rss_kib=59692880
SLIM_PROGRESS runs=448856064/1859825862 resolve_wall=135.964 lce_wall=1968.880 write_wall=3.543 lf_steps=0 cache_hits=0
SLIM_PHASE query-chunks wall=4.729 cumulative=2356.173 peak_rss_kib=59692880
SLIM_PROGRESS runs=449904640/1859825862 resolve_wall=136.212 lce_wall=1973.234 write_wall=3.550 lf_steps=0 cache_hits=0
SLIM_PHASE query-chunks wall=4.611 cumulative=2360.785 peak_rss_kib=59692880
SLIM_PROGRESS runs=450953216/1859825862 resolve_wall=136.480 lce_wall=1977.540 write_wall=3.557 lf_steps=0 cache_hits=0
SLIM_PHASE query-chunks wall=4.580 cumulative=2365.365 peak_rss_kib=59692880
SLIM_PROGRESS runs=452001792/1859825862 resolve_wall=136.755 lce_wall=1981.902 write_wall=3.565 lf_steps=0 cache_hits=0
SLIM_PHASE query-chunks wall=4.645 cumulative=2370.010 peak_rss_kib=59692880
SLIM_PROGRESS runs=453050368/1859825862 resolve_wall=137.061 lce_wall=1986.284 write_wall=3.572 lf_steps=0 cache_hits=0
SLIM_PHASE query-chunks wall=4.694 cumulative=2374.704 peak_rss_kib=59692880
SLIM_PROGRESS runs=454098944/1859825862 resolve_wall=137.348 lce_wall=1990.716 write_wall=3.579 lf_steps=0 cache_hits=0
SLIM_PHASE query-chunks wall=4.726 cumulative=2379.430 peak_rss_kib=59692880
SLIM_PROGRESS runs=455147520/1859825862 resolve_wall=137.617 lce_wall=1995.317 write_wall=3.586 lf_steps=0 cache_hits=0
SLIM_PHASE query-chunks wall=4.877 cumulative=2384.308 peak_rss_kib=59692880
SLIM_PROGRESS runs=456196096/1859825862 resolve_wall=137.887 lce_wall=1999.910 write_wall=3.593 lf_steps=0 cache_hits=0
SLIM_PHASE query-chunks wall=4.871 cumulative=2389.178 peak_rss_kib=59692880
SLIM_PROGRESS runs=457244672/1859825862 resolve_wall=138.131 lce_wall=2004.721 write_wall=3.600 lf_steps=0 cache_hits=0
SLIM_PHASE query-chunks wall=5.063 cumulative=2394.241 peak_rss_kib=59692880
SLIM_PROGRESS runs=458293248/1859825862 resolve_wall=138.414 lce_wall=2009.366 write_wall=3.608 lf_steps=0 cache_hits=0
SLIM_PHASE query-chunks wall=4.936 cumulative=2399.177 peak_rss_kib=59692880
SLIM_PROGRESS runs=459341824/1859825862 resolve_wall=138.699 lce_wall=2014.080 write_wall=3.615 lf_steps=0 cache_hits=0
SLIM_PHASE query-chunks wall=5.006 cumulative=2404.183 peak_rss_kib=59692880
SLIM_PROGRESS runs=460390400/1859825862 resolve_wall=138.962 lce_wall=2018.584 write_wall=3.622 lf_steps=0 cache_hits=0
SLIM_PHASE query-chunks wall=4.774 cumulative=2408.957 peak_rss_kib=59692880
SLIM_PROGRESS runs=461438976/1859825862 resolve_wall=139.221 lce_wall=2023.231 write_wall=3.630 lf_steps=0 cache_hits=0
SLIM_PHASE query-chunks wall=4.914 cumulative=2413.871 peak_rss_kib=59692880
SLIM_PROGRESS runs=462487552/1859825862 resolve_wall=139.503 lce_wall=2027.757 write_wall=3.637 lf_steps=0 cache_hits=0
SLIM_PHASE query-chunks wall=4.815 cumulative=2418.686 peak_rss_kib=59692880
SLIM_PROGRESS runs=463536128/1859825862 resolve_wall=139.750 lce_wall=2032.073 write_wall=3.645 lf_steps=0 cache_hits=0
SLIM_PHASE query-chunks wall=4.572 cumulative=2423.258 peak_rss_kib=59692880
SLIM_PROGRESS runs=464584704/1859825862 resolve_wall=139.996 lce_wall=2036.283 write_wall=3.652 lf_steps=0 cache_hits=0
SLIM_PHASE query-chunks wall=4.462 cumulative=2427.720 peak_rss_kib=59692880
SLIM_PROGRESS runs=465633280/1859825862 resolve_wall=140.264 lce_wall=2040.579 write_wall=3.659 lf_steps=0 cache_hits=0
SLIM_PHASE query-chunks wall=4.572 cumulative=2432.293 peak_rss_kib=59692880
SLIM_PROGRESS runs=466681856/1859825862 resolve_wall=140.522 lce_wall=2045.036 write_wall=3.667 lf_steps=0 cache_hits=0
SLIM_PHASE query-chunks wall=4.722 cumulative=2437.015 peak_rss_kib=59692880
SLIM_PROGRESS runs=467730432/1859825862 resolve_wall=140.797 lce_wall=2049.500 write_wall=3.676 lf_steps=0 cache_hits=0
SLIM_PHASE query-chunks wall=4.749 cumulative=2441.764 peak_rss_kib=59692880
SLIM_PROGRESS runs=468779008/1859825862 resolve_wall=141.107 lce_wall=2053.958 write_wall=3.686 lf_steps=0 cache_hits=0
SLIM_PHASE query-chunks wall=4.777 cumulative=2446.541 peak_rss_kib=59692880
SLIM_PROGRESS runs=469827584/1859825862 resolve_wall=141.352 lce_wall=2058.421 write_wall=3.693 lf_steps=0 cache_hits=0
SLIM_PHASE query-chunks wall=4.716 cumulative=2451.257 peak_rss_kib=59692880
SLIM_PROGRESS runs=470876160/1859825862 resolve_wall=141.593 lce_wall=2062.983 write_wall=3.700 lf_steps=0 cache_hits=0
SLIM_PHASE query-chunks wall=4.811 cumulative=2456.068 peak_rss_kib=59692880
SLIM_PROGRESS runs=471924736/1859825862 resolve_wall=141.866 lce_wall=2067.460 write_wall=3.708 lf_steps=0 cache_hits=0
SLIM_PHASE query-chunks wall=4.757 cumulative=2460.825 peak_rss_kib=59692880
SLIM_PROGRESS runs=472973312/1859825862 resolve_wall=142.132 lce_wall=2072.083 write_wall=3.715 lf_steps=0 cache_hits=0
SLIM_PHASE query-chunks wall=4.897 cumulative=2465.722 peak_rss_kib=59692880
SLIM_PROGRESS runs=474021888/1859825862 resolve_wall=142.403 lce_wall=2076.629 write_wall=3.723 lf_steps=0 cache_hits=0
SLIM_PHASE query-chunks wall=4.825 cumulative=2470.547 peak_rss_kib=59692880
SLIM_PROGRESS runs=475070464/1859825862 resolve_wall=142.665 lce_wall=2081.278 write_wall=3.730 lf_steps=0 cache_hits=0
SLIM_PHASE query-chunks wall=4.918 cumulative=2475.465 peak_rss_kib=59692880
SLIM_PROGRESS runs=476119040/1859825862 resolve_wall=142.930 lce_wall=2085.980 write_wall=3.739 lf_steps=0 cache_hits=0
SLIM_PHASE query-chunks wall=4.976 cumulative=2480.441 peak_rss_kib=59692880
SLIM_PROGRESS runs=477167616/1859825862 resolve_wall=143.238 lce_wall=2090.593 write_wall=3.746 lf_steps=0 cache_hits=0
SLIM_PHASE query-chunks wall=4.928 cumulative=2485.369 peak_rss_kib=59692880
SLIM_PROGRESS runs=478216192/1859825862 resolve_wall=143.471 lce_wall=2095.263 write_wall=3.754 lf_steps=0 cache_hits=0
SLIM_PHASE query-chunks wall=4.912 cumulative=2490.281 peak_rss_kib=59692880
SLIM_PROGRESS runs=479264768/1859825862 resolve_wall=143.762 lce_wall=2099.813 write_wall=3.762 lf_steps=0 cache_hits=0
SLIM_PHASE query-chunks wall=4.849 cumulative=2495.130 peak_rss_kib=59692880
SLIM_PROGRESS runs=480313344/1859825862 resolve_wall=144.004 lce_wall=2104.267 write_wall=3.769 lf_steps=0 cache_hits=0
SLIM_PHASE query-chunks wall=4.702 cumulative=2499.832 peak_rss_kib=59692880
SLIM_PROGRESS runs=481361920/1859825862 resolve_wall=144.263 lce_wall=2108.710 write_wall=3.776 lf_steps=0 cache_hits=0
SLIM_PHASE query-chunks wall=4.711 cumulative=2504.543 peak_rss_kib=59692880
SLIM_PROGRESS runs=482410496/1859825862 resolve_wall=144.499 lce_wall=2113.334 write_wall=3.784 lf_steps=0 cache_hits=0
SLIM_PHASE query-chunks wall=4.866 cumulative=2509.409 peak_rss_kib=59692880
SLIM_PROGRESS runs=483459072/1859825862 resolve_wall=144.790 lce_wall=2117.913 write_wall=3.791 lf_steps=0 cache_hits=0
SLIM_PHASE query-chunks wall=4.878 cumulative=2514.288 peak_rss_kib=59692880
SLIM_PROGRESS runs=484507648/1859825862 resolve_wall=145.072 lce_wall=2122.431 write_wall=3.798 lf_steps=0 cache_hits=0
SLIM_PHASE query-chunks wall=4.807 cumulative=2519.095 peak_rss_kib=59692880
SLIM_PROGRESS runs=485556224/1859825862 resolve_wall=145.379 lce_wall=2127.009 write_wall=3.805 lf_steps=0 cache_hits=0
SLIM_PHASE query-chunks wall=4.892 cumulative=2523.987 peak_rss_kib=59692880
SLIM_PROGRESS runs=486604800/1859825862 resolve_wall=145.686 lce_wall=2131.499 write_wall=3.812 lf_steps=0 cache_hits=0
SLIM_PHASE query-chunks wall=4.803 cumulative=2528.790 peak_rss_kib=59692880
SLIM_PROGRESS runs=487653376/1859825862 resolve_wall=145.991 lce_wall=2136.017 write_wall=3.819 lf_steps=0 cache_hits=0
SLIM_PHASE query-chunks wall=4.831 cumulative=2533.622 peak_rss_kib=59692880
SLIM_PROGRESS runs=488701952/1859825862 resolve_wall=146.280 lce_wall=2140.564 write_wall=3.827 lf_steps=0 cache_hits=0
SLIM_PHASE query-chunks wall=4.843 cumulative=2538.465 peak_rss_kib=59692880
SLIM_PROGRESS runs=489750528/1859825862 resolve_wall=146.542 lce_wall=2145.051 write_wall=3.834 lf_steps=0 cache_hits=0
SLIM_PHASE query-chunks wall=4.757 cumulative=2543.222 peak_rss_kib=59692880
SLIM_PROGRESS runs=490799104/1859825862 resolve_wall=146.794 lce_wall=2149.605 write_wall=3.841 lf_steps=0 cache_hits=0
SLIM_PHASE query-chunks wall=4.813 cumulative=2548.035 peak_rss_kib=59692880
SLIM_PROGRESS runs=491847680/1859825862 resolve_wall=147.047 lce_wall=2154.058 write_wall=3.849 lf_steps=0 cache_hits=0
SLIM_PHASE query-chunks wall=4.715 cumulative=2552.749 peak_rss_kib=59692880
SLIM_PROGRESS runs=492896256/1859825862 resolve_wall=147.340 lce_wall=2158.623 write_wall=3.856 lf_steps=0 cache_hits=0
SLIM_PHASE query-chunks wall=4.865 cumulative=2557.614 peak_rss_kib=59692880
SLIM_PROGRESS runs=493944832/1859825862 resolve_wall=147.611 lce_wall=2163.175 write_wall=3.863 lf_steps=0 cache_hits=0
SLIM_PHASE query-chunks wall=4.831 cumulative=2562.445 peak_rss_kib=59692880
SLIM_PROGRESS runs=494993408/1859825862 resolve_wall=147.924 lce_wall=2167.586 write_wall=3.870 lf_steps=0 cache_hits=0
SLIM_PHASE query-chunks wall=4.731 cumulative=2567.176 peak_rss_kib=59692880
SLIM_PROGRESS runs=496041984/1859825862 resolve_wall=148.211 lce_wall=2172.137 write_wall=3.877 lf_steps=0 cache_hits=0
SLIM_PHASE query-chunks wall=4.846 cumulative=2572.021 peak_rss_kib=59692880
SLIM_PROGRESS runs=497090560/1859825862 resolve_wall=148.497 lce_wall=2177.145 write_wall=3.885 lf_steps=0 cache_hits=0
SLIM_PHASE query-chunks wall=5.301 cumulative=2577.322 peak_rss_kib=59692880
SLIM_PROGRESS runs=498139136/1859825862 resolve_wall=148.811 lce_wall=2181.589 write_wall=3.892 lf_steps=0 cache_hits=0
SLIM_PHASE query-chunks wall=4.766 cumulative=2582.088 peak_rss_kib=59692880
SLIM_PROGRESS runs=499187712/1859825862 resolve_wall=149.101 lce_wall=2186.549 write_wall=3.899 lf_steps=0 cache_hits=0
SLIM_PHASE query-chunks wall=5.258 cumulative=2587.346 peak_rss_kib=59692880
SLIM_PROGRESS runs=500236288/1859825862 resolve_wall=149.391 lce_wall=2191.248 write_wall=3.907 lf_steps=0 cache_hits=0
SLIM_PHASE query-chunks wall=4.996 cumulative=2592.342 peak_rss_kib=59692880
SLIM_PROGRESS runs=501284864/1859825862 resolve_wall=149.672 lce_wall=2195.836 write_wall=3.915 lf_steps=0 cache_hits=0
SLIM_PHASE query-chunks wall=4.877 cumulative=2597.219 peak_rss_kib=59692880
SLIM_PROGRESS runs=502333440/1859825862 resolve_wall=149.936 lce_wall=2200.420 write_wall=3.922 lf_steps=0 cache_hits=0
SLIM_PHASE query-chunks wall=4.855 cumulative=2602.074 peak_rss_kib=59692880
SLIM_PROGRESS runs=503382016/1859825862 resolve_wall=150.190 lce_wall=2204.982 write_wall=3.930 lf_steps=0 cache_hits=0
SLIM_PHASE query-chunks wall=4.825 cumulative=2606.899 peak_rss_kib=59692880
SLIM_PROGRESS runs=504430592/1859825862 resolve_wall=150.476 lce_wall=2209.487 write_wall=3.948 lf_steps=0 cache_hits=0
SLIM_PHASE query-chunks wall=4.809 cumulative=2611.708 peak_rss_kib=59692880
SLIM_PROGRESS runs=505479168/1859825862 resolve_wall=150.744 lce_wall=2213.947 write_wall=3.956 lf_steps=0 cache_hits=0
SLIM_PHASE query-chunks wall=4.736 cumulative=2616.443 peak_rss_kib=59692880
SLIM_PROGRESS runs=506527744/1859825862 resolve_wall=151.028 lce_wall=2218.416 write_wall=3.963 lf_steps=0 cache_hits=0
SLIM_PHASE query-chunks wall=4.761 cumulative=2621.204 peak_rss_kib=59692880
SLIM_PROGRESS runs=507576320/1859825862 resolve_wall=151.275 lce_wall=2222.927 write_wall=3.970 lf_steps=0 cache_hits=0
SLIM_PHASE query-chunks wall=4.766 cumulative=2625.970 peak_rss_kib=59692880
SLIM_PROGRESS runs=508624896/1859825862 resolve_wall=151.550 lce_wall=2227.480 write_wall=3.978 lf_steps=0 cache_hits=0
SLIM_PHASE query-chunks wall=4.836 cumulative=2630.806 peak_rss_kib=59692880
SLIM_PROGRESS runs=509673472/1859825862 resolve_wall=151.811 lce_wall=2231.929 write_wall=3.986 lf_steps=0 cache_hits=0
SLIM_PHASE query-chunks wall=4.717 cumulative=2635.524 peak_rss_kib=59692880
SLIM_PROGRESS runs=510722048/1859825862 resolve_wall=152.085 lce_wall=2236.468 write_wall=3.993 lf_steps=0 cache_hits=0
SLIM_PHASE query-chunks wall=4.821 cumulative=2640.345 peak_rss_kib=59692880
SLIM_PROGRESS runs=511770624/1859825862 resolve_wall=152.330 lce_wall=2240.928 write_wall=4.001 lf_steps=0 cache_hits=0
SLIM_PHASE query-chunks wall=4.712 cumulative=2645.057 peak_rss_kib=59692880
SLIM_PROGRESS runs=512819200/1859825862 resolve_wall=152.626 lce_wall=2245.345 write_wall=4.010 lf_steps=0 cache_hits=0
SLIM_PHASE query-chunks wall=4.722 cumulative=2649.779 peak_rss_kib=59692880
SLIM_PROGRESS runs=513867776/1859825862 resolve_wall=152.902 lce_wall=2249.673 write_wall=4.018 lf_steps=0 cache_hits=0
SLIM_PHASE query-chunks wall=4.613 cumulative=2654.392 peak_rss_kib=59692880
SLIM_PROGRESS runs=514916352/1859825862 resolve_wall=153.163 lce_wall=2254.125 write_wall=4.025 lf_steps=0 cache_hits=0
SLIM_PHASE query-chunks wall=4.720 cumulative=2659.112 peak_rss_kib=59692880
SLIM_PROGRESS runs=515964928/1859825862 resolve_wall=153.449 lce_wall=2258.568 write_wall=4.032 lf_steps=0 cache_hits=0
SLIM_PHASE query-chunks wall=4.737 cumulative=2663.849 peak_rss_kib=59692880
SLIM_PROGRESS runs=517013504/1859825862 resolve_wall=153.714 lce_wall=2263.114 write_wall=4.040 lf_steps=0 cache_hits=0
SLIM_PHASE query-chunks wall=4.818 cumulative=2668.667 peak_rss_kib=59692880
SLIM_PROGRESS runs=518062080/1859825862 resolve_wall=153.985 lce_wall=2267.817 write_wall=4.047 lf_steps=0 cache_hits=0
SLIM_PHASE query-chunks wall=4.981 cumulative=2673.648 peak_rss_kib=59692880
SLIM_PROGRESS runs=519110656/1859825862 resolve_wall=154.331 lce_wall=2272.594 write_wall=4.054 lf_steps=0 cache_hits=0
SLIM_PHASE query-chunks wall=5.131 cumulative=2678.779 peak_rss_kib=59692880
SLIM_PROGRESS runs=520159232/1859825862 resolve_wall=154.651 lce_wall=2277.133 write_wall=4.062 lf_steps=0 cache_hits=0
SLIM_PHASE query-chunks wall=4.867 cumulative=2683.646 peak_rss_kib=59692880
SLIM_PROGRESS runs=521207808/1859825862 resolve_wall=155.024 lce_wall=2281.516 write_wall=4.071 lf_steps=0 cache_hits=0
SLIM_PHASE query-chunks wall=4.766 cumulative=2688.411 peak_rss_kib=59692880
SLIM_PROGRESS runs=522256384/1859825862 resolve_wall=155.378 lce_wall=2285.995 write_wall=4.080 lf_steps=0 cache_hits=0
SLIM_PHASE query-chunks wall=4.842 cumulative=2693.254 peak_rss_kib=59692880
SLIM_PROGRESS runs=523304960/1859825862 resolve_wall=155.774 lce_wall=2290.363 write_wall=4.089 lf_steps=0 cache_hits=0
SLIM_PHASE query-chunks wall=4.773 cumulative=2698.026 peak_rss_kib=59692880
SLIM_PROGRESS runs=524353536/1859825862 resolve_wall=156.127 lce_wall=2294.766 write_wall=4.099 lf_steps=0 cache_hits=0
SLIM_PHASE query-chunks wall=4.766 cumulative=2702.792 peak_rss_kib=59692880
SLIM_PROGRESS runs=525402112/1859825862 resolve_wall=156.502 lce_wall=2299.287 write_wall=4.108 lf_steps=0 cache_hits=0
SLIM_PHASE query-chunks wall=4.906 cumulative=2707.698 peak_rss_kib=59692880
SLIM_PROGRESS runs=526450688/1859825862 resolve_wall=156.865 lce_wall=2303.769 write_wall=4.119 lf_steps=0 cache_hits=0
SLIM_PHASE query-chunks wall=4.856 cumulative=2712.554 peak_rss_kib=59692880
SLIM_PROGRESS runs=527499264/1859825862 resolve_wall=157.244 lce_wall=2308.288 write_wall=4.129 lf_steps=0 cache_hits=0
SLIM_PHASE query-chunks wall=4.907 cumulative=2717.461 peak_rss_kib=59692880
SLIM_PROGRESS runs=528547840/1859825862 resolve_wall=157.602 lce_wall=2312.811 write_wall=4.138 lf_steps=0 cache_hits=0
SLIM_PHASE query-chunks wall=4.891 cumulative=2722.352 peak_rss_kib=59692880
SLIM_PROGRESS runs=529596416/1859825862 resolve_wall=157.979 lce_wall=2317.432 write_wall=4.146 lf_steps=0 cache_hits=0
SLIM_PHASE query-chunks wall=5.006 cumulative=2727.358 peak_rss_kib=59692880
SLIM_PROGRESS runs=530644992/1859825862 resolve_wall=158.370 lce_wall=2322.115 write_wall=4.153 lf_steps=0 cache_hits=0
SLIM_PHASE query-chunks wall=5.083 cumulative=2732.440 peak_rss_kib=59692880
SLIM_PROGRESS runs=531693568/1859825862 resolve_wall=158.699 lce_wall=2326.599 write_wall=4.161 lf_steps=0 cache_hits=0
SLIM_PHASE query-chunks wall=4.821 cumulative=2737.261 peak_rss_kib=59692880
SLIM_PROGRESS runs=532742144/1859825862 resolve_wall=159.041 lce_wall=2331.304 write_wall=4.169 lf_steps=0 cache_hits=0
SLIM_PHASE query-chunks wall=5.054 cumulative=2742.315 peak_rss_kib=59692880
SLIM_PROGRESS runs=533790720/1859825862 resolve_wall=159.374 lce_wall=2335.921 write_wall=4.176 lf_steps=0 cache_hits=0
SLIM_PHASE query-chunks wall=4.958 cumulative=2747.273 peak_rss_kib=59692880
SLIM_PROGRESS runs=534839296/1859825862 resolve_wall=159.796 lce_wall=2340.375 write_wall=4.184 lf_steps=0 cache_hits=0
SLIM_PHASE query-chunks wall=4.884 cumulative=2752.158 peak_rss_kib=59692880
SLIM_PROGRESS runs=535887872/1859825862 resolve_wall=160.198 lce_wall=2344.959 write_wall=4.192 lf_steps=0 cache_hits=0
SLIM_PHASE query-chunks wall=4.995 cumulative=2757.152 peak_rss_kib=59692880
SLIM_PROGRESS runs=536936448/1859825862 resolve_wall=160.564 lce_wall=2349.521 write_wall=4.200 lf_steps=0 cache_hits=0
SLIM_PHASE query-chunks wall=4.935 cumulative=2762.087 peak_rss_kib=59692880
SLIM_PROGRESS runs=537985024/1859825862 resolve_wall=160.890 lce_wall=2353.920 write_wall=4.210 lf_steps=0 cache_hits=0
SLIM_PHASE query-chunks wall=4.735 cumulative=2766.822 peak_rss_kib=59692880
SLIM_PROGRESS runs=539033600/1859825862 resolve_wall=161.264 lce_wall=2358.459 write_wall=4.217 lf_steps=0 cache_hits=0
SLIM_PHASE query-chunks wall=4.921 cumulative=2771.743 peak_rss_kib=59692880
SLIM_PROGRESS runs=540082176/1859825862 resolve_wall=161.634 lce_wall=2362.889 write_wall=4.225 lf_steps=0 cache_hits=0
SLIM_PHASE query-chunks wall=4.808 cumulative=2776.552 peak_rss_kib=59692880
SLIM_PROGRESS runs=541130752/1859825862 resolve_wall=161.968 lce_wall=2367.443 write_wall=4.233 lf_steps=0 cache_hits=0
SLIM_PHASE query-chunks wall=4.895 cumulative=2781.447 peak_rss_kib=59692880
SLIM_PROGRESS runs=542179328/1859825862 resolve_wall=162.352 lce_wall=2372.008 write_wall=4.241 lf_steps=0 cache_hits=0
SLIM_PHASE query-chunks wall=4.957 cumulative=2786.404 peak_rss_kib=59692880
SLIM_PROGRESS runs=543227904/1859825862 resolve_wall=162.675 lce_wall=2376.700 write_wall=4.250 lf_steps=0 cache_hits=0
SLIM_PHASE query-chunks wall=5.025 cumulative=2791.429 peak_rss_kib=59692880
SLIM_PROGRESS runs=544276480/1859825862 resolve_wall=163.048 lce_wall=2381.331 write_wall=4.258 lf_steps=0 cache_hits=0
SLIM_PHASE query-chunks wall=5.012 cumulative=2796.441 peak_rss_kib=59692880
SLIM_PROGRESS runs=545325056/1859825862 resolve_wall=163.428 lce_wall=2385.826 write_wall=4.268 lf_steps=0 cache_hits=0
SLIM_PHASE query-chunks wall=4.885 cumulative=2801.326 peak_rss_kib=59692880
SLIM_PROGRESS runs=546373632/1859825862 resolve_wall=163.738 lce_wall=2390.427 write_wall=4.276 lf_steps=0 cache_hits=0
SLIM_PHASE query-chunks wall=4.920 cumulative=2806.245 peak_rss_kib=59692880
SLIM_PROGRESS runs=547422208/1859825862 resolve_wall=164.109 lce_wall=2395.119 write_wall=4.286 lf_steps=0 cache_hits=0
SLIM_PHASE query-chunks wall=5.073 cumulative=2811.318 peak_rss_kib=59692880
SLIM_PROGRESS runs=548470784/1859825862 resolve_wall=164.457 lce_wall=2399.749 write_wall=4.295 lf_steps=0 cache_hits=0
SLIM_PHASE query-chunks wall=4.987 cumulative=2816.305 peak_rss_kib=59692880
SLIM_PROGRESS runs=549519360/1859825862 resolve_wall=164.799 lce_wall=2404.168 write_wall=4.304 lf_steps=0 cache_hits=0
SLIM_PHASE query-chunks wall=4.770 cumulative=2821.076 peak_rss_kib=59692880
SLIM_PROGRESS runs=550567936/1859825862 resolve_wall=165.181 lce_wall=2408.685 write_wall=4.313 lf_steps=0 cache_hits=0
SLIM_PHASE query-chunks wall=4.908 cumulative=2825.983 peak_rss_kib=59692880
SLIM_PROGRESS runs=551616512/1859825862 resolve_wall=165.545 lce_wall=2413.046 write_wall=4.322 lf_steps=0 cache_hits=0
SLIM_PHASE query-chunks wall=4.735 cumulative=2830.718 peak_rss_kib=59692880
SLIM_PROGRESS runs=552665088/1859825862 resolve_wall=165.904 lce_wall=2417.512 write_wall=4.331 lf_steps=0 cache_hits=0
SLIM_PHASE query-chunks wall=4.834 cumulative=2835.552 peak_rss_kib=59692880
SLIM_PROGRESS runs=553713664/1859825862 resolve_wall=166.309 lce_wall=2421.941 write_wall=4.340 lf_steps=0 cache_hits=0
SLIM_PHASE query-chunks wall=4.844 cumulative=2840.395 peak_rss_kib=59692880
SLIM_PROGRESS runs=554762240/1859825862 resolve_wall=166.622 lce_wall=2426.521 write_wall=4.349 lf_steps=0 cache_hits=0
SLIM_PHASE query-chunks wall=4.902 cumulative=2845.298 peak_rss_kib=59692880
SLIM_PROGRESS runs=555810816/1859825862 resolve_wall=166.962 lce_wall=2431.096 write_wall=4.358 lf_steps=0 cache_hits=0
SLIM_PHASE query-chunks wall=4.924 cumulative=2850.221 peak_rss_kib=59692880
SLIM_PROGRESS runs=556859392/1859825862 resolve_wall=167.315 lce_wall=2435.615 write_wall=4.366 lf_steps=0 cache_hits=0
SLIM_PHASE query-chunks wall=4.881 cumulative=2855.102 peak_rss_kib=59692880
SLIM_PROGRESS runs=557907968/1859825862 resolve_wall=167.657 lce_wall=2440.177 write_wall=4.375 lf_steps=0 cache_hits=0
SLIM_PHASE query-chunks wall=4.913 cumulative=2860.016 peak_rss_kib=59692880
SLIM_PROGRESS runs=558956544/1859825862 resolve_wall=168.015 lce_wall=2444.755 write_wall=4.384 lf_steps=0 cache_hits=0
SLIM_PHASE query-chunks wall=4.944 cumulative=2864.960 peak_rss_kib=59692880
SLIM_PROGRESS runs=560005120/1859825862 resolve_wall=168.348 lce_wall=2449.653 write_wall=4.393 lf_steps=0 cache_hits=0
SLIM_PHASE query-chunks wall=5.240 cumulative=2870.200 peak_rss_kib=59692880
SLIM_PROGRESS runs=561053696/1859825862 resolve_wall=168.758 lce_wall=2454.253 write_wall=4.401 lf_steps=0 cache_hits=0
SLIM_PHASE query-chunks wall=5.018 cumulative=2875.218 peak_rss_kib=59692880
SLIM_PROGRESS runs=562102272/1859825862 resolve_wall=169.158 lce_wall=2458.807 write_wall=4.410 lf_steps=0 cache_hits=0
SLIM_PHASE query-chunks wall=4.963 cumulative=2880.182 peak_rss_kib=59692880
SLIM_PROGRESS runs=563150848/1859825862 resolve_wall=169.569 lce_wall=2463.340 write_wall=4.419 lf_steps=0 cache_hits=0
SLIM_PHASE query-chunks wall=4.953 cumulative=2885.134 peak_rss_kib=59692880
SLIM_PROGRESS runs=564199424/1859825862 resolve_wall=169.872 lce_wall=2468.024 write_wall=4.430 lf_steps=0 cache_hits=0
SLIM_PHASE query-chunks wall=4.998 cumulative=2890.133 peak_rss_kib=59692880
SLIM_PROGRESS runs=565248000/1859825862 resolve_wall=170.215 lce_wall=2472.601 write_wall=4.440 lf_steps=0 cache_hits=0
SLIM_PHASE query-chunks wall=4.930 cumulative=2895.063 peak_rss_kib=59692880
SLIM_PROGRESS runs=566296576/1859825862 resolve_wall=170.580 lce_wall=2477.235 write_wall=4.450 lf_steps=0 cache_hits=0
SLIM_PHASE query-chunks wall=5.010 cumulative=2900.072 peak_rss_kib=59692880
SLIM_PROGRESS runs=567345152/1859825862 resolve_wall=170.924 lce_wall=2481.749 write_wall=4.459 lf_steps=0 cache_hits=0
SLIM_PHASE query-chunks wall=4.866 cumulative=2904.939 peak_rss_kib=59701260
SLIM_PROGRESS runs=568393728/1859825862 resolve_wall=171.294 lce_wall=2486.213 write_wall=4.466 lf_steps=0 cache_hits=0
SLIM_PHASE query-chunks wall=4.843 cumulative=2909.781 peak_rss_kib=59706252
SLIM_PROGRESS runs=569442304/1859825862 resolve_wall=171.671 lce_wall=2490.574 write_wall=4.475 lf_steps=0 cache_hits=0
SLIM_PHASE query-chunks wall=4.747 cumulative=2914.528 peak_rss_kib=59710956
SLIM_PROGRESS runs=570490880/1859825862 resolve_wall=172.031 lce_wall=2495.103 write_wall=4.482 lf_steps=0 cache_hits=0
SLIM_PHASE query-chunks wall=4.897 cumulative=2919.425 peak_rss_kib=59717904
SLIM_PROGRESS runs=571539456/1859825862 resolve_wall=172.393 lce_wall=2499.585 write_wall=4.490 lf_steps=0 cache_hits=0
SLIM_PHASE query-chunks wall=4.851 cumulative=2924.276 peak_rss_kib=59724848
SLIM_PROGRESS runs=572588032/1859825862 resolve_wall=172.715 lce_wall=2504.126 write_wall=4.497 lf_steps=0 cache_hits=0
SLIM_PHASE query-chunks wall=4.871 cumulative=2929.147 peak_rss_kib=59733168
SLIM_PROGRESS runs=573636608/1859825862 resolve_wall=173.002 lce_wall=2508.622 write_wall=4.505 lf_steps=0 cache_hits=0
SLIM_PHASE query-chunks wall=4.790 cumulative=2933.938 peak_rss_kib=59738448
SLIM_PROGRESS runs=574685184/1859825862 resolve_wall=173.311 lce_wall=2513.081 write_wall=4.512 lf_steps=0 cache_hits=0
SLIM_PHASE query-chunks wall=4.776 cumulative=2938.714 peak_rss_kib=59752816
SLIM_PROGRESS runs=575733760/1859825862 resolve_wall=173.623 lce_wall=2517.677 write_wall=4.520 lf_steps=0 cache_hits=0
SLIM_PHASE query-chunks wall=4.915 cumulative=2943.628 peak_rss_kib=59759452
SLIM_PROGRESS runs=576782336/1859825862 resolve_wall=173.980 lce_wall=2522.107 write_wall=4.527 lf_steps=0 cache_hits=0
SLIM_PHASE query-chunks wall=4.795 cumulative=2948.423 peak_rss_kib=59772300
SLIM_PROGRESS runs=577830912/1859825862 resolve_wall=174.310 lce_wall=2526.675 write_wall=4.535 lf_steps=0 cache_hits=0
SLIM_PHASE query-chunks wall=4.905 cumulative=2953.328 peak_rss_kib=59777388
SLIM_PROGRESS runs=578879488/1859825862 resolve_wall=174.680 lce_wall=2531.262 write_wall=4.542 lf_steps=0 cache_hits=0
SLIM_PHASE query-chunks wall=4.966 cumulative=2958.294 peak_rss_kib=59794368
SLIM_PROGRESS runs=579928064/1859825862 resolve_wall=175.068 lce_wall=2535.947 write_wall=4.550 lf_steps=0 cache_hits=0
SLIM_PHASE query-chunks wall=5.081 cumulative=2963.375 peak_rss_kib=59801792
SLIM_PROGRESS runs=580976640/1859825862 resolve_wall=175.416 lce_wall=2540.409 write_wall=4.558 lf_steps=0 cache_hits=0
SLIM_PHASE query-chunks wall=4.818 cumulative=2968.193 peak_rss_kib=59815732
SLIM_PROGRESS runs=582025216/1859825862 resolve_wall=175.767 lce_wall=2544.720 write_wall=4.566 lf_steps=0 cache_hits=0
SLIM_PHASE query-chunks wall=4.670 cumulative=2972.863 peak_rss_kib=59825124
SLIM_PROGRESS runs=583073792/1859825862 resolve_wall=176.083 lce_wall=2549.047 write_wall=4.573 lf_steps=0 cache_hits=0
SLIM_PHASE query-chunks wall=4.650 cumulative=2977.513 peak_rss_kib=59845540
SLIM_PROGRESS runs=584122368/1859825862 resolve_wall=176.491 lce_wall=2553.433 write_wall=4.581 lf_steps=0 cache_hits=0
SLIM_PHASE query-chunks wall=4.803 cumulative=2982.316 peak_rss_kib=59854052
SLIM_PROGRESS runs=585170944/1859825862 resolve_wall=176.832 lce_wall=2557.968 write_wall=4.589 lf_steps=0 cache_hits=0
SLIM_PHASE query-chunks wall=4.883 cumulative=2987.199 peak_rss_kib=59855672
SLIM_PROGRESS runs=586219520/1859825862 resolve_wall=177.081 lce_wall=2562.438 write_wall=4.596 lf_steps=0 cache_hits=0
SLIM_PHASE query-chunks wall=4.726 cumulative=2991.925 peak_rss_kib=59865272
SLIM_PROGRESS runs=587268096/1859825862 resolve_wall=177.325 lce_wall=2566.906 write_wall=4.603 lf_steps=0 cache_hits=0
SLIM_PHASE query-chunks wall=4.720 cumulative=2996.646 peak_rss_kib=59872792
SLIM_PROGRESS runs=588316672/1859825862 resolve_wall=177.563 lce_wall=2571.229 write_wall=4.610 lf_steps=0 cache_hits=0
SLIM_PHASE query-chunks wall=4.568 cumulative=3001.213 peak_rss_kib=59884680
SLIM_PROGRESS runs=589365248/1859825862 resolve_wall=177.818 lce_wall=2575.612 write_wall=4.618 lf_steps=0 cache_hits=0
SLIM_PHASE query-chunks wall=4.645 cumulative=3005.859 peak_rss_kib=59901648
SLIM_PROGRESS runs=590413824/1859825862 resolve_wall=178.060 lce_wall=2580.081 write_wall=4.625 lf_steps=0 cache_hits=0
SLIM_PHASE query-chunks wall=4.719 cumulative=3010.578 peak_rss_kib=59912304
SLIM_PROGRESS runs=591462400/1859825862 resolve_wall=178.275 lce_wall=2584.505 write_wall=4.633 lf_steps=0 cache_hits=0
SLIM_PHASE query-chunks wall=4.646 cumulative=3015.224 peak_rss_kib=59927152
SLIM_PROGRESS runs=592510976/1859825862 resolve_wall=178.524 lce_wall=2589.006 write_wall=4.640 lf_steps=0 cache_hits=0
SLIM_PHASE query-chunks wall=4.758 cumulative=3019.982 peak_rss_kib=59937904
SLIM_PROGRESS runs=593559552/1859825862 resolve_wall=178.777 lce_wall=2593.346 write_wall=4.647 lf_steps=0 cache_hits=0
SLIM_PHASE query-chunks wall=4.601 cumulative=3024.583 peak_rss_kib=59944752
SLIM_PROGRESS runs=594608128/1859825862 resolve_wall=179.018 lce_wall=2597.923 write_wall=4.655 lf_steps=0 cache_hits=0
SLIM_PHASE query-chunks wall=4.825 cumulative=3029.407 peak_rss_kib=59955360
SLIM_PROGRESS runs=595656704/1859825862 resolve_wall=179.267 lce_wall=2602.417 write_wall=4.662 lf_steps=0 cache_hits=0
SLIM_PHASE query-chunks wall=4.751 cumulative=3034.158 peak_rss_kib=59961968
SLIM_PROGRESS runs=596705280/1859825862 resolve_wall=179.501 lce_wall=2606.861 write_wall=4.669 lf_steps=0 cache_hits=0
SLIM_PHASE query-chunks wall=4.685 cumulative=3038.843 peak_rss_kib=59976816
SLIM_PROGRESS runs=597753856/1859825862 resolve_wall=179.756 lce_wall=2611.237 write_wall=4.676 lf_steps=0 cache_hits=0
SLIM_PHASE query-chunks wall=4.639 cumulative=3043.482 peak_rss_kib=59999856
SLIM_PROGRESS runs=598802432/1859825862 resolve_wall=180.028 lce_wall=2615.635 write_wall=4.683 lf_steps=0 cache_hits=0
SLIM_PHASE query-chunks wall=4.677 cumulative=3048.159 peak_rss_kib=60008848
SLIM_PROGRESS runs=599851008/1859825862 resolve_wall=180.298 lce_wall=2620.077 write_wall=4.691 lf_steps=0 cache_hits=0
SLIM_PHASE query-chunks wall=4.720 cumulative=3052.879 peak_rss_kib=60017272
SLIM_PROGRESS runs=600899584/1859825862 resolve_wall=180.520 lce_wall=2624.441 write_wall=4.698 lf_steps=0 cache_hits=0
SLIM_PHASE query-chunks wall=4.594 cumulative=3057.472 peak_rss_kib=60024720
SLIM_PROGRESS runs=601948160/1859825862 resolve_wall=180.760 lce_wall=2628.812 write_wall=4.705 lf_steps=0 cache_hits=0
SLIM_PHASE query-chunks wall=4.619 cumulative=3062.091 peak_rss_kib=60038704
SLIM_PROGRESS runs=602996736/1859825862 resolve_wall=181.016 lce_wall=2633.192 write_wall=4.712 lf_steps=0 cache_hits=0
SLIM_PHASE query-chunks wall=4.642 cumulative=3066.733 peak_rss_kib=60067952
SLIM_PROGRESS runs=604045312/1859825862 resolve_wall=181.272 lce_wall=2637.606 write_wall=4.719 lf_steps=0 cache_hits=0
SLIM_PHASE query-chunks wall=4.678 cumulative=3071.411 peak_rss_kib=60075376
SLIM_PROGRESS runs=605093888/1859825862 resolve_wall=181.538 lce_wall=2641.926 write_wall=4.726 lf_steps=0 cache_hits=0
SLIM_PHASE query-chunks wall=4.594 cumulative=3076.005 peak_rss_kib=60087932
SLIM_PROGRESS runs=606142464/1859825862 resolve_wall=181.812 lce_wall=2646.423 write_wall=4.734 lf_steps=0 cache_hits=0
SLIM_PHASE query-chunks wall=4.778 cumulative=3080.783 peak_rss_kib=60096828
SLIM_PROGRESS runs=607191040/1859825862 resolve_wall=182.078 lce_wall=2650.886 write_wall=4.742 lf_steps=0 cache_hits=0
SLIM_PHASE query-chunks wall=4.738 cumulative=3085.521 peak_rss_kib=60111972
SLIM_PROGRESS runs=608239616/1859825862 resolve_wall=182.355 lce_wall=2655.314 write_wall=4.749 lf_steps=0 cache_hits=0
SLIM_PHASE query-chunks wall=4.712 cumulative=3090.233 peak_rss_kib=60122732
SLIM_PROGRESS runs=609288192/1859825862 resolve_wall=182.616 lce_wall=2659.794 write_wall=4.757 lf_steps=0 cache_hits=0
SLIM_PHASE query-chunks wall=4.749 cumulative=3094.981 peak_rss_kib=60141580
SLIM_PROGRESS runs=610336768/1859825862 resolve_wall=182.846 lce_wall=2664.384 write_wall=4.764 lf_steps=0 cache_hits=0
SLIM_PHASE query-chunks wall=4.827 cumulative=3099.808 peak_rss_kib=60150476
SLIM_PROGRESS runs=611385344/1859825862 resolve_wall=183.123 lce_wall=2669.066 write_wall=4.771 lf_steps=0 cache_hits=0
SLIM_PHASE query-chunks wall=4.966 cumulative=3104.775 peak_rss_kib=60171276
SLIM_PROGRESS runs=612433920/1859825862 resolve_wall=183.422 lce_wall=2673.667 write_wall=4.778 lf_steps=0 cache_hits=0
SLIM_PHASE query-chunks wall=4.907 cumulative=3109.682 peak_rss_kib=60176364
SLIM_PROGRESS runs=613482496/1859825862 resolve_wall=183.700 lce_wall=2678.145 write_wall=4.785 lf_steps=0 cache_hits=0
SLIM_PHASE query-chunks wall=4.764 cumulative=3114.446 peak_rss_kib=60193308
SLIM_PROGRESS runs=614531072/1859825862 resolve_wall=183.940 lce_wall=2682.687 write_wall=4.793 lf_steps=0 cache_hits=0
SLIM_PHASE query-chunks wall=4.789 cumulative=3119.236 peak_rss_kib=60208028
SLIM_PROGRESS runs=615579648/1859825862 resolve_wall=184.210 lce_wall=2687.396 write_wall=4.800 lf_steps=0 cache_hits=0
SLIM_PHASE query-chunks wall=4.986 cumulative=3124.222 peak_rss_kib=60226972
SLIM_PROGRESS runs=616628224/1859825862 resolve_wall=184.475 lce_wall=2692.442 write_wall=4.808 lf_steps=0 cache_hits=0
SLIM_PHASE query-chunks wall=5.319 cumulative=3129.541 peak_rss_kib=60236088
SLIM_PROGRESS runs=617676800/1859825862 resolve_wall=184.710 lce_wall=2697.089 write_wall=4.815 lf_steps=0 cache_hits=0
SLIM_PHASE query-chunks wall=4.889 cumulative=3134.430 peak_rss_kib=60242040
SLIM_PROGRESS runs=618725376/1859825862 resolve_wall=184.923 lce_wall=2701.622 write_wall=4.823 lf_steps=0 cache_hits=0
SLIM_PHASE query-chunks wall=4.754 cumulative=3139.184 peak_rss_kib=60242040
SLIM_PROGRESS runs=619773952/1859825862 resolve_wall=185.206 lce_wall=2706.023 write_wall=4.830 lf_steps=0 cache_hits=0
SLIM_PHASE query-chunks wall=4.692 cumulative=3143.876 peak_rss_kib=60242040
SLIM_PROGRESS runs=620822528/1859825862 resolve_wall=185.463 lce_wall=2710.393 write_wall=4.837 lf_steps=0 cache_hits=0
SLIM_PHASE query-chunks wall=4.634 cumulative=3148.510 peak_rss_kib=60242040
SLIM_PROGRESS runs=621871104/1859825862 resolve_wall=185.740 lce_wall=2714.715 write_wall=4.844 lf_steps=0 cache_hits=0
SLIM_PHASE query-chunks wall=4.606 cumulative=3153.117 peak_rss_kib=60242040
SLIM_PROGRESS runs=622919680/1859825862 resolve_wall=185.992 lce_wall=2719.076 write_wall=4.852 lf_steps=0 cache_hits=0
SLIM_PHASE query-chunks wall=4.620 cumulative=3157.737 peak_rss_kib=60242040
SLIM_PROGRESS runs=623968256/1859825862 resolve_wall=186.254 lce_wall=2723.474 write_wall=4.859 lf_steps=0 cache_hits=0
SLIM_PHASE query-chunks wall=4.667 cumulative=3162.404 peak_rss_kib=60242040
SLIM_PROGRESS runs=625016832/1859825862 resolve_wall=186.490 lce_wall=2727.816 write_wall=4.866 lf_steps=0 cache_hits=0
SLIM_PHASE query-chunks wall=4.584 cumulative=3166.989 peak_rss_kib=60242040
SLIM_PROGRESS runs=626065408/1859825862 resolve_wall=186.756 lce_wall=2732.257 write_wall=4.873 lf_steps=0 cache_hits=0
SLIM_PHASE query-chunks wall=4.714 cumulative=3171.703 peak_rss_kib=60242040
SLIM_PROGRESS runs=627113984/1859825862 resolve_wall=187.052 lce_wall=2736.624 write_wall=4.882 lf_steps=0 cache_hits=0
SLIM_PHASE query-chunks wall=4.672 cumulative=3176.375 peak_rss_kib=60242040
SLIM_PROGRESS runs=628162560/1859825862 resolve_wall=187.313 lce_wall=2741.084 write_wall=4.889 lf_steps=0 cache_hits=0
SLIM_PHASE query-chunks wall=4.728 cumulative=3181.103 peak_rss_kib=60242040
SLIM_PROGRESS runs=629211136/1859825862 resolve_wall=187.567 lce_wall=2745.485 write_wall=4.896 lf_steps=0 cache_hits=0
SLIM_PHASE query-chunks wall=4.663 cumulative=3185.767 peak_rss_kib=60242040
SLIM_PROGRESS runs=630259712/1859825862 resolve_wall=187.815 lce_wall=2749.956 write_wall=4.903 lf_steps=0 cache_hits=0
SLIM_PHASE query-chunks wall=4.726 cumulative=3190.493 peak_rss_kib=60242040
SLIM_PROGRESS runs=631308288/1859825862 resolve_wall=188.081 lce_wall=2754.294 write_wall=4.910 lf_steps=0 cache_hits=0
SLIM_PHASE query-chunks wall=4.611 cumulative=3195.104 peak_rss_kib=60242040
SLIM_PROGRESS runs=632356864/1859825862 resolve_wall=188.335 lce_wall=2758.707 write_wall=4.917 lf_steps=0 cache_hits=0
SLIM_PHASE query-chunks wall=4.675 cumulative=3199.778 peak_rss_kib=60242040
SLIM_PROGRESS runs=633405440/1859825862 resolve_wall=188.614 lce_wall=2763.179 write_wall=4.925 lf_steps=0 cache_hits=0
SLIM_PHASE query-chunks wall=4.759 cumulative=3204.537 peak_rss_kib=60242040
SLIM_PROGRESS runs=634454016/1859825862 resolve_wall=188.864 lce_wall=2767.743 write_wall=4.932 lf_steps=0 cache_hits=0
SLIM_PHASE query-chunks wall=4.820 cumulative=3209.357 peak_rss_kib=60242040
SLIM_PROGRESS runs=635502592/1859825862 resolve_wall=189.159 lce_wall=2772.211 write_wall=4.939 lf_steps=0 cache_hits=0
SLIM_PHASE query-chunks wall=4.771 cumulative=3214.128 peak_rss_kib=60242040
SLIM_PROGRESS runs=636551168/1859825862 resolve_wall=189.415 lce_wall=2776.680 write_wall=4.947 lf_steps=0 cache_hits=0
SLIM_PHASE query-chunks wall=4.733 cumulative=3218.862 peak_rss_kib=60242040
SLIM_PROGRESS runs=637599744/1859825862 resolve_wall=189.656 lce_wall=2781.219 write_wall=4.954 lf_steps=0 cache_hits=0
SLIM_PHASE query-chunks wall=4.786 cumulative=3223.648 peak_rss_kib=60242040
SLIM_PROGRESS runs=638648320/1859825862 resolve_wall=189.897 lce_wall=2785.747 write_wall=4.961 lf_steps=0 cache_hits=0
SLIM_PHASE query-chunks wall=4.777 cumulative=3228.425 peak_rss_kib=60242040
SLIM_PROGRESS runs=639696896/1859825862 resolve_wall=190.152 lce_wall=2790.324 write_wall=4.968 lf_steps=0 cache_hits=0
SLIM_PHASE query-chunks wall=4.840 cumulative=3233.264 peak_rss_kib=60242040
SLIM_PROGRESS runs=640745472/1859825862 resolve_wall=190.431 lce_wall=2794.846 write_wall=4.975 lf_steps=0 cache_hits=0
SLIM_PHASE query-chunks wall=4.809 cumulative=3238.073 peak_rss_kib=60242040
SLIM_PROGRESS runs=641794048/1859825862 resolve_wall=190.710 lce_wall=2799.361 write_wall=4.982 lf_steps=0 cache_hits=0
SLIM_PHASE query-chunks wall=4.801 cumulative=3242.873 peak_rss_kib=60242040
SLIM_PROGRESS runs=642842624/1859825862 resolve_wall=190.984 lce_wall=2803.892 write_wall=4.990 lf_steps=0 cache_hits=0
SLIM_PHASE query-chunks wall=4.812 cumulative=3247.686 peak_rss_kib=60242040
SLIM_PROGRESS runs=643891200/1859825862 resolve_wall=191.274 lce_wall=2808.576 write_wall=4.997 lf_steps=0 cache_hits=0
SLIM_PHASE query-chunks wall=4.982 cumulative=3252.667 peak_rss_kib=60242040
SLIM_PROGRESS runs=644939776/1859825862 resolve_wall=191.539 lce_wall=2813.217 write_wall=5.004 lf_steps=0 cache_hits=0
SLIM_PHASE query-chunks wall=4.914 cumulative=3257.581 peak_rss_kib=60242040
SLIM_PROGRESS runs=645988352/1859825862 resolve_wall=191.816 lce_wall=2817.704 write_wall=5.012 lf_steps=0 cache_hits=0
SLIM_PHASE query-chunks wall=4.771 cumulative=3262.353 peak_rss_kib=60242040
SLIM_PROGRESS runs=647036928/1859825862 resolve_wall=192.085 lce_wall=2822.261 write_wall=5.019 lf_steps=0 cache_hits=0
SLIM_PHASE query-chunks wall=4.834 cumulative=3267.187 peak_rss_kib=60242040
SLIM_PROGRESS runs=648085504/1859825862 resolve_wall=192.343 lce_wall=2826.876 write_wall=5.026 lf_steps=0 cache_hits=0
SLIM_PHASE query-chunks wall=4.881 cumulative=3272.067 peak_rss_kib=60242040
SLIM_PROGRESS runs=649134080/1859825862 resolve_wall=192.640 lce_wall=2831.408 write_wall=5.033 lf_steps=0 cache_hits=0
SLIM_PHASE query-chunks wall=4.836 cumulative=3276.903 peak_rss_kib=60242040
SLIM_PROGRESS runs=650182656/1859825862 resolve_wall=192.944 lce_wall=2836.078 write_wall=5.041 lf_steps=0 cache_hits=0
SLIM_PHASE query-chunks wall=4.982 cumulative=3281.885 peak_rss_kib=60242040
SLIM_PROGRESS runs=651231232/1859825862 resolve_wall=193.206 lce_wall=2840.457 write_wall=5.048 lf_steps=0 cache_hits=0
SLIM_PHASE query-chunks wall=4.648 cumulative=3286.533 peak_rss_kib=60242040
SLIM_PROGRESS runs=652279808/1859825862 resolve_wall=193.484 lce_wall=2844.966 write_wall=5.055 lf_steps=0 cache_hits=0
SLIM_PHASE query-chunks wall=4.793 cumulative=3291.326 peak_rss_kib=60242040
SLIM_PROGRESS runs=653328384/1859825862 resolve_wall=193.775 lce_wall=2849.727 write_wall=5.063 lf_steps=0 cache_hits=0
SLIM_PHASE query-chunks wall=5.061 cumulative=3296.388 peak_rss_kib=60242040
SLIM_PROGRESS runs=654376960/1859825862 resolve_wall=194.040 lce_wall=2854.511 write_wall=5.070 lf_steps=0 cache_hits=0
SLIM_PHASE query-chunks wall=5.057 cumulative=3301.444 peak_rss_kib=60242040
SLIM_PROGRESS runs=655425536/1859825862 resolve_wall=194.315 lce_wall=2859.352 write_wall=5.078 lf_steps=0 cache_hits=0
SLIM_PHASE query-chunks wall=5.123 cumulative=3306.567 peak_rss_kib=60242040
SLIM_PROGRESS runs=656474112/1859825862 resolve_wall=194.589 lce_wall=2864.219 write_wall=5.086 lf_steps=0 cache_hits=0
SLIM_PHASE query-chunks wall=5.150 cumulative=3311.717 peak_rss_kib=60242040
SLIM_PROGRESS runs=657522688/1859825862 resolve_wall=194.888 lce_wall=2868.626 write_wall=5.093 lf_steps=0 cache_hits=0
SLIM_PHASE query-chunks wall=4.714 cumulative=3316.430 peak_rss_kib=60242040
SLIM_PROGRESS runs=658571264/1859825862 resolve_wall=195.136 lce_wall=2873.008 write_wall=5.101 lf_steps=0 cache_hits=0
SLIM_PHASE query-chunks wall=4.638 cumulative=3321.068 peak_rss_kib=60242040
SLIM_PROGRESS runs=659619840/1859825862 resolve_wall=195.424 lce_wall=2877.505 write_wall=5.108 lf_steps=0 cache_hits=0
SLIM_PHASE query-chunks wall=4.792 cumulative=3325.860 peak_rss_kib=60242040
SLIM_PROGRESS runs=660668416/1859825862 resolve_wall=195.691 lce_wall=2881.961 write_wall=5.116 lf_steps=0 cache_hits=0
SLIM_PHASE query-chunks wall=4.731 cumulative=3330.591 peak_rss_kib=60242040
SLIM_PROGRESS runs=661716992/1859825862 resolve_wall=195.952 lce_wall=2886.494 write_wall=5.123 lf_steps=0 cache_hits=0
SLIM_PHASE query-chunks wall=4.801 cumulative=3335.392 peak_rss_kib=60242040
SLIM_PROGRESS runs=662765568/1859825862 resolve_wall=196.237 lce_wall=2890.921 write_wall=5.130 lf_steps=0 cache_hits=0
SLIM_PHASE query-chunks wall=4.720 cumulative=3340.112 peak_rss_kib=60242040
SLIM_PROGRESS runs=663814144/1859825862 resolve_wall=196.488 lce_wall=2895.544 write_wall=5.138 lf_steps=0 cache_hits=0
SLIM_PHASE query-chunks wall=4.881 cumulative=3344.993 peak_rss_kib=60242040
SLIM_PROGRESS runs=664862720/1859825862 resolve_wall=196.754 lce_wall=2899.952 write_wall=5.145 lf_steps=0 cache_hits=0
SLIM_PHASE query-chunks wall=4.682 cumulative=3349.675 peak_rss_kib=60242040
SLIM_PROGRESS runs=665911296/1859825862 resolve_wall=196.994 lce_wall=2904.256 write_wall=5.152 lf_steps=0 cache_hits=0
SLIM_PHASE query-chunks wall=4.552 cumulative=3354.227 peak_rss_kib=60242040
SLIM_PROGRESS runs=666959872/1859825862 resolve_wall=197.229 lce_wall=2908.695 write_wall=5.160 lf_steps=0 cache_hits=0
SLIM_PHASE query-chunks wall=4.681 cumulative=3358.908 peak_rss_kib=60242040
SLIM_PROGRESS runs=668008448/1859825862 resolve_wall=197.474 lce_wall=2913.139 write_wall=5.167 lf_steps=0 cache_hits=0
SLIM_PHASE query-chunks wall=4.696 cumulative=3363.604 peak_rss_kib=60242040
SLIM_PROGRESS runs=669057024/1859825862 resolve_wall=197.755 lce_wall=2917.485 write_wall=5.174 lf_steps=0 cache_hits=0
SLIM_PHASE query-chunks wall=4.635 cumulative=3368.239 peak_rss_kib=60242040
SLIM_PROGRESS runs=670105600/1859825862 resolve_wall=197.990 lce_wall=2922.201 write_wall=5.182 lf_steps=0 cache_hits=0
SLIM_PHASE query-chunks wall=4.959 cumulative=3373.198 peak_rss_kib=60242040
SLIM_PROGRESS runs=671154176/1859825862 resolve_wall=198.272 lce_wall=2926.714 write_wall=5.190 lf_steps=0 cache_hits=0
SLIM_PHASE query-chunks wall=4.804 cumulative=3378.001 peak_rss_kib=60242040
SLIM_PROGRESS runs=672202752/1859825862 resolve_wall=198.529 lce_wall=2931.321 write_wall=5.198 lf_steps=0 cache_hits=0
SLIM_PHASE query-chunks wall=4.872 cumulative=3382.874 peak_rss_kib=60242040
SLIM_PROGRESS runs=673251328/1859825862 resolve_wall=198.760 lce_wall=2935.962 write_wall=5.205 lf_steps=0 cache_hits=0
SLIM_PHASE query-chunks wall=4.879 cumulative=3387.753 peak_rss_kib=60242040
SLIM_PROGRESS runs=674299904/1859825862 resolve_wall=198.986 lce_wall=2940.507 write_wall=5.212 lf_steps=0 cache_hits=0
SLIM_PHASE query-chunks wall=4.778 cumulative=3392.531 peak_rss_kib=60242040
SLIM_PROGRESS runs=675348480/1859825862 resolve_wall=199.246 lce_wall=2944.990 write_wall=5.219 lf_steps=0 cache_hits=0
SLIM_PHASE query-chunks wall=4.750 cumulative=3397.281 peak_rss_kib=60242040
SLIM_PROGRESS runs=676397056/1859825862 resolve_wall=199.513 lce_wall=2949.515 write_wall=5.227 lf_steps=0 cache_hits=0
SLIM_PHASE query-chunks wall=4.799 cumulative=3402.081 peak_rss_kib=60242040
SLIM_PROGRESS runs=677445632/1859825862 resolve_wall=199.754 lce_wall=2953.897 write_wall=5.234 lf_steps=0 cache_hits=0
SLIM_PHASE query-chunks wall=4.631 cumulative=3406.711 peak_rss_kib=60242040
SLIM_PROGRESS runs=678494208/1859825862 resolve_wall=200.006 lce_wall=2958.371 write_wall=5.241 lf_steps=0 cache_hits=0
SLIM_PHASE query-chunks wall=4.734 cumulative=3411.445 peak_rss_kib=60242040
SLIM_PROGRESS runs=679542784/1859825862 resolve_wall=200.251 lce_wall=2962.836 write_wall=5.248 lf_steps=0 cache_hits=0
SLIM_PHASE query-chunks wall=4.717 cumulative=3416.162 peak_rss_kib=60242040
SLIM_PROGRESS runs=680591360/1859825862 resolve_wall=200.550 lce_wall=2967.263 write_wall=5.256 lf_steps=0 cache_hits=0
SLIM_PHASE query-chunks wall=4.733 cumulative=3420.896 peak_rss_kib=60242040
SLIM_PROGRESS runs=681639936/1859825862 resolve_wall=200.792 lce_wall=2971.767 write_wall=5.263 lf_steps=0 cache_hits=0
SLIM_PHASE query-chunks wall=4.754 cumulative=3425.650 peak_rss_kib=60242040
SLIM_PROGRESS runs=682688512/1859825862 resolve_wall=201.125 lce_wall=2976.271 write_wall=5.272 lf_steps=0 cache_hits=0
SLIM_PHASE query-chunks wall=4.845 cumulative=3430.494 peak_rss_kib=60242040
SLIM_PROGRESS runs=683737088/1859825862 resolve_wall=201.460 lce_wall=2980.766 write_wall=5.282 lf_steps=0 cache_hits=0
SLIM_PHASE query-chunks wall=4.841 cumulative=3435.335 peak_rss_kib=60242040
SLIM_PROGRESS runs=684785664/1859825862 resolve_wall=201.848 lce_wall=2985.138 write_wall=5.291 lf_steps=0 cache_hits=0
SLIM_PHASE query-chunks wall=4.770 cumulative=3440.105 peak_rss_kib=60242040
SLIM_PROGRESS runs=685834240/1859825862 resolve_wall=202.204 lce_wall=2989.492 write_wall=5.299 lf_steps=0 cache_hits=0
SLIM_PHASE query-chunks wall=4.718 cumulative=3444.823 peak_rss_kib=60242040
SLIM_PROGRESS runs=686882816/1859825862 resolve_wall=202.621 lce_wall=2993.911 write_wall=5.307 lf_steps=0 cache_hits=0
SLIM_PHASE query-chunks wall=4.845 cumulative=3449.668 peak_rss_kib=60242040
SLIM_PROGRESS runs=687931392/1859825862 resolve_wall=202.948 lce_wall=2998.197 write_wall=5.315 lf_steps=0 cache_hits=0
SLIM_PHASE query-chunks wall=4.621 cumulative=3454.289 peak_rss_kib=60242040
SLIM_PROGRESS runs=688979968/1859825862 resolve_wall=203.322 lce_wall=3002.595 write_wall=5.323 lf_steps=0 cache_hits=0
SLIM_PHASE query-chunks wall=4.780 cumulative=3459.069 peak_rss_kib=60242040
SLIM_PROGRESS runs=690028544/1859825862 resolve_wall=203.707 lce_wall=3006.963 write_wall=5.332 lf_steps=0 cache_hits=0
SLIM_PHASE query-chunks wall=4.762 cumulative=3463.830 peak_rss_kib=60242040
SLIM_PROGRESS runs=691077120/1859825862 resolve_wall=204.072 lce_wall=3011.261 write_wall=5.341 lf_steps=0 cache_hits=0
SLIM_PHASE query-chunks wall=4.672 cumulative=3468.503 peak_rss_kib=60242040
SLIM_PROGRESS runs=692125696/1859825862 resolve_wall=204.425 lce_wall=3015.704 write_wall=5.350 lf_steps=0 cache_hits=0
SLIM_PHASE query-chunks wall=4.804 cumulative=3473.306 peak_rss_kib=60242040
SLIM_PROGRESS runs=693174272/1859825862 resolve_wall=204.802 lce_wall=3020.150 write_wall=5.358 lf_steps=0 cache_hits=0
SLIM_PHASE query-chunks wall=4.832 cumulative=3478.138 peak_rss_kib=60242040
SLIM_PROGRESS runs=694222848/1859825862 resolve_wall=205.139 lce_wall=3024.573 write_wall=5.366 lf_steps=0 cache_hits=0
SLIM_PHASE query-chunks wall=4.769 cumulative=3482.907 peak_rss_kib=60242040
SLIM_PROGRESS runs=695271424/1859825862 resolve_wall=205.478 lce_wall=3029.128 write_wall=5.375 lf_steps=0 cache_hits=0
SLIM_PHASE query-chunks wall=4.902 cumulative=3487.810 peak_rss_kib=60242040
SLIM_PROGRESS runs=696320000/1859825862 resolve_wall=205.840 lce_wall=3033.423 write_wall=5.384 lf_steps=0 cache_hits=0
SLIM_PHASE query-chunks wall=4.667 cumulative=3492.477 peak_rss_kib=60242040
SLIM_PROGRESS runs=697368576/1859825862 resolve_wall=206.183 lce_wall=3037.825 write_wall=5.393 lf_steps=0 cache_hits=0
SLIM_PHASE query-chunks wall=4.754 cumulative=3497.231 peak_rss_kib=60242040
SLIM_PROGRESS runs=698417152/1859825862 resolve_wall=206.474 lce_wall=3042.207 write_wall=5.402 lf_steps=0 cache_hits=0
SLIM_PHASE query-chunks wall=4.682 cumulative=3501.913 peak_rss_kib=60242040
SLIM_PROGRESS runs=699465728/1859825862 resolve_wall=206.825 lce_wall=3046.562 write_wall=5.411 lf_steps=0 cache_hits=0
SLIM_PHASE query-chunks wall=4.715 cumulative=3506.628 peak_rss_kib=60242040
SLIM_PROGRESS runs=700514304/1859825862 resolve_wall=207.228 lce_wall=3050.844 write_wall=5.420 lf_steps=0 cache_hits=0
SLIM_PHASE query-chunks wall=4.694 cumulative=3511.322 peak_rss_kib=60242040
SLIM_PROGRESS runs=701562880/1859825862 resolve_wall=207.549 lce_wall=3055.233 write_wall=5.429 lf_steps=0 cache_hits=0
SLIM_PHASE query-chunks wall=4.719 cumulative=3516.041 peak_rss_kib=60242040
SLIM_PROGRESS runs=702611456/1859825862 resolve_wall=207.954 lce_wall=3059.764 write_wall=5.440 lf_steps=0 cache_hits=0
SLIM_PHASE query-chunks wall=4.948 cumulative=3520.988 peak_rss_kib=60242040
SLIM_PROGRESS runs=703660032/1859825862 resolve_wall=208.300 lce_wall=3064.362 write_wall=5.449 lf_steps=0 cache_hits=0
SLIM_PHASE query-chunks wall=4.954 cumulative=3525.942 peak_rss_kib=60242040
SLIM_PROGRESS runs=704708608/1859825862 resolve_wall=208.602 lce_wall=3068.762 write_wall=5.458 lf_steps=0 cache_hits=0
SLIM_PHASE query-chunks wall=4.710 cumulative=3530.653 peak_rss_kib=60242040
SLIM_PROGRESS runs=705757184/1859825862 resolve_wall=208.915 lce_wall=3073.101 write_wall=5.467 lf_steps=0 cache_hits=0
SLIM_PHASE query-chunks wall=4.662 cumulative=3535.314 peak_rss_kib=60242040
SLIM_PROGRESS runs=706805760/1859825862 resolve_wall=209.226 lce_wall=3077.454 write_wall=5.476 lf_steps=0 cache_hits=0
SLIM_PHASE query-chunks wall=4.673 cumulative=3539.987 peak_rss_kib=60242040
SLIM_PROGRESS runs=707854336/1859825862 resolve_wall=209.528 lce_wall=3081.843 write_wall=5.484 lf_steps=0 cache_hits=0
SLIM_PHASE query-chunks wall=4.700 cumulative=3544.687 peak_rss_kib=60242040
SLIM_PROGRESS runs=708902912/1859825862 resolve_wall=209.859 lce_wall=3086.198 write_wall=5.493 lf_steps=0 cache_hits=0
SLIM_PHASE query-chunks wall=4.695 cumulative=3549.382 peak_rss_kib=60242040
SLIM_PROGRESS runs=709951488/1859825862 resolve_wall=210.182 lce_wall=3090.472 write_wall=5.503 lf_steps=0 cache_hits=0
SLIM_PHASE query-chunks wall=4.607 cumulative=3553.989 peak_rss_kib=60263388
SLIM_PROGRESS runs=711000064/1859825862 resolve_wall=210.524 lce_wall=3094.857 write_wall=5.511 lf_steps=0 cache_hits=0
SLIM_PHASE query-chunks wall=4.736 cumulative=3558.725 peak_rss_kib=60276468
SLIM_PROGRESS runs=712048640/1859825862 resolve_wall=210.865 lce_wall=3099.283 write_wall=5.520 lf_steps=0 cache_hits=0
SLIM_PHASE query-chunks wall=4.775 cumulative=3563.500 peak_rss_kib=60289468
SLIM_PROGRESS runs=713097216/1859825862 resolve_wall=211.175 lce_wall=3103.860 write_wall=5.529 lf_steps=0 cache_hits=0
SLIM_PHASE query-chunks wall=4.896 cumulative=3568.396 peak_rss_kib=60304220
SLIM_PROGRESS runs=714145792/1859825862 resolve_wall=211.536 lce_wall=3108.244 write_wall=5.539 lf_steps=0 cache_hits=0
SLIM_PHASE query-chunks wall=4.755 cumulative=3573.152 peak_rss_kib=60307108
SLIM_PROGRESS runs=715194368/1859825862 resolve_wall=211.932 lce_wall=3112.797 write_wall=5.549 lf_steps=0 cache_hits=0
SLIM_PHASE query-chunks wall=4.959 cumulative=3578.110 peak_rss_kib=60319916
SLIM_PROGRESS runs=716242944/1859825862 resolve_wall=212.339 lce_wall=3117.236 write_wall=5.559 lf_steps=0 cache_hits=0
SLIM_PHASE query-chunks wall=4.856 cumulative=3582.966 peak_rss_kib=60335140
SLIM_PROGRESS runs=717291520/1859825862 resolve_wall=212.717 lce_wall=3121.874 write_wall=5.569 lf_steps=0 cache_hits=0
SLIM_PHASE query-chunks wall=5.026 cumulative=3587.993 peak_rss_kib=60350028
SLIM_PROGRESS runs=718340096/1859825862 resolve_wall=213.039 lce_wall=3126.198 write_wall=5.578 lf_steps=0 cache_hits=0
SLIM_PHASE query-chunks wall=4.655 cumulative=3592.648 peak_rss_kib=60362848
SLIM_PROGRESS runs=719388672/1859825862 resolve_wall=213.347 lce_wall=3130.751 write_wall=5.587 lf_steps=0 cache_hits=0
SLIM_PHASE query-chunks wall=4.870 cumulative=3597.518 peak_rss_kib=60365816
SLIM_PROGRESS runs=720437248/1859825862 resolve_wall=213.687 lce_wall=3135.217 write_wall=5.596 lf_steps=0 cache_hits=0
SLIM_PHASE query-chunks wall=4.816 cumulative=3602.333 peak_rss_kib=60378296
SLIM_PROGRESS runs=721485824/1859825862 resolve_wall=214.020 lce_wall=3139.575 write_wall=5.605 lf_steps=0 cache_hits=0
SLIM_PHASE query-chunks wall=4.701 cumulative=3607.034 peak_rss_kib=60393384
SLIM_PROGRESS runs=722534400/1859825862 resolve_wall=214.335 lce_wall=3143.824 write_wall=5.613 lf_steps=0 cache_hits=0
SLIM_PHASE query-chunks wall=4.572 cumulative=3611.606 peak_rss_kib=60400428
SLIM_PROGRESS runs=723582976/1859825862 resolve_wall=214.718 lce_wall=3148.201 write_wall=5.622 lf_steps=0 cache_hits=0
SLIM_PHASE query-chunks wall=4.768 cumulative=3616.374 peak_rss_kib=60424960
SLIM_PROGRESS runs=724631552/1859825862 resolve_wall=214.987 lce_wall=3152.778 write_wall=5.629 lf_steps=0 cache_hits=0
SLIM_PHASE query-chunks wall=4.854 cumulative=3621.228 peak_rss_kib=60447896
SLIM_PROGRESS runs=725680128/1859825862 resolve_wall=215.240 lce_wall=3157.289 write_wall=5.636 lf_steps=0 cache_hits=0
SLIM_PHASE query-chunks wall=4.771 cumulative=3625.999 peak_rss_kib=60458760
SLIM_PROGRESS runs=726728704/1859825862 resolve_wall=215.481 lce_wall=3161.872 write_wall=5.643 lf_steps=0 cache_hits=0
SLIM_PHASE query-chunks wall=4.831 cumulative=3630.831 peak_rss_kib=60463584
SLIM_PROGRESS runs=727777280/1859825862 resolve_wall=215.759 lce_wall=3166.370 write_wall=5.651 lf_steps=0 cache_hits=0
SLIM_PHASE query-chunks wall=4.784 cumulative=3635.615 peak_rss_kib=60484484
SLIM_PROGRESS runs=728825856/1859825862 resolve_wall=216.013 lce_wall=3170.870 write_wall=5.658 lf_steps=0 cache_hits=0
SLIM_PHASE query-chunks wall=4.761 cumulative=3640.375 peak_rss_kib=60495428
SLIM_PROGRESS runs=729874432/1859825862 resolve_wall=216.320 lce_wall=3174.768 write_wall=5.665 lf_steps=0 cache_hits=0
SLIM_PHASE query-chunks wall=4.213 cumulative=3644.588 peak_rss_kib=60516648
SLIM_PROGRESS runs=730923008/1859825862 resolve_wall=216.617 lce_wall=3179.110 write_wall=5.672 lf_steps=0 cache_hits=0
SLIM_PHASE query-chunks wall=4.647 cumulative=3649.235 peak_rss_kib=60527420
SLIM_PROGRESS runs=731971584/1859825862 resolve_wall=216.932 lce_wall=3183.565 write_wall=5.681 lf_steps=0 cache_hits=0
SLIM_PHASE query-chunks wall=4.778 cumulative=3654.013 peak_rss_kib=60544096
SLIM_PROGRESS runs=733020160/1859825862 resolve_wall=217.314 lce_wall=3188.015 write_wall=5.691 lf_steps=0 cache_hits=0
SLIM_PHASE query-chunks wall=4.843 cumulative=3658.856 peak_rss_kib=60556856
SLIM_PROGRESS runs=734068736/1859825862 resolve_wall=217.630 lce_wall=3192.696 write_wall=5.702 lf_steps=0 cache_hits=0
SLIM_PHASE query-chunks wall=5.008 cumulative=3663.864 peak_rss_kib=60560184
SLIM_PROGRESS runs=735117312/1859825862 resolve_wall=218.008 lce_wall=3197.261 write_wall=5.713 lf_steps=0 cache_hits=0
SLIM_PHASE query-chunks wall=4.955 cumulative=3668.819 peak_rss_kib=60560184
SLIM_PROGRESS runs=736165888/1859825862 resolve_wall=218.381 lce_wall=3201.897 write_wall=5.723 lf_steps=0 cache_hits=0
SLIM_PHASE query-chunks wall=5.019 cumulative=3673.837 peak_rss_kib=60560184
SLIM_PROGRESS runs=737214464/1859825862 resolve_wall=218.668 lce_wall=3206.488 write_wall=5.732 lf_steps=0 cache_hits=0
SLIM_PHASE query-chunks wall=4.887 cumulative=3678.725 peak_rss_kib=60560184
SLIM_PROGRESS runs=738263040/1859825862 resolve_wall=218.928 lce_wall=3211.008 write_wall=5.741 lf_steps=0 cache_hits=0
SLIM_PHASE query-chunks wall=4.789 cumulative=3683.514 peak_rss_kib=60560184
SLIM_PROGRESS runs=739311616/1859825862 resolve_wall=219.182 lce_wall=3215.590 write_wall=5.750 lf_steps=0 cache_hits=0
SLIM_PHASE query-chunks wall=4.845 cumulative=3688.358 peak_rss_kib=60560184
SLIM_PROGRESS runs=740360192/1859825862 resolve_wall=219.463 lce_wall=3220.190 write_wall=5.758 lf_steps=0 cache_hits=0
SLIM_PHASE query-chunks wall=4.890 cumulative=3693.249 peak_rss_kib=60560184
SLIM_PROGRESS runs=741408768/1859825862 resolve_wall=219.687 lce_wall=3224.646 write_wall=5.768 lf_steps=0 cache_hits=0
SLIM_PHASE query-chunks wall=4.689 cumulative=3697.938 peak_rss_kib=60560184
SLIM_PROGRESS runs=742457344/1859825862 resolve_wall=219.980 lce_wall=3229.278 write_wall=5.778 lf_steps=0 cache_hits=0
SLIM_PHASE query-chunks wall=4.935 cumulative=3702.873 peak_rss_kib=60560184
SLIM_PROGRESS runs=743505920/1859825862 resolve_wall=220.383 lce_wall=3233.799 write_wall=5.787 lf_steps=0 cache_hits=0
SLIM_PHASE query-chunks wall=4.933 cumulative=3707.806 peak_rss_kib=60560184
SLIM_PROGRESS runs=744554496/1859825862 resolve_wall=220.687 lce_wall=3238.318 write_wall=5.797 lf_steps=0 cache_hits=0
SLIM_PHASE query-chunks wall=4.833 cumulative=3712.640 peak_rss_kib=60560184
SLIM_PROGRESS runs=745603072/1859825862 resolve_wall=220.991 lce_wall=3242.790 write_wall=5.806 lf_steps=0 cache_hits=0
SLIM_PHASE query-chunks wall=4.784 cumulative=3717.424 peak_rss_kib=60560184
SLIM_PROGRESS runs=746651648/1859825862 resolve_wall=221.250 lce_wall=3247.120 write_wall=5.814 lf_steps=0 cache_hits=0
SLIM_PHASE query-chunks wall=4.598 cumulative=3722.022 peak_rss_kib=60560184
SLIM_PROGRESS runs=747700224/1859825862 resolve_wall=221.631 lce_wall=3251.530 write_wall=5.824 lf_steps=0 cache_hits=0
SLIM_PHASE query-chunks wall=4.801 cumulative=3726.823 peak_rss_kib=60560184
SLIM_PROGRESS runs=748748800/1859825862 resolve_wall=221.961 lce_wall=3255.997 write_wall=5.833 lf_steps=0 cache_hits=0
SLIM_PHASE query-chunks wall=4.806 cumulative=3731.628 peak_rss_kib=60560184
SLIM_PROGRESS runs=749797376/1859825862 resolve_wall=222.297 lce_wall=3260.398 write_wall=5.841 lf_steps=0 cache_hits=0
SLIM_PHASE query-chunks wall=4.746 cumulative=3736.374 peak_rss_kib=60560184
SLIM_PROGRESS runs=750845952/1859825862 resolve_wall=222.648 lce_wall=3264.831 write_wall=5.850 lf_steps=0 cache_hits=0
SLIM_PHASE query-chunks wall=4.794 cumulative=3741.168 peak_rss_kib=60560184
SLIM_PROGRESS runs=751894528/1859825862 resolve_wall=223.075 lce_wall=3269.198 write_wall=5.859 lf_steps=0 cache_hits=0
SLIM_PHASE query-chunks wall=4.802 cumulative=3745.970 peak_rss_kib=60560184
SLIM_PROGRESS runs=752943104/1859825862 resolve_wall=223.422 lce_wall=3273.668 write_wall=5.867 lf_steps=0 cache_hits=0
SLIM_PHASE query-chunks wall=4.826 cumulative=3750.796 peak_rss_kib=60560184
SLIM_PROGRESS runs=753991680/1859825862 resolve_wall=223.765 lce_wall=3278.162 write_wall=5.876 lf_steps=0 cache_hits=0
SLIM_PHASE query-chunks wall=4.845 cumulative=3755.642 peak_rss_kib=60560184
SLIM_PROGRESS runs=755040256/1859825862 resolve_wall=224.065 lce_wall=3282.525 write_wall=5.885 lf_steps=0 cache_hits=0
SLIM_PHASE query-chunks wall=4.672 cumulative=3760.314 peak_rss_kib=60560184
SLIM_PROGRESS runs=756088832/1859825862 resolve_wall=224.534 lce_wall=3286.944 write_wall=5.894 lf_steps=0 cache_hits=0
SLIM_PHASE query-chunks wall=4.898 cumulative=3765.212 peak_rss_kib=60560184
SLIM_PROGRESS runs=757137408/1859825862 resolve_wall=224.915 lce_wall=3291.506 write_wall=5.904 lf_steps=0 cache_hits=0
SLIM_PHASE query-chunks wall=4.952 cumulative=3770.164 peak_rss_kib=60560184
SLIM_PROGRESS runs=758185984/1859825862 resolve_wall=225.275 lce_wall=3295.896 write_wall=5.914 lf_steps=0 cache_hits=0
SLIM_PHASE query-chunks wall=4.761 cumulative=3774.925 peak_rss_kib=60560184
SLIM_PROGRESS runs=759234560/1859825862 resolve_wall=225.643 lce_wall=3300.358 write_wall=5.924 lf_steps=0 cache_hits=0
SLIM_PHASE query-chunks wall=4.840 cumulative=3779.765 peak_rss_kib=60560184
SLIM_PROGRESS runs=760283136/1859825862 resolve_wall=225.988 lce_wall=3304.938 write_wall=5.933 lf_steps=0 cache_hits=0
SLIM_PHASE query-chunks wall=4.934 cumulative=3784.699 peak_rss_kib=60560184
SLIM_PROGRESS runs=761331712/1859825862 resolve_wall=226.311 lce_wall=3309.751 write_wall=5.942 lf_steps=0 cache_hits=0
SLIM_PHASE query-chunks wall=5.146 cumulative=3789.844 peak_rss_kib=60560184
SLIM_PROGRESS runs=762380288/1859825862 resolve_wall=226.635 lce_wall=3314.624 write_wall=5.952 lf_steps=0 cache_hits=0
SLIM_PHASE query-chunks wall=5.207 cumulative=3795.051 peak_rss_kib=60560184
SLIM_PROGRESS runs=763428864/1859825862 resolve_wall=227.018 lce_wall=3319.049 write_wall=5.961 lf_steps=0 cache_hits=0
SLIM_PHASE query-chunks wall=4.818 cumulative=3799.869 peak_rss_kib=60560184
SLIM_PROGRESS runs=764477440/1859825862 resolve_wall=227.375 lce_wall=3323.586 write_wall=5.969 lf_steps=0 cache_hits=0
SLIM_PHASE query-chunks wall=4.902 cumulative=3804.771 peak_rss_kib=60560184
SLIM_PROGRESS runs=765526016/1859825862 resolve_wall=227.694 lce_wall=3327.975 write_wall=5.978 lf_steps=0 cache_hits=0
SLIM_PHASE query-chunks wall=4.717 cumulative=3809.487 peak_rss_kib=60560184
SLIM_PROGRESS runs=766574592/1859825862 resolve_wall=228.038 lce_wall=3332.399 write_wall=5.988 lf_steps=0 cache_hits=0
SLIM_PHASE query-chunks wall=4.779 cumulative=3814.266 peak_rss_kib=60560184
SLIM_PROGRESS runs=767623168/1859825862 resolve_wall=228.420 lce_wall=3337.101 write_wall=5.998 lf_steps=0 cache_hits=0
SLIM_PHASE query-chunks wall=5.094 cumulative=3819.360 peak_rss_kib=60560184
SLIM_PROGRESS runs=768671744/1859825862 resolve_wall=228.761 lce_wall=3341.596 write_wall=6.007 lf_steps=0 cache_hits=0
SLIM_PHASE query-chunks wall=4.846 cumulative=3824.206 peak_rss_kib=60560184
SLIM_PROGRESS runs=769720320/1859825862 resolve_wall=229.108 lce_wall=3346.122 write_wall=6.016 lf_steps=0 cache_hits=0
SLIM_PHASE query-chunks wall=4.882 cumulative=3829.088 peak_rss_kib=60560184
SLIM_PROGRESS runs=770768896/1859825862 resolve_wall=229.418 lce_wall=3350.640 write_wall=6.024 lf_steps=0 cache_hits=0
SLIM_PHASE query-chunks wall=4.836 cumulative=3833.924 peak_rss_kib=60560184
SLIM_PROGRESS runs=771817472/1859825862 resolve_wall=229.686 lce_wall=3355.100 write_wall=6.032 lf_steps=0 cache_hits=0
SLIM_PHASE query-chunks wall=4.737 cumulative=3838.660 peak_rss_kib=60560184
SLIM_PROGRESS runs=772866048/1859825862 resolve_wall=230.057 lce_wall=3359.462 write_wall=6.040 lf_steps=0 cache_hits=0
SLIM_PHASE query-chunks wall=4.741 cumulative=3843.401 peak_rss_kib=60560184
SLIM_PROGRESS runs=773914624/1859825862 resolve_wall=230.349 lce_wall=3363.785 write_wall=6.049 lf_steps=0 cache_hits=0
SLIM_PHASE query-chunks wall=4.623 cumulative=3848.025 peak_rss_kib=60560184
SLIM_PROGRESS runs=774963200/1859825862 resolve_wall=230.671 lce_wall=3368.191 write_wall=6.058 lf_steps=0 cache_hits=0
SLIM_PHASE query-chunks wall=4.738 cumulative=3852.762 peak_rss_kib=60560184
SLIM_PROGRESS runs=776011776/1859825862 resolve_wall=231.005 lce_wall=3372.601 write_wall=6.066 lf_steps=0 cache_hits=0
SLIM_PHASE query-chunks wall=4.753 cumulative=3857.515 peak_rss_kib=60560184
SLIM_PROGRESS runs=777060352/1859825862 resolve_wall=231.407 lce_wall=3376.863 write_wall=6.075 lf_steps=0 cache_hits=0
SLIM_PHASE query-chunks wall=4.672 cumulative=3862.187 peak_rss_kib=60560184
SLIM_PROGRESS runs=778108928/1859825862 resolve_wall=231.765 lce_wall=3381.344 write_wall=6.083 lf_steps=0 cache_hits=0
SLIM_PHASE query-chunks wall=4.848 cumulative=3867.035 peak_rss_kib=60560184
SLIM_PROGRESS runs=779157504/1859825862 resolve_wall=232.139 lce_wall=3385.905 write_wall=6.092 lf_steps=0 cache_hits=0
SLIM_PHASE query-chunks wall=4.943 cumulative=3871.979 peak_rss_kib=60560184
SLIM_PROGRESS runs=780206080/1859825862 resolve_wall=232.446 lce_wall=3390.212 write_wall=6.100 lf_steps=0 cache_hits=0
SLIM_PHASE query-chunks wall=4.622 cumulative=3876.601 peak_rss_kib=60560184
SLIM_PROGRESS runs=781254656/1859825862 resolve_wall=232.780 lce_wall=3394.541 write_wall=6.109 lf_steps=0 cache_hits=0
SLIM_PHASE query-chunks wall=4.672 cumulative=3881.273 peak_rss_kib=60560184
SLIM_PROGRESS runs=782303232/1859825862 resolve_wall=233.099 lce_wall=3398.996 write_wall=6.116 lf_steps=0 cache_hits=0
SLIM_PHASE query-chunks wall=4.782 cumulative=3886.055 peak_rss_kib=60560184
SLIM_PROGRESS runs=783351808/1859825862 resolve_wall=233.478 lce_wall=3403.482 write_wall=6.124 lf_steps=0 cache_hits=0
SLIM_PHASE query-chunks wall=4.873 cumulative=3890.928 peak_rss_kib=60560184
SLIM_PROGRESS runs=784400384/1859825862 resolve_wall=233.850 lce_wall=3408.013 write_wall=6.132 lf_steps=0 cache_hits=0
SLIM_PHASE query-chunks wall=4.911 cumulative=3895.839 peak_rss_kib=60560184
SLIM_PROGRESS runs=785448960/1859825862 resolve_wall=234.171 lce_wall=3412.278 write_wall=6.140 lf_steps=0 cache_hits=0
SLIM_PHASE query-chunks wall=4.595 cumulative=3900.433 peak_rss_kib=60566276
SLIM_PROGRESS runs=786497536/1859825862 resolve_wall=234.546 lce_wall=3416.810 write_wall=6.148 lf_steps=0 cache_hits=0
SLIM_PHASE query-chunks wall=4.916 cumulative=3905.349 peak_rss_kib=60583044
SLIM_PROGRESS runs=787546112/1859825862 resolve_wall=234.865 lce_wall=3421.230 write_wall=6.156 lf_steps=0 cache_hits=0
SLIM_PHASE query-chunks wall=4.745 cumulative=3910.095 peak_rss_kib=60596168
SLIM_PROGRESS runs=788594688/1859825862 resolve_wall=235.177 lce_wall=3425.530 write_wall=6.164 lf_steps=0 cache_hits=0
SLIM_PHASE query-chunks wall=4.622 cumulative=3914.716 peak_rss_kib=60602596
SLIM_PROGRESS runs=789643264/1859825862 resolve_wall=235.535 lce_wall=3430.099 write_wall=6.173 lf_steps=0 cache_hits=0
SLIM_PHASE query-chunks wall=4.936 cumulative=3919.652 peak_rss_kib=60617640
SLIM_PROGRESS runs=790691840/1859825862 resolve_wall=235.928 lce_wall=3434.609 write_wall=6.181 lf_steps=0 cache_hits=0
SLIM_PHASE query-chunks wall=4.910 cumulative=3924.563 peak_rss_kib=60632596
SLIM_PROGRESS runs=791740416/1859825862 resolve_wall=236.298 lce_wall=3438.943 write_wall=6.189 lf_steps=0 cache_hits=0
SLIM_PHASE query-chunks wall=4.711 cumulative=3929.274 peak_rss_kib=60651552
SLIM_PROGRESS runs=792788992/1859825862 resolve_wall=236.698 lce_wall=3443.496 write_wall=6.196 lf_steps=0 cache_hits=0
SLIM_PHASE query-chunks wall=4.961 cumulative=3934.236 peak_rss_kib=60670684
SLIM_PROGRESS runs=793837568/1859825862 resolve_wall=237.129 lce_wall=3447.995 write_wall=6.204 lf_steps=0 cache_hits=0
SLIM_PHASE query-chunks wall=4.939 cumulative=3939.174 peak_rss_kib=60683472
SLIM_PROGRESS runs=794886144/1859825862 resolve_wall=237.446 lce_wall=3452.636 write_wall=6.212 lf_steps=0 cache_hits=0
SLIM_PHASE query-chunks wall=4.965 cumulative=3944.139 peak_rss_kib=60689796
SLIM_PROGRESS runs=795934720/1859825862 resolve_wall=237.750 lce_wall=3457.302 write_wall=6.219 lf_steps=0 cache_hits=0
SLIM_PHASE query-chunks wall=4.979 cumulative=3949.118 peak_rss_kib=60704988
SLIM_PROGRESS runs=796983296/1859825862 resolve_wall=238.113 lce_wall=3461.886 write_wall=6.227 lf_steps=0 cache_hits=0
SLIM_PHASE query-chunks wall=4.955 cumulative=3954.072 peak_rss_kib=60717844
SLIM_PROGRESS runs=798031872/1859825862 resolve_wall=238.500 lce_wall=3466.549 write_wall=6.235 lf_steps=0 cache_hits=0
SLIM_PHASE query-chunks wall=5.057 cumulative=3959.130 peak_rss_kib=60728360
SLIM_PROGRESS runs=799080448/1859825862 resolve_wall=238.856 lce_wall=3470.920 write_wall=6.242 lf_steps=0 cache_hits=0
SLIM_PHASE query-chunks wall=4.735 cumulative=3963.865 peak_rss_kib=60733668
SLIM_PROGRESS runs=800129024/1859825862 resolve_wall=239.160 lce_wall=3475.465 write_wall=6.250 lf_steps=0 cache_hits=0
SLIM_PHASE query-chunks wall=4.857 cumulative=3968.722 peak_rss_kib=60741756
SLIM_PROGRESS runs=801177600/1859825862 resolve_wall=239.530 lce_wall=3479.880 write_wall=6.258 lf_steps=0 cache_hits=0
SLIM_PHASE query-chunks wall=4.793 cumulative=3973.515 peak_rss_kib=60750628
SLIM_PROGRESS runs=802226176/1859825862 resolve_wall=239.864 lce_wall=3484.419 write_wall=6.266 lf_steps=0 cache_hits=0
SLIM_PHASE query-chunks wall=4.880 cumulative=3978.395 peak_rss_kib=60759320
SLIM_PROGRESS runs=803274752/1859825862 resolve_wall=240.192 lce_wall=3488.803 write_wall=6.273 lf_steps=0 cache_hits=0
SLIM_PHASE query-chunks wall=4.720 cumulative=3983.115 peak_rss_kib=60784628
SLIM_PROGRESS runs=804323328/1859825862 resolve_wall=240.483 lce_wall=3493.173 write_wall=6.280 lf_steps=0 cache_hits=0
SLIM_PHASE query-chunks wall=4.669 cumulative=3987.784 peak_rss_kib=60806000
SLIM_PROGRESS runs=805371904/1859825862 resolve_wall=240.835 lce_wall=3497.556 write_wall=6.288 lf_steps=0 cache_hits=0
SLIM_PHASE query-chunks wall=4.743 cumulative=3992.526 peak_rss_kib=60828828
SLIM_PROGRESS runs=806420480/1859825862 resolve_wall=241.193 lce_wall=3501.962 write_wall=6.295 lf_steps=0 cache_hits=0
SLIM_PHASE query-chunks wall=4.771 cumulative=3997.297 peak_rss_kib=60839512
SLIM_PROGRESS runs=807469056/1859825862 resolve_wall=241.583 lce_wall=3506.499 write_wall=6.303 lf_steps=0 cache_hits=0
SLIM_PHASE query-chunks wall=4.936 cumulative=4002.233 peak_rss_kib=60852444
SLIM_PROGRESS runs=808517632/1859825862 resolve_wall=241.953 lce_wall=3510.983 write_wall=6.310 lf_steps=0 cache_hits=0
SLIM_PHASE query-chunks wall=4.861 cumulative=4007.094 peak_rss_kib=60877780
SLIM_PROGRESS runs=809566208/1859825862 resolve_wall=242.263 lce_wall=3515.543 write_wall=6.318 lf_steps=0 cache_hits=0
SLIM_PHASE query-chunks wall=4.878 cumulative=4011.973 peak_rss_kib=60892632
SLIM_PROGRESS runs=810614784/1859825862 resolve_wall=242.620 lce_wall=3519.969 write_wall=6.327 lf_steps=0 cache_hits=0
SLIM_PHASE query-chunks wall=4.792 cumulative=4016.764 peak_rss_kib=60912032
SLIM_PROGRESS runs=811663360/1859825862 resolve_wall=242.998 lce_wall=3524.516 write_wall=6.336 lf_steps=0 cache_hits=0
SLIM_PHASE query-chunks wall=4.934 cumulative=4021.699 peak_rss_kib=60924868
SLIM_PROGRESS runs=812711936/1859825862 resolve_wall=243.306 lce_wall=3528.965 write_wall=6.345 lf_steps=0 cache_hits=0
SLIM_PHASE query-chunks wall=4.765 cumulative=4026.464 peak_rss_kib=60933672
SLIM_PROGRESS runs=813760512/1859825862 resolve_wall=243.683 lce_wall=3533.473 write_wall=6.355 lf_steps=0 cache_hits=0
SLIM_PHASE query-chunks wall=4.896 cumulative=4031.360 peak_rss_kib=60950772
SLIM_PROGRESS runs=814809088/1859825862 resolve_wall=244.072 lce_wall=3537.833 write_wall=6.364 lf_steps=0 cache_hits=0
SLIM_PHASE query-chunks wall=4.758 cumulative=4036.118 peak_rss_kib=60967648
SLIM_PROGRESS runs=815857664/1859825862 resolve_wall=244.398 lce_wall=3542.178 write_wall=6.373 lf_steps=0 cache_hits=0
SLIM_PHASE query-chunks wall=4.681 cumulative=4040.799 peak_rss_kib=60979076
SLIM_PROGRESS runs=816906240/1859825862 resolve_wall=244.722 lce_wall=3546.434 write_wall=6.383 lf_steps=0 cache_hits=0
SLIM_PHASE query-chunks wall=4.589 cumulative=4045.388 peak_rss_kib=60993788
SLIM_PROGRESS runs=817954816/1859825862 resolve_wall=245.096 lce_wall=3550.787 write_wall=6.391 lf_steps=0 cache_hits=0
SLIM_PHASE query-chunks wall=4.736 cumulative=4050.124 peak_rss_kib=60997308
SLIM_PROGRESS runs=819003392/1859825862 resolve_wall=245.405 lce_wall=3555.206 write_wall=6.401 lf_steps=0 cache_hits=0
SLIM_PHASE query-chunks wall=4.737 cumulative=4054.862 peak_rss_kib=61011140
SLIM_PROGRESS runs=820051968/1859825862 resolve_wall=245.689 lce_wall=3559.637 write_wall=6.408 lf_steps=0 cache_hits=0
SLIM_PHASE query-chunks wall=4.722 cumulative=4059.584 peak_rss_kib=61027064
SLIM_PROGRESS runs=821100544/1859825862 resolve_wall=245.977 lce_wall=3563.980 write_wall=6.415 lf_steps=0 cache_hits=0
SLIM_PHASE query-chunks wall=4.639 cumulative=4064.223 peak_rss_kib=61036368
SLIM_PROGRESS runs=822149120/1859825862 resolve_wall=246.366 lce_wall=3568.359 write_wall=6.423 lf_steps=0 cache_hits=0
SLIM_PHASE query-chunks wall=4.775 cumulative=4068.998 peak_rss_kib=61052148
SLIM_PROGRESS runs=823197696/1859825862 resolve_wall=246.794 lce_wall=3572.777 write_wall=6.430 lf_steps=0 cache_hits=0
SLIM_PHASE query-chunks wall=4.853 cumulative=4073.852 peak_rss_kib=61060936
SLIM_PROGRESS runs=824246272/1859825862 resolve_wall=247.132 lce_wall=3577.255 write_wall=6.438 lf_steps=0 cache_hits=0
SLIM_PHASE query-chunks wall=4.823 cumulative=4078.675 peak_rss_kib=61072392
SLIM_PROGRESS runs=825294848/1859825862 resolve_wall=247.521 lce_wall=3581.835 write_wall=6.446 lf_steps=0 cache_hits=0
SLIM_PHASE query-chunks wall=4.977 cumulative=4083.652 peak_rss_kib=61086924
SLIM_PROGRESS runs=826343424/1859825862 resolve_wall=247.879 lce_wall=3586.025 write_wall=6.453 lf_steps=0 cache_hits=0
SLIM_PHASE query-chunks wall=4.557 cumulative=4088.208 peak_rss_kib=61102724
SLIM_PROGRESS runs=827392000/1859825862 resolve_wall=248.195 lce_wall=3590.421 write_wall=6.460 lf_steps=0 cache_hits=0
SLIM_PHASE query-chunks wall=4.719 cumulative=4092.927 peak_rss_kib=61115704
SLIM_PROGRESS runs=828440576/1859825862 resolve_wall=248.530 lce_wall=3594.855 write_wall=6.468 lf_steps=0 cache_hits=0
SLIM_PHASE query-chunks wall=4.777 cumulative=4097.704 peak_rss_kib=61130596
SLIM_PROGRESS runs=829489152/1859825862 resolve_wall=248.857 lce_wall=3599.252 write_wall=6.475 lf_steps=0 cache_hits=0
SLIM_PHASE query-chunks wall=4.732 cumulative=4102.436 peak_rss_kib=61139444
SLIM_PROGRESS runs=830537728/1859825862 resolve_wall=249.182 lce_wall=3603.654 write_wall=6.483 lf_steps=0 cache_hits=0
SLIM_PHASE query-chunks wall=4.734 cumulative=4107.171 peak_rss_kib=61148456
SLIM_PROGRESS runs=831586304/1859825862 resolve_wall=249.531 lce_wall=3608.023 write_wall=6.490 lf_steps=0 cache_hits=0
SLIM_PHASE query-chunks wall=4.725 cumulative=4111.895 peak_rss_kib=61162952
SLIM_PROGRESS runs=832634880/1859825862 resolve_wall=249.827 lce_wall=3612.520 write_wall=6.497 lf_steps=0 cache_hits=0
SLIM_PHASE query-chunks wall=4.801 cumulative=4116.697 peak_rss_kib=61175680
SLIM_PROGRESS runs=833683456/1859825862 resolve_wall=250.153 lce_wall=3617.021 write_wall=6.505 lf_steps=0 cache_hits=0
SLIM_PHASE query-chunks wall=4.834 cumulative=4121.531 peak_rss_kib=61190536
SLIM_PROGRESS runs=834732032/1859825862 resolve_wall=250.471 lce_wall=3621.670 write_wall=6.512 lf_steps=0 cache_hits=0
SLIM_PHASE query-chunks wall=4.974 cumulative=4126.505 peak_rss_kib=61205344
SLIM_PROGRESS runs=835780608/1859825862 resolve_wall=250.859 lce_wall=3626.130 write_wall=6.520 lf_steps=0 cache_hits=0
SLIM_PHASE query-chunks wall=4.856 cumulative=4131.361 peak_rss_kib=61220544
SLIM_PROGRESS runs=836829184/1859825862 resolve_wall=251.251 lce_wall=3630.622 write_wall=6.527 lf_steps=0 cache_hits=0
SLIM_PHASE query-chunks wall=4.892 cumulative=4136.253 peak_rss_kib=61231224
SLIM_PROGRESS runs=837877760/1859825862 resolve_wall=251.554 lce_wall=3634.927 write_wall=6.534 lf_steps=0 cache_hits=0
SLIM_PHASE query-chunks wall=4.615 cumulative=4140.869 peak_rss_kib=61254152
SLIM_PROGRESS runs=838926336/1859825862 resolve_wall=251.911 lce_wall=3639.549 write_wall=6.542 lf_steps=0 cache_hits=0
SLIM_PHASE query-chunks wall=4.987 cumulative=4145.855 peak_rss_kib=61267168
SLIM_PROGRESS runs=839974912/1859825862 resolve_wall=252.204 lce_wall=3643.964 write_wall=6.550 lf_steps=0 cache_hits=0
SLIM_PHASE query-chunks wall=4.716 cumulative=4150.571 peak_rss_kib=61292248
SLIM_PROGRESS runs=841023488/1859825862 resolve_wall=252.420 lce_wall=3648.531 write_wall=6.558 lf_steps=0 cache_hits=0
SLIM_PHASE query-chunks wall=4.791 cumulative=4155.362 peak_rss_kib=61299216
SLIM_PROGRESS runs=842072064/1859825862 resolve_wall=252.719 lce_wall=3653.154 write_wall=6.565 lf_steps=0 cache_hits=0
SLIM_PHASE query-chunks wall=4.930 cumulative=4160.292 peak_rss_kib=61316248
SLIM_PROGRESS runs=843120640/1859825862 resolve_wall=253.042 lce_wall=3657.578 write_wall=6.572 lf_steps=0 cache_hits=0
SLIM_PHASE query-chunks wall=4.755 cumulative=4165.047 peak_rss_kib=61335432
SLIM_PROGRESS runs=844169216/1859825862 resolve_wall=253.323 lce_wall=3661.987 write_wall=6.580 lf_steps=0 cache_hits=0
SLIM_PHASE query-chunks wall=4.697 cumulative=4169.744 peak_rss_kib=61350384
SLIM_PROGRESS runs=845217792/1859825862 resolve_wall=253.630 lce_wall=3666.480 write_wall=6.587 lf_steps=0 cache_hits=0
SLIM_PHASE query-chunks wall=4.808 cumulative=4174.552 peak_rss_kib=61377536
SLIM_PROGRESS runs=846266368/1859825862 resolve_wall=253.918 lce_wall=3670.995 write_wall=6.594 lf_steps=0 cache_hits=0
SLIM_PHASE query-chunks wall=4.810 cumulative=4179.361 peak_rss_kib=61390356
SLIM_PROGRESS runs=847314944/1859825862 resolve_wall=254.174 lce_wall=3675.487 write_wall=6.601 lf_steps=0 cache_hits=0
SLIM_PHASE query-chunks wall=4.756 cumulative=4184.117 peak_rss_kib=61403348
SLIM_PROGRESS runs=848363520/1859825862 resolve_wall=254.461 lce_wall=3680.010 write_wall=6.608 lf_steps=0 cache_hits=0
SLIM_PHASE query-chunks wall=4.817 cumulative=4188.934 peak_rss_kib=61408340
SLIM_PROGRESS runs=849412096/1859825862 resolve_wall=254.752 lce_wall=3684.463 write_wall=6.615 lf_steps=0 cache_hits=0
SLIM_PHASE query-chunks wall=4.751 cumulative=4193.685 peak_rss_kib=61428860
SLIM_PROGRESS runs=850460672/1859825862 resolve_wall=255.065 lce_wall=3688.917 write_wall=6.622 lf_steps=0 cache_hits=0
SLIM_PHASE query-chunks wall=4.775 cumulative=4198.460 peak_rss_kib=61435900
SLIM_PROGRESS runs=851509248/1859825862 resolve_wall=255.340 lce_wall=3693.368 write_wall=6.629 lf_steps=0 cache_hits=0
SLIM_PHASE query-chunks wall=4.733 cumulative=4203.193 peak_rss_kib=61442172
SLIM_PROGRESS runs=852557824/1859825862 resolve_wall=255.696 lce_wall=3697.912 write_wall=6.637 lf_steps=0 cache_hits=0
SLIM_PHASE query-chunks wall=4.908 cumulative=4208.101 peak_rss_kib=61469164
SLIM_PROGRESS runs=853606400/1859825862 resolve_wall=256.068 lce_wall=3702.740 write_wall=6.644 lf_steps=0 cache_hits=0
SLIM_PHASE query-chunks wall=5.207 cumulative=4213.308 peak_rss_kib=61484192
SLIM_PROGRESS runs=854654976/1859825862 resolve_wall=256.447 lce_wall=3707.091 write_wall=6.653 lf_steps=0 cache_hits=0
SLIM_PHASE query-chunks wall=4.738 cumulative=4218.047 peak_rss_kib=61507568
SLIM_PROGRESS runs=855703552/1859825862 resolve_wall=256.789 lce_wall=3711.406 write_wall=6.663 lf_steps=0 cache_hits=0
SLIM_PHASE query-chunks wall=4.668 cumulative=4222.715 peak_rss_kib=61522320
SLIM_PROGRESS runs=856752128/1859825862 resolve_wall=257.193 lce_wall=3716.084 write_wall=6.672 lf_steps=0 cache_hits=0
SLIM_PHASE query-chunks wall=5.091 cumulative=4227.805 peak_rss_kib=61543316
SLIM_PROGRESS runs=857800704/1859825862 resolve_wall=257.555 lce_wall=3720.521 write_wall=6.681 lf_steps=0 cache_hits=0
SLIM_PHASE query-chunks wall=4.808 cumulative=4232.614 peak_rss_kib=61562400
SLIM_PROGRESS runs=858849280/1859825862 resolve_wall=257.863 lce_wall=3725.184 write_wall=6.690 lf_steps=0 cache_hits=0
SLIM_PHASE query-chunks wall=4.981 cumulative=4237.595 peak_rss_kib=61571104
SLIM_PROGRESS runs=859897856/1859825862 resolve_wall=258.251 lce_wall=3729.704 write_wall=6.700 lf_steps=0 cache_hits=0
SLIM_PHASE query-chunks wall=4.918 cumulative=4242.512 peak_rss_kib=61579904
SLIM_PROGRESS runs=860946432/1859825862 resolve_wall=258.637 lce_wall=3734.193 write_wall=6.708 lf_steps=0 cache_hits=0
SLIM_PHASE query-chunks wall=4.883 cumulative=4247.395 peak_rss_kib=61600984
SLIM_PROGRESS runs=861995008/1859825862 resolve_wall=258.961 lce_wall=3738.657 write_wall=6.715 lf_steps=0 cache_hits=0
SLIM_PHASE query-chunks wall=4.794 cumulative=4252.189 peak_rss_kib=61620464
SLIM_PROGRESS runs=863043584/1859825862 resolve_wall=259.241 lce_wall=3743.456 write_wall=6.722 lf_steps=0 cache_hits=0
SLIM_PHASE query-chunks wall=5.087 cumulative=4257.277 peak_rss_kib=61626224
SLIM_PROGRESS runs=864092160/1859825862 resolve_wall=259.538 lce_wall=3748.282 write_wall=6.731 lf_steps=0 cache_hits=0
SLIM_PHASE query-chunks wall=5.132 cumulative=4262.408 peak_rss_kib=61634064
SLIM_PROGRESS runs=865140736/1859825862 resolve_wall=259.936 lce_wall=3753.020 write_wall=6.739 lf_steps=0 cache_hits=0
SLIM_PHASE query-chunks wall=5.145 cumulative=4267.553 peak_rss_kib=61639056
SLIM_PROGRESS runs=866189312/1859825862 resolve_wall=260.244 lce_wall=3757.723 write_wall=6.747 lf_steps=0 cache_hits=0
SLIM_PHASE query-chunks wall=5.019 cumulative=4272.572 peak_rss_kib=61656200
SLIM_PROGRESS runs=867237888/1859825862 resolve_wall=260.605 lce_wall=3762.462 write_wall=6.754 lf_steps=0 cache_hits=0
SLIM_PHASE query-chunks wall=5.108 cumulative=4277.680 peak_rss_kib=61662376
SLIM_PROGRESS runs=868286464/1859825862 resolve_wall=260.892 lce_wall=3766.962 write_wall=6.762 lf_steps=0 cache_hits=0
SLIM_PHASE query-chunks wall=4.794 cumulative=4282.474 peak_rss_kib=61671168
SLIM_PROGRESS runs=869335040/1859825862 resolve_wall=261.220 lce_wall=3771.426 write_wall=6.769 lf_steps=0 cache_hits=0
SLIM_PHASE query-chunks wall=4.800 cumulative=4287.274 peak_rss_kib=61681952
SLIM_PROGRESS runs=870383616/1859825862 resolve_wall=261.497 lce_wall=3775.792 write_wall=6.777 lf_steps=0 cache_hits=0
SLIM_PHASE query-chunks wall=4.651 cumulative=4291.925 peak_rss_kib=61694944
SLIM_PROGRESS runs=871432192/1859825862 resolve_wall=261.801 lce_wall=3780.417 write_wall=6.784 lf_steps=0 cache_hits=0
SLIM_PHASE query-chunks wall=4.936 cumulative=4296.861 peak_rss_kib=61704064
SLIM_PROGRESS runs=872480768/1859825862 resolve_wall=262.202 lce_wall=3784.856 write_wall=6.792 lf_steps=0 cache_hits=0
SLIM_PHASE query-chunks wall=4.848 cumulative=4301.710 peak_rss_kib=61715104
SLIM_PROGRESS runs=873529344/1859825862 resolve_wall=262.547 lce_wall=3789.477 write_wall=6.800 lf_steps=0 cache_hits=0
SLIM_PHASE query-chunks wall=4.973 cumulative=4306.683 peak_rss_kib=61727824
SLIM_PROGRESS runs=874577920/1859825862 resolve_wall=262.859 lce_wall=3793.944 write_wall=6.807 lf_steps=0 cache_hits=0
SLIM_PHASE query-chunks wall=4.787 cumulative=4311.470 peak_rss_kib=61740288
SLIM_PROGRESS runs=875626496/1859825862 resolve_wall=263.177 lce_wall=3798.451 write_wall=6.815 lf_steps=0 cache_hits=0
SLIM_PHASE query-chunks wall=4.832 cumulative=4316.302 peak_rss_kib=61747568
SLIM_PROGRESS runs=876675072/1859825862 resolve_wall=263.545 lce_wall=3803.099 write_wall=6.822 lf_steps=0 cache_hits=0
SLIM_PHASE query-chunks wall=5.024 cumulative=4321.327 peak_rss_kib=61750272
SLIM_PROGRESS runs=877723648/1859825862 resolve_wall=263.831 lce_wall=3807.487 write_wall=6.829 lf_steps=0 cache_hits=0
SLIM_PHASE query-chunks wall=4.681 cumulative=4326.007 peak_rss_kib=61764320
SLIM_PROGRESS runs=878772224/1859825862 resolve_wall=264.128 lce_wall=3812.094 write_wall=6.837 lf_steps=0 cache_hits=0
SLIM_PHASE query-chunks wall=4.913 cumulative=4330.920 peak_rss_kib=61769380
SLIM_PROGRESS runs=879820800/1859825862 resolve_wall=264.439 lce_wall=3816.772 write_wall=6.845 lf_steps=0 cache_hits=0
SLIM_PHASE query-chunks wall=4.997 cumulative=4335.917 peak_rss_kib=61786556
SLIM_PROGRESS runs=880869376/1859825862 resolve_wall=264.821 lce_wall=3821.344 write_wall=6.852 lf_steps=0 cache_hits=0
SLIM_PHASE query-chunks wall=4.961 cumulative=4340.878 peak_rss_kib=61800604
SLIM_PROGRESS runs=881917952/1859825862 resolve_wall=265.134 lce_wall=3825.869 write_wall=6.860 lf_steps=0 cache_hits=0
SLIM_PHASE query-chunks wall=4.846 cumulative=4345.724 peak_rss_kib=61823364
SLIM_PROGRESS runs=882966528/1859825862 resolve_wall=265.486 lce_wall=3830.276 write_wall=6.868 lf_steps=0 cache_hits=0
SLIM_PHASE query-chunks wall=4.767 cumulative=4350.491 peak_rss_kib=61846508
SLIM_PROGRESS runs=884015104/1859825862 resolve_wall=265.778 lce_wall=3834.131 write_wall=6.875 lf_steps=0 cache_hits=0
SLIM_PHASE query-chunks wall=4.154 cumulative=4354.645 peak_rss_kib=61855212
SLIM_PROGRESS runs=885063680/1859825862 resolve_wall=266.099 lce_wall=3838.621 write_wall=6.883 lf_steps=0 cache_hits=0
SLIM_PHASE query-chunks wall=4.819 cumulative=4359.464 peak_rss_kib=61872108
SLIM_PROGRESS runs=886112256/1859825862 resolve_wall=266.457 lce_wall=3843.011 write_wall=6.890 lf_steps=0 cache_hits=0
SLIM_PHASE query-chunks wall=4.756 cumulative=4364.220 peak_rss_kib=61889244
SLIM_PROGRESS runs=887160832/1859825862 resolve_wall=266.818 lce_wall=3847.507 write_wall=6.898 lf_steps=0 cache_hits=0
SLIM_PHASE query-chunks wall=4.864 cumulative=4369.085 peak_rss_kib=61901852
SLIM_PROGRESS runs=888209408/1859825862 resolve_wall=267.111 lce_wall=3852.228 write_wall=6.906 lf_steps=0 cache_hits=0
SLIM_PHASE query-chunks wall=5.023 cumulative=4374.107 peak_rss_kib=61908604
SLIM_PROGRESS runs=889257984/1859825862 resolve_wall=267.407 lce_wall=3856.775 write_wall=6.913 lf_steps=0 cache_hits=0
SLIM_PHASE query-chunks wall=4.850 cumulative=4378.957 peak_rss_kib=61933692
SLIM_PROGRESS runs=890306560/1859825862 resolve_wall=267.687 lce_wall=3861.249 write_wall=6.921 lf_steps=0 cache_hits=0
SLIM_PHASE query-chunks wall=4.763 cumulative=4383.720 peak_rss_kib=61947212
SLIM_PROGRESS runs=891355136/1859825862 resolve_wall=267.942 lce_wall=3865.898 write_wall=6.928 lf_steps=0 cache_hits=0
SLIM_PHASE query-chunks wall=4.911 cumulative=4388.631 peak_rss_kib=61960016
SLIM_PROGRESS runs=892403712/1859825862 resolve_wall=268.228 lce_wall=3870.459 write_wall=6.936 lf_steps=0 cache_hits=0
SLIM_PHASE query-chunks wall=4.854 cumulative=4393.485 peak_rss_kib=61979660
SLIM_PROGRESS runs=893452288/1859825862 resolve_wall=268.484 lce_wall=3875.193 write_wall=6.943 lf_steps=0 cache_hits=0
SLIM_PHASE query-chunks wall=4.998 cumulative=4398.483 peak_rss_kib=61990700
SLIM_PROGRESS runs=894500864/1859825862 resolve_wall=268.750 lce_wall=3879.821 write_wall=6.950 lf_steps=0 cache_hits=0
SLIM_PHASE query-chunks wall=4.902 cumulative=4403.385 peak_rss_kib=62005452
SLIM_PROGRESS runs=895549440/1859825862 resolve_wall=269.003 lce_wall=3884.391 write_wall=6.958 lf_steps=0 cache_hits=0
SLIM_PHASE query-chunks wall=4.830 cumulative=4408.215 peak_rss_kib=62020204
SLIM_PROGRESS runs=896598016/1859825862 resolve_wall=269.263 lce_wall=3889.001 write_wall=6.967 lf_steps=0 cache_hits=0
SLIM_PHASE query-chunks wall=4.878 cumulative=4413.093 peak_rss_kib=62033004
SLIM_PROGRESS runs=897646592/1859825862 resolve_wall=269.527 lce_wall=3893.821 write_wall=6.976 lf_steps=0 cache_hits=0
SLIM_PHASE query-chunks wall=5.094 cumulative=4418.187 peak_rss_kib=62047852
SLIM_PROGRESS runs=898695168/1859825862 resolve_wall=269.843 lce_wall=3898.186 write_wall=6.984 lf_steps=0 cache_hits=0
SLIM_PHASE query-chunks wall=4.689 cumulative=4422.876 peak_rss_kib=62066708
SLIM_PROGRESS runs=899743744/1859825862 resolve_wall=270.144 lce_wall=3902.609 write_wall=6.991 lf_steps=0 cache_hits=0
SLIM_PHASE query-chunks wall=4.731 cumulative=4427.608 peak_rss_kib=62079604
SLIM_PROGRESS runs=900792320/1859825862 resolve_wall=270.410 lce_wall=3907.155 write_wall=6.998 lf_steps=0 cache_hits=0
SLIM_PHASE query-chunks wall=4.820 cumulative=4432.427 peak_rss_kib=62098740
SLIM_PROGRESS runs=901840896/1859825862 resolve_wall=270.720 lce_wall=3911.696 write_wall=7.007 lf_steps=0 cache_hits=0
SLIM_PHASE query-chunks wall=4.861 cumulative=4437.288 peak_rss_kib=62121660
SLIM_PROGRESS runs=902889472/1859825862 resolve_wall=271.128 lce_wall=3916.270 write_wall=7.017 lf_steps=0 cache_hits=0
SLIM_PHASE query-chunks wall=4.992 cumulative=4442.280 peak_rss_kib=62136268
SLIM_PROGRESS runs=903938048/1859825862 resolve_wall=271.492 lce_wall=3920.907 write_wall=7.028 lf_steps=0 cache_hits=0
SLIM_PHASE query-chunks wall=5.012 cumulative=4447.292 peak_rss_kib=62157356
SLIM_PROGRESS runs=904986624/1859825862 resolve_wall=271.884 lce_wall=3925.315 write_wall=7.038 lf_steps=0 cache_hits=0
SLIM_PHASE query-chunks wall=4.810 cumulative=4452.102 peak_rss_kib=62176228
SLIM_PROGRESS runs=906035200/1859825862 resolve_wall=272.283 lce_wall=3929.976 write_wall=7.047 lf_steps=0 cache_hits=0
SLIM_PHASE query-chunks wall=5.070 cumulative=4457.172 peak_rss_kib=62189412
SLIM_PROGRESS runs=907083776/1859825862 resolve_wall=272.701 lce_wall=3934.375 write_wall=7.056 lf_steps=0 cache_hits=0
SLIM_PHASE query-chunks wall=4.827 cumulative=4461.998 peak_rss_kib=62210164
SLIM_PROGRESS runs=908132352/1859825862 resolve_wall=273.103 lce_wall=3938.832 write_wall=7.065 lf_steps=0 cache_hits=0
SLIM_PHASE query-chunks wall=4.868 cumulative=4466.866 peak_rss_kib=62225252
SLIM_PROGRESS runs=909180928/1859825862 resolve_wall=273.496 lce_wall=3943.292 write_wall=7.073 lf_steps=0 cache_hits=0
SLIM_PHASE query-chunks wall=4.860 cumulative=4471.727 peak_rss_kib=62246540
SLIM_PROGRESS runs=910229504/1859825862 resolve_wall=273.932 lce_wall=3947.594 write_wall=7.081 lf_steps=0 cache_hits=0
SLIM_PHASE query-chunks wall=4.747 cumulative=4476.474 peak_rss_kib=62273868
SLIM_PROGRESS runs=911278080/1859825862 resolve_wall=274.364 lce_wall=3951.992 write_wall=7.089 lf_steps=0 cache_hits=0
SLIM_PHASE query-chunks wall=4.838 cumulative=4481.311 peak_rss_kib=62300872
SLIM_PROGRESS runs=912326656/1859825862 resolve_wall=274.762 lce_wall=3956.390 write_wall=7.097 lf_steps=0 cache_hits=0
SLIM_PHASE query-chunks wall=4.804 cumulative=4486.116 peak_rss_kib=62321800
SLIM_PROGRESS runs=913375232/1859825862 resolve_wall=275.169 lce_wall=3960.935 write_wall=7.107 lf_steps=0 cache_hits=0
SLIM_PHASE query-chunks wall=4.961 cumulative=4491.077 peak_rss_kib=62345344
SLIM_PROGRESS runs=914423808/1859825862 resolve_wall=275.576 lce_wall=3965.553 write_wall=7.116 lf_steps=0 cache_hits=0
SLIM_PHASE query-chunks wall=5.035 cumulative=4496.112 peak_rss_kib=62356552
SLIM_PROGRESS runs=915472384/1859825862 resolve_wall=275.980 lce_wall=3970.069 write_wall=7.126 lf_steps=0 cache_hits=0
SLIM_PHASE query-chunks wall=4.930 cumulative=4501.043 peak_rss_kib=62375148
SLIM_PROGRESS runs=916520960/1859825862 resolve_wall=276.356 lce_wall=3974.930 write_wall=7.135 lf_steps=0 cache_hits=0
SLIM_PHASE query-chunks wall=5.247 cumulative=4506.289 peak_rss_kib=62385900
SLIM_PROGRESS runs=917569536/1859825862 resolve_wall=276.713 lce_wall=3979.527 write_wall=7.144 lf_steps=0 cache_hits=0
SLIM_PHASE query-chunks wall=4.962 cumulative=4511.252 peak_rss_kib=62398716
SLIM_PROGRESS runs=918618112/1859825862 resolve_wall=277.014 lce_wall=3984.137 write_wall=7.153 lf_steps=0 cache_hits=0
SLIM_PHASE query-chunks wall=4.920 cumulative=4516.171 peak_rss_kib=62409660
SLIM_PROGRESS runs=919666688/1859825862 resolve_wall=277.316 lce_wall=3988.639 write_wall=7.162 lf_steps=0 cache_hits=0
SLIM_PHASE query-chunks wall=4.812 cumulative=4520.984 peak_rss_kib=62422460
SLIM_PROGRESS runs=920715264/1859825862 resolve_wall=277.635 lce_wall=3993.288 write_wall=7.171 lf_steps=0 cache_hits=0
SLIM_PHASE query-chunks wall=4.978 cumulative=4525.961 peak_rss_kib=62435164
SLIM_PROGRESS runs=921763840/1859825862 resolve_wall=277.980 lce_wall=3997.829 write_wall=7.178 lf_steps=0 cache_hits=0
SLIM_PHASE query-chunks wall=4.894 cumulative=4530.855 peak_rss_kib=62450396
SLIM_PROGRESS runs=922812416/1859825862 resolve_wall=278.296 lce_wall=4002.306 write_wall=7.185 lf_steps=0 cache_hits=0
SLIM_PHASE query-chunks wall=4.800 cumulative=4535.655 peak_rss_kib=62465244
SLIM_PROGRESS runs=923860992/1859825862 resolve_wall=278.655 lce_wall=4006.691 write_wall=7.193 lf_steps=0 cache_hits=0
SLIM_PHASE query-chunks wall=4.752 cumulative=4540.408 peak_rss_kib=62476092
SLIM_PROGRESS runs=924909568/1859825862 resolve_wall=278.978 lce_wall=4011.141 write_wall=7.200 lf_steps=0 cache_hits=0
SLIM_PHASE query-chunks wall=4.780 cumulative=4545.187 peak_rss_kib=62495496
SLIM_PROGRESS runs=925958144/1859825862 resolve_wall=279.326 lce_wall=4015.713 write_wall=7.210 lf_steps=0 cache_hits=0
SLIM_PHASE query-chunks wall=4.929 cumulative=4550.117 peak_rss_kib=62516420
SLIM_PROGRESS runs=927006720/1859825862 resolve_wall=279.748 lce_wall=4020.193 write_wall=7.220 lf_steps=0 cache_hits=0
SLIM_PHASE query-chunks wall=4.914 cumulative=4555.031 peak_rss_kib=62539564
SLIM_PROGRESS runs=928055296/1859825862 resolve_wall=280.168 lce_wall=4024.757 write_wall=7.231 lf_steps=0 cache_hits=0
SLIM_PHASE query-chunks wall=4.995 cumulative=4560.025 peak_rss_kib=62554796
SLIM_PROGRESS runs=929103872/1859825862 resolve_wall=280.548 lce_wall=4029.274 write_wall=7.241 lf_steps=0 cache_hits=0
SLIM_PHASE query-chunks wall=4.907 cumulative=4564.932 peak_rss_kib=62559272
SLIM_PROGRESS runs=930152448/1859825862 resolve_wall=280.978 lce_wall=4034.046 write_wall=7.251 lf_steps=0 cache_hits=0
SLIM_PHASE query-chunks wall=5.213 cumulative=4570.145 peak_rss_kib=62566456
SLIM_PROGRESS runs=931201024/1859825862 resolve_wall=281.386 lce_wall=4038.637 write_wall=7.260 lf_steps=0 cache_hits=0
SLIM_PHASE query-chunks wall=5.007 cumulative=4575.152 peak_rss_kib=62566456
SLIM_PROGRESS runs=932249600/1859825862 resolve_wall=281.819 lce_wall=4043.288 write_wall=7.269 lf_steps=0 cache_hits=0
SLIM_PHASE query-chunks wall=5.093 cumulative=4580.245 peak_rss_kib=62566456
SLIM_PROGRESS runs=933298176/1859825862 resolve_wall=282.163 lce_wall=4048.174 write_wall=7.276 lf_steps=0 cache_hits=0
SLIM_PHASE query-chunks wall=5.238 cumulative=4585.483 peak_rss_kib=62566456
SLIM_PROGRESS runs=934346752/1859825862 resolve_wall=282.489 lce_wall=4053.024 write_wall=7.285 lf_steps=0 cache_hits=0
SLIM_PHASE query-chunks wall=5.185 cumulative=4590.668 peak_rss_kib=62566456
SLIM_PROGRESS runs=935395328/1859825862 resolve_wall=282.866 lce_wall=4058.141 write_wall=7.294 lf_steps=0 cache_hits=0
SLIM_PHASE query-chunks wall=5.503 cumulative=4596.171 peak_rss_kib=62566456
SLIM_PROGRESS runs=936443904/1859825862 resolve_wall=283.272 lce_wall=4062.875 write_wall=7.302 lf_steps=0 cache_hits=0
SLIM_PHASE query-chunks wall=5.148 cumulative=4601.319 peak_rss_kib=62566456
SLIM_PROGRESS runs=937492480/1859825862 resolve_wall=283.672 lce_wall=4067.172 write_wall=7.311 lf_steps=0 cache_hits=0
SLIM_PHASE query-chunks wall=4.707 cumulative=4606.026 peak_rss_kib=62566456
SLIM_PROGRESS runs=938541056/1859825862 resolve_wall=284.032 lce_wall=4071.634 write_wall=7.320 lf_steps=0 cache_hits=0
SLIM_PHASE query-chunks wall=4.830 cumulative=4610.856 peak_rss_kib=62566456
SLIM_PROGRESS runs=939589632/1859825862 resolve_wall=284.375 lce_wall=4076.049 write_wall=7.329 lf_steps=0 cache_hits=0
SLIM_PHASE query-chunks wall=4.768 cumulative=4615.624 peak_rss_kib=62566456
SLIM_PROGRESS runs=940638208/1859825862 resolve_wall=284.677 lce_wall=4080.469 write_wall=7.338 lf_steps=0 cache_hits=0
SLIM_PHASE query-chunks wall=4.731 cumulative=4620.355 peak_rss_kib=62566456
SLIM_PROGRESS runs=941686784/1859825862 resolve_wall=284.982 lce_wall=4084.992 write_wall=7.347 lf_steps=0 cache_hits=0
SLIM_PHASE query-chunks wall=4.838 cumulative=4625.193 peak_rss_kib=62566456
SLIM_PROGRESS runs=942735360/1859825862 resolve_wall=285.361 lce_wall=4089.282 write_wall=7.356 lf_steps=0 cache_hits=0
SLIM_PHASE query-chunks wall=4.679 cumulative=4629.872 peak_rss_kib=62566456
SLIM_PROGRESS runs=943783936/1859825862 resolve_wall=285.771 lce_wall=4093.575 write_wall=7.366 lf_steps=0 cache_hits=0
SLIM_PHASE query-chunks wall=4.713 cumulative=4634.585 peak_rss_kib=62566456
SLIM_PROGRESS runs=944832512/1859825862 resolve_wall=286.060 lce_wall=4097.853 write_wall=7.375 lf_steps=0 cache_hits=0
SLIM_PHASE query-chunks wall=4.576 cumulative=4639.160 peak_rss_kib=62566456
SLIM_PROGRESS runs=945881088/1859825862 resolve_wall=286.414 lce_wall=4102.317 write_wall=7.384 lf_steps=0 cache_hits=0
SLIM_PHASE query-chunks wall=4.827 cumulative=4643.987 peak_rss_kib=62566456
SLIM_PROGRESS runs=946929664/1859825862 resolve_wall=286.783 lce_wall=4106.824 write_wall=7.392 lf_steps=0 cache_hits=0
SLIM_PHASE query-chunks wall=4.884 cumulative=4648.872 peak_rss_kib=62566456
SLIM_PROGRESS runs=947978240/1859825862 resolve_wall=287.167 lce_wall=4111.291 write_wall=7.401 lf_steps=0 cache_hits=0
SLIM_PHASE query-chunks wall=4.860 cumulative=4653.731 peak_rss_kib=62566456
SLIM_PROGRESS runs=949026816/1859825862 resolve_wall=287.497 lce_wall=4115.777 write_wall=7.409 lf_steps=0 cache_hits=0
SLIM_PHASE query-chunks wall=4.825 cumulative=4658.556 peak_rss_kib=62566456
SLIM_PROGRESS runs=950075392/1859825862 resolve_wall=287.878 lce_wall=4120.107 write_wall=7.420 lf_steps=0 cache_hits=0
SLIM_PHASE query-chunks wall=4.722 cumulative=4663.278 peak_rss_kib=62566456
SLIM_PROGRESS runs=951123968/1859825862 resolve_wall=288.222 lce_wall=4124.466 write_wall=7.430 lf_steps=0 cache_hits=0
SLIM_PHASE query-chunks wall=4.713 cumulative=4667.991 peak_rss_kib=62566456
SLIM_PROGRESS runs=952172544/1859825862 resolve_wall=288.571 lce_wall=4128.860 write_wall=7.439 lf_steps=0 cache_hits=0
SLIM_PHASE query-chunks wall=4.753 cumulative=4672.744 peak_rss_kib=62566456
SLIM_PROGRESS runs=953221120/1859825862 resolve_wall=289.044 lce_wall=4133.494 write_wall=7.448 lf_steps=0 cache_hits=0
SLIM_PHASE query-chunks wall=5.115 cumulative=4677.859 peak_rss_kib=62566456
SLIM_PROGRESS runs=954269696/1859825862 resolve_wall=289.516 lce_wall=4138.029 write_wall=7.458 lf_steps=0 cache_hits=0
SLIM_PHASE query-chunks wall=5.017 cumulative=4682.876 peak_rss_kib=62566456
SLIM_PROGRESS runs=955318272/1859825862 resolve_wall=289.878 lce_wall=4142.411 write_wall=7.466 lf_steps=0 cache_hits=0
SLIM_PHASE query-chunks wall=4.753 cumulative=4687.629 peak_rss_kib=62566456
SLIM_PROGRESS runs=956366848/1859825862 resolve_wall=290.340 lce_wall=4146.856 write_wall=7.475 lf_steps=0 cache_hits=0
SLIM_PHASE query-chunks wall=4.916 cumulative=4692.545 peak_rss_kib=62566456
SLIM_PROGRESS runs=957415424/1859825862 resolve_wall=290.729 lce_wall=4151.519 write_wall=7.484 lf_steps=0 cache_hits=0
SLIM_PHASE query-chunks wall=5.061 cumulative=4697.606 peak_rss_kib=62566456
SLIM_PROGRESS runs=958464000/1859825862 resolve_wall=291.118 lce_wall=4155.947 write_wall=7.498 lf_steps=0 cache_hits=0
SLIM_PHASE query-chunks wall=4.832 cumulative=4702.437 peak_rss_kib=62566456
SLIM_PROGRESS runs=959512576/1859825862 resolve_wall=291.480 lce_wall=4160.620 write_wall=7.507 lf_steps=0 cache_hits=0
SLIM_PHASE query-chunks wall=5.044 cumulative=4707.482 peak_rss_kib=62566456
SLIM_PROGRESS runs=960561152/1859825862 resolve_wall=291.766 lce_wall=4165.418 write_wall=7.516 lf_steps=0 cache_hits=0
SLIM_PHASE query-chunks wall=5.092 cumulative=4712.574 peak_rss_kib=62566456
SLIM_PROGRESS runs=961609728/1859825862 resolve_wall=292.047 lce_wall=4170.158 write_wall=7.523 lf_steps=0 cache_hits=0
SLIM_PHASE query-chunks wall=5.029 cumulative=4717.603 peak_rss_kib=62566456
SLIM_PROGRESS runs=962658304/1859825862 resolve_wall=292.318 lce_wall=4174.756 write_wall=7.532 lf_steps=0 cache_hits=0
SLIM_PHASE query-chunks wall=4.877 cumulative=4722.481 peak_rss_kib=62566456
SLIM_PROGRESS runs=963706880/1859825862 resolve_wall=292.603 lce_wall=4179.209 write_wall=7.540 lf_steps=0 cache_hits=0
SLIM_PHASE query-chunks wall=4.747 cumulative=4727.227 peak_rss_kib=62566456
SLIM_PROGRESS runs=964755456/1859825862 resolve_wall=292.881 lce_wall=4183.785 write_wall=7.547 lf_steps=0 cache_hits=0
SLIM_PHASE query-chunks wall=4.862 cumulative=4732.089 peak_rss_kib=62566456
SLIM_PROGRESS runs=965804032/1859825862 resolve_wall=293.157 lce_wall=4188.295 write_wall=7.554 lf_steps=0 cache_hits=0
SLIM_PHASE query-chunks wall=4.793 cumulative=4736.882 peak_rss_kib=62566456
SLIM_PROGRESS runs=966852608/1859825862 resolve_wall=293.464 lce_wall=4193.049 write_wall=7.562 lf_steps=0 cache_hits=0
SLIM_PHASE query-chunks wall=5.069 cumulative=4741.951 peak_rss_kib=62566456
SLIM_PROGRESS runs=967901184/1859825862 resolve_wall=293.761 lce_wall=4197.688 write_wall=7.569 lf_steps=0 cache_hits=0
SLIM_PHASE query-chunks wall=4.942 cumulative=4746.893 peak_rss_kib=62566456
SLIM_PROGRESS runs=968949760/1859825862 resolve_wall=294.130 lce_wall=4202.368 write_wall=7.578 lf_steps=0 cache_hits=0
SLIM_PHASE query-chunks wall=5.060 cumulative=4751.953 peak_rss_kib=62566456
SLIM_PROGRESS runs=969998336/1859825862 resolve_wall=294.472 lce_wall=4206.793 write_wall=7.587 lf_steps=0 cache_hits=0
SLIM_PHASE query-chunks wall=4.776 cumulative=4756.729 peak_rss_kib=62566456
SLIM_PROGRESS runs=971046912/1859825862 resolve_wall=294.850 lce_wall=4211.517 write_wall=7.595 lf_steps=0 cache_hits=0
SLIM_PHASE query-chunks wall=5.109 cumulative=4761.838 peak_rss_kib=62566456
SLIM_PROGRESS runs=972095488/1859825862 resolve_wall=295.244 lce_wall=4216.006 write_wall=7.603 lf_steps=0 cache_hits=0
SLIM_PHASE query-chunks wall=4.892 cumulative=4766.730 peak_rss_kib=62566456
SLIM_PROGRESS runs=973144064/1859825862 resolve_wall=295.682 lce_wall=4220.283 write_wall=7.611 lf_steps=0 cache_hits=0
SLIM_PHASE query-chunks wall=4.723 cumulative=4771.453 peak_rss_kib=62566456
SLIM_PROGRESS runs=974192640/1859825862 resolve_wall=296.122 lce_wall=4224.733 write_wall=7.619 lf_steps=0 cache_hits=0
SLIM_PHASE query-chunks wall=4.897 cumulative=4776.350 peak_rss_kib=62566456
SLIM_PROGRESS runs=975241216/1859825862 resolve_wall=296.515 lce_wall=4229.415 write_wall=7.626 lf_steps=0 cache_hits=0
SLIM_PHASE query-chunks wall=5.083 cumulative=4781.433 peak_rss_kib=62566456
SLIM_PROGRESS runs=976289792/1859825862 resolve_wall=296.886 lce_wall=4233.747 write_wall=7.634 lf_steps=0 cache_hits=0
SLIM_PHASE query-chunks wall=4.711 cumulative=4786.144 peak_rss_kib=62566456
SLIM_PROGRESS runs=977338368/1859825862 resolve_wall=297.264 lce_wall=4238.221 write_wall=7.642 lf_steps=0 cache_hits=0
SLIM_PHASE query-chunks wall=4.861 cumulative=4791.005 peak_rss_kib=62566456
SLIM_PROGRESS runs=978386944/1859825862 resolve_wall=297.630 lce_wall=4242.599 write_wall=7.650 lf_steps=0 cache_hits=0
SLIM_PHASE query-chunks wall=4.752 cumulative=4795.756 peak_rss_kib=62566456
SLIM_PROGRESS runs=979435520/1859825862 resolve_wall=298.036 lce_wall=4247.144 write_wall=7.657 lf_steps=0 cache_hits=0
SLIM_PHASE query-chunks wall=4.958 cumulative=4800.715 peak_rss_kib=62566456
SLIM_PROGRESS runs=980484096/1859825862 resolve_wall=298.389 lce_wall=4251.544 write_wall=7.665 lf_steps=0 cache_hits=0
SLIM_PHASE query-chunks wall=4.761 cumulative=4805.476 peak_rss_kib=62566456
SLIM_PROGRESS runs=981532672/1859825862 resolve_wall=298.763 lce_wall=4255.921 write_wall=7.674 lf_steps=0 cache_hits=0
SLIM_PHASE query-chunks wall=4.760 cumulative=4810.236 peak_rss_kib=62566456
SLIM_PROGRESS runs=982581248/1859825862 resolve_wall=299.061 lce_wall=4261.140 write_wall=7.703 lf_steps=0 cache_hits=0
SLIM_PHASE query-chunks wall=5.547 cumulative=4815.783 peak_rss_kib=62566456
SLIM_PROGRESS runs=983629824/1859825862 resolve_wall=299.415 lce_wall=4266.191 write_wall=7.712 lf_steps=0 cache_hits=0
SLIM_PHASE query-chunks wall=5.414 cumulative=4821.196 peak_rss_kib=62566456
SLIM_PROGRESS runs=984678400/1859825862 resolve_wall=299.744 lce_wall=4271.592 write_wall=7.721 lf_steps=0 cache_hits=0
SLIM_PHASE query-chunks wall=5.740 cumulative=4826.936 peak_rss_kib=62566456
SLIM_PROGRESS runs=985726976/1859825862 resolve_wall=300.048 lce_wall=4276.576 write_wall=7.730 lf_steps=0 cache_hits=0
SLIM_PHASE query-chunks wall=5.297 cumulative=4832.233 peak_rss_kib=62566456
SLIM_PROGRESS runs=986775552/1859825862 resolve_wall=300.412 lce_wall=4281.214 write_wall=7.738 lf_steps=0 cache_hits=0
SLIM_PHASE query-chunks wall=5.010 cumulative=4837.243 peak_rss_kib=62566456
SLIM_PROGRESS runs=987824128/1859825862 resolve_wall=300.760 lce_wall=4286.324 write_wall=7.747 lf_steps=0 cache_hits=0
SLIM_PHASE query-chunks wall=5.467 cumulative=4842.710 peak_rss_kib=62566456
SLIM_PROGRESS runs=988872704/1859825862 resolve_wall=301.030 lce_wall=4291.295 write_wall=7.754 lf_steps=0 cache_hits=0
SLIM_PHASE query-chunks wall=5.249 cumulative=4847.959 peak_rss_kib=62566456
SLIM_PROGRESS runs=989921280/1859825862 resolve_wall=301.365 lce_wall=4296.261 write_wall=7.763 lf_steps=0 cache_hits=0
SLIM_PHASE query-chunks wall=5.310 cumulative=4853.269 peak_rss_kib=62566456
SLIM_PROGRESS runs=990969856/1859825862 resolve_wall=301.659 lce_wall=4301.112 write_wall=7.772 lf_steps=0 cache_hits=0
SLIM_PHASE query-chunks wall=5.154 cumulative=4858.423 peak_rss_kib=62566456
SLIM_PROGRESS runs=992018432/1859825862 resolve_wall=301.964 lce_wall=4305.908 write_wall=7.781 lf_steps=0 cache_hits=0
SLIM_PHASE query-chunks wall=5.111 cumulative=4863.534 peak_rss_kib=62566456
SLIM_PROGRESS runs=993067008/1859825862 resolve_wall=302.289 lce_wall=4311.143 write_wall=7.790 lf_steps=0 cache_hits=0
SLIM_PHASE query-chunks wall=5.569 cumulative=4869.103 peak_rss_kib=62566456
SLIM_PROGRESS runs=994115584/1859825862 resolve_wall=302.588 lce_wall=4316.462 write_wall=7.804 lf_steps=0 cache_hits=0
SLIM_PHASE query-chunks wall=5.630 cumulative=4874.734 peak_rss_kib=62566456
SLIM_PROGRESS runs=995164160/1859825862 resolve_wall=302.918 lce_wall=4322.118 write_wall=7.817 lf_steps=0 cache_hits=0
SLIM_PHASE query-chunks wall=6.001 cumulative=4880.734 peak_rss_kib=62566456
SLIM_PROGRESS runs=996212736/1859825862 resolve_wall=303.221 lce_wall=4327.350 write_wall=7.826 lf_steps=0 cache_hits=0
SLIM_PHASE query-chunks wall=5.544 cumulative=4886.278 peak_rss_kib=62566456
SLIM_PROGRESS runs=997261312/1859825862 resolve_wall=303.544 lce_wall=4333.020 write_wall=7.835 lf_steps=0 cache_hits=0
SLIM_PHASE query-chunks wall=6.002 cumulative=4892.280 peak_rss_kib=62566456
SLIM_PROGRESS runs=998309888/1859825862 resolve_wall=303.838 lce_wall=4338.149 write_wall=7.842 lf_steps=0 cache_hits=0
SLIM_PHASE query-chunks wall=5.430 cumulative=4897.710 peak_rss_kib=62566456
SLIM_PROGRESS runs=999358464/1859825862 resolve_wall=304.141 lce_wall=4343.127 write_wall=7.850 lf_steps=0 cache_hits=0
SLIM_PHASE query-chunks wall=5.290 cumulative=4903.000 peak_rss_kib=62566456
SLIM_PROGRESS runs=1000407040/1859825862 resolve_wall=304.531 lce_wall=4347.845 write_wall=7.858 lf_steps=0 cache_hits=0
SLIM_PHASE query-chunks wall=5.116 cumulative=4908.116 peak_rss_kib=62566456
SLIM_PROGRESS runs=1001455616/1859825862 resolve_wall=304.887 lce_wall=4352.315 write_wall=7.865 lf_steps=0 cache_hits=0
SLIM_PHASE query-chunks wall=4.834 cumulative=4912.949 peak_rss_kib=62566456
SLIM_PROGRESS runs=1002504192/1859825862 resolve_wall=305.204 lce_wall=4356.850 write_wall=7.873 lf_steps=0 cache_hits=0
SLIM_PHASE query-chunks wall=4.859 cumulative=4917.808 peak_rss_kib=62566456
SLIM_PROGRESS runs=1003552768/1859825862 resolve_wall=305.546 lce_wall=4360.967 write_wall=7.881 lf_steps=0 cache_hits=0
SLIM_PHASE query-chunks wall=4.468 cumulative=4922.277 peak_rss_kib=62574356
SLIM_PROGRESS runs=1004601344/1859825862 resolve_wall=305.858 lce_wall=4365.363 write_wall=7.891 lf_steps=0 cache_hits=0
SLIM_PHASE query-chunks wall=4.718 cumulative=4926.995 peak_rss_kib=62583264
SLIM_PROGRESS runs=1005649920/1859825862 resolve_wall=306.264 lce_wall=4369.569 write_wall=7.900 lf_steps=0 cache_hits=0
SLIM_PHASE query-chunks wall=4.621 cumulative=4931.616 peak_rss_kib=62588540
SLIM_PROGRESS runs=1006698496/1859825862 resolve_wall=306.637 lce_wall=4373.922 write_wall=7.909 lf_steps=0 cache_hits=0
SLIM_PHASE query-chunks wall=4.734 cumulative=4936.350 peak_rss_kib=62603732
SLIM_PROGRESS runs=1007747072/1859825862 resolve_wall=306.949 lce_wall=4378.371 write_wall=7.919 lf_steps=0 cache_hits=0
SLIM_PHASE query-chunks wall=4.771 cumulative=4941.121 peak_rss_kib=62608532
SLIM_PROGRESS runs=1008795648/1859825862 resolve_wall=307.230 lce_wall=4382.704 write_wall=7.930 lf_steps=0 cache_hits=0
SLIM_PHASE query-chunks wall=4.626 cumulative=4945.747 peak_rss_kib=62618900
SLIM_PROGRESS runs=1009844224/1859825862 resolve_wall=307.607 lce_wall=4387.168 write_wall=7.939 lf_steps=0 cache_hits=0
SLIM_PHASE query-chunks wall=4.850 cumulative=4950.597 peak_rss_kib=62631492
SLIM_PROGRESS runs=1010892800/1859825862 resolve_wall=307.998 lce_wall=4391.679 write_wall=7.949 lf_steps=0 cache_hits=0
SLIM_PHASE query-chunks wall=4.912 cumulative=4955.508 peak_rss_kib=62648292
SLIM_PROGRESS runs=1011941376/1859825862 resolve_wall=308.351 lce_wall=4396.052 write_wall=7.958 lf_steps=0 cache_hits=0
SLIM_PHASE query-chunks wall=4.736 cumulative=4960.244 peak_rss_kib=62665188
SLIM_PROGRESS runs=1012989952/1859825862 resolve_wall=308.698 lce_wall=4400.487 write_wall=7.967 lf_steps=0 cache_hits=0
SLIM_PHASE query-chunks wall=4.791 cumulative=4965.035 peak_rss_kib=62684420
SLIM_PROGRESS runs=1014038528/1859825862 resolve_wall=309.103 lce_wall=4404.888 write_wall=7.976 lf_steps=0 cache_hits=0
SLIM_PHASE query-chunks wall=4.815 cumulative=4969.851 peak_rss_kib=62707364
SLIM_PROGRESS runs=1015087104/1859825862 resolve_wall=309.436 lce_wall=4409.176 write_wall=7.986 lf_steps=0 cache_hits=0
SLIM_PHASE query-chunks wall=4.632 cumulative=4974.482 peak_rss_kib=62720164
SLIM_PROGRESS runs=1016135680/1859825862 resolve_wall=309.766 lce_wall=4413.566 write_wall=7.995 lf_steps=0 cache_hits=0
SLIM_PHASE query-chunks wall=4.728 cumulative=4979.210 peak_rss_kib=62724724
SLIM_PROGRESS runs=1017184256/1859825862 resolve_wall=310.129 lce_wall=4417.916 write_wall=8.003 lf_steps=0 cache_hits=0
SLIM_PHASE query-chunks wall=4.723 cumulative=4983.934 peak_rss_kib=62737384
SLIM_PROGRESS runs=1018232832/1859825862 resolve_wall=310.428 lce_wall=4422.451 write_wall=8.011 lf_steps=0 cache_hits=0
SLIM_PHASE query-chunks wall=4.841 cumulative=4988.775 peak_rss_kib=62752280
SLIM_PROGRESS runs=1019281408/1859825862 resolve_wall=310.745 lce_wall=4426.802 write_wall=8.020 lf_steps=0 cache_hits=0
SLIM_PHASE query-chunks wall=4.677 cumulative=4993.452 peak_rss_kib=62773384
SLIM_PROGRESS runs=1020329984/1859825862 resolve_wall=311.089 lce_wall=4431.179 write_wall=8.029 lf_steps=0 cache_hits=0
SLIM_PHASE query-chunks wall=4.730 cumulative=4998.182 peak_rss_kib=62784424
SLIM_PROGRESS runs=1021378560/1859825862 resolve_wall=311.340 lce_wall=4435.987 write_wall=8.038 lf_steps=0 cache_hits=0
SLIM_PHASE query-chunks wall=5.068 cumulative=5003.251 peak_rss_kib=62795080
SLIM_PROGRESS runs=1022427136/1859825862 resolve_wall=311.614 lce_wall=4440.305 write_wall=8.049 lf_steps=0 cache_hits=0
SLIM_PHASE query-chunks wall=4.602 cumulative=5007.852 peak_rss_kib=62805832
SLIM_PROGRESS runs=1023475712/1859825862 resolve_wall=311.908 lce_wall=4444.646 write_wall=8.059 lf_steps=0 cache_hits=0
SLIM_PHASE query-chunks wall=4.646 cumulative=5012.498 peak_rss_kib=62814536
SLIM_PROGRESS runs=1024524288/1859825862 resolve_wall=312.284 lce_wall=4449.101 write_wall=8.068 lf_steps=0 cache_hits=0
SLIM_PHASE query-chunks wall=4.840 cumulative=5017.338 peak_rss_kib=62821384
SLIM_PROGRESS runs=1025572864/1859825862 resolve_wall=312.599 lce_wall=4453.471 write_wall=8.078 lf_steps=0 cache_hits=0
SLIM_PHASE query-chunks wall=4.695 cumulative=5022.033 peak_rss_kib=62836052
SLIM_PROGRESS runs=1026621440/1859825862 resolve_wall=312.900 lce_wall=4457.805 write_wall=8.086 lf_steps=0 cache_hits=0
SLIM_PHASE query-chunks wall=4.644 cumulative=5026.677 peak_rss_kib=62844564
SLIM_PROGRESS runs=1027670016/1859825862 resolve_wall=313.298 lce_wall=4462.188 write_wall=8.095 lf_steps=0 cache_hits=0
SLIM_PHASE query-chunks wall=4.790 cumulative=5031.467 peak_rss_kib=62855436
SLIM_PROGRESS runs=1028718592/1859825862 resolve_wall=313.630 lce_wall=4466.601 write_wall=8.104 lf_steps=0 cache_hits=0
SLIM_PHASE query-chunks wall=4.754 cumulative=5036.221 peak_rss_kib=62864696
SLIM_PROGRESS runs=1029767168/1859825862 resolve_wall=314.007 lce_wall=4471.159 write_wall=8.112 lf_steps=0 cache_hits=0
SLIM_PHASE query-chunks wall=4.943 cumulative=5041.164 peak_rss_kib=62881876
SLIM_PROGRESS runs=1030815744/1859825862 resolve_wall=314.346 lce_wall=4475.781 write_wall=8.120 lf_steps=0 cache_hits=0
SLIM_PHASE query-chunks wall=4.969 cumulative=5046.134 peak_rss_kib=62892628
SLIM_PROGRESS runs=1031864320/1859825862 resolve_wall=314.737 lce_wall=4480.344 write_wall=8.128 lf_steps=0 cache_hits=0
SLIM_PHASE query-chunks wall=4.962 cumulative=5051.096 peak_rss_kib=62901524
SLIM_PROGRESS runs=1032912896/1859825862 resolve_wall=315.039 lce_wall=4484.843 write_wall=8.136 lf_steps=0 cache_hits=0
SLIM_PHASE query-chunks wall=4.810 cumulative=5055.905 peak_rss_kib=62912084
SLIM_PROGRESS runs=1033961472/1859825862 resolve_wall=315.403 lce_wall=4489.268 write_wall=8.146 lf_steps=0 cache_hits=0
SLIM_PHASE query-chunks wall=4.799 cumulative=5060.704 peak_rss_kib=62937124
SLIM_PROGRESS runs=1035010048/1859825862 resolve_wall=315.802 lce_wall=4493.757 write_wall=8.168 lf_steps=0 cache_hits=0
SLIM_PHASE query-chunks wall=4.911 cumulative=5065.615 peak_rss_kib=62956260
SLIM_PROGRESS runs=1036058624/1859825862 resolve_wall=316.151 lce_wall=4498.295 write_wall=8.190 lf_steps=0 cache_hits=0
SLIM_PHASE query-chunks wall=4.909 cumulative=5070.524 peak_rss_kib=62964916
SLIM_PROGRESS runs=1037107200/1859825862 resolve_wall=316.424 lce_wall=4502.815 write_wall=8.199 lf_steps=0 cache_hits=0
SLIM_PHASE query-chunks wall=4.803 cumulative=5075.326 peak_rss_kib=62974004
SLIM_PROGRESS runs=1038155776/1859825862 resolve_wall=316.758 lce_wall=4507.153 write_wall=8.208 lf_steps=0 cache_hits=0
SLIM_PHASE query-chunks wall=4.681 cumulative=5080.007 peak_rss_kib=62974004
SLIM_PROGRESS runs=1039204352/1859825862 resolve_wall=317.070 lce_wall=4511.766 write_wall=8.216 lf_steps=0 cache_hits=0
SLIM_PHASE query-chunks wall=4.933 cumulative=5084.940 peak_rss_kib=62974004
SLIM_PROGRESS runs=1040252928/1859825862 resolve_wall=317.395 lce_wall=4516.178 write_wall=8.224 lf_steps=0 cache_hits=0
SLIM_PHASE query-chunks wall=4.747 cumulative=5089.686 peak_rss_kib=62974004
SLIM_PROGRESS runs=1041301504/1859825862 resolve_wall=317.759 lce_wall=4520.557 write_wall=8.233 lf_steps=0 cache_hits=0
SLIM_PHASE query-chunks wall=4.751 cumulative=5094.437 peak_rss_kib=62977880
SLIM_PROGRESS runs=1042350080/1859825862 resolve_wall=318.117 lce_wall=4524.869 write_wall=8.242 lf_steps=0 cache_hits=0
SLIM_PHASE query-chunks wall=4.679 cumulative=5099.116 peak_rss_kib=62992576
SLIM_PROGRESS runs=1043398656/1859825862 resolve_wall=318.536 lce_wall=4529.286 write_wall=8.251 lf_steps=0 cache_hits=0
SLIM_PHASE query-chunks wall=4.846 cumulative=5103.962 peak_rss_kib=63018492
SLIM_PROGRESS runs=1044447232/1859825862 resolve_wall=318.892 lce_wall=4533.794 write_wall=8.260 lf_steps=0 cache_hits=0
SLIM_PHASE query-chunks wall=4.873 cumulative=5108.836 peak_rss_kib=63031196
SLIM_PROGRESS runs=1045495808/1859825862 resolve_wall=319.269 lce_wall=4538.347 write_wall=8.270 lf_steps=0 cache_hits=0
SLIM_PHASE query-chunks wall=4.939 cumulative=5113.775 peak_rss_kib=63031196
SLIM_PROGRESS runs=1046544384/1859825862 resolve_wall=319.574 lce_wall=4542.901 write_wall=8.279 lf_steps=0 cache_hits=0
SLIM_PHASE query-chunks wall=4.869 cumulative=5118.643 peak_rss_kib=63031196
SLIM_PROGRESS runs=1047592960/1859825862 resolve_wall=319.948 lce_wall=4547.316 write_wall=8.288 lf_steps=0 cache_hits=0
SLIM_PHASE query-chunks wall=4.799 cumulative=5123.442 peak_rss_kib=63031196
SLIM_PROGRESS runs=1048641536/1859825862 resolve_wall=320.311 lce_wall=4552.251 write_wall=8.298 lf_steps=0 cache_hits=0
SLIM_PHASE query-chunks wall=5.309 cumulative=5128.751 peak_rss_kib=63039208
SLIM_PROGRESS runs=1049690112/1859825862 resolve_wall=320.680 lce_wall=4556.665 write_wall=8.308 lf_steps=0 cache_hits=0
SLIM_PHASE query-chunks wall=4.792 cumulative=5133.542 peak_rss_kib=63052028
SLIM_PROGRESS runs=1050738688/1859825862 resolve_wall=321.071 lce_wall=4561.177 write_wall=8.318 lf_steps=0 cache_hits=0
SLIM_PHASE query-chunks wall=4.914 cumulative=5138.456 peak_rss_kib=63073020
SLIM_PROGRESS runs=1051787264/1859825862 resolve_wall=321.508 lce_wall=4565.660 write_wall=8.327 lf_steps=0 cache_hits=0
SLIM_PHASE query-chunks wall=4.930 cumulative=5143.386 peak_rss_kib=63085820
SLIM_PROGRESS runs=1052835840/1859825862 resolve_wall=321.842 lce_wall=4570.161 write_wall=8.338 lf_steps=0 cache_hits=0
SLIM_PHASE query-chunks wall=4.846 cumulative=5148.232 peak_rss_kib=63104956
SLIM_PROGRESS runs=1053884416/1859825862 resolve_wall=322.112 lce_wall=4575.005 write_wall=8.349 lf_steps=0 cache_hits=0
SLIM_PHASE query-chunks wall=5.124 cumulative=5153.356 peak_rss_kib=63125756
SLIM_PROGRESS runs=1054932992/1859825862 resolve_wall=322.390 lce_wall=4579.598 write_wall=8.360 lf_steps=0 cache_hits=0
SLIM_PHASE query-chunks wall=4.883 cumulative=5158.239 peak_rss_kib=63136700
SLIM_PROGRESS runs=1055981568/1859825862 resolve_wall=322.612 lce_wall=4584.266 write_wall=8.371 lf_steps=0 cache_hits=0
SLIM_PHASE query-chunks wall=4.902 cumulative=5163.141 peak_rss_kib=63138064
SLIM_PROGRESS runs=1057030144/1859825862 resolve_wall=322.852 lce_wall=4588.839 write_wall=8.383 lf_steps=0 cache_hits=0
SLIM_PHASE query-chunks wall=4.824 cumulative=5167.965 peak_rss_kib=63138064
SLIM_PROGRESS runs=1058078720/1859825862 resolve_wall=323.143 lce_wall=4593.451 write_wall=8.394 lf_steps=0 cache_hits=0
SLIM_PHASE query-chunks wall=4.914 cumulative=5172.879 peak_rss_kib=63138064
SLIM_PROGRESS runs=1059127296/1859825862 resolve_wall=323.407 lce_wall=4598.173 write_wall=8.405 lf_steps=0 cache_hits=0
SLIM_PHASE query-chunks wall=4.997 cumulative=5177.876 peak_rss_kib=63138064
SLIM_PROGRESS runs=1060175872/1859825862 resolve_wall=323.676 lce_wall=4602.715 write_wall=8.413 lf_steps=0 cache_hits=0
SLIM_PHASE query-chunks wall=4.821 cumulative=5182.697 peak_rss_kib=63138064
SLIM_PROGRESS runs=1061224448/1859825862 resolve_wall=323.986 lce_wall=4607.215 write_wall=8.429 lf_steps=0 cache_hits=0
SLIM_PHASE query-chunks wall=4.826 cumulative=5187.522 peak_rss_kib=63138064
SLIM_PROGRESS runs=1062273024/1859825862 resolve_wall=324.269 lce_wall=4611.693 write_wall=8.455 lf_steps=0 cache_hits=0
SLIM_PHASE query-chunks wall=4.787 cumulative=5192.309 peak_rss_kib=63138064
SLIM_PROGRESS runs=1063321600/1859825862 resolve_wall=324.531 lce_wall=4615.963 write_wall=8.464 lf_steps=0 cache_hits=0
SLIM_PHASE query-chunks wall=4.541 cumulative=5196.851 peak_rss_kib=63138064
SLIM_PROGRESS runs=1064370176/1859825862 resolve_wall=324.814 lce_wall=4620.353 write_wall=8.473 lf_steps=0 cache_hits=0
SLIM_PHASE query-chunks wall=4.682 cumulative=5201.532 peak_rss_kib=63150040
SLIM_PROGRESS runs=1065418752/1859825862 resolve_wall=325.117 lce_wall=4624.786 write_wall=8.482 lf_steps=0 cache_hits=0
SLIM_PHASE query-chunks wall=4.745 cumulative=5206.277 peak_rss_kib=63162744
SLIM_PROGRESS runs=1066467328/1859825862 resolve_wall=325.349 lce_wall=4629.219 write_wall=8.490 lf_steps=0 cache_hits=0
SLIM_PHASE query-chunks wall=4.675 cumulative=5210.951 peak_rss_kib=63173496
SLIM_PROGRESS runs=1067515904/1859825862 resolve_wall=325.607 lce_wall=4633.717 write_wall=8.498 lf_steps=0 cache_hits=0
SLIM_PHASE query-chunks wall=4.763 cumulative=5215.714 peak_rss_kib=63200696
SLIM_PROGRESS runs=1068564480/1859825862 resolve_wall=325.902 lce_wall=4638.182 write_wall=8.506 lf_steps=0 cache_hits=0
SLIM_PHASE query-chunks wall=4.769 cumulative=5220.483 peak_rss_kib=63217688
SLIM_PROGRESS runs=1069613056/1859825862 resolve_wall=326.152 lce_wall=4642.728 write_wall=8.515 lf_steps=0 cache_hits=0
SLIM_PHASE query-chunks wall=4.804 cumulative=5225.288 peak_rss_kib=63222200
SLIM_PROGRESS runs=1070661632/1859825862 resolve_wall=326.418 lce_wall=4647.163 write_wall=8.523 lf_steps=0 cache_hits=0
SLIM_PHASE query-chunks wall=4.710 cumulative=5229.998 peak_rss_kib=63231068
SLIM_PROGRESS runs=1071710208/1859825862 resolve_wall=326.672 lce_wall=4651.747 write_wall=8.531 lf_steps=0 cache_hits=0
SLIM_PHASE query-chunks wall=4.846 cumulative=5234.844 peak_rss_kib=63245724
SLIM_PROGRESS runs=1072758784/1859825862 resolve_wall=326.949 lce_wall=4656.380 write_wall=8.538 lf_steps=0 cache_hits=0
SLIM_PHASE query-chunks wall=4.917 cumulative=5239.761 peak_rss_kib=63264668
SLIM_PROGRESS runs=1073807360/1859825862 resolve_wall=327.218 lce_wall=4660.968 write_wall=8.545 lf_steps=0 cache_hits=0
SLIM_PHASE query-chunks wall=4.864 cumulative=5244.625 peak_rss_kib=63277468
SLIM_PROGRESS runs=1074855936/1859825862 resolve_wall=327.480 lce_wall=4665.820 write_wall=8.552 lf_steps=0 cache_hits=0
SLIM_PHASE query-chunks wall=5.122 cumulative=5249.747 peak_rss_kib=63282372
SLIM_PROGRESS runs=1075904512/1859825862 resolve_wall=327.794 lce_wall=4670.397 write_wall=8.559 lf_steps=0 cache_hits=0
SLIM_PHASE query-chunks wall=4.898 cumulative=5254.645 peak_rss_kib=63290692
SLIM_PROGRESS runs=1076953088/1859825862 resolve_wall=328.131 lce_wall=4674.870 write_wall=8.566 lf_steps=0 cache_hits=0
SLIM_PHASE query-chunks wall=4.817 cumulative=5259.462 peak_rss_kib=63299396
SLIM_PROGRESS runs=1078001664/1859825862 resolve_wall=328.524 lce_wall=4679.255 write_wall=8.575 lf_steps=0 cache_hits=0
SLIM_PHASE query-chunks wall=4.787 cumulative=5264.249 peak_rss_kib=63307108
SLIM_PROGRESS runs=1079050240/1859825862 resolve_wall=328.950 lce_wall=4683.643 write_wall=8.584 lf_steps=0 cache_hits=0
SLIM_PHASE query-chunks wall=4.823 cumulative=5269.072 peak_rss_kib=63313612
SLIM_PROGRESS runs=1080098816/1859825862 resolve_wall=329.360 lce_wall=4687.921 write_wall=8.592 lf_steps=0 cache_hits=0
SLIM_PHASE query-chunks wall=4.696 cumulative=5273.769 peak_rss_kib=63336748
SLIM_PROGRESS runs=1081147392/1859825862 resolve_wall=329.685 lce_wall=4692.290 write_wall=8.602 lf_steps=0 cache_hits=0
SLIM_PHASE query-chunks wall=4.703 cumulative=5278.472 peak_rss_kib=63369884
SLIM_PROGRESS runs=1082195968/1859825862 resolve_wall=330.104 lce_wall=4696.777 write_wall=8.612 lf_steps=0 cache_hits=0
SLIM_PHASE query-chunks wall=4.916 cumulative=5283.388 peak_rss_kib=63390900
SLIM_PROGRESS runs=1083244544/1859825862 resolve_wall=330.502 lce_wall=4701.314 write_wall=8.621 lf_steps=0 cache_hits=0
SLIM_PHASE query-chunks wall=4.945 cumulative=5288.333 peak_rss_kib=63395508
SLIM_PROGRESS runs=1084293120/1859825862 resolve_wall=330.932 lce_wall=4705.801 write_wall=8.631 lf_steps=0 cache_hits=0
SLIM_PHASE query-chunks wall=4.926 cumulative=5293.259 peak_rss_kib=63408700
SLIM_PROGRESS runs=1085341696/1859825862 resolve_wall=331.284 lce_wall=4710.317 write_wall=8.640 lf_steps=0 cache_hits=0
SLIM_PHASE query-chunks wall=4.879 cumulative=5298.138 peak_rss_kib=63421212
SLIM_PROGRESS runs=1086390272/1859825862 resolve_wall=331.663 lce_wall=4714.712 write_wall=8.650 lf_steps=0 cache_hits=0
SLIM_PHASE query-chunks wall=4.783 cumulative=5302.921 peak_rss_kib=63428012
SLIM_PROGRESS runs=1087438848/1859825862 resolve_wall=332.043 lce_wall=4719.040 write_wall=8.658 lf_steps=0 cache_hits=0
SLIM_PHASE query-chunks wall=4.717 cumulative=5307.638 peak_rss_kib=63443348
SLIM_PROGRESS runs=1088487424/1859825862 resolve_wall=332.425 lce_wall=4723.301 write_wall=8.668 lf_steps=0 cache_hits=0
SLIM_PHASE query-chunks wall=4.653 cumulative=5312.291 peak_rss_kib=63456396
SLIM_PROGRESS runs=1089536000/1859825862 resolve_wall=332.822 lce_wall=4727.619 write_wall=8.679 lf_steps=0 cache_hits=0
SLIM_PHASE query-chunks wall=4.726 cumulative=5317.017 peak_rss_kib=63465112
SLIM_PROGRESS runs=1090584576/1859825862 resolve_wall=333.158 lce_wall=4731.939 write_wall=8.689 lf_steps=0 cache_hits=0
SLIM_PHASE query-chunks wall=4.666 cumulative=5321.683 peak_rss_kib=63481864
SLIM_PROGRESS runs=1091633152/1859825862 resolve_wall=333.530 lce_wall=4736.310 write_wall=8.698 lf_steps=0 cache_hits=0
SLIM_PHASE query-chunks wall=4.753 cumulative=5326.436 peak_rss_kib=63492484
SLIM_PROGRESS runs=1092681728/1859825862 resolve_wall=333.884 lce_wall=4740.752 write_wall=8.707 lf_steps=0 cache_hits=0
SLIM_PHASE query-chunks wall=4.804 cumulative=5331.240 peak_rss_kib=63509284
SLIM_PROGRESS runs=1093730304/1859825862 resolve_wall=334.226 lce_wall=4745.186 write_wall=8.716 lf_steps=0 cache_hits=0
SLIM_PHASE query-chunks wall=4.786 cumulative=5336.026 peak_rss_kib=63524228
SLIM_PROGRESS runs=1094778880/1859825862 resolve_wall=334.621 lce_wall=4749.628 write_wall=8.726 lf_steps=0 cache_hits=0
SLIM_PHASE query-chunks wall=4.847 cumulative=5340.873 peak_rss_kib=63532836
SLIM_PROGRESS runs=1095827456/1859825862 resolve_wall=335.094 lce_wall=4753.901 write_wall=8.736 lf_steps=0 cache_hits=0
SLIM_PHASE query-chunks wall=4.756 cumulative=5345.629 peak_rss_kib=63545636
SLIM_PROGRESS runs=1096876032/1859825862 resolve_wall=335.540 lce_wall=4758.298 write_wall=8.745 lf_steps=0 cache_hits=0
SLIM_PHASE query-chunks wall=4.852 cumulative=5350.481 peak_rss_kib=63558532
SLIM_PROGRESS runs=1097924608/1859825862 resolve_wall=335.901 lce_wall=4762.665 write_wall=8.755 lf_steps=0 cache_hits=0
SLIM_PHASE query-chunks wall=4.738 cumulative=5355.219 peak_rss_kib=63562244
SLIM_PROGRESS runs=1098973184/1859825862 resolve_wall=336.241 lce_wall=4767.192 write_wall=8.767 lf_steps=0 cache_hits=0
SLIM_PHASE query-chunks wall=4.879 cumulative=5360.098 peak_rss_kib=63569988
SLIM_PROGRESS runs=1100021760/1859825862 resolve_wall=336.577 lce_wall=4771.594 write_wall=8.775 lf_steps=0 cache_hits=0
SLIM_PHASE query-chunks wall=4.747 cumulative=5364.845 peak_rss_kib=63580980
SLIM_PROGRESS runs=1101070336/1859825862 resolve_wall=336.978 lce_wall=4775.825 write_wall=8.784 lf_steps=0 cache_hits=0
SLIM_PHASE query-chunks wall=4.641 cumulative=5369.486 peak_rss_kib=63595636
SLIM_PROGRESS runs=1102118912/1859825862 resolve_wall=337.365 lce_wall=4780.013 write_wall=8.793 lf_steps=0 cache_hits=0
SLIM_PHASE query-chunks wall=4.584 cumulative=5374.070 peak_rss_kib=63614484
SLIM_PROGRESS runs=1103167488/1859825862 resolve_wall=337.860 lce_wall=4784.148 write_wall=8.802 lf_steps=0 cache_hits=0
SLIM_PHASE query-chunks wall=4.639 cumulative=5378.709 peak_rss_kib=63627708
SLIM_PROGRESS runs=1104216064/1859825862 resolve_wall=338.249 lce_wall=4788.721 write_wall=8.811 lf_steps=0 cache_hits=0
SLIM_PHASE query-chunks wall=4.971 cumulative=5383.680 peak_rss_kib=63650364
SLIM_PROGRESS runs=1105264640/1859825862 resolve_wall=338.684 lce_wall=4793.221 write_wall=8.821 lf_steps=0 cache_hits=0
SLIM_PHASE query-chunks wall=4.945 cumulative=5388.625 peak_rss_kib=63663440
SLIM_PROGRESS runs=1106313216/1859825862 resolve_wall=339.130 lce_wall=4797.682 write_wall=8.830 lf_steps=0 cache_hits=0
SLIM_PHASE query-chunks wall=4.916 cumulative=5393.541 peak_rss_kib=63678540
SLIM_PROGRESS runs=1107361792/1859825862 resolve_wall=339.566 lce_wall=4802.122 write_wall=8.839 lf_steps=0 cache_hits=0
SLIM_PHASE query-chunks wall=4.886 cumulative=5398.426 peak_rss_kib=63699532
SLIM_PROGRESS runs=1108410368/1859825862 resolve_wall=340.070 lce_wall=4806.528 write_wall=8.847 lf_steps=0 cache_hits=0
SLIM_PHASE query-chunks wall=4.918 cumulative=5403.345 peak_rss_kib=63730696
SLIM_PROGRESS runs=1109458944/1859825862 resolve_wall=340.497 lce_wall=4810.900 write_wall=8.856 lf_steps=0 cache_hits=0
SLIM_PHASE query-chunks wall=4.809 cumulative=5408.153 peak_rss_kib=63745640
SLIM_PROGRESS runs=1110507520/1859825862 resolve_wall=340.950 lce_wall=4815.283 write_wall=8.865 lf_steps=0 cache_hits=0
SLIM_PHASE query-chunks wall=4.845 cumulative=5412.998 peak_rss_kib=63762404
SLIM_PROGRESS runs=1111556096/1859825862 resolve_wall=341.315 lce_wall=4819.505 write_wall=8.875 lf_steps=0 cache_hits=0
SLIM_PHASE query-chunks wall=4.597 cumulative=5417.595 peak_rss_kib=63771868
SLIM_PROGRESS runs=1112604672/1859825862 resolve_wall=341.733 lce_wall=4823.934 write_wall=8.884 lf_steps=0 cache_hits=0
SLIM_PHASE query-chunks wall=4.856 cumulative=5422.451 peak_rss_kib=63798908
SLIM_PROGRESS runs=1113653248/1859825862 resolve_wall=342.110 lce_wall=4828.357 write_wall=8.893 lf_steps=0 cache_hits=0
SLIM_PHASE query-chunks wall=4.810 cumulative=5427.261 peak_rss_kib=63814140
SLIM_PROGRESS runs=1114701824/1859825862 resolve_wall=342.471 lce_wall=4832.690 write_wall=8.903 lf_steps=0 cache_hits=0
SLIM_PHASE query-chunks wall=4.705 cumulative=5431.965 peak_rss_kib=63836748
SLIM_PROGRESS runs=1115750400/1859825862 resolve_wall=342.855 lce_wall=4837.157 write_wall=8.913 lf_steps=0 cache_hits=0
SLIM_PHASE query-chunks wall=4.860 cumulative=5436.825 peak_rss_kib=63857980
SLIM_PROGRESS runs=1116798976/1859825862 resolve_wall=343.268 lce_wall=4841.690 write_wall=8.921 lf_steps=0 cache_hits=0
SLIM_PHASE query-chunks wall=4.955 cumulative=5441.781 peak_rss_kib=63876732
SLIM_PROGRESS runs=1117847552/1859825862 resolve_wall=343.661 lce_wall=4846.086 write_wall=8.931 lf_steps=0 cache_hits=0
SLIM_PHASE query-chunks wall=4.799 cumulative=5446.579 peak_rss_kib=63883580
SLIM_PROGRESS runs=1118896128/1859825862 resolve_wall=344.092 lce_wall=4850.364 write_wall=8.940 lf_steps=0 cache_hits=0
SLIM_PHASE query-chunks wall=4.719 cumulative=5451.298 peak_rss_kib=63904672
SLIM_PROGRESS runs=1119944704/1859825862 resolve_wall=344.441 lce_wall=4854.682 write_wall=8.950 lf_steps=0 cache_hits=0
SLIM_PHASE query-chunks wall=4.677 cumulative=5455.975 peak_rss_kib=63923436
SLIM_PROGRESS runs=1120993280/1859825862 resolve_wall=344.828 lce_wall=4859.312 write_wall=8.957 lf_steps=0 cache_hits=0
SLIM_PHASE query-chunks wall=5.024 cumulative=5460.999 peak_rss_kib=63938380
SLIM_PROGRESS runs=1122041856/1859825862 resolve_wall=345.210 lce_wall=4863.627 write_wall=8.965 lf_steps=0 cache_hits=0
SLIM_PHASE query-chunks wall=4.706 cumulative=5465.705 peak_rss_kib=63951372
SLIM_PROGRESS runs=1123090432/1859825862 resolve_wall=345.589 lce_wall=4868.170 write_wall=8.972 lf_steps=0 cache_hits=0
SLIM_PHASE query-chunks wall=4.928 cumulative=5470.633 peak_rss_kib=63970124
SLIM_PROGRESS runs=1124139008/1859825862 resolve_wall=345.969 lce_wall=4872.558 write_wall=8.980 lf_steps=0 cache_hits=0
SLIM_PHASE query-chunks wall=4.776 cumulative=5475.410 peak_rss_kib=63989068
SLIM_PROGRESS runs=1125187584/1859825862 resolve_wall=346.327 lce_wall=4876.951 write_wall=8.988 lf_steps=0 cache_hits=0
SLIM_PHASE query-chunks wall=4.760 cumulative=5480.169 peak_rss_kib=63995748
SLIM_PROGRESS runs=1126236160/1859825862 resolve_wall=346.795 lce_wall=4881.351 write_wall=8.996 lf_steps=0 cache_hits=0
SLIM_PHASE query-chunks wall=4.875 cumulative=5485.044 peak_rss_kib=64010988
SLIM_PROGRESS runs=1127284736/1859825862 resolve_wall=347.189 lce_wall=4885.803 write_wall=9.003 lf_steps=0 cache_hits=0
SLIM_PHASE query-chunks wall=4.854 cumulative=5489.898 peak_rss_kib=64025652
SLIM_PROGRESS runs=1128333312/1859825862 resolve_wall=347.512 lce_wall=4890.199 write_wall=9.010 lf_steps=0 cache_hits=0
SLIM_PHASE query-chunks wall=4.727 cumulative=5494.625 peak_rss_kib=64036500
SLIM_PROGRESS runs=1129381888/1859825862 resolve_wall=347.953 lce_wall=4894.338 write_wall=9.018 lf_steps=0 cache_hits=0
SLIM_PHASE query-chunks wall=4.588 cumulative=5499.212 peak_rss_kib=64057396
SLIM_PROGRESS runs=1130430464/1859825862 resolve_wall=348.332 lce_wall=4898.773 write_wall=9.025 lf_steps=0 cache_hits=0
SLIM_PHASE query-chunks wall=4.821 cumulative=5504.033 peak_rss_kib=64074100
SLIM_PROGRESS runs=1131479040/1859825862 resolve_wall=348.757 lce_wall=4903.193 write_wall=9.033 lf_steps=0 cache_hits=0
SLIM_PHASE query-chunks wall=4.853 cumulative=5508.887 peak_rss_kib=64082900
SLIM_PROGRESS runs=1132527616/1859825862 resolve_wall=349.131 lce_wall=4907.701 write_wall=9.040 lf_steps=0 cache_hits=0
SLIM_PHASE query-chunks wall=4.889 cumulative=5513.776 peak_rss_kib=64093652
SLIM_PROGRESS runs=1133576192/1859825862 resolve_wall=349.488 lce_wall=4912.104 write_wall=9.048 lf_steps=0 cache_hits=0
SLIM_PHASE query-chunks wall=4.769 cumulative=5518.544 peak_rss_kib=64104308
SLIM_PROGRESS runs=1134624768/1859825862 resolve_wall=349.894 lce_wall=4916.604 write_wall=9.055 lf_steps=0 cache_hits=0
SLIM_PHASE query-chunks wall=4.913 cumulative=5523.457 peak_rss_kib=64113732
SLIM_PROGRESS runs=1135673344/1859825862 resolve_wall=350.308 lce_wall=4921.147 write_wall=9.062 lf_steps=0 cache_hits=0
SLIM_PHASE query-chunks wall=4.965 cumulative=5528.422 peak_rss_kib=64124324
SLIM_PROGRESS runs=1136721920/1859825862 resolve_wall=350.729 lce_wall=4925.689 write_wall=9.070 lf_steps=0 cache_hits=0
SLIM_PHASE query-chunks wall=4.971 cumulative=5533.393 peak_rss_kib=64143268
SLIM_PROGRESS runs=1137770496/1859825862 resolve_wall=351.139 lce_wall=4930.218 write_wall=9.077 lf_steps=0 cache_hits=0
SLIM_PHASE query-chunks wall=4.946 cumulative=5538.338 peak_rss_kib=64156164
SLIM_PROGRESS runs=1138819072/1859825862 resolve_wall=351.512 lce_wall=4934.746 write_wall=9.085 lf_steps=0 cache_hits=0
SLIM_PHASE query-chunks wall=4.911 cumulative=5543.249 peak_rss_kib=64169748
SLIM_PROGRESS runs=1139867648/1859825862 resolve_wall=351.866 lce_wall=4939.402 write_wall=9.093 lf_steps=0 cache_hits=0
SLIM_PHASE query-chunks wall=5.017 cumulative=5548.266 peak_rss_kib=64184364
SLIM_PROGRESS runs=1140916224/1859825862 resolve_wall=352.181 lce_wall=4944.039 write_wall=9.100 lf_steps=0 cache_hits=0
SLIM_PHASE query-chunks wall=4.958 cumulative=5553.225 peak_rss_kib=64191884
SLIM_PROGRESS runs=1141964800/1859825862 resolve_wall=352.531 lce_wall=4948.685 write_wall=9.108 lf_steps=0 cache_hits=0
SLIM_PHASE query-chunks wall=5.005 cumulative=5558.230 peak_rss_kib=64191884
SLIM_PROGRESS runs=1143013376/1859825862 resolve_wall=352.901 lce_wall=4953.439 write_wall=9.117 lf_steps=0 cache_hits=0
SLIM_PHASE query-chunks wall=5.133 cumulative=5563.364 peak_rss_kib=64191884
SLIM_PROGRESS runs=1144061952/1859825862 resolve_wall=353.288 lce_wall=4957.932 write_wall=9.126 lf_steps=0 cache_hits=0
SLIM_PHASE query-chunks wall=4.888 cumulative=5568.251 peak_rss_kib=64191884
SLIM_PROGRESS runs=1145110528/1859825862 resolve_wall=353.643 lce_wall=4962.335 write_wall=9.134 lf_steps=0 cache_hits=0
SLIM_PHASE query-chunks wall=4.767 cumulative=5573.018 peak_rss_kib=64191884
SLIM_PROGRESS runs=1146159104/1859825862 resolve_wall=354.115 lce_wall=4966.842 write_wall=9.143 lf_steps=0 cache_hits=0
SLIM_PHASE query-chunks wall=4.987 cumulative=5578.006 peak_rss_kib=64191884
SLIM_PROGRESS runs=1147207680/1859825862 resolve_wall=354.548 lce_wall=4971.177 write_wall=9.152 lf_steps=0 cache_hits=0
SLIM_PHASE query-chunks wall=4.778 cumulative=5582.784 peak_rss_kib=64191884
SLIM_PROGRESS runs=1148256256/1859825862 resolve_wall=354.930 lce_wall=4975.550 write_wall=9.161 lf_steps=0 cache_hits=0
SLIM_PHASE query-chunks wall=4.764 cumulative=5587.547 peak_rss_kib=64191884
SLIM_PROGRESS runs=1149304832/1859825862 resolve_wall=355.277 lce_wall=4980.088 write_wall=9.170 lf_steps=0 cache_hits=0
SLIM_PHASE query-chunks wall=4.894 cumulative=5592.442 peak_rss_kib=64191884
SLIM_PROGRESS runs=1150353408/1859825862 resolve_wall=355.635 lce_wall=4984.559 write_wall=9.178 lf_steps=0 cache_hits=0
SLIM_PHASE query-chunks wall=4.838 cumulative=5597.280 peak_rss_kib=64191884
SLIM_PROGRESS runs=1151401984/1859825862 resolve_wall=356.068 lce_wall=4988.867 write_wall=9.187 lf_steps=0 cache_hits=0
SLIM_PHASE query-chunks wall=4.749 cumulative=5602.028 peak_rss_kib=64191884
SLIM_PROGRESS runs=1152450560/1859825862 resolve_wall=356.454 lce_wall=4993.431 write_wall=9.196 lf_steps=0 cache_hits=0
SLIM_PHASE query-chunks wall=4.959 cumulative=5606.988 peak_rss_kib=64191884
SLIM_PROGRESS runs=1153499136/1859825862 resolve_wall=356.835 lce_wall=4997.656 write_wall=9.205 lf_steps=0 cache_hits=0
SLIM_PHASE query-chunks wall=4.615 cumulative=5611.603 peak_rss_kib=64191884
SLIM_PROGRESS runs=1154547712/1859825862 resolve_wall=357.233 lce_wall=5001.988 write_wall=9.213 lf_steps=0 cache_hits=0
SLIM_PHASE query-chunks wall=4.739 cumulative=5616.342 peak_rss_kib=64191884
SLIM_PROGRESS runs=1155596288/1859825862 resolve_wall=357.570 lce_wall=5006.463 write_wall=9.221 lf_steps=0 cache_hits=0
SLIM_PHASE query-chunks wall=4.821 cumulative=5621.162 peak_rss_kib=64191884
SLIM_PROGRESS runs=1156644864/1859825862 resolve_wall=357.901 lce_wall=5011.005 write_wall=9.229 lf_steps=0 cache_hits=0
SLIM_PHASE query-chunks wall=4.880 cumulative=5626.042 peak_rss_kib=64191884
SLIM_PROGRESS runs=1157693440/1859825862 resolve_wall=358.208 lce_wall=5015.597 write_wall=9.236 lf_steps=0 cache_hits=0
SLIM_PHASE query-chunks wall=4.907 cumulative=5630.949 peak_rss_kib=64191884
SLIM_PROGRESS runs=1158742016/1859825862 resolve_wall=358.501 lce_wall=5020.062 write_wall=9.243 lf_steps=0 cache_hits=0
SLIM_PHASE query-chunks wall=4.766 cumulative=5635.715 peak_rss_kib=64205928
SLIM_PROGRESS runs=1159790592/1859825862 resolve_wall=358.832 lce_wall=5024.402 write_wall=9.250 lf_steps=0 cache_hits=0
SLIM_PHASE query-chunks wall=4.678 cumulative=5640.392 peak_rss_kib=64228968
SLIM_PROGRESS runs=1160839168/1859825862 resolve_wall=359.143 lce_wall=5028.876 write_wall=9.258 lf_steps=0 cache_hits=0
SLIM_PHASE query-chunks wall=4.793 cumulative=5645.185 peak_rss_kib=64242152
SLIM_PROGRESS runs=1161887744/1859825862 resolve_wall=359.449 lce_wall=5033.508 write_wall=9.265 lf_steps=0 cache_hits=0
SLIM_PHASE query-chunks wall=4.945 cumulative=5650.130 peak_rss_kib=64271096
SLIM_PROGRESS runs=1162936320/1859825862 resolve_wall=359.762 lce_wall=5037.993 write_wall=9.272 lf_steps=0 cache_hits=0
SLIM_PHASE query-chunks wall=4.806 cumulative=5654.936 peak_rss_kib=64287576
SLIM_PROGRESS runs=1163984896/1859825862 resolve_wall=360.100 lce_wall=5042.443 write_wall=9.279 lf_steps=0 cache_hits=0
SLIM_PHASE query-chunks wall=4.795 cumulative=5659.731 peak_rss_kib=64302428
SLIM_PROGRESS runs=1165033472/1859825862 resolve_wall=360.427 lce_wall=5046.969 write_wall=9.286 lf_steps=0 cache_hits=0
SLIM_PHASE query-chunks wall=4.861 cumulative=5664.592 peak_rss_kib=64317372
SLIM_PROGRESS runs=1166082048/1859825862 resolve_wall=360.761 lce_wall=5051.435 write_wall=9.293 lf_steps=0 cache_hits=0
SLIM_PHASE query-chunks wall=4.807 cumulative=5669.399 peak_rss_kib=64326076
SLIM_PROGRESS runs=1167130624/1859825862 resolve_wall=361.078 lce_wall=5055.901 write_wall=9.301 lf_steps=0 cache_hits=0
SLIM_PHASE query-chunks wall=4.791 cumulative=5674.190 peak_rss_kib=64329876
SLIM_PROGRESS runs=1168179200/1859825862 resolve_wall=361.418 lce_wall=5060.445 write_wall=9.308 lf_steps=0 cache_hits=0
SLIM_PHASE query-chunks wall=4.891 cumulative=5679.081 peak_rss_kib=64344052
SLIM_PROGRESS runs=1169227776/1859825862 resolve_wall=361.838 lce_wall=5064.112 write_wall=9.316 lf_steps=0 cache_hits=0
SLIM_PHASE query-chunks wall=4.095 cumulative=5683.175 peak_rss_kib=64358708
SLIM_PROGRESS runs=1170276352/1859825862 resolve_wall=362.276 lce_wall=5068.544 write_wall=9.323 lf_steps=0 cache_hits=0
SLIM_PHASE query-chunks wall=4.878 cumulative=5688.054 peak_rss_kib=64371508
SLIM_PROGRESS runs=1171324928/1859825862 resolve_wall=362.687 lce_wall=5072.929 write_wall=9.331 lf_steps=0 cache_hits=0
SLIM_PHASE query-chunks wall=4.804 cumulative=5692.858 peak_rss_kib=64384116
SLIM_PROGRESS runs=1172373504/1859825862 resolve_wall=363.080 lce_wall=5077.454 write_wall=9.339 lf_steps=0 cache_hits=0
SLIM_PHASE query-chunks wall=4.926 cumulative=5697.784 peak_rss_kib=64395080
SLIM_PROGRESS runs=1173422080/1859825862 resolve_wall=363.499 lce_wall=5081.803 write_wall=9.346 lf_steps=0 cache_hits=0
SLIM_PHASE query-chunks wall=4.776 cumulative=5702.559 peak_rss_kib=64405640
SLIM_PROGRESS runs=1174470656/1859825862 resolve_wall=363.925 lce_wall=5086.218 write_wall=9.355 lf_steps=0 cache_hits=0
SLIM_PHASE query-chunks wall=4.849 cumulative=5707.408 peak_rss_kib=64416748
SLIM_PROGRESS runs=1175519232/1859825862 resolve_wall=364.334 lce_wall=5090.679 write_wall=9.362 lf_steps=0 cache_hits=0
SLIM_PHASE query-chunks wall=4.878 cumulative=5712.286 peak_rss_kib=64422052
SLIM_PROGRESS runs=1176567808/1859825862 resolve_wall=364.698 lce_wall=5095.154 write_wall=9.369 lf_steps=0 cache_hits=0
SLIM_PHASE query-chunks wall=4.846 cumulative=5717.132 peak_rss_kib=64437284
SLIM_PROGRESS runs=1177616384/1859825862 resolve_wall=365.057 lce_wall=5099.575 write_wall=9.376 lf_steps=0 cache_hits=0
SLIM_PHASE query-chunks wall=4.787 cumulative=5721.919 peak_rss_kib=64441532
SLIM_PROGRESS runs=1178664960/1859825862 resolve_wall=365.499 lce_wall=5103.958 write_wall=9.384 lf_steps=0 cache_hits=0
SLIM_PHASE query-chunks wall=4.834 cumulative=5726.753 peak_rss_kib=64448860
SLIM_PROGRESS runs=1179713536/1859825862 resolve_wall=365.867 lce_wall=5108.265 write_wall=9.392 lf_steps=0 cache_hits=0
SLIM_PHASE query-chunks wall=4.682 cumulative=5731.435 peak_rss_kib=64448860
SLIM_PROGRESS runs=1180762112/1859825862 resolve_wall=366.278 lce_wall=5112.922 write_wall=9.399 lf_steps=0 cache_hits=0
SLIM_PHASE query-chunks wall=5.077 cumulative=5736.512 peak_rss_kib=64448860
SLIM_PROGRESS runs=1181810688/1859825862 resolve_wall=366.681 lce_wall=5117.432 write_wall=9.409 lf_steps=0 cache_hits=0
SLIM_PHASE query-chunks wall=4.922 cumulative=5741.435 peak_rss_kib=64448860
SLIM_PROGRESS runs=1182859264/1859825862 resolve_wall=367.097 lce_wall=5121.953 write_wall=9.419 lf_steps=0 cache_hits=0
SLIM_PHASE query-chunks wall=4.946 cumulative=5746.381 peak_rss_kib=64448860
SLIM_PROGRESS runs=1183907840/1859825862 resolve_wall=367.523 lce_wall=5126.403 write_wall=9.429 lf_steps=0 cache_hits=0
SLIM_PHASE query-chunks wall=4.887 cumulative=5751.267 peak_rss_kib=64448860
SLIM_PROGRESS runs=1184956416/1859825862 resolve_wall=367.900 lce_wall=5130.840 write_wall=9.437 lf_steps=0 cache_hits=0
SLIM_PHASE query-chunks wall=4.823 cumulative=5756.091 peak_rss_kib=64448860
SLIM_PROGRESS runs=1186004992/1859825862 resolve_wall=368.282 lce_wall=5135.431 write_wall=9.445 lf_steps=0 cache_hits=0
SLIM_PHASE query-chunks wall=4.981 cumulative=5761.071 peak_rss_kib=64448860
SLIM_PROGRESS runs=1187053568/1859825862 resolve_wall=368.684 lce_wall=5139.844 write_wall=9.452 lf_steps=0 cache_hits=0
SLIM_PHASE query-chunks wall=4.823 cumulative=5765.894 peak_rss_kib=64448860
SLIM_PROGRESS runs=1188102144/1859825862 resolve_wall=369.072 lce_wall=5144.431 write_wall=9.460 lf_steps=0 cache_hits=0
SLIM_PHASE query-chunks wall=4.983 cumulative=5770.877 peak_rss_kib=64448860
SLIM_PROGRESS runs=1189150720/1859825862 resolve_wall=369.454 lce_wall=5149.003 write_wall=9.467 lf_steps=0 cache_hits=0
SLIM_PHASE query-chunks wall=4.961 cumulative=5775.838 peak_rss_kib=64452712
SLIM_PROGRESS runs=1190199296/1859825862 resolve_wall=369.849 lce_wall=5153.321 write_wall=9.475 lf_steps=0 cache_hits=0
SLIM_PHASE query-chunks wall=4.722 cumulative=5780.559 peak_rss_kib=64479896
SLIM_PROGRESS runs=1191247872/1859825862 resolve_wall=370.244 lce_wall=5157.630 write_wall=9.483 lf_steps=0 cache_hits=0
SLIM_PHASE query-chunks wall=4.712 cumulative=5785.271 peak_rss_kib=64502936
SLIM_PROGRESS runs=1192296448/1859825862 resolve_wall=370.621 lce_wall=5162.302 write_wall=9.491 lf_steps=0 cache_hits=0
SLIM_PHASE query-chunks wall=5.057 cumulative=5790.328 peak_rss_kib=64529976
SLIM_PROGRESS runs=1193345024/1859825862 resolve_wall=371.040 lce_wall=5166.881 write_wall=9.499 lf_steps=0 cache_hits=0
SLIM_PHASE query-chunks wall=5.006 cumulative=5795.334 peak_rss_kib=64548668
SLIM_PROGRESS runs=1194393600/1859825862 resolve_wall=371.430 lce_wall=5171.342 write_wall=9.507 lf_steps=0 cache_hits=0
SLIM_PHASE query-chunks wall=4.861 cumulative=5800.194 peak_rss_kib=64561804
SLIM_PROGRESS runs=1195442176/1859825862 resolve_wall=371.868 lce_wall=5175.798 write_wall=9.515 lf_steps=0 cache_hits=0
SLIM_PHASE query-chunks wall=4.902 cumulative=5805.096 peak_rss_kib=64580876
SLIM_PROGRESS runs=1196490752/1859825862 resolve_wall=372.217 lce_wall=5180.215 write_wall=9.522 lf_steps=0 cache_hits=0
SLIM_PHASE query-chunks wall=4.773 cumulative=5809.869 peak_rss_kib=64599820
SLIM_PROGRESS runs=1197539328/1859825862 resolve_wall=372.556 lce_wall=5184.631 write_wall=9.530 lf_steps=0 cache_hits=0
SLIM_PHASE query-chunks wall=4.763 cumulative=5814.632 peak_rss_kib=64626956
SLIM_PROGRESS runs=1198587904/1859825862 resolve_wall=372.920 lce_wall=5189.125 write_wall=9.537 lf_steps=0 cache_hits=0
SLIM_PHASE query-chunks wall=4.866 cumulative=5819.498 peak_rss_kib=64658044
SLIM_PROGRESS runs=1199636480/1859825862 resolve_wall=373.284 lce_wall=5193.285 write_wall=9.546 lf_steps=0 cache_hits=0
SLIM_PHASE query-chunks wall=4.533 cumulative=5824.031 peak_rss_kib=64673324
SLIM_PROGRESS runs=1200685056/1859825862 resolve_wall=373.637 lce_wall=5197.774 write_wall=9.553 lf_steps=0 cache_hits=0
SLIM_PHASE query-chunks wall=4.848 cumulative=5828.879 peak_rss_kib=64690544
SLIM_PROGRESS runs=1201733632/1859825862 resolve_wall=374.001 lce_wall=5202.220 write_wall=9.561 lf_steps=0 cache_hits=0
SLIM_PHASE query-chunks wall=4.818 cumulative=5833.697 peak_rss_kib=64713588
SLIM_PROGRESS runs=1202782208/1859825862 resolve_wall=374.277 lce_wall=5206.646 write_wall=9.568 lf_steps=0 cache_hits=0
SLIM_PHASE query-chunks wall=4.710 cumulative=5838.408 peak_rss_kib=64732532
SLIM_PROGRESS runs=1203830784/1859825862 resolve_wall=374.586 lce_wall=5211.167 write_wall=9.576 lf_steps=0 cache_hits=0
SLIM_PHASE query-chunks wall=4.838 cumulative=5843.245 peak_rss_kib=64748052
SLIM_PROGRESS runs=1204879360/1859825862 resolve_wall=374.976 lce_wall=5215.755 write_wall=9.583 lf_steps=0 cache_hits=0
SLIM_PHASE query-chunks wall=4.986 cumulative=5848.231 peak_rss_kib=64762228
SLIM_PROGRESS runs=1205927936/1859825862 resolve_wall=375.404 lce_wall=5220.161 write_wall=9.591 lf_steps=0 cache_hits=0
SLIM_PHASE query-chunks wall=4.842 cumulative=5853.073 peak_rss_kib=64781652
SLIM_PROGRESS runs=1206976512/1859825862 resolve_wall=375.796 lce_wall=5224.774 write_wall=9.601 lf_steps=0 cache_hits=0
SLIM_PHASE query-chunks wall=5.013 cumulative=5858.087 peak_rss_kib=64802964
SLIM_PROGRESS runs=1208025088/1859825862 resolve_wall=376.182 lce_wall=5229.313 write_wall=9.610 lf_steps=0 cache_hits=0
SLIM_PHASE query-chunks wall=4.935 cumulative=5863.022 peak_rss_kib=64811428
SLIM_PROGRESS runs=1209073664/1859825862 resolve_wall=376.572 lce_wall=5233.795 write_wall=9.620 lf_steps=0 cache_hits=0
SLIM_PHASE query-chunks wall=4.882 cumulative=5867.904 peak_rss_kib=64830316
SLIM_PROGRESS runs=1210122240/1859825862 resolve_wall=376.995 lce_wall=5238.295 write_wall=9.629 lf_steps=0 cache_hits=0
SLIM_PHASE query-chunks wall=4.932 cumulative=5872.836 peak_rss_kib=64853644
SLIM_PROGRESS runs=1211170816/1859825862 resolve_wall=377.386 lce_wall=5242.705 write_wall=9.639 lf_steps=0 cache_hits=0
SLIM_PHASE query-chunks wall=4.812 cumulative=5877.647 peak_rss_kib=64868720
SLIM_PROGRESS runs=1212219392/1859825862 resolve_wall=377.782 lce_wall=5247.193 write_wall=9.649 lf_steps=0 cache_hits=0
SLIM_PHASE query-chunks wall=4.893 cumulative=5882.541 peak_rss_kib=64874800
SLIM_PROGRESS runs=1213267968/1859825862 resolve_wall=378.107 lce_wall=5251.642 write_wall=9.657 lf_steps=0 cache_hits=0
SLIM_PHASE query-chunks wall=4.782 cumulative=5887.323 peak_rss_kib=64903984
SLIM_PROGRESS runs=1214316544/1859825862 resolve_wall=378.493 lce_wall=5255.996 write_wall=9.665 lf_steps=0 cache_hits=0
SLIM_PHASE query-chunks wall=4.750 cumulative=5892.073 peak_rss_kib=64931168
SLIM_PROGRESS runs=1215365120/1859825862 resolve_wall=378.816 lce_wall=5260.450 write_wall=9.675 lf_steps=0 cache_hits=0
SLIM_PHASE query-chunks wall=4.787 cumulative=5896.859 peak_rss_kib=64939824
SLIM_PROGRESS runs=1216413696/1859825862 resolve_wall=379.212 lce_wall=5264.926 write_wall=9.686 lf_steps=0 cache_hits=0
SLIM_PHASE query-chunks wall=4.884 cumulative=5901.743 peak_rss_kib=64954672
SLIM_PROGRESS runs=1217462272/1859825862 resolve_wall=379.594 lce_wall=5269.366 write_wall=9.695 lf_steps=0 cache_hits=0
SLIM_PHASE query-chunks wall=4.831 cumulative=5906.574 peak_rss_kib=64977816
SLIM_PROGRESS runs=1218510848/1859825862 resolve_wall=379.958 lce_wall=5273.746 write_wall=9.704 lf_steps=0 cache_hits=0
SLIM_PHASE query-chunks wall=4.752 cumulative=5911.327 peak_rss_kib=64996664
SLIM_PROGRESS runs=1219559424/1859825862 resolve_wall=380.349 lce_wall=5278.015 write_wall=9.714 lf_steps=0 cache_hits=0
SLIM_PHASE query-chunks wall=4.671 cumulative=5915.998 peak_rss_kib=65009464
SLIM_PROGRESS runs=1220608000/1859825862 resolve_wall=380.712 lce_wall=5282.394 write_wall=9.723 lf_steps=0 cache_hits=0
SLIM_PHASE query-chunks wall=4.751 cumulative=5920.748 peak_rss_kib=65030744
SLIM_PROGRESS runs=1221656576/1859825862 resolve_wall=381.135 lce_wall=5286.814 write_wall=9.733 lf_steps=0 cache_hits=0
SLIM_PHASE query-chunks wall=4.852 cumulative=5925.601 peak_rss_kib=65043284
SLIM_PROGRESS runs=1222705152/1859825862 resolve_wall=381.569 lce_wall=5291.237 write_wall=9.744 lf_steps=0 cache_hits=0
SLIM_PHASE query-chunks wall=4.869 cumulative=5930.470 peak_rss_kib=65076660
SLIM_PROGRESS runs=1223753728/1859825862 resolve_wall=381.932 lce_wall=5295.723 write_wall=9.753 lf_steps=0 cache_hits=0
SLIM_PHASE query-chunks wall=4.857 cumulative=5935.327 peak_rss_kib=65101556
SLIM_PROGRESS runs=1224802304/1859825862 resolve_wall=382.303 lce_wall=5300.183 write_wall=9.763 lf_steps=0 cache_hits=0
SLIM_PHASE query-chunks wall=4.841 cumulative=5940.169 peak_rss_kib=65124788
SLIM_PROGRESS runs=1225850880/1859825862 resolve_wall=382.652 lce_wall=5304.499 write_wall=9.772 lf_steps=0 cache_hits=0
SLIM_PHASE query-chunks wall=4.674 cumulative=5944.843 peak_rss_kib=65139540
SLIM_PROGRESS runs=1226899456/1859825862 resolve_wall=383.051 lce_wall=5308.992 write_wall=9.780 lf_steps=0 cache_hits=0
SLIM_PHASE query-chunks wall=4.900 cumulative=5949.743 peak_rss_kib=65146676
SLIM_PROGRESS runs=1227948032/1859825862 resolve_wall=383.471 lce_wall=5313.299 write_wall=9.789 lf_steps=0 cache_hits=0
SLIM_PHASE query-chunks wall=4.735 cumulative=5954.479 peak_rss_kib=65165044
SLIM_PROGRESS runs=1228996608/1859825862 resolve_wall=383.861 lce_wall=5317.866 write_wall=9.800 lf_steps=0 cache_hits=0
SLIM_PHASE query-chunks wall=4.969 cumulative=5959.447 peak_rss_kib=65175796
SLIM_PROGRESS runs=1230045184/1859825862 resolve_wall=384.269 lce_wall=5322.326 write_wall=9.811 lf_steps=0 cache_hits=0
SLIM_PHASE query-chunks wall=4.880 cumulative=5964.327 peak_rss_kib=65197076
SLIM_PROGRESS runs=1231093760/1859825862 resolve_wall=384.663 lce_wall=5326.701 write_wall=9.822 lf_steps=0 cache_hits=0
SLIM_PHASE query-chunks wall=4.779 cumulative=5969.106 peak_rss_kib=65207636
SLIM_PROGRESS runs=1232142336/1859825862 resolve_wall=385.066 lce_wall=5331.171 write_wall=9.830 lf_steps=0 cache_hits=0
SLIM_PHASE query-chunks wall=4.881 cumulative=5973.987 peak_rss_kib=65230676
SLIM_PROGRESS runs=1233190912/1859825862 resolve_wall=385.401 lce_wall=5335.637 write_wall=9.840 lf_steps=0 cache_hits=0
SLIM_PHASE query-chunks wall=4.812 cumulative=5978.799 peak_rss_kib=65239476
SLIM_PROGRESS runs=1234239488/1859825862 resolve_wall=385.790 lce_wall=5340.167 write_wall=9.849 lf_steps=0 cache_hits=0
SLIM_PHASE query-chunks wall=4.929 cumulative=5983.728 peak_rss_kib=65252228
SLIM_PROGRESS runs=1235288064/1859825862 resolve_wall=386.170 lce_wall=5344.628 write_wall=9.859 lf_steps=0 cache_hits=0
SLIM_PHASE query-chunks wall=4.851 cumulative=5988.579 peak_rss_kib=65267028
SLIM_PROGRESS runs=1236336640/1859825862 resolve_wall=386.586 lce_wall=5349.163 write_wall=9.868 lf_steps=0 cache_hits=0
SLIM_PHASE query-chunks wall=4.960 cumulative=5993.538 peak_rss_kib=65287724
SLIM_PROGRESS runs=1237385216/1859825862 resolve_wall=387.003 lce_wall=5353.560 write_wall=9.876 lf_steps=0 cache_hits=0
SLIM_PHASE query-chunks wall=4.822 cumulative=5998.361 peak_rss_kib=65321808
SLIM_PROGRESS runs=1238433792/1859825862 resolve_wall=387.379 lce_wall=5357.832 write_wall=9.884 lf_steps=0 cache_hits=0
SLIM_PHASE query-chunks wall=4.656 cumulative=6003.017 peak_rss_kib=65336752
SLIM_PROGRESS runs=1239482368/1859825862 resolve_wall=387.776 lce_wall=5362.328 write_wall=9.892 lf_steps=0 cache_hits=0
SLIM_PHASE query-chunks wall=4.901 cumulative=6007.918 peak_rss_kib=65357552
SLIM_PROGRESS runs=1240530944/1859825862 resolve_wall=388.196 lce_wall=5366.677 write_wall=9.900 lf_steps=0 cache_hits=0
SLIM_PHASE query-chunks wall=4.776 cumulative=6012.695 peak_rss_kib=65378764
SLIM_PROGRESS runs=1241579520/1859825862 resolve_wall=388.612 lce_wall=5371.109 write_wall=9.907 lf_steps=0 cache_hits=0
SLIM_PHASE query-chunks wall=4.857 cumulative=6017.551 peak_rss_kib=65385764
SLIM_PROGRESS runs=1242628096/1859825862 resolve_wall=389.027 lce_wall=5375.462 write_wall=9.914 lf_steps=0 cache_hits=0
SLIM_PHASE query-chunks wall=4.774 cumulative=6022.326 peak_rss_kib=65410488
SLIM_PROGRESS runs=1243676672/1859825862 resolve_wall=389.395 lce_wall=5379.948 write_wall=9.922 lf_steps=0 cache_hits=0
SLIM_PHASE query-chunks wall=4.862 cumulative=6027.188 peak_rss_kib=65431576
SLIM_PROGRESS runs=1244725248/1859825862 resolve_wall=389.793 lce_wall=5384.364 write_wall=9.929 lf_steps=0 cache_hits=0
SLIM_PHASE query-chunks wall=4.820 cumulative=6032.008 peak_rss_kib=65442520
SLIM_PROGRESS runs=1245773824/1859825862 resolve_wall=390.195 lce_wall=5388.751 write_wall=9.937 lf_steps=0 cache_hits=0
SLIM_PHASE query-chunks wall=4.798 cumulative=6036.806 peak_rss_kib=65464288
SLIM_PROGRESS runs=1246822400/1859825862 resolve_wall=390.635 lce_wall=5393.194 write_wall=9.944 lf_steps=0 cache_hits=0
SLIM_PHASE query-chunks wall=4.890 cumulative=6041.696 peak_rss_kib=65487332
SLIM_PROGRESS runs=1247870976/1859825862 resolve_wall=391.068 lce_wall=5397.634 write_wall=9.951 lf_steps=0 cache_hits=0
SLIM_PHASE query-chunks wall=4.880 cumulative=6046.576 peak_rss_kib=65508420
SLIM_PROGRESS runs=1248919552/1859825862 resolve_wall=391.448 lce_wall=5402.009 write_wall=9.958 lf_steps=0 cache_hits=0
SLIM_PHASE query-chunks wall=4.762 cumulative=6051.339 peak_rss_kib=65517076
SLIM_PROGRESS runs=1249968128/1859825862 resolve_wall=391.813 lce_wall=5406.467 write_wall=9.966 lf_steps=0 cache_hits=0
SLIM_PHASE query-chunks wall=4.831 cumulative=6056.169 peak_rss_kib=65533748
SLIM_PROGRESS runs=1251016704/1859825862 resolve_wall=392.223 lce_wall=5410.942 write_wall=9.976 lf_steps=0 cache_hits=0
SLIM_PHASE query-chunks wall=4.895 cumulative=6061.064 peak_rss_kib=65557300
SLIM_PROGRESS runs=1252065280/1859825862 resolve_wall=392.561 lce_wall=5415.446 write_wall=9.986 lf_steps=0 cache_hits=0
SLIM_PHASE query-chunks wall=4.853 cumulative=6065.917 peak_rss_kib=65572340
SLIM_PROGRESS runs=1253113856/1859825862 resolve_wall=392.913 lce_wall=5419.835 write_wall=9.996 lf_steps=0 cache_hits=0
SLIM_PHASE query-chunks wall=4.752 cumulative=6070.669 peak_rss_kib=65597096
SLIM_PROGRESS runs=1254162432/1859825862 resolve_wall=393.295 lce_wall=5424.445 write_wall=10.005 lf_steps=0 cache_hits=0
SLIM_PHASE query-chunks wall=5.000 cumulative=6075.669 peak_rss_kib=65600220
SLIM_PROGRESS runs=1255211008/1859825862 resolve_wall=393.634 lce_wall=5428.798 write_wall=10.012 lf_steps=0 cache_hits=0
SLIM_PHASE query-chunks wall=4.700 cumulative=6080.369 peak_rss_kib=65612444
SLIM_PROGRESS runs=1256259584/1859825862 resolve_wall=393.953 lce_wall=5433.184 write_wall=10.020 lf_steps=0 cache_hits=0
SLIM_PHASE query-chunks wall=4.713 cumulative=6085.082 peak_rss_kib=65625436
SLIM_PROGRESS runs=1257308160/1859825862 resolve_wall=394.323 lce_wall=5437.663 write_wall=10.027 lf_steps=0 cache_hits=0
SLIM_PHASE query-chunks wall=4.857 cumulative=6089.938 peak_rss_kib=65642144
SLIM_PROGRESS runs=1258356736/1859825862 resolve_wall=394.685 lce_wall=5442.125 write_wall=10.035 lf_steps=0 cache_hits=0
SLIM_PHASE query-chunks wall=4.833 cumulative=6094.771 peak_rss_kib=65663284
SLIM_PROGRESS runs=1259405312/1859825862 resolve_wall=395.092 lce_wall=5446.558 write_wall=10.043 lf_steps=0 cache_hits=0
SLIM_PHASE query-chunks wall=4.846 cumulative=6099.617 peak_rss_kib=65670056
SLIM_PROGRESS runs=1260453888/1859825862 resolve_wall=395.448 lce_wall=5451.048 write_wall=10.050 lf_steps=0 cache_hits=0
SLIM_PHASE query-chunks wall=4.855 cumulative=6104.472 peak_rss_kib=65688884
SLIM_PROGRESS runs=1261502464/1859825862 resolve_wall=395.838 lce_wall=5455.529 write_wall=10.057 lf_steps=0 cache_hits=0
SLIM_PHASE query-chunks wall=4.879 cumulative=6109.350 peak_rss_kib=65697976
SLIM_PROGRESS runs=1262551040/1859825862 resolve_wall=396.224 lce_wall=5459.928 write_wall=10.065 lf_steps=0 cache_hits=0
SLIM_PHASE query-chunks wall=4.793 cumulative=6114.143 peak_rss_kib=65706664
SLIM_PROGRESS runs=1263599616/1859825862 resolve_wall=396.505 lce_wall=5464.237 write_wall=10.072 lf_steps=0 cache_hits=0
SLIM_PHASE query-chunks wall=4.597 cumulative=6118.740 peak_rss_kib=65719068
SLIM_PROGRESS runs=1264648192/1859825862 resolve_wall=396.821 lce_wall=5468.558 write_wall=10.081 lf_steps=0 cache_hits=0
SLIM_PHASE query-chunks wall=4.647 cumulative=6123.387 peak_rss_kib=65731868
SLIM_PROGRESS runs=1265696768/1859825862 resolve_wall=397.149 lce_wall=5472.985 write_wall=10.089 lf_steps=0 cache_hits=0
SLIM_PHASE query-chunks wall=4.763 cumulative=6128.150 peak_rss_kib=65757052
SLIM_PROGRESS runs=1266745344/1859825862 resolve_wall=397.458 lce_wall=5477.418 write_wall=10.096 lf_steps=0 cache_hits=0
SLIM_PHASE query-chunks wall=4.749 cumulative=6132.899 peak_rss_kib=65772092
SLIM_PROGRESS runs=1267793920/1859825862 resolve_wall=397.767 lce_wall=5481.887 write_wall=10.103 lf_steps=0 cache_hits=0
SLIM_PHASE query-chunks wall=4.785 cumulative=6137.684 peak_rss_kib=65786772
SLIM_PROGRESS runs=1268842496/1859825862 resolve_wall=398.092 lce_wall=5486.296 write_wall=10.110 lf_steps=0 cache_hits=0
SLIM_PHASE query-chunks wall=4.741 cumulative=6142.425 peak_rss_kib=65809708
SLIM_PROGRESS runs=1269891072/1859825862 resolve_wall=398.421 lce_wall=5490.750 write_wall=10.117 lf_steps=0 cache_hits=0
SLIM_PHASE query-chunks wall=4.791 cumulative=6147.216 peak_rss_kib=65825084
SLIM_PROGRESS runs=1270939648/1859825862 resolve_wall=398.702 lce_wall=5495.187 write_wall=10.125 lf_steps=0 cache_hits=0
SLIM_PHASE query-chunks wall=4.725 cumulative=6151.941 peak_rss_kib=65834560
SLIM_PROGRESS runs=1271988224/1859825862 resolve_wall=398.967 lce_wall=5499.673 write_wall=10.132 lf_steps=0 cache_hits=0
SLIM_PHASE query-chunks wall=4.759 cumulative=6156.699 peak_rss_kib=65851076
SLIM_PROGRESS runs=1273036800/1859825862 resolve_wall=399.250 lce_wall=5504.126 write_wall=10.140 lf_steps=0 cache_hits=0
SLIM_PHASE query-chunks wall=4.745 cumulative=6161.444 peak_rss_kib=65859876
SLIM_PROGRESS runs=1274085376/1859825862 resolve_wall=399.559 lce_wall=5508.637 write_wall=10.147 lf_steps=0 cache_hits=0
SLIM_PHASE query-chunks wall=4.826 cumulative=6166.271 peak_rss_kib=65874984
SLIM_PROGRESS runs=1275133952/1859825862 resolve_wall=399.817 lce_wall=5513.183 write_wall=10.154 lf_steps=0 cache_hits=0
SLIM_PHASE query-chunks wall=4.812 cumulative=6171.083 peak_rss_kib=65885688
SLIM_PROGRESS runs=1276182528/1859825862 resolve_wall=400.087 lce_wall=5517.843 write_wall=10.161 lf_steps=0 cache_hits=0
SLIM_PHASE query-chunks wall=4.937 cumulative=6176.020 peak_rss_kib=65908504
SLIM_PROGRESS runs=1277231104/1859825862 resolve_wall=400.355 lce_wall=5522.760 write_wall=10.171 lf_steps=0 cache_hits=0
SLIM_PHASE query-chunks wall=5.195 cumulative=6181.215 peak_rss_kib=65910456
SLIM_PROGRESS runs=1278279680/1859825862 resolve_wall=400.654 lce_wall=5527.280 write_wall=10.179 lf_steps=0 cache_hits=0
SLIM_PHASE query-chunks wall=4.826 cumulative=6186.041 peak_rss_kib=65910456
SLIM_PROGRESS runs=1279328256/1859825862 resolve_wall=400.945 lce_wall=5531.955 write_wall=10.186 lf_steps=0 cache_hits=0
SLIM_PHASE query-chunks wall=4.974 cumulative=6191.015 peak_rss_kib=65910456
SLIM_PROGRESS runs=1280376832/1859825862 resolve_wall=401.224 lce_wall=5536.401 write_wall=10.193 lf_steps=0 cache_hits=0
SLIM_PHASE query-chunks wall=4.733 cumulative=6195.747 peak_rss_kib=65910456
SLIM_PROGRESS runs=1281425408/1859825862 resolve_wall=401.486 lce_wall=5540.836 write_wall=10.200 lf_steps=0 cache_hits=0
SLIM_PHASE query-chunks wall=4.704 cumulative=6200.451 peak_rss_kib=65910456
SLIM_PROGRESS runs=1282473984/1859825862 resolve_wall=401.761 lce_wall=5545.309 write_wall=10.207 lf_steps=0 cache_hits=0
SLIM_PHASE query-chunks wall=4.756 cumulative=6205.207 peak_rss_kib=65910456
SLIM_PROGRESS runs=1283522560/1859825862 resolve_wall=402.062 lce_wall=5549.704 write_wall=10.215 lf_steps=0 cache_hits=0
SLIM_PHASE query-chunks wall=4.703 cumulative=6209.910 peak_rss_kib=65910456
SLIM_PROGRESS runs=1284571136/1859825862 resolve_wall=402.350 lce_wall=5554.070 write_wall=10.222 lf_steps=0 cache_hits=0
SLIM_PHASE query-chunks wall=4.662 cumulative=6214.572 peak_rss_kib=65910456
SLIM_PROGRESS runs=1285619712/1859825862 resolve_wall=402.612 lce_wall=5558.497 write_wall=10.229 lf_steps=0 cache_hits=0
SLIM_PHASE query-chunks wall=4.696 cumulative=6219.268 peak_rss_kib=65910456
SLIM_PROGRESS runs=1286668288/1859825862 resolve_wall=402.904 lce_wall=5562.924 write_wall=10.237 lf_steps=0 cache_hits=0
SLIM_PHASE query-chunks wall=4.727 cumulative=6223.995 peak_rss_kib=65910456
SLIM_PROGRESS runs=1287716864/1859825862 resolve_wall=403.174 lce_wall=5567.336 write_wall=10.244 lf_steps=0 cache_hits=0
SLIM_PHASE query-chunks wall=4.689 cumulative=6228.684 peak_rss_kib=65910456
SLIM_PROGRESS runs=1288765440/1859825862 resolve_wall=403.430 lce_wall=5571.751 write_wall=10.251 lf_steps=0 cache_hits=0
SLIM_PHASE query-chunks wall=4.678 cumulative=6233.362 peak_rss_kib=65910456
SLIM_PROGRESS runs=1289814016/1859825862 resolve_wall=403.690 lce_wall=5576.261 write_wall=10.258 lf_steps=0 cache_hits=0
SLIM_PHASE query-chunks wall=4.778 cumulative=6238.140 peak_rss_kib=65910456
SLIM_PROGRESS runs=1290862592/1859825862 resolve_wall=403.991 lce_wall=5580.599 write_wall=10.265 lf_steps=0 cache_hits=0
SLIM_PHASE query-chunks wall=4.647 cumulative=6242.787 peak_rss_kib=65910456
SLIM_PROGRESS runs=1291911168/1859825862 resolve_wall=404.263 lce_wall=5585.064 write_wall=10.272 lf_steps=0 cache_hits=0
SLIM_PHASE query-chunks wall=4.744 cumulative=6247.531 peak_rss_kib=65910456
SLIM_PROGRESS runs=1292959744/1859825862 resolve_wall=404.542 lce_wall=5589.602 write_wall=10.279 lf_steps=0 cache_hits=0
SLIM_PHASE query-chunks wall=4.823 cumulative=6252.354 peak_rss_kib=65910456
SLIM_PROGRESS runs=1294008320/1859825862 resolve_wall=404.791 lce_wall=5594.095 write_wall=10.287 lf_steps=0 cache_hits=0
SLIM_PHASE query-chunks wall=4.750 cumulative=6257.104 peak_rss_kib=65910456
SLIM_PROGRESS runs=1295056896/1859825862 resolve_wall=405.068 lce_wall=5598.708 write_wall=10.294 lf_steps=0 cache_hits=0
SLIM_PHASE query-chunks wall=4.897 cumulative=6262.001 peak_rss_kib=65910456
SLIM_PROGRESS runs=1296105472/1859825862 resolve_wall=405.336 lce_wall=5603.369 write_wall=10.301 lf_steps=0 cache_hits=0
SLIM_PHASE query-chunks wall=4.936 cumulative=6266.938 peak_rss_kib=65910456
SLIM_PROGRESS runs=1297154048/1859825862 resolve_wall=405.582 lce_wall=5608.033 write_wall=10.308 lf_steps=0 cache_hits=0
SLIM_PHASE query-chunks wall=4.918 cumulative=6271.855 peak_rss_kib=65910456
SLIM_PROGRESS runs=1298202624/1859825862 resolve_wall=405.881 lce_wall=5612.643 write_wall=10.315 lf_steps=0 cache_hits=0
SLIM_PHASE query-chunks wall=4.916 cumulative=6276.771 peak_rss_kib=65910456
SLIM_PROGRESS runs=1299251200/1859825862 resolve_wall=406.157 lce_wall=5617.243 write_wall=10.322 lf_steps=0 cache_hits=0
SLIM_PHASE query-chunks wall=4.883 cumulative=6281.654 peak_rss_kib=65910456
SLIM_PROGRESS runs=1300299776/1859825862 resolve_wall=406.388 lce_wall=5621.963 write_wall=10.330 lf_steps=0 cache_hits=0
SLIM_PHASE query-chunks wall=4.959 cumulative=6286.613 peak_rss_kib=65910456
SLIM_PROGRESS runs=1301348352/1859825862 resolve_wall=406.658 lce_wall=5626.655 write_wall=10.337 lf_steps=0 cache_hits=0
SLIM_PHASE query-chunks wall=4.969 cumulative=6291.582 peak_rss_kib=65910456
SLIM_PROGRESS runs=1302396928/1859825862 resolve_wall=406.927 lce_wall=5631.170 write_wall=10.344 lf_steps=0 cache_hits=0
SLIM_PHASE query-chunks wall=4.792 cumulative=6296.374 peak_rss_kib=65910456
SLIM_PROGRESS runs=1303445504/1859825862 resolve_wall=407.192 lce_wall=5635.697 write_wall=10.351 lf_steps=0 cache_hits=0
SLIM_PHASE query-chunks wall=4.799 cumulative=6301.173 peak_rss_kib=65910456
SLIM_PROGRESS runs=1304494080/1859825862 resolve_wall=407.469 lce_wall=5640.125 write_wall=10.359 lf_steps=0 cache_hits=0
SLIM_PHASE query-chunks wall=4.713 cumulative=6305.886 peak_rss_kib=65910456
SLIM_PROGRESS runs=1305542656/1859825862 resolve_wall=407.770 lce_wall=5644.604 write_wall=10.366 lf_steps=0 cache_hits=0
SLIM_PHASE query-chunks wall=4.787 cumulative=6310.673 peak_rss_kib=65910456
SLIM_PROGRESS runs=1306591232/1859825862 resolve_wall=408.059 lce_wall=5649.077 write_wall=10.373 lf_steps=0 cache_hits=0
SLIM_PHASE query-chunks wall=4.770 cumulative=6315.442 peak_rss_kib=65910456
SLIM_PROGRESS runs=1307639808/1859825862 resolve_wall=408.346 lce_wall=5653.537 write_wall=10.380 lf_steps=0 cache_hits=0
SLIM_PHASE query-chunks wall=4.755 cumulative=6320.198 peak_rss_kib=65910456
SLIM_PROGRESS runs=1308688384/1859825862 resolve_wall=408.621 lce_wall=5658.095 write_wall=10.387 lf_steps=0 cache_hits=0
SLIM_PHASE query-chunks wall=4.840 cumulative=6325.037 peak_rss_kib=65910456
SLIM_PROGRESS runs=1309736960/1859825862 resolve_wall=408.907 lce_wall=5662.698 write_wall=10.394 lf_steps=0 cache_hits=0
SLIM_PHASE query-chunks wall=4.897 cumulative=6329.935 peak_rss_kib=65910456
SLIM_PROGRESS runs=1310785536/1859825862 resolve_wall=409.184 lce_wall=5667.291 write_wall=10.402 lf_steps=0 cache_hits=0
SLIM_PHASE query-chunks wall=4.877 cumulative=6334.811 peak_rss_kib=65910456
SLIM_PROGRESS runs=1311834112/1859825862 resolve_wall=409.463 lce_wall=5671.872 write_wall=10.409 lf_steps=0 cache_hits=0
SLIM_PHASE query-chunks wall=4.868 cumulative=6339.679 peak_rss_kib=65910456
SLIM_PROGRESS runs=1312882688/1859825862 resolve_wall=409.741 lce_wall=5676.425 write_wall=10.416 lf_steps=0 cache_hits=0
SLIM_PHASE query-chunks wall=4.838 cumulative=6344.517 peak_rss_kib=65910456
SLIM_PROGRESS runs=1313931264/1859825862 resolve_wall=410.023 lce_wall=5680.970 write_wall=10.423 lf_steps=0 cache_hits=0
SLIM_PHASE query-chunks wall=4.835 cumulative=6349.352 peak_rss_kib=65910456
SLIM_PROGRESS runs=1314979840/1859825862 resolve_wall=410.307 lce_wall=5685.481 write_wall=10.430 lf_steps=0 cache_hits=0
SLIM_PHASE query-chunks wall=4.802 cumulative=6354.154 peak_rss_kib=65910456
SLIM_PROGRESS runs=1316028416/1859825862 resolve_wall=410.593 lce_wall=5690.040 write_wall=10.438 lf_steps=0 cache_hits=0
SLIM_PHASE query-chunks wall=4.853 cumulative=6359.007 peak_rss_kib=65910456
SLIM_PROGRESS runs=1317076992/1859825862 resolve_wall=410.861 lce_wall=5694.490 write_wall=10.445 lf_steps=0 cache_hits=0
SLIM_PHASE query-chunks wall=4.725 cumulative=6363.732 peak_rss_kib=65910456
SLIM_PROGRESS runs=1318125568/1859825862 resolve_wall=411.150 lce_wall=5698.870 write_wall=10.452 lf_steps=0 cache_hits=0
SLIM_PHASE query-chunks wall=4.676 cumulative=6368.408 peak_rss_kib=65910456
SLIM_PROGRESS runs=1319174144/1859825862 resolve_wall=411.446 lce_wall=5703.287 write_wall=10.460 lf_steps=0 cache_hits=0
SLIM_PHASE query-chunks wall=4.721 cumulative=6373.129 peak_rss_kib=65910456
SLIM_PROGRESS runs=1320222720/1859825862 resolve_wall=411.791 lce_wall=5707.777 write_wall=10.467 lf_steps=0 cache_hits=0
SLIM_PHASE query-chunks wall=4.842 cumulative=6377.971 peak_rss_kib=65910456
SLIM_PROGRESS runs=1321271296/1859825862 resolve_wall=412.113 lce_wall=5712.235 write_wall=10.474 lf_steps=0 cache_hits=0
SLIM_PHASE query-chunks wall=4.786 cumulative=6382.757 peak_rss_kib=65910456
SLIM_PROGRESS runs=1322319872/1859825862 resolve_wall=412.434 lce_wall=5716.690 write_wall=10.481 lf_steps=0 cache_hits=0
SLIM_PHASE query-chunks wall=4.783 cumulative=6387.541 peak_rss_kib=65910456
SLIM_PROGRESS runs=1323368448/1859825862 resolve_wall=412.755 lce_wall=5721.236 write_wall=10.488 lf_steps=0 cache_hits=0
SLIM_PHASE query-chunks wall=4.875 cumulative=6392.416 peak_rss_kib=65910456
SLIM_PROGRESS runs=1324417024/1859825862 resolve_wall=413.034 lce_wall=5725.905 write_wall=10.495 lf_steps=0 cache_hits=0
SLIM_PHASE query-chunks wall=4.956 cumulative=6397.371 peak_rss_kib=65910456
SLIM_PROGRESS runs=1325465600/1859825862 resolve_wall=413.336 lce_wall=5730.365 write_wall=10.503 lf_steps=0 cache_hits=0
SLIM_PHASE query-chunks wall=4.769 cumulative=6402.140 peak_rss_kib=65910456
SLIM_PROGRESS runs=1326514176/1859825862 resolve_wall=413.637 lce_wall=5734.715 write_wall=10.510 lf_steps=0 cache_hits=0
SLIM_PHASE query-chunks wall=4.659 cumulative=6406.800 peak_rss_kib=65910456
SLIM_PROGRESS runs=1327562752/1859825862 resolve_wall=413.913 lce_wall=5739.076 write_wall=10.517 lf_steps=0 cache_hits=0
SLIM_PHASE query-chunks wall=4.644 cumulative=6411.444 peak_rss_kib=65910456
SLIM_PROGRESS runs=1328611328/1859825862 resolve_wall=414.191 lce_wall=5743.455 write_wall=10.524 lf_steps=0 cache_hits=0
SLIM_PHASE query-chunks wall=4.664 cumulative=6416.108 peak_rss_kib=65910456
SLIM_PROGRESS runs=1329659904/1859825862 resolve_wall=414.459 lce_wall=5746.695 write_wall=10.532 lf_steps=0 cache_hits=0
SLIM_PHASE query-chunks wall=3.515 cumulative=6419.623 peak_rss_kib=65910456
SLIM_PROGRESS runs=1330708480/1859825862 resolve_wall=414.721 lce_wall=5751.198 write_wall=10.539 lf_steps=0 cache_hits=0
SLIM_PHASE query-chunks wall=4.774 cumulative=6424.397 peak_rss_kib=65910456
SLIM_PROGRESS runs=1331757056/1859825862 resolve_wall=414.992 lce_wall=5755.703 write_wall=10.546 lf_steps=0 cache_hits=0
SLIM_PHASE query-chunks wall=4.784 cumulative=6429.180 peak_rss_kib=65910456
SLIM_PROGRESS runs=1332805632/1859825862 resolve_wall=415.244 lce_wall=5760.021 write_wall=10.553 lf_steps=0 cache_hits=0
SLIM_PHASE query-chunks wall=4.576 cumulative=6433.757 peak_rss_kib=65910456
SLIM_PROGRESS runs=1333854208/1859825862 resolve_wall=415.515 lce_wall=5764.489 write_wall=10.560 lf_steps=0 cache_hits=0
SLIM_PHASE query-chunks wall=4.746 cumulative=6438.503 peak_rss_kib=65910456
SLIM_PROGRESS runs=1334902784/1859825862 resolve_wall=415.796 lce_wall=5768.974 write_wall=10.568 lf_steps=0 cache_hits=0
SLIM_PHASE query-chunks wall=4.773 cumulative=6443.276 peak_rss_kib=65910456
SLIM_PROGRESS runs=1335951360/1859825862 resolve_wall=416.090 lce_wall=5773.382 write_wall=10.575 lf_steps=0 cache_hits=0
SLIM_PHASE query-chunks wall=4.709 cumulative=6447.985 peak_rss_kib=65910456
SLIM_PROGRESS runs=1336999936/1859825862 resolve_wall=416.388 lce_wall=5777.754 write_wall=10.582 lf_steps=0 cache_hits=0
SLIM_PHASE query-chunks wall=4.678 cumulative=6452.663 peak_rss_kib=65910456
SLIM_PROGRESS runs=1338048512/1859825862 resolve_wall=416.735 lce_wall=5782.170 write_wall=10.589 lf_steps=0 cache_hits=0
SLIM_PHASE query-chunks wall=4.770 cumulative=6457.433 peak_rss_kib=65910456
SLIM_PROGRESS runs=1339097088/1859825862 resolve_wall=417.030 lce_wall=5786.638 write_wall=10.596 lf_steps=0 cache_hits=0
SLIM_PHASE query-chunks wall=4.770 cumulative=6462.204 peak_rss_kib=65910456
SLIM_PROGRESS runs=1340145664/1859825862 resolve_wall=417.266 lce_wall=5791.059 write_wall=10.603 lf_steps=0 cache_hits=0
SLIM_PHASE query-chunks wall=4.664 cumulative=6466.868 peak_rss_kib=65910456
SLIM_PROGRESS runs=1341194240/1859825862 resolve_wall=417.534 lce_wall=5795.476 write_wall=10.610 lf_steps=0 cache_hits=0
SLIM_PHASE query-chunks wall=4.692 cumulative=6471.560 peak_rss_kib=65910456
SLIM_PROGRESS runs=1342242816/1859825862 resolve_wall=417.836 lce_wall=5799.980 write_wall=10.618 lf_steps=0 cache_hits=0
SLIM_PHASE query-chunks wall=4.813 cumulative=6476.374 peak_rss_kib=65910456
SLIM_PROGRESS runs=1343291392/1859825862 resolve_wall=418.150 lce_wall=5804.463 write_wall=10.625 lf_steps=0 cache_hits=0
SLIM_PHASE query-chunks wall=4.805 cumulative=6481.178 peak_rss_kib=65910456
SLIM_PROGRESS runs=1344339968/1859825862 resolve_wall=418.421 lce_wall=5808.943 write_wall=10.632 lf_steps=0 cache_hits=0
SLIM_PHASE query-chunks wall=4.758 cumulative=6485.937 peak_rss_kib=65910456
SLIM_PROGRESS runs=1345388544/1859825862 resolve_wall=418.692 lce_wall=5813.444 write_wall=10.640 lf_steps=0 cache_hits=0
SLIM_PHASE query-chunks wall=4.780 cumulative=6490.716 peak_rss_kib=65910456
SLIM_PROGRESS runs=1346437120/1859825862 resolve_wall=418.974 lce_wall=5817.776 write_wall=10.647 lf_steps=0 cache_hits=0
SLIM_PHASE query-chunks wall=4.622 cumulative=6495.338 peak_rss_kib=65910456
SLIM_PROGRESS runs=1347485696/1859825862 resolve_wall=419.257 lce_wall=5822.152 write_wall=10.654 lf_steps=0 cache_hits=0
SLIM_PHASE query-chunks wall=4.666 cumulative=6500.004 peak_rss_kib=65910456
SLIM_PROGRESS runs=1348534272/1859825862 resolve_wall=419.540 lce_wall=5826.591 write_wall=10.661 lf_steps=0 cache_hits=0
SLIM_PHASE query-chunks wall=4.728 cumulative=6504.733 peak_rss_kib=65910456
SLIM_PROGRESS runs=1349582848/1859825862 resolve_wall=419.852 lce_wall=5831.017 write_wall=10.668 lf_steps=0 cache_hits=0
SLIM_PHASE query-chunks wall=4.746 cumulative=6509.478 peak_rss_kib=65910456
SLIM_PROGRESS runs=1350631424/1859825862 resolve_wall=420.120 lce_wall=5835.450 write_wall=10.675 lf_steps=0 cache_hits=0
SLIM_PHASE query-chunks wall=4.708 cumulative=6514.186 peak_rss_kib=65910456
SLIM_PROGRESS runs=1351680000/1859825862 resolve_wall=420.404 lce_wall=5839.940 write_wall=10.682 lf_steps=0 cache_hits=0
SLIM_PHASE query-chunks wall=4.781 cumulative=6518.967 peak_rss_kib=65910456
SLIM_PROGRESS runs=1352728576/1859825862 resolve_wall=420.721 lce_wall=5844.318 write_wall=10.689 lf_steps=0 cache_hits=0
SLIM_PHASE query-chunks wall=4.703 cumulative=6523.670 peak_rss_kib=65910456
SLIM_PROGRESS runs=1353777152/1859825862 resolve_wall=421.043 lce_wall=5848.793 write_wall=10.696 lf_steps=0 cache_hits=0
SLIM_PHASE query-chunks wall=4.804 cumulative=6528.474 peak_rss_kib=65910456
SLIM_PROGRESS runs=1354825728/1859825862 resolve_wall=421.345 lce_wall=5853.255 write_wall=10.703 lf_steps=0 cache_hits=0
SLIM_PHASE query-chunks wall=4.771 cumulative=6533.245 peak_rss_kib=65910456
SLIM_PROGRESS runs=1355874304/1859825862 resolve_wall=421.631 lce_wall=5857.727 write_wall=10.710 lf_steps=0 cache_hits=0
SLIM_PHASE query-chunks wall=4.766 cumulative=6538.010 peak_rss_kib=65910456
SLIM_PROGRESS runs=1356922880/1859825862 resolve_wall=421.899 lce_wall=5862.161 write_wall=10.717 lf_steps=0 cache_hits=0
SLIM_PHASE query-chunks wall=4.709 cumulative=6542.720 peak_rss_kib=65916312
SLIM_PROGRESS runs=1357971456/1859825862 resolve_wall=422.170 lce_wall=5866.592 write_wall=10.724 lf_steps=0 cache_hits=0
SLIM_PHASE query-chunks wall=4.709 cumulative=6547.428 peak_rss_kib=65923248
SLIM_PROGRESS runs=1359020032/1859825862 resolve_wall=422.420 lce_wall=5871.037 write_wall=10.731 lf_steps=0 cache_hits=0
SLIM_PHASE query-chunks wall=4.702 cumulative=6552.131 peak_rss_kib=65926624
SLIM_PROGRESS runs=1360068608/1859825862 resolve_wall=422.679 lce_wall=5875.449 write_wall=10.738 lf_steps=0 cache_hits=0
SLIM_PHASE query-chunks wall=4.679 cumulative=6556.810 peak_rss_kib=65944320
SLIM_PROGRESS runs=1361117184/1859825862 resolve_wall=422.973 lce_wall=5879.781 write_wall=10.745 lf_steps=0 cache_hits=0
SLIM_PHASE query-chunks wall=4.633 cumulative=6561.443 peak_rss_kib=65965312
SLIM_PROGRESS runs=1362165760/1859825862 resolve_wall=423.273 lce_wall=5884.054 write_wall=10.752 lf_steps=0 cache_hits=0
SLIM_PHASE query-chunks wall=4.580 cumulative=6566.023 peak_rss_kib=65990500
SLIM_PROGRESS runs=1363214336/1859825862 resolve_wall=423.533 lce_wall=5888.414 write_wall=10.759 lf_steps=0 cache_hits=0
SLIM_PHASE query-chunks wall=4.627 cumulative=6570.650 peak_rss_kib=66001168
SLIM_PROGRESS runs=1364262912/1859825862 resolve_wall=423.795 lce_wall=5892.827 write_wall=10.767 lf_steps=0 cache_hits=0
SLIM_PHASE query-chunks wall=4.682 cumulative=6575.332 peak_rss_kib=66003728
SLIM_PROGRESS runs=1365311488/1859825862 resolve_wall=424.053 lce_wall=5897.254 write_wall=10.774 lf_steps=0 cache_hits=0
SLIM_PHASE query-chunks wall=4.693 cumulative=6580.026 peak_rss_kib=66014480
SLIM_PROGRESS runs=1366360064/1859825862 resolve_wall=424.342 lce_wall=5901.642 write_wall=10.781 lf_steps=0 cache_hits=0
SLIM_PHASE query-chunks wall=4.683 cumulative=6584.709 peak_rss_kib=66021904
SLIM_PROGRESS runs=1367408640/1859825862 resolve_wall=424.611 lce_wall=5906.115 write_wall=10.788 lf_steps=0 cache_hits=0
SLIM_PHASE query-chunks wall=4.749 cumulative=6589.458 peak_rss_kib=66022992
SLIM_PROGRESS runs=1368457216/1859825862 resolve_wall=424.889 lce_wall=5910.546 write_wall=10.795 lf_steps=0 cache_hits=0
SLIM_PHASE query-chunks wall=4.716 cumulative=6594.174 peak_rss_kib=66031052
SLIM_PROGRESS runs=1369505792/1859825862 resolve_wall=425.140 lce_wall=5915.056 write_wall=10.802 lf_steps=0 cache_hits=0
SLIM_PHASE query-chunks wall=4.769 cumulative=6598.943 peak_rss_kib=66037708
SLIM_PROGRESS runs=1370554368/1859825862 resolve_wall=425.446 lce_wall=5919.380 write_wall=10.809 lf_steps=0 cache_hits=0
SLIM_PHASE query-chunks wall=4.637 cumulative=6603.580 peak_rss_kib=66054796
SLIM_PROGRESS runs=1371602944/1859825862 resolve_wall=425.893 lce_wall=5923.749 write_wall=10.816 lf_steps=0 cache_hits=0
SLIM_PHASE query-chunks wall=4.824 cumulative=6608.404 peak_rss_kib=66063404
SLIM_PROGRESS runs=1372651520/1859825862 resolve_wall=426.257 lce_wall=5928.105 write_wall=10.825 lf_steps=0 cache_hits=0
SLIM_PHASE query-chunks wall=4.728 cumulative=6613.132 peak_rss_kib=66079008
SLIM_PROGRESS runs=1373700096/1859825862 resolve_wall=426.606 lce_wall=5932.552 write_wall=10.834 lf_steps=0 cache_hits=0
SLIM_PHASE query-chunks wall=4.804 cumulative=6617.937 peak_rss_kib=66096096
SLIM_PROGRESS runs=1374748672/1859825862 resolve_wall=426.917 lce_wall=5937.087 write_wall=10.842 lf_steps=0 cache_hits=0
SLIM_PHASE query-chunks wall=4.855 cumulative=6622.792 peak_rss_kib=66102560
SLIM_PROGRESS runs=1375797248/1859825862 resolve_wall=427.317 lce_wall=5941.558 write_wall=10.851 lf_steps=0 cache_hits=0
SLIM_PHASE query-chunks wall=4.879 cumulative=6627.671 peak_rss_kib=66113360
SLIM_PROGRESS runs=1376845824/1859825862 resolve_wall=427.648 lce_wall=5946.017 write_wall=10.859 lf_steps=0 cache_hits=0
SLIM_PHASE query-chunks wall=4.799 cumulative=6632.470 peak_rss_kib=66123968
SLIM_PROGRESS runs=1377894400/1859825862 resolve_wall=428.074 lce_wall=5950.536 write_wall=10.868 lf_steps=0 cache_hits=0
SLIM_PHASE query-chunks wall=4.953 cumulative=6637.423 peak_rss_kib=66128576
SLIM_PROGRESS runs=1378942976/1859825862 resolve_wall=428.493 lce_wall=5955.091 write_wall=10.876 lf_steps=0 cache_hits=0
SLIM_PHASE query-chunks wall=4.984 cumulative=6642.407 peak_rss_kib=66139328
SLIM_PROGRESS runs=1379991552/1859825862 resolve_wall=428.871 lce_wall=5959.852 write_wall=10.884 lf_steps=0 cache_hits=0
SLIM_PHASE query-chunks wall=5.147 cumulative=6647.553 peak_rss_kib=66152224
SLIM_PROGRESS runs=1381040128/1859825862 resolve_wall=429.246 lce_wall=5964.219 write_wall=10.893 lf_steps=0 cache_hits=0
SLIM_PHASE query-chunks wall=4.752 cumulative=6652.305 peak_rss_kib=66159888
SLIM_PROGRESS runs=1382088704/1859825862 resolve_wall=429.567 lce_wall=5968.721 write_wall=10.901 lf_steps=0 cache_hits=0
SLIM_PHASE query-chunks wall=4.831 cumulative=6657.136 peak_rss_kib=66172524
SLIM_PROGRESS runs=1383137280/1859825862 resolve_wall=429.896 lce_wall=5973.261 write_wall=10.910 lf_steps=0 cache_hits=0
SLIM_PHASE query-chunks wall=4.877 cumulative=6662.013 peak_rss_kib=66177324
SLIM_PROGRESS runs=1384185856/1859825862 resolve_wall=430.215 lce_wall=5977.763 write_wall=10.919 lf_steps=0 cache_hits=0
SLIM_PHASE query-chunks wall=4.832 cumulative=6666.845 peak_rss_kib=66192268
SLIM_PROGRESS runs=1385234432/1859825862 resolve_wall=430.551 lce_wall=5982.928 write_wall=10.927 lf_steps=0 cache_hits=0
SLIM_PHASE query-chunks wall=5.508 cumulative=6672.353 peak_rss_kib=66203612
SLIM_PROGRESS runs=1386283008/1859825862 resolve_wall=430.885 lce_wall=5987.454 write_wall=10.934 lf_steps=0 cache_hits=0
SLIM_PHASE query-chunks wall=4.867 cumulative=6677.220 peak_rss_kib=66208456
SLIM_PROGRESS runs=1387331584/1859825862 resolve_wall=431.208 lce_wall=5992.020 write_wall=10.941 lf_steps=0 cache_hits=0
SLIM_PHASE query-chunks wall=4.897 cumulative=6682.117 peak_rss_kib=66219208
SLIM_PROGRESS runs=1388380160/1859825862 resolve_wall=431.539 lce_wall=5996.546 write_wall=10.949 lf_steps=0 cache_hits=0
SLIM_PHASE query-chunks wall=4.864 cumulative=6686.981 peak_rss_kib=66222440
SLIM_PROGRESS runs=1389428736/1859825862 resolve_wall=431.922 lce_wall=6001.205 write_wall=10.957 lf_steps=0 cache_hits=0
SLIM_PHASE query-chunks wall=5.050 cumulative=6692.031 peak_rss_kib=66228424
SLIM_PROGRESS runs=1390477312/1859825862 resolve_wall=432.278 lce_wall=6005.501 write_wall=10.965 lf_steps=0 cache_hits=0
SLIM_PHASE query-chunks wall=4.661 cumulative=6696.692 peak_rss_kib=66243080
SLIM_PROGRESS runs=1391525888/1859825862 resolve_wall=432.616 lce_wall=6009.955 write_wall=10.972 lf_steps=0 cache_hits=0
SLIM_PHASE query-chunks wall=4.800 cumulative=6701.492 peak_rss_kib=66251880
SLIM_PROGRESS runs=1392574464/1859825862 resolve_wall=432.989 lce_wall=6014.516 write_wall=10.979 lf_steps=0 cache_hits=0
SLIM_PHASE query-chunks wall=4.941 cumulative=6706.433 peak_rss_kib=66274824
SLIM_PROGRESS runs=1393623040/1859825862 resolve_wall=433.328 lce_wall=6019.225 write_wall=10.987 lf_steps=0 cache_hits=0
SLIM_PHASE query-chunks wall=5.055 cumulative=6711.488 peak_rss_kib=66293960
SLIM_PROGRESS runs=1394671616/1859825862 resolve_wall=433.683 lce_wall=6023.755 write_wall=10.996 lf_steps=0 cache_hits=0
SLIM_PHASE query-chunks wall=4.896 cumulative=6716.384 peak_rss_kib=66304496
SLIM_PROGRESS runs=1395720192/1859825862 resolve_wall=434.031 lce_wall=6028.323 write_wall=11.005 lf_steps=0 cache_hits=0
SLIM_PHASE query-chunks wall=4.924 cumulative=6721.308 peak_rss_kib=66317296
SLIM_PROGRESS runs=1396768768/1859825862 resolve_wall=434.379 lce_wall=6032.778 write_wall=11.014 lf_steps=0 cache_hits=0
SLIM_PHASE query-chunks wall=4.812 cumulative=6726.120 peak_rss_kib=66325960
SLIM_PROGRESS runs=1397817344/1859825862 resolve_wall=434.729 lce_wall=6037.255 write_wall=11.024 lf_steps=0 cache_hits=0
SLIM_PHASE query-chunks wall=4.837 cumulative=6730.957 peak_rss_kib=66332756
SLIM_PROGRESS runs=1398865920/1859825862 resolve_wall=435.084 lce_wall=6041.668 write_wall=11.033 lf_steps=0 cache_hits=0
SLIM_PHASE query-chunks wall=4.777 cumulative=6735.735 peak_rss_kib=66349652
SLIM_PROGRESS runs=1399914496/1859825862 resolve_wall=435.420 lce_wall=6046.067 write_wall=11.043 lf_steps=0 cache_hits=0
SLIM_PHASE query-chunks wall=4.744 cumulative=6740.479 peak_rss_kib=66360788
SLIM_PROGRESS runs=1400963072/1859825862 resolve_wall=435.783 lce_wall=6050.393 write_wall=11.052 lf_steps=0 cache_hits=0
SLIM_PHASE query-chunks wall=4.699 cumulative=6745.178 peak_rss_kib=66381236
SLIM_PROGRESS runs=1402011648/1859825862 resolve_wall=436.115 lce_wall=6054.655 write_wall=11.061 lf_steps=0 cache_hits=0
SLIM_PHASE query-chunks wall=4.603 cumulative=6749.782 peak_rss_kib=66396304
SLIM_PROGRESS runs=1403060224/1859825862 resolve_wall=436.490 lce_wall=6058.883 write_wall=11.071 lf_steps=0 cache_hits=0
SLIM_PHASE query-chunks wall=4.612 cumulative=6754.394 peak_rss_kib=66409200
SLIM_PROGRESS runs=1404108800/1859825862 resolve_wall=436.889 lce_wall=6063.298 write_wall=11.079 lf_steps=0 cache_hits=0
SLIM_PHASE query-chunks wall=4.822 cumulative=6759.216 peak_rss_kib=66428144
SLIM_PROGRESS runs=1405157376/1859825862 resolve_wall=437.213 lce_wall=6067.961 write_wall=11.087 lf_steps=0 cache_hits=0
SLIM_PHASE query-chunks wall=4.996 cumulative=6764.212 peak_rss_kib=66436656
SLIM_PROGRESS runs=1406205952/1859825862 resolve_wall=437.613 lce_wall=6072.500 write_wall=11.095 lf_steps=0 cache_hits=0
SLIM_PHASE query-chunks wall=4.947 cumulative=6769.159 peak_rss_kib=66447312
SLIM_PROGRESS runs=1407254528/1859825862 resolve_wall=437.920 lce_wall=6076.996 write_wall=11.104 lf_steps=0 cache_hits=0
SLIM_PHASE query-chunks wall=4.811 cumulative=6773.971 peak_rss_kib=66450448
SLIM_PROGRESS runs=1408303104/1859825862 resolve_wall=438.354 lce_wall=6081.512 write_wall=11.113 lf_steps=0 cache_hits=0
SLIM_PHASE query-chunks wall=4.960 cumulative=6778.931 peak_rss_kib=66462672
SLIM_PROGRESS runs=1409351680/1859825862 resolve_wall=438.743 lce_wall=6085.952 write_wall=11.122 lf_steps=0 cache_hits=0
SLIM_PHASE query-chunks wall=4.838 cumulative=6783.768 peak_rss_kib=66475520
SLIM_PROGRESS runs=1410400256/1859825862 resolve_wall=439.131 lce_wall=6090.546 write_wall=11.131 lf_steps=0 cache_hits=0
SLIM_PHASE query-chunks wall=4.990 cumulative=6788.759 peak_rss_kib=66482608
SLIM_PROGRESS runs=1411448832/1859825862 resolve_wall=439.445 lce_wall=6095.167 write_wall=11.141 lf_steps=0 cache_hits=0
SLIM_PHASE query-chunks wall=4.946 cumulative=6793.704 peak_rss_kib=66492880
SLIM_PROGRESS runs=1412497408/1859825862 resolve_wall=439.804 lce_wall=6099.762 write_wall=11.150 lf_steps=0 cache_hits=0
SLIM_PHASE query-chunks wall=4.963 cumulative=6798.667 peak_rss_kib=66497584
SLIM_PROGRESS runs=1413545984/1859825862 resolve_wall=440.136 lce_wall=6104.415 write_wall=11.164 lf_steps=0 cache_hits=0
SLIM_PHASE query-chunks wall=5.000 cumulative=6803.667 peak_rss_kib=66508184
SLIM_PROGRESS runs=1414594560/1859825862 resolve_wall=440.532 lce_wall=6108.958 write_wall=11.173 lf_steps=0 cache_hits=0
SLIM_PHASE query-chunks wall=4.949 cumulative=6808.616 peak_rss_kib=66514884
SLIM_PROGRESS runs=1415643136/1859825862 resolve_wall=440.884 lce_wall=6113.232 write_wall=11.182 lf_steps=0 cache_hits=0
SLIM_PHASE query-chunks wall=4.634 cumulative=6813.250 peak_rss_kib=66528300
SLIM_PROGRESS runs=1416691712/1859825862 resolve_wall=441.211 lce_wall=6117.648 write_wall=11.191 lf_steps=0 cache_hits=0
SLIM_PHASE query-chunks wall=4.752 cumulative=6818.002 peak_rss_kib=66535628
SLIM_PROGRESS runs=1417740288/1859825862 resolve_wall=441.542 lce_wall=6122.386 write_wall=11.201 lf_steps=0 cache_hits=0
SLIM_PHASE query-chunks wall=5.080 cumulative=6823.082 peak_rss_kib=66540716
SLIM_PROGRESS runs=1418788864/1859825862 resolve_wall=441.916 lce_wall=6126.981 write_wall=11.210 lf_steps=0 cache_hits=0
SLIM_PHASE query-chunks wall=4.978 cumulative=6828.060 peak_rss_kib=66540716
SLIM_PROGRESS runs=1419837440/1859825862 resolve_wall=442.222 lce_wall=6131.730 write_wall=11.220 lf_steps=0 cache_hits=0
SLIM_PHASE query-chunks wall=5.065 cumulative=6833.125 peak_rss_kib=66540716
SLIM_PROGRESS runs=1420886016/1859825862 resolve_wall=442.636 lce_wall=6136.256 write_wall=11.232 lf_steps=0 cache_hits=0
SLIM_PHASE query-chunks wall=4.952 cumulative=6838.077 peak_rss_kib=66540716
SLIM_PROGRESS runs=1421934592/1859825862 resolve_wall=443.033 lce_wall=6140.942 write_wall=11.246 lf_steps=0 cache_hits=0
SLIM_PHASE query-chunks wall=5.098 cumulative=6843.175 peak_rss_kib=66540716
SLIM_PROGRESS runs=1422983168/1859825862 resolve_wall=443.405 lce_wall=6145.598 write_wall=11.255 lf_steps=0 cache_hits=0
SLIM_PHASE query-chunks wall=5.036 cumulative=6848.211 peak_rss_kib=66540716
SLIM_PROGRESS runs=1424031744/1859825862 resolve_wall=443.748 lce_wall=6150.054 write_wall=11.265 lf_steps=0 cache_hits=0
SLIM_PHASE query-chunks wall=4.810 cumulative=6853.021 peak_rss_kib=66540716
SLIM_PROGRESS runs=1425080320/1859825862 resolve_wall=444.154 lce_wall=6154.475 write_wall=11.275 lf_steps=0 cache_hits=0
SLIM_PHASE query-chunks wall=4.836 cumulative=6857.857 peak_rss_kib=66540716
SLIM_PROGRESS runs=1426128896/1859825862 resolve_wall=444.458 lce_wall=6159.015 write_wall=11.285 lf_steps=0 cache_hits=0
SLIM_PHASE query-chunks wall=4.855 cumulative=6862.712 peak_rss_kib=66540716
SLIM_PROGRESS runs=1427177472/1859825862 resolve_wall=444.883 lce_wall=6163.483 write_wall=11.294 lf_steps=0 cache_hits=0
SLIM_PHASE query-chunks wall=4.903 cumulative=6867.615 peak_rss_kib=66540716
SLIM_PROGRESS runs=1428226048/1859825862 resolve_wall=445.271 lce_wall=6167.847 write_wall=11.303 lf_steps=0 cache_hits=0
SLIM_PHASE query-chunks wall=4.761 cumulative=6872.376 peak_rss_kib=66540716
SLIM_PROGRESS runs=1429274624/1859825862 resolve_wall=445.663 lce_wall=6172.245 write_wall=11.313 lf_steps=0 cache_hits=0
SLIM_PHASE query-chunks wall=4.800 cumulative=6877.176 peak_rss_kib=66540716
SLIM_PROGRESS runs=1430323200/1859825862 resolve_wall=446.030 lce_wall=6176.699 write_wall=11.321 lf_steps=0 cache_hits=0
SLIM_PHASE query-chunks wall=4.829 cumulative=6882.005 peak_rss_kib=66540716
SLIM_PROGRESS runs=1431371776/1859825862 resolve_wall=446.415 lce_wall=6181.108 write_wall=11.330 lf_steps=0 cache_hits=0
SLIM_PHASE query-chunks wall=4.804 cumulative=6886.809 peak_rss_kib=66540716
SLIM_PROGRESS runs=1432420352/1859825862 resolve_wall=446.796 lce_wall=6185.766 write_wall=11.339 lf_steps=0 cache_hits=0
SLIM_PHASE query-chunks wall=5.047 cumulative=6891.856 peak_rss_kib=66540716
SLIM_PROGRESS runs=1433468928/1859825862 resolve_wall=447.115 lce_wall=6190.506 write_wall=11.348 lf_steps=0 cache_hits=0
SLIM_PHASE query-chunks wall=5.069 cumulative=6896.925 peak_rss_kib=66540716
SLIM_PROGRESS runs=1434517504/1859825862 resolve_wall=447.455 lce_wall=6195.031 write_wall=11.358 lf_steps=0 cache_hits=0
SLIM_PHASE query-chunks wall=4.874 cumulative=6901.799 peak_rss_kib=66540716
SLIM_PROGRESS runs=1435566080/1859825862 resolve_wall=447.807 lce_wall=6199.441 write_wall=11.367 lf_steps=0 cache_hits=0
SLIM_PHASE query-chunks wall=4.771 cumulative=6906.571 peak_rss_kib=66540716
SLIM_PROGRESS runs=1436614656/1859825862 resolve_wall=448.183 lce_wall=6204.058 write_wall=11.376 lf_steps=0 cache_hits=0
SLIM_PHASE query-chunks wall=5.002 cumulative=6911.573 peak_rss_kib=66540716
SLIM_PROGRESS runs=1437663232/1859825862 resolve_wall=448.575 lce_wall=6208.610 write_wall=11.384 lf_steps=0 cache_hits=0
SLIM_PHASE query-chunks wall=4.952 cumulative=6916.525 peak_rss_kib=66540716
SLIM_PROGRESS runs=1438711808/1859825862 resolve_wall=448.963 lce_wall=6213.043 write_wall=11.394 lf_steps=0 cache_hits=0
SLIM_PHASE query-chunks wall=4.831 cumulative=6921.356 peak_rss_kib=66540716
SLIM_PROGRESS runs=1439760384/1859825862 resolve_wall=449.399 lce_wall=6217.474 write_wall=11.403 lf_steps=0 cache_hits=0
SLIM_PHASE query-chunks wall=4.877 cumulative=6926.233 peak_rss_kib=66540716
SLIM_PROGRESS runs=1440808960/1859825862 resolve_wall=449.821 lce_wall=6222.032 write_wall=11.413 lf_steps=0 cache_hits=0
SLIM_PHASE query-chunks wall=4.990 cumulative=6931.222 peak_rss_kib=66540716
SLIM_PROGRESS runs=1441857536/1859825862 resolve_wall=450.226 lce_wall=6226.563 write_wall=11.422 lf_steps=0 cache_hits=0
SLIM_PHASE query-chunks wall=4.946 cumulative=6936.168 peak_rss_kib=66540716
SLIM_PROGRESS runs=1442906112/1859825862 resolve_wall=450.602 lce_wall=6231.026 write_wall=11.431 lf_steps=0 cache_hits=0
SLIM_PHASE query-chunks wall=4.848 cumulative=6941.016 peak_rss_kib=66540716
SLIM_PROGRESS runs=1443954688/1859825862 resolve_wall=451.001 lce_wall=6235.587 write_wall=11.441 lf_steps=0 cache_hits=0
SLIM_PHASE query-chunks wall=4.970 cumulative=6945.986 peak_rss_kib=66540716
SLIM_PROGRESS runs=1445003264/1859825862 resolve_wall=451.376 lce_wall=6240.064 write_wall=11.451 lf_steps=0 cache_hits=0
SLIM_PHASE query-chunks wall=4.862 cumulative=6950.848 peak_rss_kib=66540716
SLIM_PROGRESS runs=1446051840/1859825862 resolve_wall=451.698 lce_wall=6244.533 write_wall=11.460 lf_steps=0 cache_hits=0
SLIM_PHASE query-chunks wall=4.801 cumulative=6955.649 peak_rss_kib=66540716
SLIM_PROGRESS runs=1447100416/1859825862 resolve_wall=452.040 lce_wall=6249.049 write_wall=11.470 lf_steps=0 cache_hits=0
SLIM_PHASE query-chunks wall=4.868 cumulative=6960.517 peak_rss_kib=66540716
SLIM_PROGRESS runs=1448148992/1859825862 resolve_wall=452.372 lce_wall=6253.451 write_wall=11.480 lf_steps=0 cache_hits=0
SLIM_PHASE query-chunks wall=4.744 cumulative=6965.260 peak_rss_kib=66540716
SLIM_PROGRESS runs=1449197568/1859825862 resolve_wall=452.750 lce_wall=6257.990 write_wall=11.490 lf_steps=0 cache_hits=0
SLIM_PHASE query-chunks wall=4.927 cumulative=6970.187 peak_rss_kib=66540716
SLIM_PROGRESS runs=1450246144/1859825862 resolve_wall=453.119 lce_wall=6262.420 write_wall=11.499 lf_steps=0 cache_hits=0
SLIM_PHASE query-chunks wall=4.808 cumulative=6974.996 peak_rss_kib=66540716
SLIM_PROGRESS runs=1451294720/1859825862 resolve_wall=453.511 lce_wall=6266.914 write_wall=11.508 lf_steps=0 cache_hits=0
SLIM_PHASE query-chunks wall=4.896 cumulative=6979.891 peak_rss_kib=66540716
SLIM_PROGRESS runs=1452343296/1859825862 resolve_wall=453.877 lce_wall=6271.327 write_wall=11.517 lf_steps=0 cache_hits=0
SLIM_PHASE query-chunks wall=4.787 cumulative=6984.678 peak_rss_kib=66540716
SLIM_PROGRESS runs=1453391872/1859825862 resolve_wall=454.243 lce_wall=6275.815 write_wall=11.525 lf_steps=0 cache_hits=0
SLIM_PHASE query-chunks wall=4.863 cumulative=6989.541 peak_rss_kib=66540716
SLIM_PROGRESS runs=1454440448/1859825862 resolve_wall=454.644 lce_wall=6280.179 write_wall=11.533 lf_steps=0 cache_hits=0
SLIM_PHASE query-chunks wall=4.774 cumulative=6994.315 peak_rss_kib=66540716
SLIM_PROGRESS runs=1455489024/1859825862 resolve_wall=455.037 lce_wall=6284.599 write_wall=11.541 lf_steps=0 cache_hits=0
SLIM_PHASE query-chunks wall=4.821 cumulative=6999.137 peak_rss_kib=66546180
SLIM_PROGRESS runs=1456537600/1859825862 resolve_wall=455.442 lce_wall=6288.985 write_wall=11.550 lf_steps=0 cache_hits=0
SLIM_PHASE query-chunks wall=4.799 cumulative=7003.935 peak_rss_kib=66567172
SLIM_PROGRESS runs=1457586176/1859825862 resolve_wall=455.794 lce_wall=6293.563 write_wall=11.560 lf_steps=0 cache_hits=0
SLIM_PHASE query-chunks wall=4.942 cumulative=7008.877 peak_rss_kib=66571876
SLIM_PROGRESS runs=1458634752/1859825862 resolve_wall=456.192 lce_wall=6297.910 write_wall=11.570 lf_steps=0 cache_hits=0
SLIM_PHASE query-chunks wall=4.754 cumulative=7013.631 peak_rss_kib=66582724
SLIM_PROGRESS runs=1459683328/1859825862 resolve_wall=456.504 lce_wall=6302.362 write_wall=11.578 lf_steps=0 cache_hits=0
SLIM_PHASE query-chunks wall=4.772 cumulative=7018.403 peak_rss_kib=66587524
SLIM_PROGRESS runs=1460731904/1859825862 resolve_wall=456.817 lce_wall=6306.934 write_wall=11.587 lf_steps=0 cache_hits=0
SLIM_PHASE query-chunks wall=4.895 cumulative=7023.299 peak_rss_kib=66601928
SLIM_PROGRESS runs=1461780480/1859825862 resolve_wall=457.166 lce_wall=6311.329 write_wall=11.595 lf_steps=0 cache_hits=0
SLIM_PHASE query-chunks wall=4.750 cumulative=7028.049 peak_rss_kib=66612584
SLIM_PROGRESS runs=1462829056/1859825862 resolve_wall=457.545 lce_wall=6315.741 write_wall=11.603 lf_steps=0 cache_hits=0
SLIM_PHASE query-chunks wall=4.800 cumulative=7032.850 peak_rss_kib=66627412
SLIM_PROGRESS runs=1463877632/1859825862 resolve_wall=457.912 lce_wall=6320.175 write_wall=11.611 lf_steps=0 cache_hits=0
SLIM_PHASE query-chunks wall=4.809 cumulative=7037.658 peak_rss_kib=66637972
SLIM_PROGRESS runs=1464926208/1859825862 resolve_wall=458.281 lce_wall=6324.576 write_wall=11.621 lf_steps=0 cache_hits=0
SLIM_PHASE query-chunks wall=4.779 cumulative=7042.438 peak_rss_kib=66646916
SLIM_PROGRESS runs=1465974784/1859825862 resolve_wall=458.662 lce_wall=6328.972 write_wall=11.629 lf_steps=0 cache_hits=0
SLIM_PHASE query-chunks wall=4.786 cumulative=7047.223 peak_rss_kib=66667776
SLIM_PROGRESS runs=1467023360/1859825862 resolve_wall=459.088 lce_wall=6333.437 write_wall=11.637 lf_steps=0 cache_hits=0
SLIM_PHASE query-chunks wall=4.900 cumulative=7052.124 peak_rss_kib=66673384
SLIM_PROGRESS runs=1468071936/1859825862 resolve_wall=459.494 lce_wall=6337.837 write_wall=11.647 lf_steps=0 cache_hits=0
SLIM_PHASE query-chunks wall=4.815 cumulative=7056.939 peak_rss_kib=66676564
SLIM_PROGRESS runs=1469120512/1859825862 resolve_wall=459.866 lce_wall=6342.238 write_wall=11.657 lf_steps=0 cache_hits=0
SLIM_PHASE query-chunks wall=4.783 cumulative=7061.721 peak_rss_kib=66687124
SLIM_PROGRESS runs=1470169088/1859825862 resolve_wall=460.205 lce_wall=6346.674 write_wall=11.665 lf_steps=0 cache_hits=0
SLIM_PHASE query-chunks wall=4.784 cumulative=7066.505 peak_rss_kib=66700432
SLIM_PROGRESS runs=1471217664/1859825862 resolve_wall=460.619 lce_wall=6351.056 write_wall=11.673 lf_steps=0 cache_hits=0
SLIM_PHASE query-chunks wall=4.804 cumulative=7071.310 peak_rss_kib=66714840
SLIM_PROGRESS runs=1472266240/1859825862 resolve_wall=461.013 lce_wall=6355.410 write_wall=11.681 lf_steps=0 cache_hits=0
SLIM_PHASE query-chunks wall=4.756 cumulative=7076.065 peak_rss_kib=66735928
SLIM_PROGRESS runs=1473314816/1859825862 resolve_wall=461.353 lce_wall=6360.072 write_wall=11.690 lf_steps=0 cache_hits=0
SLIM_PHASE query-chunks wall=5.011 cumulative=7081.076 peak_rss_kib=66748632
SLIM_PROGRESS runs=1474363392/1859825862 resolve_wall=461.632 lce_wall=6364.560 write_wall=11.698 lf_steps=0 cache_hits=0
SLIM_PHASE query-chunks wall=4.776 cumulative=7085.852 peak_rss_kib=66751960
SLIM_PROGRESS runs=1475411968/1859825862 resolve_wall=461.946 lce_wall=6369.039 write_wall=11.707 lf_steps=0 cache_hits=0
SLIM_PHASE query-chunks wall=4.802 cumulative=7090.654 peak_rss_kib=66764232
SLIM_PROGRESS runs=1476460544/1859825862 resolve_wall=462.236 lce_wall=6373.628 write_wall=11.716 lf_steps=0 cache_hits=0
SLIM_PHASE query-chunks wall=4.889 cumulative=7095.543 peak_rss_kib=66778840
SLIM_PROGRESS runs=1477509120/1859825862 resolve_wall=462.489 lce_wall=6378.134 write_wall=11.725 lf_steps=0 cache_hits=0
SLIM_PHASE query-chunks wall=4.768 cumulative=7100.311 peak_rss_kib=66789784
SLIM_PROGRESS runs=1478557696/1859825862 resolve_wall=462.753 lce_wall=6382.572 write_wall=11.734 lf_steps=0 cache_hits=0
SLIM_PHASE query-chunks wall=4.711 cumulative=7105.021 peak_rss_kib=66806488
SLIM_PROGRESS runs=1479606272/1859825862 resolve_wall=463.018 lce_wall=6386.957 write_wall=11.742 lf_steps=0 cache_hits=0
SLIM_PHASE query-chunks wall=4.659 cumulative=7109.680 peak_rss_kib=66815192
SLIM_PROGRESS runs=1480654848/1859825862 resolve_wall=463.287 lce_wall=6391.488 write_wall=11.751 lf_steps=0 cache_hits=0
SLIM_PHASE query-chunks wall=4.809 cumulative=7114.489 peak_rss_kib=66823896
SLIM_PROGRESS runs=1481703424/1859825862 resolve_wall=463.559 lce_wall=6395.944 write_wall=11.761 lf_steps=0 cache_hits=0
SLIM_PHASE query-chunks wall=4.738 cumulative=7119.227 peak_rss_kib=66828504
SLIM_PROGRESS runs=1482752000/1859825862 resolve_wall=463.834 lce_wall=6400.349 write_wall=11.769 lf_steps=0 cache_hits=0
SLIM_PHASE query-chunks wall=4.688 cumulative=7123.915 peak_rss_kib=66839352
SLIM_PROGRESS runs=1483800576/1859825862 resolve_wall=464.084 lce_wall=6404.858 write_wall=11.779 lf_steps=0 cache_hits=0
SLIM_PHASE query-chunks wall=4.769 cumulative=7128.685 peak_rss_kib=66852344
SLIM_PROGRESS runs=1484849152/1859825862 resolve_wall=464.329 lce_wall=6409.267 write_wall=11.789 lf_steps=0 cache_hits=0
SLIM_PHASE query-chunks wall=4.664 cumulative=7133.348 peak_rss_kib=66860672
SLIM_PROGRESS runs=1485897728/1859825862 resolve_wall=464.591 lce_wall=6413.690 write_wall=11.798 lf_steps=0 cache_hits=0
SLIM_PHASE query-chunks wall=4.695 cumulative=7138.043 peak_rss_kib=66863904
SLIM_PROGRESS runs=1486946304/1859825862 resolve_wall=464.859 lce_wall=6418.091 write_wall=11.807 lf_steps=0 cache_hits=0
SLIM_PHASE query-chunks wall=4.678 cumulative=7142.721 peak_rss_kib=66867744
SLIM_PROGRESS runs=1487994880/1859825862 resolve_wall=465.141 lce_wall=6422.563 write_wall=11.816 lf_steps=0 cache_hits=0
SLIM_PHASE query-chunks wall=4.763 cumulative=7147.484 peak_rss_kib=66876544
SLIM_PROGRESS runs=1489043456/1859825862 resolve_wall=465.401 lce_wall=6426.835 write_wall=11.825 lf_steps=0 cache_hits=0
SLIM_PHASE query-chunks wall=4.541 cumulative=7152.025 peak_rss_kib=66881056
SLIM_PROGRESS runs=1490092032/1859825862 resolve_wall=465.661 lce_wall=6431.357 write_wall=11.833 lf_steps=0 cache_hits=0
SLIM_PHASE query-chunks wall=4.790 cumulative=7156.815 peak_rss_kib=66892000
SLIM_PROGRESS runs=1491140608/1859825862 resolve_wall=465.922 lce_wall=6435.805 write_wall=11.840 lf_steps=0 cache_hits=0
SLIM_PHASE query-chunks wall=4.718 cumulative=7161.533 peak_rss_kib=66904568
SLIM_PROGRESS runs=1492189184/1859825862 resolve_wall=466.178 lce_wall=6440.339 write_wall=11.847 lf_steps=0 cache_hits=0
SLIM_PHASE query-chunks wall=4.796 cumulative=7166.328 peak_rss_kib=66919320
SLIM_PROGRESS runs=1493237760/1859825862 resolve_wall=466.450 lce_wall=6444.850 write_wall=11.854 lf_steps=0 cache_hits=0
SLIM_PHASE query-chunks wall=4.791 cumulative=7171.119 peak_rss_kib=66927928
SLIM_PROGRESS runs=1494286336/1859825862 resolve_wall=466.719 lce_wall=6449.283 write_wall=11.861 lf_steps=0 cache_hits=0
SLIM_PHASE query-chunks wall=4.709 cumulative=7175.828 peak_rss_kib=66938656
SLIM_PROGRESS runs=1495334912/1859825862 resolve_wall=466.970 lce_wall=6453.781 write_wall=11.869 lf_steps=0 cache_hits=0
SLIM_PHASE query-chunks wall=4.756 cumulative=7180.585 peak_rss_kib=66943360
SLIM_PROGRESS runs=1496383488/1859825862 resolve_wall=467.226 lce_wall=6458.219 write_wall=11.876 lf_steps=0 cache_hits=0
SLIM_PHASE query-chunks wall=4.701 cumulative=7185.286 peak_rss_kib=66956256
SLIM_PROGRESS runs=1497432064/1859825862 resolve_wall=467.526 lce_wall=6462.662 write_wall=11.883 lf_steps=0 cache_hits=0
SLIM_PHASE query-chunks wall=4.751 cumulative=7190.036 peak_rss_kib=66970816
SLIM_PROGRESS runs=1498480640/1859825862 resolve_wall=467.843 lce_wall=6467.162 write_wall=11.890 lf_steps=0 cache_hits=0
SLIM_PHASE query-chunks wall=4.825 cumulative=7194.861 peak_rss_kib=66987712
SLIM_PROGRESS runs=1499529216/1859825862 resolve_wall=468.160 lce_wall=6471.638 write_wall=11.897 lf_steps=0 cache_hits=0
SLIM_PHASE query-chunks wall=4.800 cumulative=7199.661 peak_rss_kib=67004608
SLIM_PROGRESS runs=1500577792/1859825862 resolve_wall=468.496 lce_wall=6476.122 write_wall=11.904 lf_steps=0 cache_hits=0
SLIM_PHASE query-chunks wall=4.828 cumulative=7204.489 peak_rss_kib=67015360
SLIM_PROGRESS runs=1501626368/1859825862 resolve_wall=468.824 lce_wall=6480.716 write_wall=11.911 lf_steps=0 cache_hits=0
SLIM_PHASE query-chunks wall=4.929 cumulative=7209.418 peak_rss_kib=67030368
SLIM_PROGRESS runs=1502674944/1859825862 resolve_wall=469.164 lce_wall=6485.087 write_wall=11.919 lf_steps=0 cache_hits=0
SLIM_PHASE query-chunks wall=4.719 cumulative=7214.136 peak_rss_kib=67047264
SLIM_PROGRESS runs=1503723520/1859825862 resolve_wall=469.483 lce_wall=6489.830 write_wall=11.926 lf_steps=0 cache_hits=0
SLIM_PHASE query-chunks wall=5.069 cumulative=7219.206 peak_rss_kib=67060068
SLIM_PROGRESS runs=1504772096/1859825862 resolve_wall=469.798 lce_wall=6494.375 write_wall=11.933 lf_steps=0 cache_hits=0
SLIM_PHASE query-chunks wall=4.867 cumulative=7224.072 peak_rss_kib=67077280
SLIM_PROGRESS runs=1505820672/1859825862 resolve_wall=470.088 lce_wall=6498.834 write_wall=11.940 lf_steps=0 cache_hits=0
SLIM_PHASE query-chunks wall=4.756 cumulative=7228.828 peak_rss_kib=67093960
SLIM_PROGRESS runs=1506869248/1859825862 resolve_wall=470.341 lce_wall=6503.404 write_wall=11.947 lf_steps=0 cache_hits=0
SLIM_PHASE query-chunks wall=4.832 cumulative=7233.660 peak_rss_kib=67100424
SLIM_PROGRESS runs=1507917824/1859825862 resolve_wall=470.623 lce_wall=6508.116 write_wall=11.954 lf_steps=0 cache_hits=0
SLIM_PHASE query-chunks wall=5.000 cumulative=7238.660 peak_rss_kib=67123656
SLIM_PROGRESS runs=1508966400/1859825862 resolve_wall=470.927 lce_wall=6512.835 write_wall=11.962 lf_steps=0 cache_hits=0
SLIM_PHASE query-chunks wall=5.031 cumulative=7243.691 peak_rss_kib=67132592
SLIM_PROGRESS runs=1510014976/1859825862 resolve_wall=471.212 lce_wall=6517.739 write_wall=11.969 lf_steps=0 cache_hits=0
SLIM_PHASE query-chunks wall=5.197 cumulative=7248.888 peak_rss_kib=67149584
SLIM_PROGRESS runs=1511063552/1859825862 resolve_wall=471.459 lce_wall=6522.438 write_wall=11.976 lf_steps=0 cache_hits=0
SLIM_PHASE query-chunks wall=4.953 cumulative=7253.841 peak_rss_kib=67149948
SLIM_PROGRESS runs=1512112128/1859825862 resolve_wall=471.717 lce_wall=6526.868 write_wall=11.984 lf_steps=0 cache_hits=0
SLIM_PHASE query-chunks wall=4.696 cumulative=7258.537 peak_rss_kib=67152988
SLIM_PROGRESS runs=1513160704/1859825862 resolve_wall=471.976 lce_wall=6531.405 write_wall=11.991 lf_steps=0 cache_hits=0
SLIM_PHASE query-chunks wall=4.804 cumulative=7263.341 peak_rss_kib=67165212
SLIM_PROGRESS runs=1514209280/1859825862 resolve_wall=472.240 lce_wall=6535.907 write_wall=11.998 lf_steps=0 cache_hits=0
SLIM_PHASE query-chunks wall=4.772 cumulative=7268.113 peak_rss_kib=67171868
SLIM_PROGRESS runs=1515257856/1859825862 resolve_wall=472.511 lce_wall=6540.466 write_wall=12.005 lf_steps=0 cache_hits=0
SLIM_PHASE query-chunks wall=4.838 cumulative=7272.951 peak_rss_kib=67184668
SLIM_PROGRESS runs=1516306432/1859825862 resolve_wall=472.782 lce_wall=6545.038 write_wall=12.013 lf_steps=0 cache_hits=0
SLIM_PHASE query-chunks wall=4.850 cumulative=7277.801 peak_rss_kib=67191324
SLIM_PROGRESS runs=1517355008/1859825862 resolve_wall=473.053 lce_wall=6549.660 write_wall=12.020 lf_steps=0 cache_hits=0
SLIM_PHASE query-chunks wall=4.901 cumulative=7282.703 peak_rss_kib=67200716
SLIM_PROGRESS runs=1518403584/1859825862 resolve_wall=473.325 lce_wall=6554.087 write_wall=12.027 lf_steps=0 cache_hits=0
SLIM_PHASE query-chunks wall=4.706 cumulative=7287.408 peak_rss_kib=67211468
SLIM_PROGRESS runs=1519452160/1859825862 resolve_wall=473.614 lce_wall=6558.558 write_wall=12.034 lf_steps=0 cache_hits=0
SLIM_PHASE query-chunks wall=4.767 cumulative=7292.176 peak_rss_kib=67215228
SLIM_PROGRESS runs=1520500736/1859825862 resolve_wall=473.895 lce_wall=6563.056 write_wall=12.042 lf_steps=0 cache_hits=0
SLIM_PHASE query-chunks wall=4.787 cumulative=7296.963 peak_rss_kib=67225464
SLIM_PROGRESS runs=1521549312/1859825862 resolve_wall=474.175 lce_wall=6567.548 write_wall=12.051 lf_steps=0 cache_hits=0
SLIM_PHASE query-chunks wall=4.782 cumulative=7301.744 peak_rss_kib=67226056
SLIM_PROGRESS runs=1522597888/1859825862 resolve_wall=474.460 lce_wall=6572.143 write_wall=12.061 lf_steps=0 cache_hits=0
SLIM_PHASE query-chunks wall=4.890 cumulative=7306.635 peak_rss_kib=67232424
SLIM_PROGRESS runs=1523646464/1859825862 resolve_wall=474.729 lce_wall=6576.606 write_wall=12.070 lf_steps=0 cache_hits=0
SLIM_PHASE query-chunks wall=4.741 cumulative=7311.375 peak_rss_kib=67240936
SLIM_PROGRESS runs=1524695040/1859825862 resolve_wall=474.980 lce_wall=6580.992 write_wall=12.079 lf_steps=0 cache_hits=0
SLIM_PHASE query-chunks wall=4.647 cumulative=7316.022 peak_rss_kib=67255688
SLIM_PROGRESS runs=1525743616/1859825862 resolve_wall=475.254 lce_wall=6585.377 write_wall=12.088 lf_steps=0 cache_hits=0
SLIM_PHASE query-chunks wall=4.668 cumulative=7320.690 peak_rss_kib=67262344
SLIM_PROGRESS runs=1526792192/1859825862 resolve_wall=475.545 lce_wall=6589.820 write_wall=12.096 lf_steps=0 cache_hits=0
SLIM_PHASE query-chunks wall=4.742 cumulative=7325.433 peak_rss_kib=67271856
SLIM_PROGRESS runs=1527840768/1859825862 resolve_wall=475.825 lce_wall=6594.236 write_wall=12.107 lf_steps=0 cache_hits=0
SLIM_PHASE query-chunks wall=4.706 cumulative=7330.138 peak_rss_kib=67280272
SLIM_PROGRESS runs=1528889344/1859825862 resolve_wall=476.099 lce_wall=6598.692 write_wall=12.116 lf_steps=0 cache_hits=0
SLIM_PHASE query-chunks wall=4.740 cumulative=7334.878 peak_rss_kib=67285072
SLIM_PROGRESS runs=1529937920/1859825862 resolve_wall=476.379 lce_wall=6603.219 write_wall=12.124 lf_steps=0 cache_hits=0
SLIM_PHASE query-chunks wall=4.816 cumulative=7339.694 peak_rss_kib=67293872
SLIM_PROGRESS runs=1530986496/1859825862 resolve_wall=476.660 lce_wall=6607.626 write_wall=12.133 lf_steps=0 cache_hits=0
SLIM_PHASE query-chunks wall=4.697 cumulative=7344.391 peak_rss_kib=67298720
SLIM_PROGRESS runs=1532035072/1859825862 resolve_wall=476.941 lce_wall=6612.061 write_wall=12.142 lf_steps=0 cache_hits=0
SLIM_PHASE query-chunks wall=4.725 cumulative=7349.116 peak_rss_kib=67309616
SLIM_PROGRESS runs=1533083648/1859825862 resolve_wall=477.217 lce_wall=6616.663 write_wall=12.157 lf_steps=0 cache_hits=0
SLIM_PHASE query-chunks wall=4.893 cumulative=7354.009 peak_rss_kib=67312584
SLIM_PROGRESS runs=1534132224/1859825862 resolve_wall=477.491 lce_wall=6621.190 write_wall=12.166 lf_steps=0 cache_hits=0
SLIM_PHASE query-chunks wall=4.811 cumulative=7358.819 peak_rss_kib=67312584
SLIM_PROGRESS runs=1535180800/1859825862 resolve_wall=477.761 lce_wall=6625.701 write_wall=12.176 lf_steps=0 cache_hits=0
SLIM_PHASE query-chunks wall=4.790 cumulative=7363.609 peak_rss_kib=67312584
SLIM_PROGRESS runs=1536229376/1859825862 resolve_wall=478.021 lce_wall=6630.081 write_wall=12.184 lf_steps=0 cache_hits=0
SLIM_PHASE query-chunks wall=4.650 cumulative=7368.259 peak_rss_kib=67312584
SLIM_PROGRESS runs=1537277952/1859825862 resolve_wall=478.283 lce_wall=6634.654 write_wall=12.192 lf_steps=0 cache_hits=0
SLIM_PHASE query-chunks wall=4.842 cumulative=7373.101 peak_rss_kib=67312584
SLIM_PROGRESS runs=1538326528/1859825862 resolve_wall=478.562 lce_wall=6639.100 write_wall=12.199 lf_steps=0 cache_hits=0
SLIM_PHASE query-chunks wall=4.732 cumulative=7377.833 peak_rss_kib=67312584
SLIM_PROGRESS runs=1539375104/1859825862 resolve_wall=478.834 lce_wall=6643.562 write_wall=12.206 lf_steps=0 cache_hits=0
SLIM_PHASE query-chunks wall=4.741 cumulative=7382.575 peak_rss_kib=67312584
SLIM_PROGRESS runs=1540423680/1859825862 resolve_wall=479.114 lce_wall=6648.088 write_wall=12.213 lf_steps=0 cache_hits=0
SLIM_PHASE query-chunks wall=4.813 cumulative=7387.388 peak_rss_kib=67312584
SLIM_PROGRESS runs=1541472256/1859825862 resolve_wall=479.373 lce_wall=6652.494 write_wall=12.220 lf_steps=0 cache_hits=0
SLIM_PHASE query-chunks wall=4.673 cumulative=7392.061 peak_rss_kib=67312584
SLIM_PROGRESS runs=1542520832/1859825862 resolve_wall=479.644 lce_wall=6656.963 write_wall=12.228 lf_steps=0 cache_hits=0
SLIM_PHASE query-chunks wall=4.748 cumulative=7396.809 peak_rss_kib=67312584
SLIM_PROGRESS runs=1543569408/1859825862 resolve_wall=479.912 lce_wall=6661.441 write_wall=12.235 lf_steps=0 cache_hits=0
SLIM_PHASE query-chunks wall=4.753 cumulative=7401.562 peak_rss_kib=67312584
SLIM_PROGRESS runs=1544617984/1859825862 resolve_wall=480.153 lce_wall=6666.078 write_wall=12.243 lf_steps=0 cache_hits=0
SLIM_PHASE query-chunks wall=4.886 cumulative=7406.447 peak_rss_kib=67312584
SLIM_PROGRESS runs=1545666560/1859825862 resolve_wall=480.433 lce_wall=6670.553 write_wall=12.250 lf_steps=0 cache_hits=0
SLIM_PHASE query-chunks wall=4.762 cumulative=7411.209 peak_rss_kib=67312584
SLIM_PROGRESS runs=1546715136/1859825862 resolve_wall=480.720 lce_wall=6675.033 write_wall=12.257 lf_steps=0 cache_hits=0
SLIM_PHASE query-chunks wall=4.775 cumulative=7415.984 peak_rss_kib=67312584
SLIM_PROGRESS runs=1547763712/1859825862 resolve_wall=481.004 lce_wall=6679.536 write_wall=12.264 lf_steps=0 cache_hits=0
SLIM_PHASE query-chunks wall=4.795 cumulative=7420.779 peak_rss_kib=67312584
SLIM_PROGRESS runs=1548812288/1859825862 resolve_wall=481.275 lce_wall=6684.109 write_wall=12.272 lf_steps=0 cache_hits=0
SLIM_PHASE query-chunks wall=4.851 cumulative=7425.631 peak_rss_kib=67312584
SLIM_PROGRESS runs=1549860864/1859825862 resolve_wall=481.534 lce_wall=6688.562 write_wall=12.279 lf_steps=0 cache_hits=0
SLIM_PHASE query-chunks wall=4.719 cumulative=7430.350 peak_rss_kib=67312584
SLIM_PROGRESS runs=1550909440/1859825862 resolve_wall=481.810 lce_wall=6692.927 write_wall=12.287 lf_steps=0 cache_hits=0
SLIM_PHASE query-chunks wall=4.649 cumulative=7434.999 peak_rss_kib=67312584
SLIM_PROGRESS runs=1551958016/1859825862 resolve_wall=482.079 lce_wall=6697.266 write_wall=12.294 lf_steps=0 cache_hits=0
SLIM_PHASE query-chunks wall=4.616 cumulative=7439.615 peak_rss_kib=67312584
SLIM_PROGRESS runs=1553006592/1859825862 resolve_wall=482.384 lce_wall=6701.829 write_wall=12.302 lf_steps=0 cache_hits=0
SLIM_PHASE query-chunks wall=4.876 cumulative=7444.491 peak_rss_kib=67312584
SLIM_PROGRESS runs=1554055168/1859825862 resolve_wall=482.701 lce_wall=6706.373 write_wall=12.310 lf_steps=0 cache_hits=0
SLIM_PHASE query-chunks wall=4.868 cumulative=7449.359 peak_rss_kib=67312584
SLIM_PROGRESS runs=1555103744/1859825862 resolve_wall=482.991 lce_wall=6711.328 write_wall=12.317 lf_steps=0 cache_hits=0
SLIM_PHASE query-chunks wall=5.253 cumulative=7454.612 peak_rss_kib=67312584
SLIM_PROGRESS runs=1556152320/1859825862 resolve_wall=483.261 lce_wall=6716.243 write_wall=12.324 lf_steps=0 cache_hits=0
SLIM_PHASE query-chunks wall=5.192 cumulative=7459.804 peak_rss_kib=67312584
SLIM_PROGRESS runs=1557200896/1859825862 resolve_wall=483.540 lce_wall=6720.871 write_wall=12.331 lf_steps=0 cache_hits=0
SLIM_PHASE query-chunks wall=4.915 cumulative=7464.718 peak_rss_kib=67312584
SLIM_PROGRESS runs=1558249472/1859825862 resolve_wall=483.818 lce_wall=6725.266 write_wall=12.338 lf_steps=0 cache_hits=0
SLIM_PHASE query-chunks wall=4.680 cumulative=7469.399 peak_rss_kib=67312584
SLIM_PROGRESS runs=1559298048/1859825862 resolve_wall=484.105 lce_wall=6729.742 write_wall=12.345 lf_steps=0 cache_hits=0
SLIM_PHASE query-chunks wall=4.770 cumulative=7474.169 peak_rss_kib=67312584
SLIM_PROGRESS runs=1560346624/1859825862 resolve_wall=484.370 lce_wall=6734.162 write_wall=12.353 lf_steps=0 cache_hits=0
SLIM_PHASE query-chunks wall=4.693 cumulative=7478.861 peak_rss_kib=67312584
SLIM_PROGRESS runs=1561395200/1859825862 resolve_wall=484.637 lce_wall=6738.586 write_wall=12.360 lf_steps=0 cache_hits=0
SLIM_PHASE query-chunks wall=4.699 cumulative=7483.561 peak_rss_kib=67312584
SLIM_PROGRESS runs=1562443776/1859825862 resolve_wall=484.944 lce_wall=6743.045 write_wall=12.367 lf_steps=0 cache_hits=0
SLIM_PHASE query-chunks wall=4.773 cumulative=7488.334 peak_rss_kib=67312584
SLIM_PROGRESS runs=1563492352/1859825862 resolve_wall=485.278 lce_wall=6747.422 write_wall=12.374 lf_steps=0 cache_hits=0
SLIM_PHASE query-chunks wall=4.718 cumulative=7493.052 peak_rss_kib=67312584
SLIM_PROGRESS runs=1564540928/1859825862 resolve_wall=485.609 lce_wall=6751.878 write_wall=12.382 lf_steps=0 cache_hits=0
SLIM_PHASE query-chunks wall=4.794 cumulative=7497.846 peak_rss_kib=67312584
SLIM_PROGRESS runs=1565589504/1859825862 resolve_wall=485.941 lce_wall=6756.244 write_wall=12.389 lf_steps=0 cache_hits=0
SLIM_PHASE query-chunks wall=4.705 cumulative=7502.551 peak_rss_kib=67331692
SLIM_PROGRESS runs=1566638080/1859825862 resolve_wall=486.260 lce_wall=6760.583 write_wall=12.396 lf_steps=0 cache_hits=0
SLIM_PHASE query-chunks wall=4.666 cumulative=7507.217 peak_rss_kib=67348368
SLIM_PROGRESS runs=1567686656/1859825862 resolve_wall=486.593 lce_wall=6765.046 write_wall=12.403 lf_steps=0 cache_hits=0
SLIM_PHASE query-chunks wall=4.802 cumulative=7512.019 peak_rss_kib=67365408
SLIM_PROGRESS runs=1568735232/1859825862 resolve_wall=486.940 lce_wall=6769.476 write_wall=12.410 lf_steps=0 cache_hits=0
SLIM_PHASE query-chunks wall=4.786 cumulative=7516.805 peak_rss_kib=67388216
SLIM_PROGRESS runs=1569783808/1859825862 resolve_wall=487.262 lce_wall=6773.921 write_wall=12.418 lf_steps=0 cache_hits=0
SLIM_PHASE query-chunks wall=4.773 cumulative=7521.578 peak_rss_kib=67409496
SLIM_PROGRESS runs=1570832384/1859825862 resolve_wall=487.586 lce_wall=6778.412 write_wall=12.425 lf_steps=0 cache_hits=0
SLIM_PHASE query-chunks wall=4.823 cumulative=7526.401 peak_rss_kib=67422008
SLIM_PROGRESS runs=1571880960/1859825862 resolve_wall=487.900 lce_wall=6782.848 write_wall=12.432 lf_steps=0 cache_hits=0
SLIM_PHASE query-chunks wall=4.757 cumulative=7531.158 peak_rss_kib=67438884
SLIM_PROGRESS runs=1572929536/1859825862 resolve_wall=488.247 lce_wall=6787.227 write_wall=12.439 lf_steps=0 cache_hits=0
SLIM_PHASE query-chunks wall=4.734 cumulative=7535.892 peak_rss_kib=67449828
SLIM_PROGRESS runs=1573978112/1859825862 resolve_wall=488.576 lce_wall=6791.601 write_wall=12.446 lf_steps=0 cache_hits=0
SLIM_PHASE query-chunks wall=4.710 cumulative=7540.603 peak_rss_kib=67468436
SLIM_PROGRESS runs=1575026688/1859825862 resolve_wall=488.909 lce_wall=6796.163 write_wall=12.454 lf_steps=0 cache_hits=0
SLIM_PHASE query-chunks wall=4.902 cumulative=7545.505 peak_rss_kib=67487332
SLIM_PROGRESS runs=1576075264/1859825862 resolve_wall=489.226 lce_wall=6800.622 write_wall=12.461 lf_steps=0 cache_hits=0
SLIM_PHASE query-chunks wall=4.783 cumulative=7550.288 peak_rss_kib=67495104
SLIM_PROGRESS runs=1577123840/1859825862 resolve_wall=489.522 lce_wall=6805.207 write_wall=12.468 lf_steps=0 cache_hits=0
SLIM_PHASE query-chunks wall=4.889 cumulative=7555.177 peak_rss_kib=67505172
SLIM_PROGRESS runs=1578172416/1859825862 resolve_wall=489.847 lce_wall=6809.616 write_wall=12.475 lf_steps=0 cache_hits=0
SLIM_PHASE query-chunks wall=4.742 cumulative=7559.919 peak_rss_kib=67508032
SLIM_PROGRESS runs=1579220992/1859825862 resolve_wall=490.166 lce_wall=6814.016 write_wall=12.483 lf_steps=0 cache_hits=0
SLIM_PHASE query-chunks wall=4.726 cumulative=7564.645 peak_rss_kib=67516828
SLIM_PROGRESS runs=1580269568/1859825862 resolve_wall=490.475 lce_wall=6818.583 write_wall=12.490 lf_steps=0 cache_hits=0
SLIM_PHASE query-chunks wall=4.883 cumulative=7569.528 peak_rss_kib=67531676
SLIM_PROGRESS runs=1581318144/1859825862 resolve_wall=490.790 lce_wall=6823.025 write_wall=12.497 lf_steps=0 cache_hits=0
SLIM_PHASE query-chunks wall=4.764 cumulative=7574.292 peak_rss_kib=67548668
SLIM_PROGRESS runs=1582366720/1859825862 resolve_wall=491.124 lce_wall=6827.421 write_wall=12.504 lf_steps=0 cache_hits=0
SLIM_PHASE query-chunks wall=4.737 cumulative=7579.029 peak_rss_kib=67565468
SLIM_PROGRESS runs=1583415296/1859825862 resolve_wall=491.453 lce_wall=6831.715 write_wall=12.511 lf_steps=0 cache_hits=0
SLIM_PHASE query-chunks wall=4.630 cumulative=7583.660 peak_rss_kib=67582916
SLIM_PROGRESS runs=1584463872/1859825862 resolve_wall=491.767 lce_wall=6836.113 write_wall=12.519 lf_steps=0 cache_hits=0
SLIM_PHASE query-chunks wall=4.720 cumulative=7588.380 peak_rss_kib=67593668
SLIM_PROGRESS runs=1585512448/1859825862 resolve_wall=492.088 lce_wall=6840.515 write_wall=12.526 lf_steps=0 cache_hits=0
SLIM_PHASE query-chunks wall=4.730 cumulative=7593.110 peak_rss_kib=67624900
SLIM_PROGRESS runs=1586561024/1859825862 resolve_wall=492.420 lce_wall=6845.024 write_wall=12.533 lf_steps=0 cache_hits=0
SLIM_PHASE query-chunks wall=4.847 cumulative=7597.957 peak_rss_kib=67641796
SLIM_PROGRESS runs=1587609600/1859825862 resolve_wall=492.745 lce_wall=6849.435 write_wall=12.541 lf_steps=0 cache_hits=0
SLIM_PHASE query-chunks wall=4.745 cumulative=7602.702 peak_rss_kib=67662788
SLIM_PROGRESS runs=1588658176/1859825862 resolve_wall=493.064 lce_wall=6853.753 write_wall=12.548 lf_steps=0 cache_hits=0
SLIM_PHASE query-chunks wall=4.645 cumulative=7607.347 peak_rss_kib=67679972
SLIM_PROGRESS runs=1589706752/1859825862 resolve_wall=493.370 lce_wall=6858.197 write_wall=12.556 lf_steps=0 cache_hits=0
SLIM_PHASE query-chunks wall=4.757 cumulative=7612.104 peak_rss_kib=67696688
SLIM_PROGRESS runs=1590755328/1859825862 resolve_wall=493.648 lce_wall=6862.607 write_wall=12.563 lf_steps=0 cache_hits=0
SLIM_PHASE query-chunks wall=4.695 cumulative=7616.799 peak_rss_kib=67699156
SLIM_PROGRESS runs=1591803904/1859825862 resolve_wall=493.937 lce_wall=6866.988 write_wall=12.570 lf_steps=0 cache_hits=0
SLIM_PHASE query-chunks wall=4.678 cumulative=7621.477 peak_rss_kib=67720164
SLIM_PROGRESS runs=1592852480/1859825862 resolve_wall=494.225 lce_wall=6871.357 write_wall=12.577 lf_steps=0 cache_hits=0
SLIM_PHASE query-chunks wall=4.664 cumulative=7626.141 peak_rss_kib=67730916
SLIM_PROGRESS runs=1593901056/1859825862 resolve_wall=494.486 lce_wall=6875.762 write_wall=12.584 lf_steps=0 cache_hits=0
SLIM_PHASE query-chunks wall=4.674 cumulative=7630.815 peak_rss_kib=67739620
SLIM_PROGRESS runs=1594949632/1859825862 resolve_wall=494.750 lce_wall=6880.241 write_wall=12.591 lf_steps=0 cache_hits=0
SLIM_PHASE query-chunks wall=4.749 cumulative=7635.564 peak_rss_kib=67752804
SLIM_PROGRESS runs=1595998208/1859825862 resolve_wall=495.032 lce_wall=6884.735 write_wall=12.598 lf_steps=0 cache_hits=0
SLIM_PHASE query-chunks wall=4.783 cumulative=7640.347 peak_rss_kib=67758132
SLIM_PROGRESS runs=1597046784/1859825862 resolve_wall=495.316 lce_wall=6889.169 write_wall=12.605 lf_steps=0 cache_hits=0
SLIM_PHASE query-chunks wall=4.727 cumulative=7645.073 peak_rss_kib=67763128
SLIM_PROGRESS runs=1598095360/1859825862 resolve_wall=495.578 lce_wall=6893.722 write_wall=12.612 lf_steps=0 cache_hits=0
SLIM_PHASE query-chunks wall=4.822 cumulative=7649.895 peak_rss_kib=67773512
SLIM_PROGRESS runs=1599143936/1859825862 resolve_wall=495.895 lce_wall=6898.140 write_wall=12.619 lf_steps=0 cache_hits=0
SLIM_PHASE query-chunks wall=4.742 cumulative=7654.637 peak_rss_kib=67785840
SLIM_PROGRESS runs=1600192512/1859825862 resolve_wall=496.164 lce_wall=6902.620 write_wall=12.626 lf_steps=0 cache_hits=0
SLIM_PHASE query-chunks wall=4.756 cumulative=7659.394 peak_rss_kib=67796592
SLIM_PROGRESS runs=1601241088/1859825862 resolve_wall=496.436 lce_wall=6907.091 write_wall=12.634 lf_steps=0 cache_hits=0
SLIM_PHASE query-chunks wall=4.751 cumulative=7664.144 peak_rss_kib=67803824
SLIM_PROGRESS runs=1602289664/1859825862 resolve_wall=496.730 lce_wall=6911.535 write_wall=12.641 lf_steps=0 cache_hits=0
SLIM_PHASE query-chunks wall=4.746 cumulative=7668.890 peak_rss_kib=67814192
SLIM_PROGRESS runs=1603338240/1859825862 resolve_wall=497.006 lce_wall=6916.112 write_wall=12.648 lf_steps=0 cache_hits=0
SLIM_PHASE query-chunks wall=4.860 cumulative=7673.750 peak_rss_kib=67822800
SLIM_PROGRESS runs=1604386816/1859825862 resolve_wall=497.283 lce_wall=6920.637 write_wall=12.655 lf_steps=0 cache_hits=0
SLIM_PHASE query-chunks wall=4.808 cumulative=7678.559 peak_rss_kib=67827408
SLIM_PROGRESS runs=1605435392/1859825862 resolve_wall=497.555 lce_wall=6925.132 write_wall=12.662 lf_steps=0 cache_hits=0
SLIM_PHASE query-chunks wall=4.775 cumulative=7683.333 peak_rss_kib=67840304
SLIM_PROGRESS runs=1606483968/1859825862 resolve_wall=497.829 lce_wall=6929.576 write_wall=12.670 lf_steps=0 cache_hits=0
SLIM_PHASE query-chunks wall=4.726 cumulative=7688.060 peak_rss_kib=67853104
SLIM_PROGRESS runs=1607532544/1859825862 resolve_wall=498.092 lce_wall=6934.045 write_wall=12.677 lf_steps=0 cache_hits=0
SLIM_PHASE query-chunks wall=4.740 cumulative=7692.799 peak_rss_kib=67857904
SLIM_PROGRESS runs=1608581120/1859825862 resolve_wall=498.339 lce_wall=6938.400 write_wall=12.684 lf_steps=0 cache_hits=0
SLIM_PHASE query-chunks wall=4.609 cumulative=7697.408 peak_rss_kib=67868272
SLIM_PROGRESS runs=1609629696/1859825862 resolve_wall=498.586 lce_wall=6942.728 write_wall=12.691 lf_steps=0 cache_hits=0
SLIM_PHASE query-chunks wall=4.582 cumulative=7701.990 peak_rss_kib=67879360
SLIM_PROGRESS runs=1610678272/1859825862 resolve_wall=498.855 lce_wall=6947.053 write_wall=12.698 lf_steps=0 cache_hits=0
SLIM_PHASE query-chunks wall=4.601 cumulative=7706.592 peak_rss_kib=67888112
SLIM_PROGRESS runs=1611726848/1859825862 resolve_wall=499.138 lce_wall=6951.362 write_wall=12.706 lf_steps=0 cache_hits=0
SLIM_PHASE query-chunks wall=4.599 cumulative=7711.190 peak_rss_kib=67894864
SLIM_PROGRESS runs=1612775424/1859825862 resolve_wall=499.385 lce_wall=6955.748 write_wall=12.713 lf_steps=0 cache_hits=0
SLIM_PHASE query-chunks wall=4.641 cumulative=7715.831 peak_rss_kib=67907292
SLIM_PROGRESS runs=1613824000/1859825862 resolve_wall=499.665 lce_wall=6960.116 write_wall=12.720 lf_steps=0 cache_hits=0
SLIM_PHASE query-chunks wall=4.655 cumulative=7720.486 peak_rss_kib=67918140
SLIM_PROGRESS runs=1614872576/1859825862 resolve_wall=499.947 lce_wall=6964.462 write_wall=12.727 lf_steps=0 cache_hits=0
SLIM_PHASE query-chunks wall=4.636 cumulative=7725.122 peak_rss_kib=67926652
SLIM_PROGRESS runs=1615921152/1859825862 resolve_wall=500.225 lce_wall=6968.846 write_wall=12.735 lf_steps=0 cache_hits=0
SLIM_PHASE query-chunks wall=4.669 cumulative=7729.791 peak_rss_kib=67943548
SLIM_PROGRESS runs=1616969728/1859825862 resolve_wall=500.516 lce_wall=6973.109 write_wall=12.742 lf_steps=0 cache_hits=0
SLIM_PHASE query-chunks wall=4.562 cumulative=7734.353 peak_rss_kib=67956444
SLIM_PROGRESS runs=1618018304/1859825862 resolve_wall=500.796 lce_wall=6977.503 write_wall=12.749 lf_steps=0 cache_hits=0
SLIM_PHASE query-chunks wall=4.682 cumulative=7739.035 peak_rss_kib=67959772
SLIM_PROGRESS runs=1619066880/1859825862 resolve_wall=501.067 lce_wall=6981.847 write_wall=12.756 lf_steps=0 cache_hits=0
SLIM_PHASE query-chunks wall=4.623 cumulative=7743.658 peak_rss_kib=67965660
SLIM_PROGRESS runs=1620115456/1859825862 resolve_wall=501.358 lce_wall=6986.198 write_wall=12.763 lf_steps=0 cache_hits=0
SLIM_PHASE query-chunks wall=4.648 cumulative=7748.306 peak_rss_kib=67984604
SLIM_PROGRESS runs=1621164032/1859825862 resolve_wall=501.662 lce_wall=6990.521 write_wall=12.771 lf_steps=0 cache_hits=0
SLIM_PHASE query-chunks wall=4.635 cumulative=7752.941 peak_rss_kib=67995452
SLIM_PROGRESS runs=1622212608/1859825862 resolve_wall=501.979 lce_wall=6994.869 write_wall=12.778 lf_steps=0 cache_hits=0
SLIM_PHASE query-chunks wall=4.673 cumulative=7757.614 peak_rss_kib=68012540
SLIM_PROGRESS runs=1623261184/1859825862 resolve_wall=502.272 lce_wall=6999.184 write_wall=12.785 lf_steps=0 cache_hits=0
SLIM_PHASE query-chunks wall=4.615 cumulative=7762.228 peak_rss_kib=68023456
SLIM_PROGRESS runs=1624309760/1859825862 resolve_wall=502.565 lce_wall=7003.518 write_wall=12.792 lf_steps=0 cache_hits=0
SLIM_PHASE query-chunks wall=4.634 cumulative=7766.862 peak_rss_kib=68028064
SLIM_PROGRESS runs=1625358336/1859825862 resolve_wall=502.822 lce_wall=7008.022 write_wall=12.799 lf_steps=0 cache_hits=0
SLIM_PHASE query-chunks wall=4.768 cumulative=7771.630 peak_rss_kib=68041056
SLIM_PROGRESS runs=1626406912/1859825862 resolve_wall=503.113 lce_wall=7012.373 write_wall=12.806 lf_steps=0 cache_hits=0
SLIM_PHASE query-chunks wall=4.649 cumulative=7776.280 peak_rss_kib=68047712
SLIM_PROGRESS runs=1627455488/1859825862 resolve_wall=503.381 lce_wall=7016.727 write_wall=12.813 lf_steps=0 cache_hits=0
SLIM_PHASE query-chunks wall=4.629 cumulative=7780.909 peak_rss_kib=68052416
SLIM_PROGRESS runs=1628504064/1859825862 resolve_wall=503.678 lce_wall=7021.128 write_wall=12.820 lf_steps=0 cache_hits=0
SLIM_PHASE query-chunks wall=4.705 cumulative=7785.615 peak_rss_kib=68067216
SLIM_PROGRESS runs=1629552640/1859825862 resolve_wall=503.954 lce_wall=7025.464 write_wall=12.827 lf_steps=0 cache_hits=0
SLIM_PHASE query-chunks wall=4.619 cumulative=7790.234 peak_rss_kib=68077920
SLIM_PROGRESS runs=1630601216/1859825862 resolve_wall=504.235 lce_wall=7029.802 write_wall=12.835 lf_steps=0 cache_hits=0
SLIM_PHASE query-chunks wall=4.627 cumulative=7794.861 peak_rss_kib=68084864
SLIM_PROGRESS runs=1631649792/1859825862 resolve_wall=504.508 lce_wall=7034.268 write_wall=12.842 lf_steps=0 cache_hits=0
SLIM_PHASE query-chunks wall=4.746 cumulative=7799.606 peak_rss_kib=68099424
SLIM_PROGRESS runs=1632698368/1859825862 resolve_wall=504.776 lce_wall=7038.822 write_wall=12.849 lf_steps=0 cache_hits=0
SLIM_PHASE query-chunks wall=4.830 cumulative=7804.436 peak_rss_kib=68106272
SLIM_PROGRESS runs=1633746944/1859825862 resolve_wall=505.064 lce_wall=7043.273 write_wall=12.856 lf_steps=0 cache_hits=0
SLIM_PHASE query-chunks wall=4.746 cumulative=7809.182 peak_rss_kib=68118880
SLIM_PROGRESS runs=1634795520/1859825862 resolve_wall=505.321 lce_wall=7047.623 write_wall=12.863 lf_steps=0 cache_hits=0
SLIM_PHASE query-chunks wall=4.615 cumulative=7813.797 peak_rss_kib=68131680
SLIM_PROGRESS runs=1635844096/1859825862 resolve_wall=505.579 lce_wall=7052.129 write_wall=12.870 lf_steps=0 cache_hits=0
SLIM_PHASE query-chunks wall=4.770 cumulative=7818.568 peak_rss_kib=68140336
SLIM_PROGRESS runs=1636892672/1859825862 resolve_wall=505.809 lce_wall=7056.572 write_wall=12.878 lf_steps=0 cache_hits=0
SLIM_PHASE query-chunks wall=4.680 cumulative=7823.248 peak_rss_kib=68147328
SLIM_PROGRESS runs=1637941248/1859825862 resolve_wall=506.059 lce_wall=7061.083 write_wall=12.885 lf_steps=0 cache_hits=0
SLIM_PHASE query-chunks wall=4.769 cumulative=7828.017 peak_rss_kib=68155880
SLIM_PROGRESS runs=1638989824/1859825862 resolve_wall=506.305 lce_wall=7065.575 write_wall=12.892 lf_steps=0 cache_hits=0
SLIM_PHASE query-chunks wall=4.746 cumulative=7832.762 peak_rss_kib=68166536
SLIM_PROGRESS runs=1640038400/1859825862 resolve_wall=506.574 lce_wall=7069.918 write_wall=12.899 lf_steps=0 cache_hits=0
SLIM_PHASE query-chunks wall=4.618 cumulative=7837.381 peak_rss_kib=68175432
SLIM_PROGRESS runs=1641086976/1859825862 resolve_wall=506.827 lce_wall=7074.205 write_wall=12.907 lf_steps=0 cache_hits=0
SLIM_PHASE query-chunks wall=4.548 cumulative=7841.929 peak_rss_kib=68182412
SLIM_PROGRESS runs=1642135552/1859825862 resolve_wall=507.095 lce_wall=7078.649 write_wall=12.914 lf_steps=0 cache_hits=0
SLIM_PHASE query-chunks wall=4.720 cumulative=7846.649 peak_rss_kib=68190540
SLIM_PROGRESS runs=1643184128/1859825862 resolve_wall=507.367 lce_wall=7083.106 write_wall=12.921 lf_steps=0 cache_hits=0
SLIM_PHASE query-chunks wall=4.736 cumulative=7851.385 peak_rss_kib=68205772
SLIM_PROGRESS runs=1644232704/1859825862 resolve_wall=507.643 lce_wall=7087.610 write_wall=12.928 lf_steps=0 cache_hits=0
SLIM_PHASE query-chunks wall=4.788 cumulative=7856.172 peak_rss_kib=68212140
SLIM_PROGRESS runs=1645281280/1859825862 resolve_wall=507.911 lce_wall=7092.019 write_wall=12.935 lf_steps=0 cache_hits=0
SLIM_PHASE query-chunks wall=4.684 cumulative=7860.856 peak_rss_kib=68222796
SLIM_PROGRESS runs=1646329856/1859825862 resolve_wall=508.189 lce_wall=7096.449 write_wall=12.942 lf_steps=0 cache_hits=0
SLIM_PHASE query-chunks wall=4.716 cumulative=7865.572 peak_rss_kib=68222796
SLIM_PROGRESS runs=1647378432/1859825862 resolve_wall=508.443 lce_wall=7100.862 write_wall=12.949 lf_steps=0 cache_hits=0
SLIM_PHASE query-chunks wall=4.674 cumulative=7870.246 peak_rss_kib=68232300
SLIM_PROGRESS runs=1648427008/1859825862 resolve_wall=508.717 lce_wall=7105.318 write_wall=12.957 lf_steps=0 cache_hits=0
SLIM_PHASE query-chunks wall=4.737 cumulative=7874.983 peak_rss_kib=68245004
SLIM_PROGRESS runs=1649475584/1859825862 resolve_wall=509.019 lce_wall=7109.702 write_wall=12.964 lf_steps=0 cache_hits=0
SLIM_PHASE query-chunks wall=4.693 cumulative=7879.677 peak_rss_kib=68251444
SLIM_PROGRESS runs=1650524160/1859825862 resolve_wall=509.318 lce_wall=7114.367 write_wall=12.971 lf_steps=0 cache_hits=0
SLIM_PHASE query-chunks wall=4.972 cumulative=7884.649 peak_rss_kib=68270484
SLIM_PROGRESS runs=1651572736/1859825862 resolve_wall=509.599 lce_wall=7118.807 write_wall=12.978 lf_steps=0 cache_hits=0
SLIM_PHASE query-chunks wall=4.728 cumulative=7889.377 peak_rss_kib=68285332
SLIM_PROGRESS runs=1652621312/1859825862 resolve_wall=509.917 lce_wall=7123.406 write_wall=12.986 lf_steps=0 cache_hits=0
SLIM_PHASE query-chunks wall=4.924 cumulative=7894.301 peak_rss_kib=68310148
SLIM_PROGRESS runs=1653669888/1859825862 resolve_wall=510.213 lce_wall=7127.831 write_wall=12.993 lf_steps=0 cache_hits=0
SLIM_PHASE query-chunks wall=4.729 cumulative=7899.030 peak_rss_kib=68335188
SLIM_PROGRESS runs=1654718464/1859825862 resolve_wall=510.552 lce_wall=7132.151 write_wall=13.000 lf_steps=0 cache_hits=0
SLIM_PHASE query-chunks wall=4.667 cumulative=7903.696 peak_rss_kib=68354180
SLIM_PROGRESS runs=1655767040/1859825862 resolve_wall=510.864 lce_wall=7136.483 write_wall=13.007 lf_steps=0 cache_hits=0
SLIM_PHASE query-chunks wall=4.650 cumulative=7908.347 peak_rss_kib=68362980
SLIM_PROGRESS runs=1656815616/1859825862 resolve_wall=511.130 lce_wall=7140.861 write_wall=13.014 lf_steps=0 cache_hits=0
SLIM_PHASE query-chunks wall=4.651 cumulative=7912.998 peak_rss_kib=68376120
SLIM_PROGRESS runs=1657864192/1859825862 resolve_wall=511.396 lce_wall=7145.085 write_wall=13.021 lf_steps=0 cache_hits=0
SLIM_PHASE query-chunks wall=4.499 cumulative=7917.497 peak_rss_kib=68381160
SLIM_PROGRESS runs=1658912768/1859825862 resolve_wall=511.670 lce_wall=7149.468 write_wall=13.029 lf_steps=0 cache_hits=0
SLIM_PHASE query-chunks wall=4.664 cumulative=7922.161 peak_rss_kib=68390464
SLIM_PROGRESS runs=1659961344/1859825862 resolve_wall=511.982 lce_wall=7153.957 write_wall=13.037 lf_steps=0 cache_hits=0
SLIM_PHASE query-chunks wall=4.809 cumulative=7926.969 peak_rss_kib=68411360
SLIM_PROGRESS runs=1661009920/1859825862 resolve_wall=512.261 lce_wall=7158.426 write_wall=13.044 lf_steps=0 cache_hits=0
SLIM_PHASE query-chunks wall=4.756 cumulative=7931.725 peak_rss_kib=68423968
SLIM_PROGRESS runs=1662058496/1859825862 resolve_wall=512.595 lce_wall=7162.775 write_wall=13.051 lf_steps=0 cache_hits=0
SLIM_PHASE query-chunks wall=4.691 cumulative=7936.416 peak_rss_kib=68441408
SLIM_PROGRESS runs=1663107072/1859825862 resolve_wall=512.927 lce_wall=7167.231 write_wall=13.059 lf_steps=0 cache_hits=0
SLIM_PHASE query-chunks wall=4.795 cumulative=7941.211 peak_rss_kib=68454496
SLIM_PROGRESS runs=1664155648/1859825862 resolve_wall=513.199 lce_wall=7171.906 write_wall=13.066 lf_steps=0 cache_hits=0
SLIM_PHASE query-chunks wall=4.954 cumulative=7946.165 peak_rss_kib=68457940
SLIM_PROGRESS runs=1665204224/1859825862 resolve_wall=513.514 lce_wall=7176.459 write_wall=13.073 lf_steps=0 cache_hits=0
SLIM_PHASE query-chunks wall=4.875 cumulative=7951.041 peak_rss_kib=68485932
SLIM_PROGRESS runs=1666252800/1859825862 resolve_wall=513.790 lce_wall=7180.990 write_wall=13.080 lf_steps=0 cache_hits=0
SLIM_PHASE query-chunks wall=4.814 cumulative=7955.855 peak_rss_kib=68498808
SLIM_PROGRESS runs=1667301376/1859825862 resolve_wall=514.048 lce_wall=7185.520 write_wall=13.087 lf_steps=0 cache_hits=0
SLIM_PHASE query-chunks wall=4.795 cumulative=7960.650 peak_rss_kib=68503464
SLIM_PROGRESS runs=1668349952/1859825862 resolve_wall=514.326 lce_wall=7190.045 write_wall=13.094 lf_steps=0 cache_hits=0
SLIM_PHASE query-chunks wall=4.810 cumulative=7965.460 peak_rss_kib=68508136
SLIM_PROGRESS runs=1669398528/1859825862 resolve_wall=514.602 lce_wall=7194.565 write_wall=13.102 lf_steps=0 cache_hits=0
SLIM_PHASE query-chunks wall=4.805 cumulative=7970.264 peak_rss_kib=68514792
SLIM_PROGRESS runs=1670447104/1859825862 resolve_wall=514.857 lce_wall=7199.174 write_wall=13.109 lf_steps=0 cache_hits=0
SLIM_PHASE query-chunks wall=4.871 cumulative=7975.136 peak_rss_kib=68517928
SLIM_PROGRESS runs=1671495680/1859825862 resolve_wall=515.130 lce_wall=7203.893 write_wall=13.116 lf_steps=0 cache_hits=0
SLIM_PHASE query-chunks wall=5.000 cumulative=7980.135 peak_rss_kib=68530152
SLIM_PROGRESS runs=1672544256/1859825862 resolve_wall=515.386 lce_wall=7208.289 write_wall=13.123 lf_steps=0 cache_hits=0
SLIM_PHASE query-chunks wall=4.659 cumulative=7984.794 peak_rss_kib=68540904
SLIM_PROGRESS runs=1673592832/1859825862 resolve_wall=515.666 lce_wall=7212.735 write_wall=13.130 lf_steps=0 cache_hits=0
SLIM_PHASE query-chunks wall=4.733 cumulative=7989.527 peak_rss_kib=68547464
SLIM_PROGRESS runs=1674641408/1859825862 resolve_wall=515.916 lce_wall=7217.346 write_wall=13.137 lf_steps=0 cache_hits=0
SLIM_PHASE query-chunks wall=4.869 cumulative=7994.396 peak_rss_kib=68556120
SLIM_PROGRESS runs=1675689984/1859825862 resolve_wall=516.184 lce_wall=7221.897 write_wall=13.145 lf_steps=0 cache_hits=0
SLIM_PHASE query-chunks wall=4.827 cumulative=7999.223 peak_rss_kib=68564872
SLIM_PROGRESS runs=1676738560/1859825862 resolve_wall=516.505 lce_wall=7226.405 write_wall=13.156 lf_steps=0 cache_hits=0
SLIM_PHASE query-chunks wall=4.840 cumulative=8004.063 peak_rss_kib=68573828
SLIM_PROGRESS runs=1677787136/1859825862 resolve_wall=516.818 lce_wall=7230.854 write_wall=13.164 lf_steps=0 cache_hits=0
SLIM_PHASE query-chunks wall=4.770 cumulative=8008.833 peak_rss_kib=68576964
SLIM_PROGRESS runs=1678835712/1859825862 resolve_wall=517.132 lce_wall=7235.395 write_wall=13.171 lf_steps=0 cache_hits=0
SLIM_PHASE query-chunks wall=4.863 cumulative=8013.696 peak_rss_kib=68576964
SLIM_PROGRESS runs=1679884288/1859825862 resolve_wall=517.469 lce_wall=7239.892 write_wall=13.179 lf_steps=0 cache_hits=0
SLIM_PHASE query-chunks wall=4.841 cumulative=8018.537 peak_rss_kib=68576964
SLIM_PROGRESS runs=1680932864/1859825862 resolve_wall=517.777 lce_wall=7244.312 write_wall=13.186 lf_steps=0 cache_hits=0
SLIM_PHASE query-chunks wall=4.735 cumulative=8023.272 peak_rss_kib=68576964
SLIM_PROGRESS runs=1681981440/1859825862 resolve_wall=518.109 lce_wall=7248.659 write_wall=13.193 lf_steps=0 cache_hits=0
SLIM_PHASE query-chunks wall=4.686 cumulative=8027.958 peak_rss_kib=68576964
SLIM_PROGRESS runs=1683030016/1859825862 resolve_wall=518.422 lce_wall=7252.946 write_wall=13.200 lf_steps=0 cache_hits=0
SLIM_PHASE query-chunks wall=4.607 cumulative=8032.566 peak_rss_kib=68576964
SLIM_PROGRESS runs=1684078592/1859825862 resolve_wall=518.740 lce_wall=7257.329 write_wall=13.207 lf_steps=0 cache_hits=0
SLIM_PHASE query-chunks wall=4.709 cumulative=8037.275 peak_rss_kib=68576964
SLIM_PROGRESS runs=1685127168/1859825862 resolve_wall=519.072 lce_wall=7261.588 write_wall=13.215 lf_steps=0 cache_hits=0
SLIM_PHASE query-chunks wall=4.598 cumulative=8041.872 peak_rss_kib=68576964
SLIM_PROGRESS runs=1686175744/1859825862 resolve_wall=519.353 lce_wall=7265.950 write_wall=13.221 lf_steps=0 cache_hits=0
SLIM_PHASE query-chunks wall=4.651 cumulative=8046.523 peak_rss_kib=68576964
SLIM_PROGRESS runs=1687224320/1859825862 resolve_wall=519.643 lce_wall=7270.311 write_wall=13.229 lf_steps=0 cache_hits=0
SLIM_PHASE query-chunks wall=4.658 cumulative=8051.181 peak_rss_kib=68576964
SLIM_PROGRESS runs=1688272896/1859825862 resolve_wall=519.915 lce_wall=7274.695 write_wall=13.236 lf_steps=0 cache_hits=0
SLIM_PHASE query-chunks wall=4.663 cumulative=8055.845 peak_rss_kib=68576964
SLIM_PROGRESS runs=1689321472/1859825862 resolve_wall=520.207 lce_wall=7278.989 write_wall=13.243 lf_steps=0 cache_hits=0
SLIM_PHASE query-chunks wall=4.593 cumulative=8060.438 peak_rss_kib=68576964
SLIM_PROGRESS runs=1690370048/1859825862 resolve_wall=520.474 lce_wall=7283.310 write_wall=13.250 lf_steps=0 cache_hits=0
SLIM_PHASE query-chunks wall=4.595 cumulative=8065.033 peak_rss_kib=68576964
SLIM_PROGRESS runs=1691418624/1859825862 resolve_wall=520.695 lce_wall=7286.953 write_wall=13.257 lf_steps=0 cache_hits=0
SLIM_PHASE query-chunks wall=3.871 cumulative=8068.904 peak_rss_kib=68576964
SLIM_PROGRESS runs=1692467200/1859825862 resolve_wall=520.970 lce_wall=7291.349 write_wall=13.265 lf_steps=0 cache_hits=0
SLIM_PHASE query-chunks wall=4.679 cumulative=8073.583 peak_rss_kib=68576964
SLIM_PROGRESS runs=1693515776/1859825862 resolve_wall=521.228 lce_wall=7295.837 write_wall=13.272 lf_steps=0 cache_hits=0
SLIM_PHASE query-chunks wall=4.754 cumulative=8078.337 peak_rss_kib=68576964
SLIM_PROGRESS runs=1694564352/1859825862 resolve_wall=521.504 lce_wall=7300.362 write_wall=13.279 lf_steps=0 cache_hits=0
SLIM_PHASE query-chunks wall=4.808 cumulative=8083.145 peak_rss_kib=68576964
SLIM_PROGRESS runs=1695612928/1859825862 resolve_wall=521.789 lce_wall=7304.879 write_wall=13.287 lf_steps=0 cache_hits=0
SLIM_PHASE query-chunks wall=4.811 cumulative=8087.955 peak_rss_kib=68576964
SLIM_PROGRESS runs=1696661504/1859825862 resolve_wall=522.093 lce_wall=7309.380 write_wall=13.294 lf_steps=0 cache_hits=0
SLIM_PHASE query-chunks wall=4.811 cumulative=8092.767 peak_rss_kib=68576964
SLIM_PROGRESS runs=1697710080/1859825862 resolve_wall=522.419 lce_wall=7313.865 write_wall=13.301 lf_steps=0 cache_hits=0
SLIM_PHASE query-chunks wall=4.819 cumulative=8097.585 peak_rss_kib=68576964
SLIM_PROGRESS runs=1698758656/1859825862 resolve_wall=522.735 lce_wall=7318.307 write_wall=13.308 lf_steps=0 cache_hits=0
SLIM_PHASE query-chunks wall=4.766 cumulative=8102.351 peak_rss_kib=68576964
SLIM_PROGRESS runs=1699807232/1859825862 resolve_wall=523.046 lce_wall=7322.780 write_wall=13.315 lf_steps=0 cache_hits=0
SLIM_PHASE query-chunks wall=4.791 cumulative=8107.142 peak_rss_kib=68576964
SLIM_PROGRESS runs=1700855808/1859825862 resolve_wall=523.360 lce_wall=7327.160 write_wall=13.322 lf_steps=0 cache_hits=0
SLIM_PHASE query-chunks wall=4.700 cumulative=8111.842 peak_rss_kib=68576964
SLIM_PROGRESS runs=1701904384/1859825862 resolve_wall=523.666 lce_wall=7331.864 write_wall=13.329 lf_steps=0 cache_hits=0
SLIM_PHASE query-chunks wall=5.018 cumulative=8116.860 peak_rss_kib=68576964
SLIM_PROGRESS runs=1702952960/1859825862 resolve_wall=524.002 lce_wall=7336.316 write_wall=13.336 lf_steps=0 cache_hits=0
SLIM_PHASE query-chunks wall=4.795 cumulative=8121.656 peak_rss_kib=68576964
SLIM_PROGRESS runs=1704001536/1859825862 resolve_wall=524.324 lce_wall=7340.693 write_wall=13.344 lf_steps=0 cache_hits=0
SLIM_PHASE query-chunks wall=4.706 cumulative=8126.362 peak_rss_kib=68576964
SLIM_PROGRESS runs=1705050112/1859825862 resolve_wall=524.670 lce_wall=7345.389 write_wall=13.351 lf_steps=0 cache_hits=0
SLIM_PHASE query-chunks wall=5.050 cumulative=8131.412 peak_rss_kib=68576964
SLIM_PROGRESS runs=1706098688/1859825862 resolve_wall=525.015 lce_wall=7349.848 write_wall=13.358 lf_steps=0 cache_hits=0
SLIM_PHASE query-chunks wall=4.811 cumulative=8136.223 peak_rss_kib=68576964
SLIM_PROGRESS runs=1707147264/1859825862 resolve_wall=525.337 lce_wall=7354.268 write_wall=13.365 lf_steps=0 cache_hits=0
SLIM_PHASE query-chunks wall=4.749 cumulative=8140.972 peak_rss_kib=68576964
SLIM_PROGRESS runs=1708195840/1859825862 resolve_wall=525.669 lce_wall=7358.566 write_wall=13.372 lf_steps=0 cache_hits=0
SLIM_PHASE query-chunks wall=4.637 cumulative=8145.610 peak_rss_kib=68576964
SLIM_PROGRESS runs=1709244416/1859825862 resolve_wall=526.018 lce_wall=7362.929 write_wall=13.379 lf_steps=0 cache_hits=0
SLIM_PHASE query-chunks wall=4.719 cumulative=8150.329 peak_rss_kib=68576964
SLIM_PROGRESS runs=1710292992/1859825862 resolve_wall=526.374 lce_wall=7367.355 write_wall=13.387 lf_steps=0 cache_hits=0
SLIM_PHASE query-chunks wall=4.789 cumulative=8155.117 peak_rss_kib=68576964
SLIM_PROGRESS runs=1711341568/1859825862 resolve_wall=526.709 lce_wall=7371.737 write_wall=13.394 lf_steps=0 cache_hits=0
SLIM_PHASE query-chunks wall=4.725 cumulative=8159.843 peak_rss_kib=68576964
SLIM_PROGRESS runs=1712390144/1859825862 resolve_wall=527.065 lce_wall=7376.214 write_wall=13.401 lf_steps=0 cache_hits=0
SLIM_PHASE query-chunks wall=4.840 cumulative=8164.683 peak_rss_kib=68576964
SLIM_PROGRESS runs=1713438720/1859825862 resolve_wall=527.390 lce_wall=7380.627 write_wall=13.408 lf_steps=0 cache_hits=0
SLIM_PHASE query-chunks wall=4.745 cumulative=8169.428 peak_rss_kib=68576964
SLIM_PROGRESS runs=1714487296/1859825862 resolve_wall=527.748 lce_wall=7385.141 write_wall=13.416 lf_steps=0 cache_hits=0
SLIM_PHASE query-chunks wall=4.880 cumulative=8174.308 peak_rss_kib=68576964
SLIM_PROGRESS runs=1715535872/1859825862 resolve_wall=528.075 lce_wall=7389.588 write_wall=13.423 lf_steps=0 cache_hits=0
SLIM_PHASE query-chunks wall=4.781 cumulative=8179.089 peak_rss_kib=68576964
SLIM_PROGRESS runs=1716584448/1859825862 resolve_wall=528.405 lce_wall=7394.114 write_wall=13.430 lf_steps=0 cache_hits=0
SLIM_PHASE query-chunks wall=4.864 cumulative=8183.953 peak_rss_kib=68576964
SLIM_PROGRESS runs=1717633024/1859825862 resolve_wall=528.756 lce_wall=7398.710 write_wall=13.437 lf_steps=0 cache_hits=0
SLIM_PHASE query-chunks wall=4.955 cumulative=8188.907 peak_rss_kib=68576964
SLIM_PROGRESS runs=1718681600/1859825862 resolve_wall=529.091 lce_wall=7403.143 write_wall=13.444 lf_steps=0 cache_hits=0
SLIM_PHASE query-chunks wall=4.774 cumulative=8193.682 peak_rss_kib=68576964
SLIM_PROGRESS runs=1719730176/1859825862 resolve_wall=529.446 lce_wall=7407.464 write_wall=13.452 lf_steps=0 cache_hits=0
SLIM_PHASE query-chunks wall=4.685 cumulative=8198.366 peak_rss_kib=68576964
SLIM_PROGRESS runs=1720778752/1859825862 resolve_wall=529.797 lce_wall=7411.866 write_wall=13.459 lf_steps=0 cache_hits=0
SLIM_PHASE query-chunks wall=4.760 cumulative=8203.126 peak_rss_kib=68599540
SLIM_PROGRESS runs=1721827328/1859825862 resolve_wall=530.136 lce_wall=7416.265 write_wall=13.466 lf_steps=0 cache_hits=0
SLIM_PHASE query-chunks wall=4.746 cumulative=8207.872 peak_rss_kib=68620452
SLIM_PROGRESS runs=1722875904/1859825862 resolve_wall=530.454 lce_wall=7420.689 write_wall=13.474 lf_steps=0 cache_hits=0
SLIM_PHASE query-chunks wall=4.750 cumulative=8212.622 peak_rss_kib=68639684
SLIM_PROGRESS runs=1723924480/1859825862 resolve_wall=530.784 lce_wall=7425.036 write_wall=13.481 lf_steps=0 cache_hits=0
SLIM_PHASE query-chunks wall=4.684 cumulative=8217.306 peak_rss_kib=68648868
SLIM_PROGRESS runs=1724973056/1859825862 resolve_wall=531.103 lce_wall=7429.371 write_wall=13.488 lf_steps=0 cache_hits=0
SLIM_PHASE query-chunks wall=4.661 cumulative=8221.967 peak_rss_kib=68662960
SLIM_PROGRESS runs=1726021632/1859825862 resolve_wall=531.435 lce_wall=7433.790 write_wall=13.495 lf_steps=0 cache_hits=0
SLIM_PHASE query-chunks wall=4.758 cumulative=8226.725 peak_rss_kib=68692336
SLIM_PROGRESS runs=1727070208/1859825862 resolve_wall=531.767 lce_wall=7438.322 write_wall=13.502 lf_steps=0 cache_hits=0
SLIM_PHASE query-chunks wall=4.871 cumulative=8231.596 peak_rss_kib=68707088
SLIM_PROGRESS runs=1728118784/1859825862 resolve_wall=532.088 lce_wall=7442.791 write_wall=13.510 lf_steps=0 cache_hits=0
SLIM_PHASE query-chunks wall=4.799 cumulative=8236.395 peak_rss_kib=68724348
SLIM_PROGRESS runs=1729167360/1859825862 resolve_wall=532.420 lce_wall=7447.158 write_wall=13.517 lf_steps=0 cache_hits=0
SLIM_PHASE query-chunks wall=4.706 cumulative=8241.101 peak_rss_kib=68734964
SLIM_PROGRESS runs=1730215936/1859825862 resolve_wall=532.753 lce_wall=7451.577 write_wall=13.524 lf_steps=0 cache_hits=0
SLIM_PHASE query-chunks wall=4.759 cumulative=8245.860 peak_rss_kib=68735384
SLIM_PROGRESS runs=1731264512/1859825862 resolve_wall=533.101 lce_wall=7455.960 write_wall=13.532 lf_steps=0 cache_hits=0
SLIM_PHASE query-chunks wall=4.740 cumulative=8250.600 peak_rss_kib=68754140
SLIM_PROGRESS runs=1732313088/1859825862 resolve_wall=533.434 lce_wall=7460.377 write_wall=13.539 lf_steps=0 cache_hits=0
SLIM_PHASE query-chunks wall=4.757 cumulative=8255.357 peak_rss_kib=68759036
SLIM_PROGRESS runs=1733361664/1859825862 resolve_wall=533.773 lce_wall=7464.860 write_wall=13.546 lf_steps=0 cache_hits=0
SLIM_PHASE query-chunks wall=4.829 cumulative=8260.186 peak_rss_kib=68775776
SLIM_PROGRESS runs=1734410240/1859825862 resolve_wall=534.123 lce_wall=7469.190 write_wall=13.554 lf_steps=0 cache_hits=0
SLIM_PHASE query-chunks wall=4.687 cumulative=8264.873 peak_rss_kib=68792564
SLIM_PROGRESS runs=1735458816/1859825862 resolve_wall=534.437 lce_wall=7473.530 write_wall=13.561 lf_steps=0 cache_hits=0
SLIM_PHASE query-chunks wall=4.662 cumulative=8269.535 peak_rss_kib=68805376
SLIM_PROGRESS runs=1736507392/1859825862 resolve_wall=534.766 lce_wall=7477.976 write_wall=13.568 lf_steps=0 cache_hits=0
SLIM_PHASE query-chunks wall=4.782 cumulative=8274.317 peak_rss_kib=68816512
SLIM_PROGRESS runs=1737555968/1859825862 resolve_wall=535.077 lce_wall=7482.374 write_wall=13.575 lf_steps=0 cache_hits=0
SLIM_PHASE query-chunks wall=4.717 cumulative=8279.034 peak_rss_kib=68835072
SLIM_PROGRESS runs=1738604544/1859825862 resolve_wall=535.411 lce_wall=7486.886 write_wall=13.583 lf_steps=0 cache_hits=0
SLIM_PHASE query-chunks wall=4.852 cumulative=8283.886 peak_rss_kib=68868452
SLIM_PROGRESS runs=1739653120/1859825862 resolve_wall=535.749 lce_wall=7491.275 write_wall=13.590 lf_steps=0 cache_hits=0
SLIM_PHASE query-chunks wall=4.736 cumulative=8288.622 peak_rss_kib=68889796
SLIM_PROGRESS runs=1740701696/1859825862 resolve_wall=536.070 lce_wall=7495.710 write_wall=13.597 lf_steps=0 cache_hits=0
SLIM_PHASE query-chunks wall=4.763 cumulative=8293.385 peak_rss_kib=68906692
SLIM_PROGRESS runs=1741750272/1859825862 resolve_wall=536.411 lce_wall=7500.051 write_wall=13.604 lf_steps=0 cache_hits=0
SLIM_PHASE query-chunks wall=4.689 cumulative=8298.075 peak_rss_kib=68921372
SLIM_PROGRESS runs=1742798848/1859825862 resolve_wall=536.727 lce_wall=7504.452 write_wall=13.612 lf_steps=0 cache_hits=0
SLIM_PHASE query-chunks wall=4.725 cumulative=8302.799 peak_rss_kib=68936168
SLIM_PROGRESS runs=1743847424/1859825862 resolve_wall=537.028 lce_wall=7508.855 write_wall=13.619 lf_steps=0 cache_hits=0
SLIM_PHASE query-chunks wall=4.711 cumulative=8307.510 peak_rss_kib=68951112
SLIM_PROGRESS runs=1744896000/1859825862 resolve_wall=537.312 lce_wall=7513.276 write_wall=13.626 lf_steps=0 cache_hits=0
SLIM_PHASE query-chunks wall=4.713 cumulative=8312.223 peak_rss_kib=68970152
SLIM_PROGRESS runs=1745944576/1859825862 resolve_wall=537.597 lce_wall=7517.650 write_wall=13.633 lf_steps=0 cache_hits=0
SLIM_PHASE query-chunks wall=4.666 cumulative=8316.889 peak_rss_kib=68975828
SLIM_PROGRESS runs=1746993152/1859825862 resolve_wall=537.906 lce_wall=7522.057 write_wall=13.640 lf_steps=0 cache_hits=0
SLIM_PHASE query-chunks wall=4.723 cumulative=8321.612 peak_rss_kib=68992356
SLIM_PROGRESS runs=1748041728/1859825862 resolve_wall=538.227 lce_wall=7526.444 write_wall=13.648 lf_steps=0 cache_hits=0
SLIM_PHASE query-chunks wall=4.715 cumulative=8326.327 peak_rss_kib=69005732
SLIM_PROGRESS runs=1749090304/1859825862 resolve_wall=538.545 lce_wall=7530.952 write_wall=13.655 lf_steps=0 cache_hits=0
SLIM_PHASE query-chunks wall=4.834 cumulative=8331.161 peak_rss_kib=69022324
SLIM_PROGRESS runs=1750138880/1859825862 resolve_wall=538.813 lce_wall=7535.526 write_wall=13.662 lf_steps=0 cache_hits=0
SLIM_PHASE query-chunks wall=4.849 cumulative=8336.010 peak_rss_kib=69030932
SLIM_PROGRESS runs=1751187456/1859825862 resolve_wall=539.110 lce_wall=7539.932 write_wall=13.669 lf_steps=0 cache_hits=0
SLIM_PHASE query-chunks wall=4.710 cumulative=8340.720 peak_rss_kib=69050068
SLIM_PROGRESS runs=1752236032/1859825862 resolve_wall=539.377 lce_wall=7544.397 write_wall=13.676 lf_steps=0 cache_hits=0
SLIM_PHASE query-chunks wall=4.740 cumulative=8345.460 peak_rss_kib=69066964
SLIM_PROGRESS runs=1753284608/1859825862 resolve_wall=539.651 lce_wall=7548.762 write_wall=13.683 lf_steps=0 cache_hits=0
SLIM_PHASE query-chunks wall=4.647 cumulative=8350.106 peak_rss_kib=69077524
SLIM_PROGRESS runs=1754333184/1859825862 resolve_wall=539.910 lce_wall=7553.063 write_wall=13.691 lf_steps=0 cache_hits=0
SLIM_PHASE query-chunks wall=4.568 cumulative=8354.674 peak_rss_kib=69086132
SLIM_PROGRESS runs=1755381760/1859825862 resolve_wall=540.178 lce_wall=7557.354 write_wall=13.698 lf_steps=0 cache_hits=0
SLIM_PHASE query-chunks wall=4.566 cumulative=8359.241 peak_rss_kib=69092884
SLIM_PROGRESS runs=1756430336/1859825862 resolve_wall=540.446 lce_wall=7561.782 write_wall=13.705 lf_steps=0 cache_hits=0
SLIM_PHASE query-chunks wall=4.704 cumulative=8363.944 peak_rss_kib=69103444
SLIM_PROGRESS runs=1757478912/1859825862 resolve_wall=540.699 lce_wall=7566.262 write_wall=13.713 lf_steps=0 cache_hits=0
SLIM_PHASE query-chunks wall=4.741 cumulative=8368.685 peak_rss_kib=69110100
SLIM_PROGRESS runs=1758527488/1859825862 resolve_wall=540.983 lce_wall=7570.597 write_wall=13.720 lf_steps=0 cache_hits=0
SLIM_PHASE query-chunks wall=4.626 cumulative=8373.312 peak_rss_kib=69122900
SLIM_PROGRESS runs=1759576064/1859825862 resolve_wall=541.266 lce_wall=7575.013 write_wall=13.727 lf_steps=0 cache_hits=0
SLIM_PHASE query-chunks wall=4.706 cumulative=8378.017 peak_rss_kib=69128196
SLIM_PROGRESS runs=1760624640/1859825862 resolve_wall=541.514 lce_wall=7579.492 write_wall=13.734 lf_steps=0 cache_hits=0
SLIM_PHASE query-chunks wall=4.734 cumulative=8382.752 peak_rss_kib=69140372
SLIM_PROGRESS runs=1761673216/1859825862 resolve_wall=541.770 lce_wall=7583.988 write_wall=13.741 lf_steps=0 cache_hits=0
SLIM_PHASE query-chunks wall=4.759 cumulative=8387.510 peak_rss_kib=69147412
SLIM_PROGRESS runs=1762721792/1859825862 resolve_wall=542.021 lce_wall=7588.395 write_wall=13.748 lf_steps=0 cache_hits=0
SLIM_PHASE query-chunks wall=4.665 cumulative=8392.176 peak_rss_kib=69157972
SLIM_PROGRESS runs=1763770368/1859825862 resolve_wall=542.289 lce_wall=7592.800 write_wall=13.755 lf_steps=0 cache_hits=0
SLIM_PHASE query-chunks wall=4.681 cumulative=8396.856 peak_rss_kib=69166676
SLIM_PROGRESS runs=1764818944/1859825862 resolve_wall=542.576 lce_wall=7597.360 write_wall=13.763 lf_steps=0 cache_hits=0
SLIM_PHASE query-chunks wall=4.854 cumulative=8401.711 peak_rss_kib=69179284
SLIM_PROGRESS runs=1765867520/1859825862 resolve_wall=542.884 lce_wall=7601.821 write_wall=13.770 lf_steps=0 cache_hits=0
SLIM_PHASE query-chunks wall=4.776 cumulative=8406.487 peak_rss_kib=69192084
SLIM_PROGRESS runs=1766916096/1859825862 resolve_wall=543.142 lce_wall=7606.125 write_wall=13.777 lf_steps=0 cache_hits=0
SLIM_PHASE query-chunks wall=4.569 cumulative=8411.056 peak_rss_kib=69205312
SLIM_PROGRESS runs=1767964672/1859825862 resolve_wall=543.426 lce_wall=7610.509 write_wall=13.784 lf_steps=0 cache_hits=0
SLIM_PHASE query-chunks wall=4.675 cumulative=8415.732 peak_rss_kib=69216256
SLIM_PROGRESS runs=1769013248/1859825862 resolve_wall=543.694 lce_wall=7614.891 write_wall=13.791 lf_steps=0 cache_hits=0
SLIM_PHASE query-chunks wall=4.658 cumulative=8420.390 peak_rss_kib=69227376
SLIM_PROGRESS runs=1770061824/1859825862 resolve_wall=543.988 lce_wall=7619.248 write_wall=13.799 lf_steps=0 cache_hits=0
SLIM_PHASE query-chunks wall=4.658 cumulative=8425.047 peak_rss_kib=69232368
SLIM_PROGRESS runs=1771110400/1859825862 resolve_wall=544.251 lce_wall=7623.728 write_wall=13.806 lf_steps=0 cache_hits=0
SLIM_PHASE query-chunks wall=4.750 cumulative=8429.798 peak_rss_kib=69248816
SLIM_PROGRESS runs=1772158976/1859825862 resolve_wall=544.489 lce_wall=7628.129 write_wall=13.813 lf_steps=0 cache_hits=0
SLIM_PHASE query-chunks wall=4.645 cumulative=8434.443 peak_rss_kib=69265724
SLIM_PROGRESS runs=1773207552/1859825862 resolve_wall=544.764 lce_wall=7632.618 write_wall=13.820 lf_steps=0 cache_hits=0
SLIM_PHASE query-chunks wall=4.773 cumulative=8439.216 peak_rss_kib=69286988
SLIM_PROGRESS runs=1774256128/1859825862 resolve_wall=545.033 lce_wall=7637.064 write_wall=13.827 lf_steps=0 cache_hits=0
SLIM_PHASE query-chunks wall=4.721 cumulative=8443.937 peak_rss_kib=69291684
SLIM_PROGRESS runs=1775304704/1859825862 resolve_wall=545.315 lce_wall=7641.430 write_wall=13.834 lf_steps=0 cache_hits=0
SLIM_PHASE query-chunks wall=4.655 cumulative=8448.593 peak_rss_kib=69306436
SLIM_PROGRESS runs=1776353280/1859825862 resolve_wall=545.558 lce_wall=7645.769 write_wall=13.841 lf_steps=0 cache_hits=0
SLIM_PHASE query-chunks wall=4.589 cumulative=8453.182 peak_rss_kib=69323236
SLIM_PROGRESS runs=1777401856/1859825862 resolve_wall=545.827 lce_wall=7650.155 write_wall=13.848 lf_steps=0 cache_hits=0
SLIM_PHASE query-chunks wall=4.663 cumulative=8457.845 peak_rss_kib=69336608
SLIM_PROGRESS runs=1778450432/1859825862 resolve_wall=546.143 lce_wall=7654.601 write_wall=13.855 lf_steps=0 cache_hits=0
SLIM_PHASE query-chunks wall=4.769 cumulative=8462.614 peak_rss_kib=69344128
SLIM_PROGRESS runs=1779499008/1859825862 resolve_wall=546.390 lce_wall=7659.026 write_wall=13.862 lf_steps=0 cache_hits=0
SLIM_PHASE query-chunks wall=4.679 cumulative=8467.293 peak_rss_kib=69361020
SLIM_PROGRESS runs=1780547584/1859825862 resolve_wall=546.636 lce_wall=7663.384 write_wall=13.870 lf_steps=0 cache_hits=0
SLIM_PHASE query-chunks wall=4.611 cumulative=8471.904 peak_rss_kib=69367484
SLIM_PROGRESS runs=1781596160/1859825862 resolve_wall=546.900 lce_wall=7667.907 write_wall=13.877 lf_steps=0 cache_hits=0
SLIM_PHASE query-chunks wall=4.794 cumulative=8476.699 peak_rss_kib=69382428
SLIM_PROGRESS runs=1782644736/1859825862 resolve_wall=547.189 lce_wall=7672.337 write_wall=13.884 lf_steps=0 cache_hits=0
SLIM_PHASE query-chunks wall=4.726 cumulative=8481.425 peak_rss_kib=69397468
SLIM_PROGRESS runs=1783693312/1859825862 resolve_wall=547.446 lce_wall=7676.805 write_wall=13.891 lf_steps=0 cache_hits=0
SLIM_PHASE query-chunks wall=4.733 cumulative=8486.158 peak_rss_kib=69416220
SLIM_PROGRESS runs=1784741888/1859825862 resolve_wall=547.749 lce_wall=7681.334 write_wall=13.898 lf_steps=0 cache_hits=0
SLIM_PHASE query-chunks wall=4.839 cumulative=8490.997 peak_rss_kib=69432892
SLIM_PROGRESS runs=1785790464/1859825862 resolve_wall=548.031 lce_wall=7685.874 write_wall=13.905 lf_steps=0 cache_hits=0
SLIM_PHASE query-chunks wall=4.829 cumulative=8495.826 peak_rss_kib=69439740
SLIM_PROGRESS runs=1786839040/1859825862 resolve_wall=548.325 lce_wall=7690.373 write_wall=13.913 lf_steps=0 cache_hits=0
SLIM_PHASE query-chunks wall=4.800 cumulative=8500.626 peak_rss_kib=69449196
SLIM_PROGRESS runs=1787887616/1859825862 resolve_wall=548.601 lce_wall=7694.848 write_wall=13.920 lf_steps=0 cache_hits=0
SLIM_PHASE query-chunks wall=4.759 cumulative=8505.385 peak_rss_kib=69458284
SLIM_PROGRESS runs=1788936192/1859825862 resolve_wall=548.857 lce_wall=7699.191 write_wall=13.927 lf_steps=0 cache_hits=0
SLIM_PHASE query-chunks wall=4.607 cumulative=8509.992 peak_rss_kib=69472940
SLIM_PROGRESS runs=1789984768/1859825862 resolve_wall=549.111 lce_wall=7703.654 write_wall=13.935 lf_steps=0 cache_hits=0
SLIM_PHASE query-chunks wall=4.725 cumulative=8514.717 peak_rss_kib=69485428
SLIM_PROGRESS runs=1791033344/1859825862 resolve_wall=549.348 lce_wall=7708.048 write_wall=13.944 lf_steps=0 cache_hits=0
SLIM_PHASE query-chunks wall=4.640 cumulative=8519.357 peak_rss_kib=69496372
SLIM_PROGRESS runs=1792081920/1859825862 resolve_wall=549.594 lce_wall=7712.680 write_wall=13.953 lf_steps=0 cache_hits=0
SLIM_PHASE query-chunks wall=4.888 cumulative=8524.245 peak_rss_kib=69504980
SLIM_PROGRESS runs=1793130496/1859825862 resolve_wall=549.913 lce_wall=7717.188 write_wall=13.962 lf_steps=0 cache_hits=0
SLIM_PHASE query-chunks wall=4.836 cumulative=8529.080 peak_rss_kib=69508596
SLIM_PROGRESS runs=1794179072/1859825862 resolve_wall=550.190 lce_wall=7721.752 write_wall=13.972 lf_steps=0 cache_hits=0
SLIM_PHASE query-chunks wall=4.850 cumulative=8533.931 peak_rss_kib=69532724
SLIM_PROGRESS runs=1795227648/1859825862 resolve_wall=550.502 lce_wall=7726.147 write_wall=13.980 lf_steps=0 cache_hits=0
SLIM_PHASE query-chunks wall=4.716 cumulative=8538.647 peak_rss_kib=69551476
SLIM_PROGRESS runs=1796276224/1859825862 resolve_wall=550.797 lce_wall=7730.545 write_wall=13.988 lf_steps=0 cache_hits=0
SLIM_PHASE query-chunks wall=4.701 cumulative=8543.347 peak_rss_kib=69564276
SLIM_PROGRESS runs=1797324800/1859825862 resolve_wall=551.069 lce_wall=7735.035 write_wall=13.996 lf_steps=0 cache_hits=0
SLIM_PHASE query-chunks wall=4.771 cumulative=8548.118 peak_rss_kib=69570644
SLIM_PROGRESS runs=1798373376/1859825862 resolve_wall=551.351 lce_wall=7739.499 write_wall=14.004 lf_steps=0 cache_hits=0
SLIM_PHASE query-chunks wall=4.753 cumulative=8552.871 peak_rss_kib=69587540
SLIM_PROGRESS runs=1799421952/1859825862 resolve_wall=551.602 lce_wall=7743.936 write_wall=14.011 lf_steps=0 cache_hits=0
SLIM_PHASE query-chunks wall=4.696 cumulative=8557.567 peak_rss_kib=69596244
SLIM_PROGRESS runs=1800470528/1859825862 resolve_wall=551.898 lce_wall=7748.455 write_wall=14.018 lf_steps=0 cache_hits=0
SLIM_PHASE query-chunks wall=4.823 cumulative=8562.390 peak_rss_kib=69617232
SLIM_PROGRESS runs=1801519104/1859825862 resolve_wall=552.153 lce_wall=7753.380 write_wall=14.026 lf_steps=0 cache_hits=0
SLIM_PHASE query-chunks wall=5.187 cumulative=8567.577 peak_rss_kib=69632080
SLIM_PROGRESS runs=1802567680/1859825862 resolve_wall=552.429 lce_wall=7757.772 write_wall=14.033 lf_steps=0 cache_hits=0
SLIM_PHASE query-chunks wall=4.676 cumulative=8572.253 peak_rss_kib=69642784
SLIM_PROGRESS runs=1803616256/1859825862 resolve_wall=552.699 lce_wall=7762.337 write_wall=14.040 lf_steps=0 cache_hits=0
SLIM_PHASE query-chunks wall=4.842 cumulative=8577.095 peak_rss_kib=69653680
SLIM_PROGRESS runs=1804664832/1859825862 resolve_wall=552.935 lce_wall=7766.897 write_wall=14.047 lf_steps=0 cache_hits=0
SLIM_PHASE query-chunks wall=4.803 cumulative=8581.898 peak_rss_kib=69662576
SLIM_PROGRESS runs=1805713408/1859825862 resolve_wall=553.248 lce_wall=7771.386 write_wall=14.054 lf_steps=0 cache_hits=0
SLIM_PHASE query-chunks wall=4.809 cumulative=8586.707 peak_rss_kib=69669520
SLIM_PROGRESS runs=1806761984/1859825862 resolve_wall=553.529 lce_wall=7775.805 write_wall=14.061 lf_steps=0 cache_hits=0
SLIM_PHASE query-chunks wall=4.708 cumulative=8591.415 peak_rss_kib=69676272
SLIM_PROGRESS runs=1807810560/1859825862 resolve_wall=553.793 lce_wall=7780.329 write_wall=14.069 lf_steps=0 cache_hits=0
SLIM_PHASE query-chunks wall=4.795 cumulative=8596.210 peak_rss_kib=69682364
SLIM_PROGRESS runs=1808859136/1859825862 resolve_wall=554.082 lce_wall=7784.725 write_wall=14.076 lf_steps=0 cache_hits=0
SLIM_PHASE query-chunks wall=4.693 cumulative=8600.903 peak_rss_kib=69689116
SLIM_PROGRESS runs=1809907712/1859825862 resolve_wall=554.348 lce_wall=7788.988 write_wall=14.083 lf_steps=0 cache_hits=0
SLIM_PHASE query-chunks wall=4.536 cumulative=8605.439 peak_rss_kib=69701768
SLIM_PROGRESS runs=1810956288/1859825862 resolve_wall=554.629 lce_wall=7793.319 write_wall=14.090 lf_steps=0 cache_hits=0
SLIM_PHASE query-chunks wall=4.619 cumulative=8610.058 peak_rss_kib=69708232
SLIM_PROGRESS runs=1812004864/1859825862 resolve_wall=554.906 lce_wall=7797.817 write_wall=14.098 lf_steps=0 cache_hits=0
SLIM_PHASE query-chunks wall=4.783 cumulative=8614.840 peak_rss_kib=69723368
SLIM_PROGRESS runs=1813053440/1859825862 resolve_wall=555.159 lce_wall=7802.285 write_wall=14.105 lf_steps=0 cache_hits=0
SLIM_PHASE query-chunks wall=4.729 cumulative=8619.569 peak_rss_kib=69730200
SLIM_PROGRESS runs=1814102016/1859825862 resolve_wall=555.449 lce_wall=7806.712 write_wall=14.112 lf_steps=0 cache_hits=0
SLIM_PHASE query-chunks wall=4.724 cumulative=8624.294 peak_rss_kib=69738340
SLIM_PROGRESS runs=1815150592/1859825862 resolve_wall=555.743 lce_wall=7810.939 write_wall=14.119 lf_steps=0 cache_hits=0
SLIM_PHASE query-chunks wall=4.528 cumulative=8628.822 peak_rss_kib=69761640
SLIM_PROGRESS runs=1816199168/1859825862 resolve_wall=556.010 lce_wall=7815.333 write_wall=14.126 lf_steps=0 cache_hits=0
SLIM_PHASE query-chunks wall=4.668 cumulative=8633.490 peak_rss_kib=69765688
SLIM_PROGRESS runs=1817247744/1859825862 resolve_wall=556.278 lce_wall=7819.696 write_wall=14.134 lf_steps=0 cache_hits=0
SLIM_PHASE query-chunks wall=4.639 cumulative=8638.129 peak_rss_kib=69777048
SLIM_PROGRESS runs=1818296320/1859825862 resolve_wall=556.536 lce_wall=7823.946 write_wall=14.141 lf_steps=0 cache_hits=0
SLIM_PHASE query-chunks wall=4.516 cumulative=8642.644 peak_rss_kib=69792088
SLIM_PROGRESS runs=1819344896/1859825862 resolve_wall=556.804 lce_wall=7828.395 write_wall=14.148 lf_steps=0 cache_hits=0
SLIM_PHASE query-chunks wall=4.724 cumulative=8647.369 peak_rss_kib=69807872
SLIM_PROGRESS runs=1820393472/1859825862 resolve_wall=557.059 lce_wall=7832.732 write_wall=14.155 lf_steps=0 cache_hits=0
SLIM_PHASE query-chunks wall=4.599 cumulative=8651.968 peak_rss_kib=69824364
SLIM_PROGRESS runs=1821442048/1859825862 resolve_wall=557.340 lce_wall=7837.174 write_wall=14.162 lf_steps=0 cache_hits=0
SLIM_PHASE query-chunks wall=4.731 cumulative=8656.699 peak_rss_kib=69831128
SLIM_PROGRESS runs=1822490624/1859825862 resolve_wall=557.596 lce_wall=7841.519 write_wall=14.169 lf_steps=0 cache_hits=0
SLIM_PHASE query-chunks wall=4.608 cumulative=8661.307 peak_rss_kib=69842372
SLIM_PROGRESS runs=1823539200/1859825862 resolve_wall=557.855 lce_wall=7845.987 write_wall=14.177 lf_steps=0 cache_hits=0
SLIM_PHASE query-chunks wall=4.734 cumulative=8666.041 peak_rss_kib=69846596
SLIM_PROGRESS runs=1824587776/1859825862 resolve_wall=558.116 lce_wall=7850.391 write_wall=14.184 lf_steps=0 cache_hits=0
SLIM_PHASE query-chunks wall=4.672 cumulative=8670.713 peak_rss_kib=69857112
SLIM_PROGRESS runs=1825636352/1859825862 resolve_wall=558.374 lce_wall=7854.746 write_wall=14.191 lf_steps=0 cache_hits=0
SLIM_PHASE query-chunks wall=4.621 cumulative=8675.334 peak_rss_kib=69862632
SLIM_PROGRESS runs=1826684928/1859825862 resolve_wall=558.616 lce_wall=7859.234 write_wall=14.198 lf_steps=0 cache_hits=0
SLIM_PHASE query-chunks wall=4.736 cumulative=8680.070 peak_rss_kib=69874800
SLIM_PROGRESS runs=1827733504/1859825862 resolve_wall=558.915 lce_wall=7863.687 write_wall=14.204 lf_steps=0 cache_hits=0
SLIM_PHASE query-chunks wall=4.760 cumulative=8684.829 peak_rss_kib=69897888
SLIM_PROGRESS runs=1828782080/1859825862 resolve_wall=559.200 lce_wall=7868.458 write_wall=14.214 lf_steps=0 cache_hits=0
SLIM_PHASE query-chunks wall=5.066 cumulative=8689.895 peak_rss_kib=69905360
SLIM_PROGRESS runs=1829830656/1859825862 resolve_wall=559.470 lce_wall=7873.124 write_wall=14.222 lf_steps=0 cache_hits=0
SLIM_PHASE query-chunks wall=4.945 cumulative=8694.840 peak_rss_kib=69905360
SLIM_PROGRESS runs=1830879232/1859825862 resolve_wall=559.756 lce_wall=7877.451 write_wall=14.230 lf_steps=0 cache_hits=0
SLIM_PHASE query-chunks wall=4.621 cumulative=8699.461 peak_rss_kib=69905360
SLIM_PROGRESS runs=1831927808/1859825862 resolve_wall=560.010 lce_wall=7881.906 write_wall=14.237 lf_steps=0 cache_hits=0
SLIM_PHASE query-chunks wall=4.716 cumulative=8704.176 peak_rss_kib=69905360
SLIM_PROGRESS runs=1832976384/1859825862 resolve_wall=560.265 lce_wall=7886.332 write_wall=14.244 lf_steps=0 cache_hits=0
SLIM_PHASE query-chunks wall=4.688 cumulative=8708.865 peak_rss_kib=69905360
SLIM_PROGRESS runs=1834024960/1859825862 resolve_wall=560.544 lce_wall=7890.659 write_wall=14.251 lf_steps=0 cache_hits=0
SLIM_PHASE query-chunks wall=4.614 cumulative=8713.478 peak_rss_kib=69905360
SLIM_PROGRESS runs=1835073536/1859825862 resolve_wall=560.835 lce_wall=7895.131 write_wall=14.259 lf_steps=0 cache_hits=0
SLIM_PHASE query-chunks wall=4.771 cumulative=8718.249 peak_rss_kib=69905360
SLIM_PROGRESS runs=1836122112/1859825862 resolve_wall=561.124 lce_wall=7899.601 write_wall=14.266 lf_steps=0 cache_hits=0
SLIM_PHASE query-chunks wall=4.766 cumulative=8723.015 peak_rss_kib=69905360
SLIM_PROGRESS runs=1837170688/1859825862 resolve_wall=561.390 lce_wall=7903.984 write_wall=14.273 lf_steps=0 cache_hits=0
SLIM_PHASE query-chunks wall=4.656 cumulative=8727.672 peak_rss_kib=69905360
SLIM_PROGRESS runs=1838219264/1859825862 resolve_wall=561.668 lce_wall=7908.382 write_wall=14.281 lf_steps=0 cache_hits=0
SLIM_PHASE query-chunks wall=4.684 cumulative=8732.355 peak_rss_kib=69905360
SLIM_PROGRESS runs=1839267840/1859825862 resolve_wall=561.936 lce_wall=7912.807 write_wall=14.288 lf_steps=0 cache_hits=0
SLIM_PHASE query-chunks wall=4.702 cumulative=8737.057 peak_rss_kib=69905360
SLIM_PROGRESS runs=1840316416/1859825862 resolve_wall=562.231 lce_wall=7917.216 write_wall=14.295 lf_steps=0 cache_hits=0
SLIM_PHASE query-chunks wall=4.711 cumulative=8741.768 peak_rss_kib=69905360
SLIM_PROGRESS runs=1841364992/1859825862 resolve_wall=562.532 lce_wall=7921.549 write_wall=14.303 lf_steps=0 cache_hits=0
SLIM_PHASE query-chunks wall=4.641 cumulative=8746.409 peak_rss_kib=69905360
SLIM_PROGRESS runs=1842413568/1859825862 resolve_wall=562.831 lce_wall=7925.739 write_wall=14.310 lf_steps=0 cache_hits=0
SLIM_PHASE query-chunks wall=4.496 cumulative=8750.906 peak_rss_kib=69905360
SLIM_PROGRESS runs=1843462144/1859825862 resolve_wall=563.146 lce_wall=7930.083 write_wall=14.317 lf_steps=0 cache_hits=0
SLIM_PHASE query-chunks wall=4.665 cumulative=8755.571 peak_rss_kib=69905360
SLIM_PROGRESS runs=1844510720/1859825862 resolve_wall=563.462 lce_wall=7934.494 write_wall=14.324 lf_steps=0 cache_hits=0
SLIM_PHASE query-chunks wall=4.734 cumulative=8760.306 peak_rss_kib=69905360
SLIM_PROGRESS runs=1845559296/1859825862 resolve_wall=563.780 lce_wall=7938.919 write_wall=14.331 lf_steps=0 cache_hits=0
SLIM_PHASE query-chunks wall=4.751 cumulative=8765.056 peak_rss_kib=69905360
SLIM_PROGRESS runs=1846607872/1859825862 resolve_wall=564.097 lce_wall=7943.343 write_wall=14.338 lf_steps=0 cache_hits=0
SLIM_PHASE query-chunks wall=4.749 cumulative=8769.805 peak_rss_kib=69905360
SLIM_PROGRESS runs=1847656448/1859825862 resolve_wall=564.425 lce_wall=7947.753 write_wall=14.345 lf_steps=0 cache_hits=0
SLIM_PHASE query-chunks wall=4.745 cumulative=8774.549 peak_rss_kib=69905360
SLIM_PROGRESS runs=1848705024/1859825862 resolve_wall=564.746 lce_wall=7952.276 write_wall=14.353 lf_steps=0 cache_hits=0
SLIM_PHASE query-chunks wall=4.852 cumulative=8779.401 peak_rss_kib=69905360
SLIM_PROGRESS runs=1849753600/1859825862 resolve_wall=565.064 lce_wall=7956.757 write_wall=14.360 lf_steps=0 cache_hits=0
SLIM_PHASE query-chunks wall=4.806 cumulative=8784.207 peak_rss_kib=69905360
SLIM_PROGRESS runs=1850802176/1859825862 resolve_wall=565.390 lce_wall=7961.049 write_wall=14.367 lf_steps=0 cache_hits=0
SLIM_PHASE query-chunks wall=4.626 cumulative=8788.833 peak_rss_kib=69905360
SLIM_PROGRESS runs=1851850752/1859825862 resolve_wall=565.706 lce_wall=7965.240 write_wall=14.375 lf_steps=0 cache_hits=0
SLIM_PHASE query-chunks wall=4.515 cumulative=8793.348 peak_rss_kib=69905360
SLIM_PROGRESS runs=1852899328/1859825862 resolve_wall=566.031 lce_wall=7969.471 write_wall=14.382 lf_steps=0 cache_hits=0
SLIM_PHASE query-chunks wall=4.563 cumulative=8797.911 peak_rss_kib=69905360
SLIM_PROGRESS runs=1853947904/1859825862 resolve_wall=566.364 lce_wall=7973.778 write_wall=14.389 lf_steps=0 cache_hits=0
SLIM_PHASE query-chunks wall=4.648 cumulative=8802.559 peak_rss_kib=69905360
SLIM_PROGRESS runs=1854996480/1859825862 resolve_wall=566.699 lce_wall=7977.834 write_wall=14.396 lf_steps=0 cache_hits=0
SLIM_PHASE query-chunks wall=4.398 cumulative=8806.957 peak_rss_kib=69905360
SLIM_PROGRESS runs=1856045056/1859825862 resolve_wall=567.010 lce_wall=7981.911 write_wall=14.404 lf_steps=0 cache_hits=0
SLIM_PHASE query-chunks wall=4.396 cumulative=8811.353 peak_rss_kib=69905360
SLIM_PROGRESS runs=1857093632/1859825862 resolve_wall=567.329 lce_wall=7985.519 write_wall=14.411 lf_steps=0 cache_hits=0
SLIM_PHASE query-chunks wall=3.933 cumulative=8815.286 peak_rss_kib=69905360
SLIM_PROGRESS runs=1858142208/1859825862 resolve_wall=567.642 lce_wall=7987.891 write_wall=14.418 lf_steps=0 cache_hits=0
SLIM_PHASE query-chunks wall=2.694 cumulative=8817.980 peak_rss_kib=69905360
SLIM_PROGRESS runs=1859190784/1859825862 resolve_wall=567.943 lce_wall=7990.033 write_wall=14.426 lf_steps=0 cache_hits=0
SLIM_PHASE query-chunks wall=2.450 cumulative=8820.430 peak_rss_kib=69905360
SLIM_PHASE queries+stream-write-final wall=1.503 cumulative=8821.933 peak_rss_kib=69905360
SLIM_FP parse tau=2 bytes=1334127024 queries=1180783430 verified_symbols=8332430380 hash_probes=2933233832 mean_verified=7.056696570 max_verified=11901
SLIM_FP dict tau=24 bytes=1827918248 queries=3964041909 verified_symbols=170688203099 hash_probes=15490430112 mean_verified=43.059131820 max_verified=2566352
SLIM_QUERY_PHASE resolve_wall=568.105270 resolve_peak_kib=69905360 lce_wall=7991.369030 lce_peak_kib=69905360 write_wall=14.429853 write_peak_kib=69905360
SLIM_SEEDS queries=3663877998 mean_verified_phrases=2.274210655 max_verified_phrases=11901 (includes_zero_parse_work_seeds; boundary_included)
SLIM_RESOLVE walks=0 steps=0 max=0 anchor=0 failed=0 cache_hits=0
SLIM_BOUNDARY_RESOLVE head_direct=1859825862 tail_direct=3663877990 head_lf_steps=0
